timestamp_ros,time_sec,left_wheel_setpoint,left_wheel_actual,right_wheel_setpoint,right_wheel_actual,cmd_linear_x,actual_linear_x,cmd_angular_z,actual_angular_z,odom_x,odom_y,odom_yaw,odom_source,raw_actual_linear_x,raw_actual_angular_z,raw_odom_x,raw_odom_y,raw_odom_yaw,filtered_actual_linear_x,filtered_actual_angular_z,filtered_odom_x,filtered_odom_y,filtered_odom_yaw,map_x,map_y,map_yaw,imu_yaw,imu_angular_z,goal_x,goal_y,goal_yaw,nav_status,wheel_data_age_sec,cmd_vel_age_sec,odom_age_sec,raw_odom_age_sec,filtered_odom_age_sec,imu_age_sec,map_pose_age_sec,manual_mode,manual_repeat_index,manual_repeat_total,manual_step_index,manual_step_total,manual_step_elapsed_sec,manual_step_remaining_sec,manual_left_target_mps,manual_right_target_mps,note
1785155176.3710198,0.043862687998625915,0.0,0.0,0.0,0.0,0.0,-1.1050188541972261e-15,0.0,8.534839501805891e-17,-1.7621905152513613,6.602380428944673,-1.0447186511544488,before_ekf,-1.1050188541972261e-15,8.534839501805891e-17,-1.7621905152513613,6.602380428944673,-1.0447186511544488,-1.2990973633401331e-16,8.534839501805891e-17,-1.7652925793475538,6.697233130074222,-1.0441883758333086,nan,nan,nan,nan,nan,nan,nan,nan,,0.05215663299895823,0.04176281000036397,0.03132267199907801,0.03132267199907801,0.0209907979988202,nan,nan,profile,1,1,1,2,0.04461526870727539,9.955384731292725,0.4,0.7,
1785155176.45551,0.1283542609999131,0.0,0.0,0.0,0.0,0.0,-1.1050188541972261e-15,0.0,8.534839501805891e-17,-1.7621905152513613,6.602380428944673,-1.0447186511544488,before_ekf,-1.1050188541972261e-15,8.534839501805891e-17,-1.7621905152513613,6.602380428944673,-1.0447186511544488,-2.362103647414677e-16,8.534839501805891e-17,-1.7652925793475538,6.697233130074222,-1.0441883758333086,nan,nan,nan,nan,nan,nan,nan,nan,,0.05241580200163298,0.04208152399951359,0.031269564999092836,0.031269564999092836,0.02082973500000662,nan,nan,profile,1,1,1,2,0.1285710334777832,9.871428966522217,0.4,0.7,
1785155176.538829,0.21167289100048947,4.444444444444445,0.0,7.777777777777778,0.0,0.5499999999999999,-1.1050188541972261e-15,0.5260389268805891,8.534839501805891e-17,-1.7621905152513613,6.602380428944673,-1.0447186511544488,before_ekf,-1.1050188541972261e-15,8.534839501805891e-17,-1.7621905152513613,6.602380428944673,-1.0447186511544488,-2.7786274455504818e-16,8.534839501805891e-17,-1.7652925793475538,6.697233130074222,-1.0441883758333086,nan,nan,nan,nan,nan,nan,nan,nan,,0.05208413500076858,0.041813660001935204,0.03150031600307557,0.03150031600307557,0.021016012000472983,nan,nan,profile,1,1,1,2,0.21192073822021484,9.788079261779785,0.4,0.7,
1785155176.6223621,0.2952058749979187,4.444444444444445,0.0,7.777777777777778,0.0,0.5499999999999999,-1.1050188541972261e-15,0.5260389268805891,8.534839501805891e-17,-1.7621905152513613,6.602380428944673,-1.0447186511544488,before_ekf,-1.1050188541972261e-15,8.534839501805891e-17,-1.7621905152513613,6.602380428944673,-1.0447186511544488,-3.1257884418459457e-16,8.534839501805891e-17,-1.7652925793475538,6.697233130074222,-1.0441883758333086,nan,nan,nan,nan,nan,nan,nan,nan,,0.0520822100006626,0.04162521099715377,0.03115702599825454,0.03115702599825454,0.020747402999404585,nan,nan,profile,1,1,1,2,0.29537510871887207,9.704624891281128,0.4,0.7,
1785155176.7058916,0.3787348580008256,4.444444444444445,0.0,7.777777777777778,0.0,0.5499999999999999,-1.1050188541972261e-15,0.5260389268805891,8.534839501805891e-17,-1.7621905152513613,6.602380428944673,-1.0447186511544488,before_ekf,-1.1050188541972261e-15,8.534839501805891e-17,-1.7621905152513613,6.602380428944673,-1.0447186511544488,-4.667002339257679e-16,8.534839501805891e-17,-1.7652925793475538,6.697233130074222,-1.0441883758333086,nan,nan,nan,nan,nan,nan,nan,nan,,0.0522476350015495,0.04195674500078894,0.031490057001065,0.031490057001065,0.020717646002594847,nan,nan,profile,1,1,1,2,0.3789482116699219,9.621051788330078,0.4,0.7,
1785155176.7896652,0.4625100979974377,4.444444444444445,0.0,7.777777777777778,0.0,0.5499999999999999,-1.1050188541972261e-15,0.5260389268805891,8.534839501805891e-17,-1.7621905152513613,6.602380428944673,-1.0447186511544488,before_ekf,-1.1050188541972261e-15,8.534839501805891e-17,-1.7621905152513613,6.602380428944673,-1.0447186511544488,0.0008281218590508409,0.002186211384906403,-1.7652674443578875,6.697189895969655,-1.0440785251675395,nan,nan,nan,nan,nan,nan,nan,nan,,0.05212820099768578,0.04180988699954469,0.031415790999744786,0.031415790999744786,0.020996754999941913,nan,nan,profile,1,1,1,2,0.4626755714416504,9.53732442855835,0.4,0.7,
1785155176.8730662,0.5459111220006889,4.444444444444445,0.0,7.777777777777778,0.0,0.5499999999999999,-1.1050188541972261e-15,0.5260389268805891,8.534839501805891e-17,-1.7621905152513613,6.602380428944673,-1.0447186511544488,before_ekf,-1.1050188541972261e-15,8.534839501805891e-17,-1.7621905152513613,6.602380428944673,-1.0447186511544488,0.008434099643040413,0.0033723442316354463,-1.764984778490764,6.696703751906636,-1.043798594700295,nan,nan,nan,nan,nan,nan,nan,nan,,0.05211451800278155,0.041873291000229074,0.03151187399998889,0.03151187399998889,0.021134144000825472,nan,nan,profile,1,1,1,2,0.5460433959960938,9.453956604003906,0.4,0.7,
1785155176.956568,0.629411956997501,4.444444444444445,0.0,7.777777777777778,0.0,0.5499999999999999,-1.1050188541972261e-15,0.5260389268805891,8.534839501805891e-17,-1.7621905152513613,6.602380428944673,-1.0447186511544488,before_ekf,-1.1050188541972261e-15,8.534839501805891e-17,-1.7621905152513613,6.602380428944673,-1.0447186511544488,0.023285345201520376,0.003968281223369764,-1.7639459992207134,6.69491850576198,-1.0434119857002244,nan,nan,nan,nan,nan,nan,nan,nan,,0.052187610999681056,0.041929176997655304,0.03152932000011788,0.03152932000011788,0.021106323998537846,nan,nan,profile,1,1,1,2,0.6296195983886719,9.370380401611328,0.4,0.7,
1785155177.0396767,0.7125207419994695,4.444444444444445,0.0,7.777777777777778,0.0,0.5499999999999999,-1.1050188541972261e-15,0.5260389268805891,8.534839501805891e-17,-1.7621905152513613,6.602380428944673,-1.0447186511544488,before_ekf,-1.1050188541972261e-15,8.534839501805891e-17,-1.7621905152513613,6.602380428944673,-1.0447186511544488,0.0395574148439027,0.008488497563830969,-1.7626826659299515,6.692748953886708,-1.0429175314288361,nan,nan,nan,nan,nan,nan,nan,nan,,0.05143321400100831,0.04122000300048967,0.03089393800109974,0.03089393800109974,0.020577826999215176,nan,nan,profile,1,1,1,2,0.7126727104187012,9.287327289581299,0.4,0.7,
1785155177.1223047,0.7951495109991811,4.444444444444445,0.0,7.777777777777778,0.0,0.5499999999999999,-1.1050188541972261e-15,0.5260389268805891,8.534839501805891e-17,-1.7621905152513613,6.602380428944673,-1.0447186511544488,before_ekf,-1.1050188541972261e-15,8.534839501805891e-17,-1.7621905152513613,6.602380428944673,-1.0447186511544488,0.07332264649129763,0.008373462191279265,-1.7596300001180774,6.687510733402736,-1.0420742815092454,nan,nan,nan,nan,nan,nan,nan,nan,,0.0515460599999642,0.04134224299923517,0.031002810999780195,0.031002810999780195,0.02063566099968739,nan,nan,profile,1,1,1,2,0.795318603515625,9.204681396484375,0.4,0.7,
1785155177.2057285,0.8785734699995373,4.444444444444445,0.0,7.777777777777778,0.0,0.5499999999999999,-1.1050188541972261e-15,0.5260389268805891,8.534839501805891e-17,-1.7621905152513613,6.602380428944673,-1.0447186511544488,before_ekf,-1.1050188541972261e-15,8.534839501805891e-17,-1.7621905152513613,6.602380428944673,-1.0447186511544488,0.11792229449404837,0.014652097623996834,-1.7540986328487822,6.678044829821752,-1.0407295472111366,nan,nan,nan,nan,nan,nan,nan,nan,,0.051813984999171225,0.04157447400211822,0.031164309999439865,0.031164309999439865,0.020887007001874736,nan,nan,profile,1,1,1,2,0.8787126541137695,9.12128734588623,0.4,0.7,
1785155177.2895007,0.9623449559985602,4.444444444444445,0.0,7.777777777777778,0.0,0.5499999999999999,-1.1050188541972261e-15,0.5260389268805891,8.534839501805891e-17,-1.7621905152513613,6.602380428944673,-1.0447186511544488,before_ekf,-1.1050188541972261e-15,8.534839501805891e-17,-1.7621905152513613,6.602380428944673,-1.0447186511544488,0.14499394026677692,0.022261785758603072,-1.7493558265756646,6.669950394488876,-1.0393648318541189,nan,nan,nan,nan,nan,nan,nan,nan,,0.05222366399902967,0.041870881999784615,0.0312959149996459,0.0312959149996459,0.02080746199862915,nan,nan,profile,1,1,1,2,0.9625778198242188,9.037422180175781,0.4,0.7,
1785155177.3729093,1.0457542099975399,4.444444444444445,0.0,7.777777777777778,0.0,0.5499999999999999,-1.1050188541972261e-15,0.5260389268805891,8.534839501805891e-17,-1.7621905152513613,6.602380428944673,-1.0447186511544488,before_ekf,-1.1050188541972261e-15,8.534839501805891e-17,-1.7621905152513613,6.602380428944673,-1.0447186511544488,0.18330553023625268,0.026285850415460534,-1.7408404679029266,6.655458107584474,-1.036928818956092,nan,nan,nan,nan,nan,nan,nan,nan,,0.05162048700003652,0.04136039799777791,0.03091943399704178,0.03091943399704178,0.02060267699926044,nan,nan,profile,1,1,1,2,1.045933485031128,8.954066514968872,0.4,0.7,
1785155177.4556682,1.128512770999805,4.444444444444445,0.0,7.777777777777778,0.0,0.5499999999999999,-1.1050188541972261e-15,0.5260389268805891,8.534839501805891e-17,-1.7621905152513613,6.602380428944673,-1.0447186511544488,before_ekf,-1.1050188541972261e-15,8.534839501805891e-17,-1.7621905152513613,6.602380428944673,-1.0447186511544488,0.21475947470370518,0.03537992271826996,-1.7302921398174724,6.637639717820614,-1.033657394939961,nan,nan,nan,nan,nan,nan,nan,nan,,0.05163465800069389,0.04144199200163712,0.031085795002582017,0.031085795002582017,0.02072225200026878,nan,nan,profile,1,1,1,2,1.128720998764038,8.871279001235962,0.4,0.7,
1785155177.5285978,1.201442337998742,4.444444444444445,0.0,7.777777777777778,0.0,0.5499999999999999,-1.1050188541972261e-15,0.5260389268805891,8.534839501805891e-17,-1.7621905152513613,6.602380428944673,-1.0447186511544488,before_ekf,-1.1050188541972261e-15,8.534839501805891e-17,-1.7621905152513613,6.602380428944673,-1.0447186511544488,0.21475947470370518,0.03537992271826996,-1.7302921398174724,6.637639717820614,-1.033657394939961,nan,nan,nan,nan,nan,nan,nan,nan,,0.04131167000014102,0.031046667998452904,0.020545343999401666,0.020545343999401666,0.09365181899920572,nan,nan,profile,1,1,1,2,1.2016394138336182,8.798360586166382,0.4,0.7,
1785155177.6114502,1.2842947190001723,4.444444444444445,0.0,7.777777777777778,0.0,0.5499999999999999,-1.1050188541972261e-15,0.5260389268805891,8.534839501805891e-17,-1.7621905152513613,6.602380428944673,-1.0447186511544488,before_ekf,-1.1050188541972261e-15,8.534839501805891e-17,-1.7621905152513613,6.602380428944673,-1.0447186511544488,0.24571288433388447,0.05908656707925002,-1.7144017033386796,6.611041272209667,-1.0272710948697843,nan,nan,nan,nan,nan,nan,nan,nan,,0.05161863800094579,0.041392651000933256,0.030976236001151847,0.030976236001151847,0.020572102002915926,nan,nan,profile,1,1,1,2,1.2844347953796387,8.715565204620361,0.4,0.7,
1785155177.6944232,1.3672681629977887,4.444444444444445,0.0,7.777777777777778,0.0,0.5499999999999999,-1.1050188541972261e-15,0.5260389268805891,8.534839501805891e-17,-1.7621905152513613,6.602380428944673,-1.0447186511544488,before_ekf,-1.1050188541972261e-15,8.534839501805891e-17,-1.7621905152513613,6.602380428944673,-1.0447186511544488,0.2609112991673231,0.08048460687916043,-1.7055613618448142,6.5964293378722125,-1.0222550653654237,nan,nan,nan,nan,nan,nan,nan,nan,,0.05153093099943362,0.04127518899986171,0.03095713299990166,0.03095713299990166,0.020543645998259308,nan,nan,profile,1,1,1,2,1.367408275604248,8.632591724395752,0.4,0.7,
1785155177.7775624,1.4504065539986186,4.444444444444445,0.0,7.777777777777778,0.0,0.5499999999999999,-1.1050188541972261e-15,0.5260389268805891,8.534839501805891e-17,-1.7621905152513613,6.602380428944673,-1.0447186511544488,before_ekf,-1.1050188541972261e-15,8.534839501805891e-17,-1.7621905152513613,6.602380428944673,-1.0447186511544488,0.2923138003531146,0.11422605445835723,-1.6909572388327065,6.572551233933479,-1.0124174024893478,nan,nan,nan,nan,nan,nan,nan,nan,,0.05203248399993754,0.041683521998493234,0.031276015000912594,0.031276015000912594,0.0209295309978188,nan,nan,profile,1,1,1,2,1.450613260269165,8.549386739730835,0.4,0.7,
1785155177.861194,1.5340370630001416,4.444444444444445,0.0,7.777777777777778,0.0,0.5499999999999999,-1.1050188541972261e-15,0.5260389268805891,8.534839501805891e-17,-1.7621905152513613,6.602380428944673,-1.0447186511544488,before_ekf,-1.1050188541972261e-15,8.534839501805891e-17,-1.7621905152513613,6.602380428944673,-1.0447186511544488,0.32735237344807655,0.15725145718594985,-1.6740345834167325,6.545676728446715,-0.997598330719478,nan,nan,nan,nan,nan,nan,nan,nan,,0.05220620299951406,0.04189480400236789,0.03138419199967757,0.03138419199967757,0.020922537001752062,nan,nan,profile,1,1,1,2,1.534325361251831,8.465674638748169,0.4,0.7,
1785155177.9338102,1.6066545199973916,4.444444444444445,0.0,7.777777777777778,0.0,0.5499999999999999,-1.1050188541972261e-15,0.5260389268805891,8.534839501805891e-17,-1.7621905152513613,6.602380428944673,-1.0447186511544488,before_ekf,-1.1050188541972261e-15,8.534839501805891e-17,-1.7621905152513613,6.602380428944673,-1.0447186511544488,0.32735237344807655,0.15725145718594985,-1.6740345834167325,6.545676728446715,-0.997598330719478,nan,nan,nan,nan,nan,nan,nan,nan,,0.041150195997033734,0.03090491599868983,0.020517834997008322,0.020517834997008322,0.09353999399900204,nan,nan,profile,1,1,1,2,1.606804609298706,8.393195390701294,0.4,0.7,
1785155178.0163734,1.6892184789976454,4.444444444444445,0.0,7.777777777777778,0.0,0.5499999999999999,-1.1050188541972261e-15,0.5260389268805891,8.534839501805891e-17,-1.7621905152513613,6.602380428944673,-1.0447186511544488,before_ekf,-1.1050188541972261e-15,8.534839501805891e-17,-1.7621905152513613,6.602380428944673,-1.0447186511544488,0.36062737207373746,0.17424699696833307,-1.6552797267504407,6.516600629684489,-0.9810260352607038,nan,nan,nan,nan,nan,nan,nan,nan,,0.0514739259997441,0.04126004999852739,0.030910604997188784,0.030910604997188784,0.02052956699844799,nan,nan,profile,1,1,1,2,1.6893482208251953,8.310651779174805,0.4,0.7,
1785155178.0993276,1.7721713059981994,4.444444444444445,0.0,7.777777777777778,0.0,0.5499999999999999,-1.1050188541972261e-15,0.5260389268805891,8.534839501805891e-17,-1.7621905152513613,6.602380428944673,-1.0447186511544488,before_ekf,-1.1050188541972261e-15,8.534839501805891e-17,-1.7621905152513613,6.602380428944673,-1.0447186511544488,0.3937666485898327,0.18320477685391287,-1.6338823946242278,6.484860633208619,-0.9629234830079527,nan,nan,nan,nan,nan,nan,nan,nan,,0.051972477998788236,0.041756209000595845,0.031172450999292778,0.031172450999292778,0.020690213998022955,nan,nan,profile,1,1,1,2,1.7723777294158936,8.227622270584106,0.4,0.7,
1785155178.1830251,1.855869562998123,4.444444444444445,0.0,7.777777777777778,0.0,0.5499999999999999,-1.1050188541972261e-15,0.5260389268805891,8.534839501805891e-17,-1.7621905152513613,6.602380428944673,-1.0447186511544488,before_ekf,-1.1050188541972261e-15,8.534839501805891e-17,-1.7621905152513613,6.602380428944673,-1.0447186511544488,0.43343270638291176,0.182163926557301,-1.6020334792393314,6.439469539125052,-0.9385815301144406,nan,nan,nan,nan,nan,nan,nan,nan,,0.05187237499922048,0.041482173997792415,0.030984949000412598,0.030984949000412598,0.020654538999224314,nan,nan,profile,1,1,1,2,1.8560364246368408,8.14396357536316,0.4,0.7,
1785155178.2660756,1.9389200449986674,4.444444444444445,0.0,7.777777777777778,0.0,0.5499999999999999,-1.1050188541972261e-15,0.5260389268805891,8.534839501805891e-17,-1.7621905152513613,6.602380428944673,-1.0447186511544488,before_ekf,-1.1050188541972261e-15,8.534839501805891e-17,-1.7621905152513613,6.602380428944673,-1.0447186511544488,0.4510882623720725,0.17973617086613772,-1.5845113674971323,6.415514582079595,-0.9265429040216135,nan,nan,nan,nan,nan,nan,nan,nan,,0.05192488499960746,0.041711850000865525,0.031058559001394315,0.031058559001394315,0.020667193999543088,nan,nan,profile,1,1,1,2,1.9390804767608643,8.060919523239136,0.4,0.7,
1785155178.3489132,2.021757840000646,4.444444444444445,0.523424668850699,7.777777777777778,0.2617123344253495,0.5499999999999999,-1.1050188541972261e-15,0.5260389268805891,8.534839501805891e-17,-1.7621905152513613,6.602380428944673,-1.0447186511544488,before_ekf,-1.1050188541972261e-15,8.534839501805891e-17,-1.7621905152513613,6.602380428944673,-1.0447186511544488,0.46893272719998197,0.1808448249435053,-1.5660362328530293,6.390889811326518,-0.9145209407917568,nan,nan,nan,nan,nan,nan,nan,nan,,0.051558267001382774,0.04130662700117682,0.030969160001404816,0.030969160001404816,0.02061964899985469,nan,nan,profile,1,1,1,2,2.021909713745117,7.978090286254883,0.4,0.7,
1785155178.4329772,2.105821762997948,4.444444444444445,0.2616875346961942,7.777777777777778,0.5233750693923884,0.5499999999999999,-1.1050188541972261e-15,0.5260389268805891,8.534839501805891e-17,-1.7621905152513613,6.602380428944673,-1.0447186511544488,before_ekf,-1.1050188541972261e-15,8.534839501805891e-17,-1.7621905152513613,6.602380428944673,-1.0447186511544488,0.484201933358068,0.18587632848649627,-1.5465776674627407,6.365617806961013,-0.9021796151586873,nan,nan,nan,nan,nan,nan,nan,nan,,0.0529231090004032,0.04261657499955618,0.03214626399858389,0.03214626399858389,0.02079829599824734,nan,nan,profile,1,1,1,2,2.106018543243408,7.893981456756592,0.4,0.7,
1785155178.5164,2.1892449999977543,4.444444444444445,0.7884073486818237,7.777777777777778,1.3140122478030394,0.5499999999999999,-1.1050188541972261e-15,0.5260389268805891,8.534839501805891e-17,-1.7621905152513613,6.602380428944673,-1.0447186511544488,before_ekf,-1.1050188541972261e-15,8.534839501805891e-17,-1.7621905152513613,6.602380428944673,-1.0447186511544488,0.4978139263586908,0.19494076975098168,-1.5262678885873175,6.3399229757451625,-0.8893008605224018,nan,nan,nan,nan,nan,nan,nan,nan,,0.05198505299995304,0.04171447699991404,0.031215905997669324,0.031215905997669324,0.02071563400022569,nan,nan,profile,1,1,1,2,2.1894280910491943,7.810571908950806,0.4,0.7,
1785155178.5994885,2.2723334849979437,4.444444444444445,1.3130172665642401,7.777777777777778,1.3130172665642401,0.5499999999999999,-1.1050188541972261e-15,0.5260389268805891,8.534839501805891e-17,-1.7621905152513613,6.602380428944673,-1.0447186511544488,before_ekf,-1.1050188541972261e-15,8.534839501805891e-17,-1.7621905152513613,6.602380428944673,-1.0447186511544488,0.5084197369958958,0.20808330816118037,-1.5051396791818785,6.313919516353969,-0.8755779973308222,nan,nan,nan,nan,nan,nan,nan,nan,,0.05145865499798674,0.04107033599939314,0.030762848000449594,0.030762848000449594,0.020521488000667887,nan,nan,profile,1,1,1,2,2.2724878787994385,7.7275121212005615,0.4,0.7,
1785155178.6819103,2.354755099000613,4.444444444444445,1.8401458699011681,7.777777777777778,1.8401458699011681,0.5499999999999999,-1.1050188541972261e-15,0.5260389268805891,8.534839501805891e-17,-1.7621905152513613,6.602380428944673,-1.0447186511544488,before_ekf,-1.1050188541972261e-15,8.534839501805891e-17,-1.7621905152513613,6.602380428944673,-1.0447186511544488,0.5222153501552185,0.24233098915835813,-1.4721714393935224,6.274512204108282,-0.8529276167448194,nan,nan,nan,nan,nan,nan,nan,nan,,0.0513796330014884,0.04116185000020778,0.030848179001623066,0.030848179001623066,0.020558044001518283,nan,nan,profile,1,1,1,2,2.3548977375030518,7.645102262496948,0.4,0.7,
1785155178.764734,2.437578503999248,4.444444444444445,2.089787830754245,7.777777777777778,2.3510113095985252,0.5499999999999999,-1.1050188541972261e-15,0.5260389268805891,8.534839501805891e-17,-1.7621905152513613,6.602380428944673,-1.0447186511544488,before_ekf,-1.1050188541972261e-15,8.534839501805891e-17,-1.7621905152513613,6.602380428944673,-1.0447186511544488,0.5306752844895013,0.27560690635901414,-1.4491235935350422,6.248234448622996,-0.8348547126093084,nan,nan,nan,nan,nan,nan,nan,nan,,0.05169699899852276,0.041428330001508584,0.03105345700168982,0.03105345700168982,0.02065391599899158,nan,nan,profile,1,1,1,2,2.43776273727417,7.56223726272583,0.4,0.7,
1785155178.8489795,2.5218243429990252,4.444444444444445,2.354780232732368,7.777777777777778,2.354780232732368,0.5499999999999999,-1.1050188541972261e-15,0.5260389268805891,8.534839501805891e-17,-1.7621905152513613,6.602380428944673,-1.0447186511544488,before_ekf,-1.1050188541972261e-15,8.534839501805891e-17,-1.7621905152513613,6.602380428944673,-1.0447186511544488,0.5388327438798317,0.3104260697181812,-1.425190623093349,6.2219307091169975,-0.814482109965761,nan,nan,nan,nan,nan,nan,nan,nan,,0.05263397700036876,0.04229809599928558,0.0311769469990395,0.0311769469990395,0.02081379800074501,nan,nan,profile,1,1,1,2,2.5219666957855225,7.4780333042144775,0.4,0.7,
1785155178.9321594,2.6050041470007272,4.444444444444445,2.354368347926959,7.777777777777778,2.615964831029954,0.5499999999999999,-1.1050188541972261e-15,0.5260389268805891,8.534839501805891e-17,-1.7621905152513613,6.602380428944673,-1.0447186511544488,before_ekf,-1.1050188541972261e-15,8.534839501805891e-17,-1.7621905152513613,6.602380428944673,-1.0447186511544488,0.5516863114524313,0.3794374349197474,-1.3874637573044848,6.182776364267968,-0.7781532577211348,nan,nan,nan,nan,nan,nan,nan,nan,,0.05216795500018634,0.04188758300006157,0.03154272900064825,0.03154272900064825,0.020611007003026316,nan,nan,profile,1,1,1,2,2.605172872543335,7.394827127456665,0.4,0.7,
1785155179.0163672,2.6892104699982156,4.444444444444445,2.6151519661983067,7.777777777777778,3.1381823594379683,0.5499999999999999,-1.1050188541972261e-15,0.5260389268805891,8.534839501805891e-17,-1.7621905152513613,6.602380428944673,-1.0447186511544488,before_ekf,-1.1050188541972261e-15,8.534839501805891e-17,-1.7621905152513613,6.602380428944673,-1.0447186511544488,0.5627486511548234,0.4339065361462162,-1.3477529419868564,6.143816992532605,-0.7375211694530295,nan,nan,nan,nan,nan,nan,nan,nan,,0.05272662199786282,0.04187354199893889,0.03140682199955336,0.03140682199955336,0.020951226997567574,nan,nan,profile,1,1,1,2,2.68949818611145,7.31050181388855,0.4,0.7,
1785155179.1000187,2.7728634429986414,4.444444444444445,2.619743447455443,7.777777777777778,3.405666481692076,0.5499999999999999,-1.1050188541972261e-15,0.5260389268805891,8.534839501805891e-17,-1.7621905152513613,6.602380428944673,-1.0447186511544488,before_ekf,-1.1050188541972261e-15,8.534839501805891e-17,-1.7621905152513613,6.602380428944673,-1.0447186511544488,0.5707935262749333,0.4983915246081257,-1.3054012507467612,6.106385027107155,-0.6890778139493539,nan,nan,nan,nan,nan,nan,nan,nan,,0.05228913799874135,0.04206709299978684,0.03166616299859015,0.03166616299859015,0.020745474997966085,nan,nan,profile,1,1,1,2,2.7730166912078857,7.226983308792114,0.4,0.7,
1785155179.1840427,2.8568874209995556,4.444444444444445,2.8817853575547607,7.777777777777778,3.6677268187060594,0.5499999999999999,-1.1050188541972261e-15,0.5260389268805891,8.534839501805891e-17,-1.7621905152513613,6.602380428944673,-1.0447186511544488,before_ekf,-1.1050188541972261e-15,8.534839501805891e-17,-1.7621905152513613,6.602380428944673,-1.0447186511544488,0.5732418173948547,0.5336969030979023,-1.2613631588656113,6.07034049483565,-0.637612757840686,nan,nan,nan,nan,nan,nan,nan,nan,,0.052442116000747774,0.04175376300190692,0.031246325001120567,0.031246325001120567,0.020908377002342604,nan,nan,profile,1,1,1,2,2.857043743133545,7.142956256866455,0.4,0.7,
1785155179.2677827,2.94062737999775,4.444444444444445,3.1422538780733564,7.777777777777778,4.189671837431142,0.5499999999999999,-1.1050188541972261e-15,0.5260389268805891,8.534839501805891e-17,-1.7621905152513613,6.602380428944673,-1.0447186511544488,before_ekf,-1.1050188541972261e-15,8.534839501805891e-17,-1.7621905152513613,6.602380428944673,-1.0447186511544488,0.5711905502915863,0.5677242094195388,-1.2151484538030521,6.037285329220953,-0.5813397593915376,nan,nan,nan,nan,nan,nan,nan,nan,,0.05169970399947488,0.04147800699865911,0.030946214999858057,0.030946214999858057,0.020627194997359766,nan,nan,profile,1,1,1,2,2.9407761096954346,7.059223890304565,0.4,0.7,
1785155179.3411362,3.013980511997943,4.444444444444445,3.403585262924319,7.777777777777778,4.71265651789521,0.5499999999999999,-1.1050188541972261e-15,0.5260389268805891,8.534839501805891e-17,-1.7621905152513613,6.602380428944673,-1.0447186511544488,before_ekf,-1.1050188541972261e-15,8.534839501805891e-17,-1.7621905152513613,6.602380428944673,-1.0447186511544488,0.5711905502915863,0.5677242094195388,-1.2151484538030521,6.037285329220953,-0.5813397593915376,nan,nan,nan,nan,nan,nan,nan,nan,,0.04189049399792566,0.03141047099779826,0.020957325999916065,0.020957325999916065,0.09398032699755277,nan,nan,profile,1,1,1,2,3.0141749382019043,6.985825061798096,0.4,0.7,
1785155179.4250166,3.09786114599774,4.444444444444445,3.6609427586789347,7.777777777777778,4.968422315349983,0.5499999999999999,-1.1050188541972261e-15,0.5260389268805891,8.534839501805891e-17,-1.7621905152513613,6.602380428944673,-1.0447186511544488,before_ekf,-1.1050188541972261e-15,8.534839501805891e-17,-1.7621905152513613,6.602380428944673,-1.0447186511544488,0.5655875637022126,0.57648696184017,-1.1678096687579875,6.006467241383235,-0.5242918281012132,nan,nan,nan,nan,nan,nan,nan,nan,,0.05269676799798617,0.042072668999026064,0.03177532399786287,0.03177532399786287,0.02137928199954331,nan,nan,profile,1,1,1,2,3.0980005264282227,6.901999473571777,0.4,0.7,
1785155179.5086288,3.1814735570005723,4.444444444444445,3.927258184724457,7.777777777777778,5.236344246299276,0.5499999999999999,-1.1050188541972261e-15,0.5260389268805891,8.534839501805891e-17,-1.7621905152513613,6.602380428944673,-1.0447186511544488,before_ekf,-1.1050188541972261e-15,8.534839501805891e-17,-1.7621905152513613,6.602380428944673,-1.0447186511544488,0.5630695649596332,0.577646183117562,-1.135504910292692,5.9879594872493485,-0.4858552594978605,nan,nan,nan,nan,nan,nan,nan,nan,,0.05219792000207235,0.04195462500138092,0.030935989001591224,0.030935989001591224,0.02061319900167291,nan,nan,profile,1,1,1,2,3.181638240814209,6.818361759185791,0.4,0.7,
1785155179.5924027,3.2652472219997435,4.444444444444445,4.189072883424565,7.777777777777778,5.236341104280706,0.5499999999999999,-1.1050188541972261e-15,0.5260389268805891,8.534839501805891e-17,-1.7621905152513613,6.602380428944673,-1.0447186511544488,before_ekf,-1.1050188541972261e-15,8.534839501805891e-17,-1.7621905152513613,6.602380428944673,-1.0447186511544488,0.5605259858944871,0.5735438083626128,-1.1025878456092406,5.970738745110476,-0.4475648614850521,nan,nan,nan,nan,nan,nan,nan,nan,,0.05218705399965984,0.0418766910006525,0.0312708700002986,0.0312708700002986,0.020795560001715785,nan,nan,profile,1,1,1,2,3.2655558586120605,6.7344441413879395,0.4,0.7,
1785155179.6761203,3.3489650519986753,4.444444444444445,4.450790056169671,7.777777777777778,5.498034775268416,0.5499999999999999,-1.1050188541972261e-15,0.5260389268805891,8.534839501805891e-17,-1.7621905152513613,6.602380428944673,-1.0447186511544488,before_ekf,-1.1050188541972261e-15,8.534839501805891e-17,-1.7621905152513613,6.602380428944673,-1.0447186511544488,0.5574401174651306,0.559817885688116,-1.0522212872749634,5.947547730546406,-0.3912178878896562,nan,nan,nan,nan,nan,nan,nan,nan,,0.05212899899925105,0.04189503299858188,0.03147407600044971,0.03147407600044971,0.020545199000480352,nan,nan,profile,1,1,1,2,3.349114418029785,6.650885581970215,0.4,0.7,
1785155179.759489,3.432333763998031,4.444444444444445,4.712707983588099,7.777777777777778,6.021793534584793,0.5499999999999999,-1.1050188541972261e-15,0.5260389268805891,8.534839501805891e-17,-1.7621905152513613,6.602380428944673,-1.0447186511544488,before_ekf,-1.1050188541972261e-15,8.534839501805891e-17,-1.7621905152513613,6.602380428944673,-1.0447186511544488,0.5572799210570415,0.5414748005795736,-1.000759383884445,5.926469206764054,-0.3361855473773714,nan,nan,nan,nan,nan,nan,nan,nan,,0.052071510999667225,0.0418432579972432,0.03116385400062427,0.03116385400062427,0.020717592000437435,nan,nan,profile,1,1,1,2,3.432502269744873,6.567497730255127,0.4,0.7,
1785155179.842801,3.515644891998818,4.444444444444445,4.730815934221918,7.777777777777778,5.782108364049011,0.5499999999999999,-1.1050188541972261e-15,0.5260389268805891,8.534839501805891e-17,-1.7621905152513613,6.602380428944673,-1.0447186511544488,before_ekf,-1.1050188541972261e-15,8.534839501805891e-17,-1.7621905152513613,6.602380428944673,-1.0447186511544488,0.554954442983117,0.5221739337060968,-0.9483247454202318,5.909018616125687,-0.28350392868670315,nan,nan,nan,nan,nan,nan,nan,nan,,0.05197464999946533,0.04128730600132258,0.030949773001339054,0.030949773001339054,0.020619185001123697,nan,nan,profile,1,1,1,2,3.5158891677856445,6.4841108322143555,0.4,0.7,
1785155179.9255035,3.5983476319997862,4.444444444444445,4.9807145486497895,7.777777777777778,6.291428903557629,0.5499999999999999,0.0011719706912314768,0.5260389268805891,0.00411001469834335,-1.7619930894917677,6.602040965229612,-1.0433414844642905,before_ekf,0.0011719706912314768,0.00411001469834335,-1.7619930894917677,6.602040965229612,-1.0433414844642905,0.5542515214567675,0.5168614295888091,-0.9129897564105769,5.898837580354412,-0.24899691146453673,nan,nan,nan,nan,nan,nan,nan,nan,,0.051543223999033216,0.041317425999295665,0.03099225999903865,0.03099225999903865,0.020663254999817582,nan,nan,profile,1,1,1,2,3.5985562801361084,6.401443719863892,0.4,0.7,
1785155180.010559,3.6834030999998504,4.444444444444445,4.976812143545917,7.777777777777778,6.548437030981469,0.5499999999999999,0.010623948035256951,0.5260389268805891,0.004147938356241713,-1.7604104121147708,6.599327160764642,-1.0433414844642914,before_ekf,0.010623948035256951,0.004147938356241713,-1.7604104121147708,6.599327160764642,-1.0433414844642914,0.5538999524714927,0.5139474514399212,-0.8592469877405172,5.88533016469284,-0.19738386008733633,nan,nan,nan,nan,nan,nan,nan,nan,,0.053134737001528265,0.042294053000659915,0.031071814002643805,0.031071814002643805,0.020712645000457997,nan,nan,profile,1,1,1,2,3.6835854053497314,6.3164145946502686,0.4,0.7,
1785155180.0935378,3.7663812169994344,4.444444444444445,4.977101067270428,7.777777777777778,6.810769881527953,0.5499999999999999,0.020040232010583695,0.5260389268805891,0.004148469329220401,-1.758827267551978,6.596613628724199,-1.0433414844642932,before_ekf,0.020040232010583695,0.004148469329220401,-1.758827267551978,6.596613628724199,-1.0433414844642932,0.5521901863356176,0.5118944944978422,-0.8052325490716693,5.8753496439699795,-0.14610340383789788,nan,nan,nan,nan,nan,nan,nan,nan,,0.051903693998610834,0.04168657400077791,0.031241036002029432,0.031241036002029432,0.020881290001852904,nan,nan,profile,1,1,1,2,3.7666914463043213,6.233308553695679,0.4,0.7,
1785155180.1775687,3.8504133659989748,4.444444444444445,4.973324402268678,7.777777777777778,7.067355729539699,0.5499999999999999,0.04595257704974047,0.5260389268805891,0.01246267922953922,-1.7544675515973722,6.5891549657068404,-1.0405871510839775,before_ekf,0.04595257704974047,0.01246267922953922,-1.7544675515973722,6.5891549657068404,-1.0405871510839775,0.5516097007927312,0.5121734940005795,-0.7689770810024561,5.87012124112167,-0.11199569417417708,nan,nan,nan,nan,nan,nan,nan,nan,,0.05211564199998975,0.04169958499915083,0.03118618900043657,0.03118618900043657,0.020685454001068138,nan,nan,profile,1,1,1,2,3.8506014347076416,6.149398565292358,0.4,0.7,
1785155180.2608993,3.933743658999447,4.444444444444445,4.97622857213613,7.777777777777778,7.333389474726928,0.5499999999999999,0.08241647334243798,0.5260389268805891,0.008298405781813489,-1.747513752592476,6.5772993744462935,-1.0392099843938174,before_ekf,0.08241647334243798,0.008298405781813489,-1.747513752592476,6.5772993744462935,-1.0392099843938174,0.550762459844365,0.505683996106127,-0.6960041666922213,5.86303756478487,-0.044217435818521444,nan,nan,nan,nan,nan,nan,nan,nan,,0.05156624799928977,0.04136787899915362,0.03101414499906241,0.03101414499906241,0.020692795998911606,nan,nan,profile,1,1,1,2,3.93392014503479,6.06607985496521,0.4,0.7,
1785155180.3439028,4.016747105000832,4.444444444444445,4.712521072350348,7.777777777777778,7.854201787250579,0.5499999999999999,0.1107838879931782,0.5260389268805891,0.016558905904336514,-1.7417375253193175,6.567484694478793,-1.0378328177036582,before_ekf,0.1107838879931782,0.016558905904336514,-1.7417375253193175,6.567484694478793,-1.0378328177036582,0.5517208761239057,0.5025956806082056,-0.6593663298882828,5.861480741042841,-0.010663565446464409,nan,nan,nan,nan,nan,nan,nan,nan,,0.05192593600077089,0.041702947000885615,0.03137725500346278,0.03137725500346278,0.020701455003290903,nan,nan,profile,1,1,1,2,4.01690936088562,5.98309063911438,0.4,0.7,
1785155180.4163165,4.089161406998755,4.444444444444445,4.70682668794621,7.777777777777778,7.844711146577015,0.5499999999999999,0.12723871359999456,0.5260389268805891,0.01655374945195133,-1.7383416299471675,6.561737058447238,-1.036455651013499,before_ekf,0.12723871359999456,0.01655374945195133,-1.7383416299471675,6.561737058447238,-1.036455651013499,0.5517208761239057,0.5025956806082056,-0.6593663298882828,5.861480741042841,-0.010663565446464409,nan,nan,nan,nan,nan,nan,nan,nan,,0.04110941500039189,0.030899107001459925,0.020539520999591332,0.020539520999591332,0.09311575700121466,nan,nan,profile,1,1,1,2,4.0892932415008545,5.9107067584991455,0.4,0.7,
1785155180.4991353,4.171979711998574,4.444444444444445,4.449065120422029,7.777777777777778,8.11300110194605,0.5499999999999999,0.15440846510259107,0.5260389268805891,0.02894645407480424,-1.7315261089682445,6.550255843765022,-1.0337013176331797,before_ekf,0.15440846510259107,0.02894645407480424,-1.7315261089682445,6.550255843765022,-1.0337013176331797,0.5513127363480961,0.4991286437105612,-0.5859567381043111,5.861782442300769,0.05606234523639353,nan,nan,nan,nan,nan,nan,nan,nan,,0.051632022998092,0.041407431999687105,0.030925111001124606,0.030925111001124606,0.020632160998502513,nan,nan,profile,1,1,1,2,4.172141075134277,5.827858924865723,0.4,0.7,
1785155180.5825527,4.255397586999607,4.444444444444445,4.453498484190459,7.777777777777778,8.383055970240862,0.5499999999999999,0.19207061195472538,0.5260389268805891,0.028912894077654454,-1.7198545545730846,6.530697074034079,-1.0309469842528605,before_ekf,0.19207061195472538,0.028912894077654454,-1.7198545545730846,6.530697074034079,-1.0309469842528605,0.5517321738510178,0.49946887363882003,-0.5309057608482871,5.86498010386712,0.1060067834007392,nan,nan,nan,nan,nan,nan,nan,nan,,0.05207130200142274,0.04170169999997597,0.031362509998871246,0.031362509998871246,0.0210044689993083,nan,nan,profile,1,1,1,2,4.255558490753174,5.744441509246826,0.4,0.7,
1785155180.6670344,4.339878168000723,4.444444444444445,4.462339960038513,7.777777777777778,8.13720816242317,0.5499999999999999,0.21909208644537986,0.5260389268805891,0.041309499745246794,-1.7072911951332672,6.50984153078536,-1.0254383174922255,before_ekf,0.21909208644537986,0.041309499745246794,-1.7072911951332672,6.50984153078536,-1.0254383174922255,0.550814216332286,0.5019583309791005,-0.49451522296181927,5.868949918571782,0.13941489866175205,nan,nan,nan,nan,nan,nan,nan,nan,,0.05283190500267665,0.042596210001647705,0.031714129003376,0.031714129003376,0.020988429001590703,nan,nan,profile,1,1,1,2,4.340078353881836,5.659921646118164,0.4,0.7,
1785155180.7506926,4.423536501999479,4.444444444444445,4.451452996408724,7.777777777777778,8.117355464039436,0.5499999999999999,0.24037958127219303,0.5260389268805891,0.05782942736631105,-1.6935533677682402,6.487402143072488,-1.0157981506611147,before_ekf,0.24037958127219303,0.05782942736631105,-1.6935533677682402,6.487402143072488,-1.0157981506611147,0.550672929968778,0.50314887025152,-0.45828790045967016,5.874111096569567,0.17291353035997092,nan,nan,nan,nan,nan,nan,nan,nan,,0.05231054199975915,0.04195076399992104,0.03141469500042149,0.03141469500042149,0.020905982000840595,nan,nan,profile,1,1,1,2,4.4238057136535645,5.5761942863464355,0.4,0.7,
1785155180.833891,4.506734881997545,4.444444444444445,4.448117195604708,7.777777777777778,8.111272533161525,0.5499999999999999,0.24856836198916463,0.5260389268805891,0.07021957093363164,-1.6885650213745718,6.4794057304240615,-1.0102894839004788,before_ekf,0.24856836198916463,0.07021957093363164,-1.6885650213745718,6.4794057304240615,-1.0102894839004788,0.5503841878729698,0.5035436397165769,-0.4221773560690936,5.880494970635714,0.2065281578832723,nan,nan,nan,nan,nan,nan,nan,nan,,0.05181043799893814,0.0415757599985227,0.031078544998308644,0.031078544998308644,0.02068141899871989,nan,nan,profile,1,1,1,2,4.506934404373169,5.493065595626831,0.4,0.7,
1785155180.9169044,4.589749316997768,4.444444444444445,4.184313993049186,7.777777777777778,7.845588736967224,0.5499999999999999,0.29774505740856777,0.5260389268805891,0.13617724468320055,-1.6586886322139338,6.433256348784935,-0.9827461500973081,before_ekf,0.29774505740856777,0.13617724468320055,-1.6586886322139338,6.433256348784935,-0.9827461500973081,0.5512705924374894,0.5015882102302968,-0.386334243375277,5.888051941474354,0.23995762804403406,nan,nan,nan,nan,nan,nan,nan,nan,,0.051856621998013,0.04152641899781884,0.030997691999800736,0.030997691999800736,0.020684483999502845,nan,nan,profile,1,1,1,2,4.5899224281311035,5.4100775718688965,0.4,0.7,
1785155180.9999974,4.672842195999692,4.444444444444445,4.452934240580576,7.777777777777778,7.8581192480833675,0.5499999999999999,0.320493071697589,0.5260389268805891,0.16531462696418214,-1.6450431313796412,6.413092419298235,-0.9689744831957233,before_ekf,0.320493071697589,0.16531462696418214,-1.6450431313796412,6.413092419298235,-0.9689744831957233,0.5515836621887077,0.5007730667711136,-0.35072049146467515,5.896824719254769,0.27333431710134615,nan,nan,nan,nan,nan,nan,nan,nan,,0.051726399000472156,0.041512873001920525,0.03110885500063887,0.03110885500063887,0.020657197001128225,nan,nan,profile,1,1,1,2,4.672993421554565,5.327006578445435,0.4,0.7,
1785155181.083708,4.756552742997883,4.444444444444445,4.452586622211469,7.777777777777778,7.8575058039025905,0.5499999999999999,0.3319045879031176,0.5260389268805891,0.17337981425599852,-1.6376696967745994,6.402435530167036,-0.962088649744931,before_ekf,0.3319045879031176,0.17337981425599852,-1.6376696967745994,6.402435530167036,-0.962088649744931,0.5519602336597031,0.4918821906811225,-0.2978657091505246,5.912348451232672,0.3227947870300217,nan,nan,nan,nan,nan,nan,nan,nan,,0.052211695998266805,0.041939416998502566,0.031553542998153716,0.031553542998153716,0.02122259799944004,nan,nan,profile,1,1,1,2,4.756709575653076,5.243290424346924,0.4,0.7,
1785155181.1681561,4.841000787000667,4.444444444444445,4.449026293726451,7.777777777777778,7.85122287128197,0.5499999999999999,0.38768121852699716,0.5260389268805891,0.1859845228639146,-1.597735426455192,6.3469934403120725,-0.9317909825614447,before_ekf,0.38768121852699716,0.1859845228639146,-1.597735426455192,6.3469934403120725,-0.9317909825614447,0.5515005041694158,0.4872996370742853,-0.2630569663736245,5.924055711100599,0.3553589322129018,nan,nan,nan,nan,nan,nan,nan,nan,,0.0529826400015736,0.04273363100219285,0.03181773700271151,0.03181773700271151,0.02068167700053891,nan,nan,profile,1,1,1,2,4.841168642044067,5.158831357955933,0.4,0.7,
1785155181.2530558,4.9258997260003525,4.444444444444445,4.710793623016319,7.777777777777778,7.589611948192959,0.5499999999999999,0.39693471576406364,0.5260389268805891,0.18591395966049934,-1.588802701548721,6.335039829479845,-0.9262823158008116,before_ekf,0.39693471576406364,0.18591395966049934,-1.588802701548721,6.335039829479845,-0.9262823158008116,0.5520706214198143,0.4828161172716739,-0.22859308336990333,5.936886751475819,0.3876416517778547,nan,nan,nan,nan,nan,nan,nan,nan,,0.05310351600201102,0.04283913000108441,0.032294501001160825,0.032294501001160825,0.021234157000435516,nan,nan,profile,1,1,1,2,4.926050186157227,5.073949813842773,0.4,0.7,
1785155181.336718,5.00956263199987,4.444444444444445,4.713717730275677,7.777777777777778,7.594323009888592,0.5499999999999999,0.4264552378094589,0.5260389268805891,0.1817735389795785,-1.5608668747127075,6.2985631921944565,-0.9083791488287509,before_ekf,0.4264552378094589,0.1817735389795785,-1.5608668747127075,6.2985631921944565,-0.9083791488287509,0.5499971159247887,0.4799133640080854,-0.1610907931497691,5.965550096245832,0.45175604291490684,nan,nan,nan,nan,nan,nan,nan,nan,,0.05225270400114823,0.04191312600232777,0.031336459000158357,0.031336459000158357,0.02076343800217728,nan,nan,profile,1,1,1,2,5.009749412536621,4.990250587463379,0.4,0.7,
1785155181.4195616,5.092406727999332,4.444444444444445,4.447176206959651,7.777777777777778,7.847958012281735,0.5499999999999999,0.43622288670140597,0.5260389268805891,0.18196058619189595,-1.5509209399945836,6.285901885532013,-0.9014933153779559,before_ekf,0.43622288670140597,0.18196058619189595,-1.5509209399945836,6.285901885532013,-0.9014933153779559,0.5492449126503899,0.481818438627732,-0.1282248226351112,5.98157036612646,0.4838279005691537,nan,nan,nan,nan,nan,nan,nan,nan,,0.0515601510014676,0.04136948900122661,0.030972933000157354,0.030972933000157354,0.020615466000890592,nan,nan,profile,1,1,1,2,5.092564582824707,4.907435417175293,0.4,0.7,
1785155181.5021763,5.175020326998492,4.444444444444445,4.4525251497934075,7.777777777777778,7.595484079059342,0.5499999999999999,0.4533932747798408,0.5260389268805891,0.17762351258417527,-1.5308049441845364,6.260757074118112,-0.8904759818566867,before_ekf,0.4533932747798408,0.17762351258417527,-1.5308049441845364,6.260757074118112,-0.8904759818566867,0.5489525316976014,0.48724467692573603,-0.09588444374168983,5.998632081184581,0.5162405260356722,nan,nan,nan,nan,nan,nan,nan,nan,,0.051502433998393826,0.041301318000478204,0.030909307999536395,0.030909307999536395,0.02059299599932274,nan,nan,profile,1,1,1,2,5.175213813781738,4.824786186218262,0.4,0.7,
1785155181.5854003,5.258245135999459,4.444444444444445,4.453825653228663,7.777777777777778,7.859692329227052,0.5499999999999999,0.471157462765726,0.5260389268805891,0.1817684298512406,-1.5093807561287282,6.234650709022847,-0.8767043149550984,before_ekf,0.471157462765726,0.1817684298512406,-1.5093807561287282,6.234650709022847,-0.8767043149550984,0.5492293259471027,0.499288220516007,-0.03275309685751978,6.0356110703585495,0.5821449558160764,nan,nan,nan,nan,nan,nan,nan,nan,,0.05202780699983123,0.04157940100049018,0.031199945999105694,0.031199945999105694,0.020773098000063328,nan,nan,profile,1,1,1,2,5.258380174636841,4.741619825363159,0.4,0.7,
1785155181.6691656,5.342009371997847,4.444444444444445,4.451844122259193,7.777777777777778,7.8561955098691625,0.5499999999999999,0.4982045845449864,0.5260389268805891,0.20240377446472024,-1.4649134442392076,6.182773547638818,-0.8464066477716058,before_ekf,0.4982045845449864,0.20240377446472024,-1.4649134442392076,6.182773547638818,-0.8464066477716058,0.5497130394967571,0.5070367542160382,0.013108449661712035,6.065872920811107,0.6324693076977139,nan,nan,nan,nan,nan,nan,nan,nan,,0.05248790299810935,0.042277696000383,0.03188511099870084,0.03188511099870084,0.021306678998371353,nan,nan,profile,1,1,1,2,5.342252731323242,4.657747268676758,0.4,0.7,
1785155181.7532902,5.426134601999365,4.444444444444445,4.447969693956104,7.777777777777778,7.587713007336883,0.5499999999999999,0.5075932828995505,0.5260389268805891,0.21889467720310135,-1.4415272633400689,6.156801031123343,-0.8285034807995435,before_ekf,0.5075932828995505,0.21889467720310135,-1.4415272633400689,6.156801031123343,-0.8285034807995435,0.5516047716057132,0.5173199569046911,0.05720475012339392,6.0990234811798105,0.6841079909636322,nan,nan,nan,nan,nan,nan,nan,nan,,0.0525370909999765,0.04176042399922153,0.031211435998557135,0.031211435998557135,0.020769078000739682,nan,nan,profile,1,1,1,2,5.426310777664185,4.573689222335815,0.4,0.7,
1785155181.8370988,5.509943069999281,4.444444444444445,4.446509875309845,7.777777777777778,7.585222728469736,0.5499999999999999,0.5207542802233507,0.5260389268805891,0.26446815630918274,-1.404775116554467,6.118053934511119,-0.7954514802357336,before_ekf,0.5207542802233507,0.26446815630918274,-1.404775116554467,6.118053934511119,-0.7954514802357336,0.553499879649797,0.5189441477402845,0.08568511225842683,6.1222530746366095,0.71860012089327,nan,nan,nan,nan,nan,nan,nan,nan,,0.05261836199861136,0.042328240000642836,0.03123224099908839,0.03123224099908839,0.020831133999308804,nan,nan,profile,1,1,1,2,5.5101306438446045,4.4898693561553955,0.4,0.7,
1785155181.920579,5.593423431000701,4.444444444444445,4.454700835987073,7.777777777777778,7.861236769388952,0.5499999999999999,0.5291537925514397,0.5260389268805891,0.30173229046122507,-1.3788628031559202,6.092319514005205,-0.7692853131227203,before_ekf,0.5291537925514397,0.30173229046122507,-1.3788628031559202,6.092319514005205,-0.7692853131227203,0.5525186121024545,0.5198323933026918,0.11334070691201419,6.1465168248277795,0.7532176340977781,nan,nan,nan,nan,nan,nan,nan,nan,,0.051988451999932295,0.041658025002107024,0.031119065002712887,0.031119065002712887,0.020706403000076534,nan,nan,profile,1,1,1,2,5.59379243850708,4.40620756149292,0.4,0.7,
1785155182.0042248,5.677069170000323,4.444444444444445,4.454028637176878,7.777777777777778,7.598048851654673,0.5499999999999999,0.5466800855461342,0.5260389268805891,0.38842066085021615,-1.3237786550029758,6.042009322959136,-0.7086899787557371,before_ekf,0.5466800855461342,0.38842066085021615,-1.3237786550029758,6.042009322959136,-0.7086899787557371,0.5513670156391155,0.5178139341217358,0.15353279290451335,6.184297429570483,0.8050691249467401,nan,nan,nan,nan,nan,nan,nan,nan,,0.05205747600120958,0.04179270100212307,0.03129381500184536,0.03129381500184536,0.02056988900221768,nan,nan,profile,1,1,1,2,5.677225589752197,4.322774410247803,0.4,0.7,
1785155182.0870328,5.759877732998575,4.444444444444445,4.716033861475208,7.777777777777778,7.860056435792012,0.5499999999999999,0.550325587380816,0.5260389268805891,0.40909927708112714,-1.3093670696290935,6.0298600892754814,-0.692163978473833,before_ekf,0.550325587380816,0.40909927708112714,-1.3093670696290935,6.0298600892754814,-0.692163978473833,0.5526755406432416,0.5170480817053501,0.1790177431255026,6.21081357646945,0.8395305657507426,nan,nan,nan,nan,nan,nan,nan,nan,,0.05151902600118774,0.04130022200115491,0.03098458699969342,0.03098458699969342,0.02062954999928479,nan,nan,profile,1,1,1,2,5.760025262832642,4.239974737167358,0.4,0.7,
1785155182.1698716,5.842716220999137,4.444444444444445,4.453747032006412,7.777777777777778,7.597568466363879,0.5499999999999999,0.5607490753661332,0.5260389268805891,0.4709976949894533,-1.264587096192994,5.994699542684129,-0.638454477557645,before_ekf,0.5607490753661332,0.4709976949894533,-1.264587096192994,5.994699542684129,-0.638454477557645,0.552048583693054,0.514324147222966,0.20362487806428745,6.238299241483119,0.8739489217520147,nan,nan,nan,nan,nan,nan,nan,nan,,0.05161631200098782,0.04138232799959951,0.03095999099969049,0.03095999099969049,0.02062604700040538,nan,nan,profile,1,1,1,2,5.842884540557861,4.157115459442139,0.4,0.7,
1785155182.252779,5.925623397997697,4.444444444444445,4.451073157173337,7.777777777777778,7.854834983247063,0.5499999999999999,0.5665630645322566,0.5260389268805891,0.5081182517005328,-1.2332642569921417,5.972344375240721,-0.5998938102332045,before_ekf,0.5665630645322566,0.5081182517005328,-1.2332642569921417,5.972344375240721,-0.5998938102332045,0.5509079787881993,0.5097029205410646,0.2383698641196123,6.280878162659182,0.9249172181568399,nan,nan,nan,nan,nan,nan,nan,nan,,0.051744824999332195,0.041481362997728866,0.031075368999154307,0.031075368999154307,0.020716955998068443,nan,nan,profile,1,1,1,2,5.925800800323486,4.074199199676514,0.4,0.7,
1785155182.3352284,6.0080726239975775,4.444444444444445,4.437707858590702,7.777777777777778,7.570207523478256,0.5499999999999999,0.5689678448171637,0.5260389268805891,0.5577252554032404,-1.1694519931515288,5.932218697581756,-0.5227724755843262,before_ekf,0.5689678448171637,0.5577252554032404,-1.1694519931515288,5.932218697581756,-0.5227724755843262,0.5527370074209798,0.5039317490640125,0.2715673366396584,6.324917736722125,0.9755713936795739,nan,nan,nan,nan,nan,nan,nan,nan,,0.0514370639975823,0.04126177099897177,0.03093040399835445,0.03093040399835445,0.020626354998967145,nan,nan,profile,1,1,1,2,6.00826358795166,3.99173641204834,0.4,0.7,
1785155182.418486,6.091328751997935,4.444444444444445,4.71227974974009,7.777777777777778,7.85379958290015,0.5499999999999999,0.5680331148987074,0.5260389268805891,0.578602983315718,-1.1367730623636567,5.914227840828599,-0.4828346415697282,before_ekf,0.5680331148987074,0.578602983315718,-1.1367730623636567,5.914227840828599,-0.4828346415697282,0.5526374135970303,0.4957289940359218,0.30199695448668207,6.371002924448582,1.0253903531602155,nan,nan,nan,nan,nan,nan,nan,nan,,0.052191026999935275,0.0416867040003126,0.03129889999763691,0.03129889999763691,0.020802379000087967,nan,nan,profile,1,1,1,2,6.091539144515991,3.908460855484009,0.4,0.7,
1785155182.50189,6.17473418499867,4.444444444444445,4.713102496971707,7.777777777777778,7.593331800676639,0.5499999999999999,0.5594914681754409,0.5260389268805891,0.5824501741730531,-1.0701356093914074,5.882490825105265,-0.40571330692084984,before_ekf,0.5594914681754409,0.5824501741730531,-1.0701356093914074,5.882490825105265,-0.40571330692084984,0.5525298504226717,0.48888708983424256,0.3211633999267046,6.402621271103347,1.0582332237160657,nan,nan,nan,nan,nan,nan,nan,nan,,0.052041456001461484,0.04174733800027752,0.031216347000736278,0.031216347000736278,0.020720381999126403,nan,nan,profile,1,1,1,2,6.174923896789551,3.825076103210449,0.4,0.7,
1785155182.5854018,6.258246057997894,4.444444444444445,4.7147945628665555,7.777777777777778,7.596057906840562,0.5499999999999999,0.5585590180410824,0.5260389268805891,0.5785656979593675,-1.035588408206967,5.868416063951979,-0.36852980628656845,before_ekf,0.5585590180410824,0.5785656979593675,-1.035588408206967,5.868416063951979,-0.36852980628656845,0.5518058610671484,0.4835138551828524,0.3391542226490509,6.434651903583733,1.0905086591617321,nan,nan,nan,nan,nan,nan,nan,nan,,0.051926148000347894,0.041691628997796215,0.031136465000599856,0.031136465000599856,0.020687636999355163,nan,nan,profile,1,1,1,2,6.258430242538452,3.741569757461548,0.4,0.7,
1785155182.6694329,6.342277064999507,4.444444444444445,4.4511948215454264,7.777777777777778,7.855049685080163,0.5499999999999999,0.5560948395377072,0.5260389268805891,0.5701934525709987,-1.0009224633671892,5.855737383101361,-0.33272347234244637,before_ekf,0.5560948395377072,0.5701934525709987,-1.0009224633671892,5.855737383101361,-0.33272347234244637,0.5500518680206369,0.4811839947284216,0.35600877601117487,6.46711524229843,1.1225284468128365,nan,nan,nan,nan,nan,nan,nan,nan,,0.051926987998740515,0.041630542000348214,0.031033184000989422,0.031033184000989422,0.020622709998860955,nan,nan,profile,1,1,1,2,6.342479228973389,3.6575207710266113,0.4,0.7,
1785155182.7528136,6.425656785999308,4.444444444444445,4.707857620346529,7.777777777777778,7.58488172166941,0.5499999999999999,0.5547590055460893,0.5260389268805891,0.5576456788035619,-0.9658248585655085,5.844307824188988,-0.296917138398326,before_ekf,0.5547590055460893,0.5576456788035619,-0.9658248585655085,5.844307824188988,-0.296917138398326,0.5468160010780799,0.477544424933666,0.37969240079519007,6.516551465052215,1.1704296296953878,nan,nan,nan,nan,nan,nan,nan,nan,,0.05183186499925796,0.04151090099912835,0.031077707000804367,0.031077707000804367,0.020706838000478456,nan,nan,profile,1,1,1,2,6.425913333892822,3.5740866661071777,0.4,0.7,
1785155182.8354654,6.5083104009972885,4.444444444444445,4.708057426310761,7.777777777777778,7.58520363127845,0.5499999999999999,0.5542072510142534,0.5260389268805891,0.5541564645331418,-0.9481282241372727,5.839066107350902,-0.2790139714262645,before_ekf,0.5542072510142534,0.5541564645331418,-0.9481282241372727,5.839066107350902,-0.2790139714262645,0.5461041127033354,0.47625700282910394,0.393848618620995,6.550070371954722,1.20217832833249,nan,nan,nan,nan,nan,nan,nan,nan,,0.05146981799771311,0.041230487997381715,0.030794615999184316,0.030794615999184316,0.020516313998086844,nan,nan,profile,1,1,1,2,6.508441686630249,3.491558313369751,0.4,0.7,
1785155182.918355,6.591199766997306,4.444444444444445,4.44703996528525,7.777777777777778,7.58612699960425,0.5499999999999999,0.5538604486307694,0.5260389268805891,0.5289801685635244,-0.8949150463260072,5.82527177523711,-0.22943597058055484,before_ekf,0.5538604486307694,0.5289801685635244,-0.8949150463260072,5.82527177523711,-0.22943597058055484,0.5449941628218548,0.4779103341906554,0.40690931487243936,6.583989181641915,1.234031489137891,nan,nan,nan,nan,nan,nan,nan,nan,,0.051718067999900086,0.04151079099756316,0.03106503099843394,0.03106503099843394,0.02063502699820674,nan,nan,profile,1,1,1,2,6.591369390487671,3.408630609512329,0.4,0.7,
1785155183.0014443,6.674288959999103,4.444444444444445,4.453474419710397,7.777777777777778,7.597103421858912,0.5499999999999999,0.5523591346744998,0.5260389268805891,0.5162767542200281,-0.84069776143275,5.814057775171051,-0.17848080304468872,before_ekf,0.5523591346744998,0.5162767542200281,-0.84069776143275,5.814057775171051,-0.17848080304468872,0.5446673474335597,0.48317045354073673,0.41887912233021135,6.618265116033667,1.2661872883805385,nan,nan,nan,nan,nan,nan,nan,nan,,0.05174779500157456,0.04151290799927665,0.031146921999607002,0.031146921999607002,0.020815461000893265,nan,nan,profile,1,1,1,2,6.674484491348267,3.3255155086517334,0.4,0.7,
1785155183.0851824,6.758027166000829,4.444444444444445,4.700985377066854,7.777777777777778,7.834975628444757,0.5499999999999999,0.5512326954089064,0.5260389268805891,0.5121904776186325,-0.8046538743886164,5.808184880012457,-0.14405163579072486,before_ekf,0.5512326954089064,0.5121904776186325,-0.8046538743886164,5.808184880012457,-0.14405163579072486,0.5446177621114121,0.48557244906891317,0.42974395964067996,6.652881817458496,1.298517686868208,nan,nan,nan,nan,nan,nan,nan,nan,,0.052253818001190666,0.041882352001266554,0.031317578002926894,0.031317578002926894,0.020836852003412787,nan,nan,profile,1,1,1,2,6.758204936981201,3.241795063018799,0.4,0.7,
1785155183.1684065,6.841251427998941,4.444444444444445,4.449441948023887,7.777777777777778,7.851956378865681,0.5499999999999999,0.5510797206567968,0.5260389268805891,0.5120474392671761,-0.7500636991159323,5.801719514136315,-0.09171930156469951,before_ekf,0.5510797206567968,0.5120474392671761,-0.7500636991159323,5.801719514136315,-0.09171930156469951,0.5471228282227183,0.4889228877990711,0.4395674412396839,6.687959728681081,1.3310786171609923,nan,nan,nan,nan,nan,nan,nan,nan,,0.05188406899833353,0.04159078099837643,0.03119824600071297,0.03119824600071297,0.02050139800121542,nan,nan,profile,1,1,1,2,6.841419219970703,3.158580780029297,0.4,0.7,
1785155183.2512624,6.924106973998278,4.444444444444445,4.451285506561637,7.777777777777778,7.593369393546321,0.5499999999999999,0.550038343377187,0.5260389268805891,0.5080603026586602,-0.69521261024177,5.798074800079251,-0.042141300718991685,before_ekf,0.550038343377187,0.5080603026586602,-0.69521261024177,5.798074800079251,-0.042141300718991685,0.5478105821887617,0.49493775053178585,0.44822405200794896,6.723422505909003,1.3640100428245656,nan,nan,nan,nan,nan,nan,nan,nan,,0.051633719998790184,0.041409482997551095,0.03105867499834858,0.03105867499834858,0.02063902499867254,nan,nan,profile,1,1,1,2,6.924279689788818,3.0757203102111816,0.4,0.7,
1785155183.334138,7.00698218999969,4.444444444444445,4.447215667946897,7.777777777777778,7.848027649318051,0.5499999999999999,0.5491030731364891,0.5260389268805891,0.5124186629769168,-0.65870451722719,5.797173781082292,-0.007712133465027837,before_ekf,0.5491030731364891,0.5124186629769168,-0.65870451722719,5.797173781082292,-0.007712133465027837,0.5497418482700699,0.4976875772232708,0.45575364123405354,6.759230421328768,1.3971445797377848,nan,nan,nan,nan,nan,nan,nan,nan,,0.05157476400199812,0.04137102399909054,0.031020877002447378,0.031020877002447378,0.02069747299901792,nan,nan,profile,1,1,1,2,7.0071845054626465,2.9928154945373535,0.4,0.7,
1785155183.4185321,7.091376665997814,4.444444444444445,4.445323662175328,7.777777777777778,7.844688815603519,0.5499999999999999,0.5489795725044833,0.5260389268805891,0.5040383189592074,-0.6037412148427609,5.798162773294105,0.04186586738068001,before_ekf,0.5489795725044833,0.5040383189592074,-0.6037412148427609,5.798162773294105,0.04186586738068001,0.5502844909566605,0.49891348172502936,0.4620841921287372,6.79535520584394,1.4304013985189874,nan,nan,nan,nan,nan,nan,nan,nan,,0.0528338599979179,0.04201171800013981,0.03141523600061191,0.03141523600061191,0.02078556199921877,nan,nan,profile,1,1,1,2,7.091542720794678,2.9084572792053223,0.4,0.7,
1785155183.5022073,7.1750518129993,4.444444444444445,4.455253351794199,7.777777777777778,7.862211797283879,0.5499999999999999,0.5489532598361185,0.5260389268805891,0.5040142468064597,-0.5856999543761522,5.799067919558701,0.05839186766258233,before_ekf,0.5489532598361185,0.5040142468064597,-0.5856999543761522,5.799067919558701,0.05839186766258233,0.5510957997543275,0.5078529763220949,0.4691580024363309,6.849962240062009,1.4809719285701826,nan,nan,nan,nan,nan,nan,nan,nan,,0.05175847699865699,0.04152105799948913,0.031152053001278546,0.031152053001278546,0.020802200000616722,nan,nan,profile,1,1,1,2,7.175199747085571,2.8248002529144287,0.4,0.7,
1785155183.5866005,7.259445071998925,4.444444444444445,4.711071670524178,7.777777777777778,7.851786117540295,0.5499999999999999,0.5501471023644138,0.5260389268805891,0.4999122154832847,-0.5488909745866026,5.801824232878831,0.09144386822638963,before_ekf,0.5501471023644138,0.4999122154832847,-0.5488909745866026,5.801824232878831,0.09144386822638963,0.5505881215001184,0.5123599119025106,0.47242397661961677,6.886551139298566,1.5150799471345149,nan,nan,nan,nan,nan,nan,nan,nan,,0.05192498199903639,0.04166551800153684,0.031169114001386333,0.031169114001386333,0.02073069199832389,nan,nan,profile,1,1,1,2,7.259643077850342,2.740356922149658,0.4,0.7,
1785155183.6701355,7.342979914999887,4.444444444444445,4.448008502211877,7.777777777777778,7.849426768609194,0.5499999999999999,0.550080801501638,0.5260389268805891,0.4998051033220806,-0.47604219992257796,5.810975898281648,0.15892503604415809,before_ekf,0.550080801501638,0.4998051033220806,-0.47604219992257796,5.810975898281648,0.15892503604415809,0.5512552787837492,0.5122858651584837,0.47446769216246004,6.923203755133068,1.5492166626938175,nan,nan,nan,nan,nan,nan,nan,nan,,0.051987377999466844,0.04164461199979996,0.031146784000156913,0.031146784000156913,0.02064537100159214,nan,nan,profile,1,1,1,2,7.3431525230407715,2.6568474769592285,0.4,0.7,
1785155183.7538304,7.426675045000593,4.444444444444445,4.4504306232036805,7.777777777777778,7.853701099771199,0.5499999999999999,0.5499745299498061,0.5260389268805891,0.499698019833218,-0.4219949622396824,5.821018370153533,0.20850303688986685,before_ekf,0.5499745299498061,0.499698019833218,-0.4219949622396824,5.821018370153533,0.20850303688986685,0.5506369842183024,0.5145423499442628,0.4752329704433597,6.959909228754739,1.5834922489393353,nan,nan,nan,nan,nan,nan,nan,nan,,0.051796560001093894,0.04155592300230637,0.03107467400332098,0.03107467400332098,0.020579901000019163,nan,nan,profile,1,1,1,2,7.426850080490112,2.5731499195098877,0.4,0.7,
1785155183.8369784,7.5098231509982725,4.444444444444445,4.711931734529172,7.777777777777778,7.853219557548618,0.5499999999999999,0.5489086765363991,0.5260389268805891,0.5039283757030809,-0.3864000512976802,5.829182621853783,0.24293220414383068,before_ekf,0.5489086765363991,0.5039283757030809,-0.3864000512976802,5.829182621853783,0.24293220414383068,0.551197845951357,0.5130212550310345,0.4745279966244332,7.015059204362603,1.6349223705325986,nan,nan,nan,nan,nan,nan,nan,nan,,0.05179395199957071,0.0415821259994118,0.031087330000445945,0.031087330000445945,0.0207102889980888,nan,nan,profile,1,1,1,2,7.509992599487305,2.4900074005126953,0.4,0.7,
1785155183.9197617,7.592605301000731,4.444444444444445,4.450516737626546,7.777777777777778,7.592057964186461,0.5499999999999999,0.5491135363304087,0.5260389268805891,0.5041213146405246,-0.3511072676565656,5.838567296257064,0.2773613713977945,before_ekf,0.5491135363304087,0.5041213146405246,-0.3511072676565656,5.838567296257064,0.2773613713977945,0.5515691752747073,0.5080446338069513,0.47218302123583233,7.051637075118529,1.6687427249356845,nan,nan,nan,nan,nan,nan,nan,nan,,0.051802677000523545,0.04152964800232439,0.031212138001137646,0.031212138001137646,0.020936156000971096,nan,nan,profile,1,1,1,2,7.592819452285767,2.4071805477142334,0.4,0.7,
1785155184.003156,7.675999786999455,4.444444444444445,4.450458393072113,7.777777777777778,7.591958435240662,0.5499999999999999,0.5502444778373415,0.5260389268805891,0.49997904285974126,-0.28117680337225537,5.860937075942047,0.3420882058352482,before_ekf,0.5502444778373415,0.49997904285974126,-0.28117680337225537,5.860937075942047,0.3420882058352482,0.551514932418887,0.5012230159676245,0.46858736472253654,7.088228987682926,1.7022344252006283,nan,nan,nan,nan,nan,nan,nan,nan,,0.052036265002243454,0.04177005300152814,0.03121756900145556,0.03121756900145556,0.02057985200008261,nan,nan,profile,1,1,1,2,7.676201581954956,2.323798418045044,0.4,0.7,
1785155184.0862072,7.759051779998117,4.444444444444445,4.697577565297084,7.777777777777778,7.5683194107564145,0.5499999999999999,0.5503706473393009,0.5260389268805891,0.5001021022065752,-0.2466106842824461,5.873886271567081,0.37514020639905454,before_ekf,0.5503706473393009,0.5001021022065752,-0.2466106842824461,5.873886271567081,0.37514020639905454,0.550644183361807,0.49589464172406106,0.4637522748170907,7.124676017859724,1.7353980802947397,nan,nan,nan,nan,nan,nan,nan,nan,,0.05152464300044812,0.04135648100054823,0.03106097599811619,0.03106097599811619,0.020643369000026723,nan,nan,profile,1,1,1,2,7.759197473526001,2.240802526473999,0.4,0.7,
1785155184.1695728,7.842417158997705,4.444444444444445,4.7114715626420125,7.777777777777778,7.590704184256576,0.5499999999999999,0.5512682796652897,0.5260389268805891,0.4874581580509448,-0.19594654572731438,5.895220305650212,0.42196387386444845,before_ekf,0.5512682796652897,0.4874581580509448,-0.19594654572731438,5.895220305650212,0.42196387386444845,0.5505850309079046,0.49364191139909785,0.4577419975577484,7.160819569849716,1.7682804232431124,nan,nan,nan,nan,nan,nan,nan,nan,,0.052320376998977736,0.0420153829982155,0.03121310799906496,0.03121310799906496,0.02076143299927935,nan,nan,profile,1,1,1,2,7.842646360397339,2.157353639602661,0.4,0.7,
1785155184.253853,7.92669740799829,4.444444444444445,4.446757377077975,7.777777777777778,7.324070974010782,0.5499999999999999,0.5500378907089901,0.5260389268805891,0.48326364644037534,-0.16286471145787873,5.91068850594792,0.45363870773809667,before_ekf,0.5500378907089901,0.48326364644037534,-0.16286471145787873,5.91068850594792,0.45363870773809667,0.5497975917125856,0.4904352720366394,0.45053214834071736,7.196764079451386,1.8010142944381753,nan,nan,nan,nan,nan,nan,nan,nan,,0.052638197998021496,0.04226303299947176,0.03174874699834618,0.03174874699834618,0.021330804000172066,nan,nan,profile,1,1,1,2,7.926874160766602,2.0731258392333984,0.4,0.7,
1785155184.3374586,8.010302203998435,4.444444444444445,4.712372062968984,7.777777777777778,7.592154990338919,0.5499999999999999,0.5511339605455753,0.5260389268805891,0.47907661174591043,-0.12996939224545587,5.927433534246631,0.48669070830190386,before_ekf,0.5511339605455753,0.47907661174591043,-0.12996939224545587,5.927433534246631,0.48669070830190386,0.5483825852922682,0.4862242877102477,0.43738859713936806,7.250096001085752,1.8498191632443495,nan,nan,nan,nan,nan,nan,nan,nan,,0.0517845779977506,0.041540547001204686,0.031081876000826014,0.031081876000826014,0.02066459900015616,nan,nan,profile,1,1,1,2,8.010518074035645,1.9894819259643555,0.4,0.7,
1785155184.421124,8.093967911998334,4.444444444444445,4.45064170959996,7.777777777777778,7.592271151670521,0.5499999999999999,0.5489391691437229,0.5260389268805891,0.4792154387626154,-0.08235604414493139,5.95411595120601,0.5348915424574527,before_ekf,0.5489391691437229,0.4792154387626154,-0.08235604414493139,5.95411595120601,0.5348915424574527,0.546594063002774,0.4935585115417365,0.4163405032996718,7.3201095351485135,1.9153277751380262,nan,nan,nan,nan,nan,nan,nan,nan,,0.05190906499774428,0.04134212999997544,0.030985314999270486,0.030985314999270486,0.020660417998442426,nan,nan,profile,1,1,1,2,8.094152688980103,1.9058473110198975,0.4,0.7,
1785155184.5045319,8.177376070998434,4.444444444444445,4.450711942656844,7.777777777777778,7.5923909610028515,0.5499999999999999,0.5488604215449683,0.5260389268805891,0.4791508050993848,-0.06654903737058807,5.963644203229276,0.5500403760491983,before_ekf,0.5488604215449683,0.4791508050993848,-0.06654903737058807,5.963644203229276,0.5500403760491983,0.5441005248959625,0.49687874611428745,0.4040722277963803,7.354143517833513,1.9482685410836618,nan,nan,nan,nan,nan,nan,nan,nan,,0.05161484699783614,0.0413935059987125,0.031044882998685353,0.031044882998685353,0.020614899000065634,nan,nan,profile,1,1,1,2,8.177538394927979,1.8224616050720215,0.4,0.7,
1785155184.587828,8.260672626998712,4.444444444444445,4.710979125661753,7.777777777777778,7.85163187610292,0.5499999999999999,0.5478924782578585,0.5260389268805891,0.4834736655142516,-0.036077074570276486,5.983050273727189,0.5830923766130014,before_ekf,0.5478924782578585,0.4834736655142516,-0.036077074570276486,5.983050273727189,0.5830923766130014,0.5439044999914204,0.5038387744938387,0.3764770810413445,7.421224129433457,2.0151484935406963,nan,nan,nan,nan,nan,nan,nan,nan,,0.05211373299971456,0.04187194399855798,0.03089894200093113,0.03089894200093113,0.02056492200063076,nan,nan,profile,1,1,1,2,8.260815620422363,1.7391843795776367,0.4,0.7,
1785155184.6706765,8.343520668000565,4.444444444444445,4.451288044192555,7.777777777777778,7.85521419563392,0.5499999999999999,0.5477869949984313,0.5260389268805891,0.4998981405431457,0.03804450172467039,6.036648656849247,0.6698538780929904,before_ekf,0.5477869949984313,0.4998981405431457,0.03804450172467039,6.036648656849247,0.6698538780929904,0.545179356965618,0.5064754018381016,0.35311153060525646,7.470332379555384,2.0656028376864732,nan,nan,nan,nan,nan,nan,nan,nan,,0.051858254002581816,0.041611252003349364,0.03125951000038185,0.03125951000038185,0.020827402000577422,nan,nan,profile,1,1,1,2,8.343712091445923,1.6562879085540771,0.4,0.7,
1785155184.7543578,8.42720148599983,4.444444444444445,4.449439012151388,7.777777777777778,7.851951197914214,0.5499999999999999,0.5488391892527033,0.5260389268805891,0.5039219889111649,0.0527235287700041,6.048473369830591,0.6863798783748944,before_ekf,0.5488391892527033,0.5039219889111649,0.0527235287700041,6.048473369830591,0.6863798783748944,0.5454064520932999,0.5074312209460541,0.3358036579719192,7.502407493848822,2.099507460662979,nan,nan,nan,nan,nan,nan,nan,nan,,0.05208022499937215,0.04182312999910209,0.03127691500048968,0.03127691500048968,0.02081607400032226,nan,nan,profile,1,1,1,2,8.427450180053711,1.572549819946289,0.4,0.7,
1785155184.8386822,8.511525796999194,4.444444444444445,4.44748511455103,7.777777777777778,7.848503143325347,0.5499999999999999,0.5516531004216659,0.5260389268805891,0.520873447353586,0.12087485056917584,6.109483140218392,0.7731413798548818,before_ekf,0.5516531004216659,0.520873447353586,0.12087485056917584,6.109483140218392,0.7731413798548818,0.5472774112274189,0.5079339961999351,0.31750319603804766,7.53378978135262,2.133250226656876,nan,nan,nan,nan,nan,nan,nan,nan,,0.05246505800096202,0.042119447000004584,0.03146786299839732,0.03146786299839732,0.02073646600183565,nan,nan,profile,1,1,1,2,8.51170802116394,1.4882919788360596,0.4,0.7,
1785155184.9230685,8.595912483997381,4.444444444444445,4.446528400336378,7.777777777777778,7.5852543299855855,0.5499999999999999,0.5509402072787273,0.5260389268805891,0.5201819403932213,0.13396870902517852,6.1224907278591285,0.7910445468269435,before_ekf,0.5509402072787273,0.5201819403932213,0.13396870902517852,6.1224907278591285,0.7910445468269435,0.5479295910772616,0.5120765031120951,0.28775370177322357,7.579817399494821,2.1843191491658818,nan,nan,nan,nan,nan,nan,nan,nan,,0.05329543999687303,0.04274793299919111,0.031899824996799,0.031899824996799,0.021151422999537317,nan,nan,profile,1,1,1,2,8.596118450164795,1.403881549835205,0.4,0.7,
1785155185.0069013,8.679745864999859,4.444444444444445,4.468790394921304,7.777777777777778,7.886100696919946,0.5499999999999999,0.553478705322093,0.5260389268805891,0.5203723315643195,0.1597254157819208,6.149476335156727,0.825473714080909,before_ekf,0.553478705322093,0.5203723315643195,0.1597254157819208,6.149476335156727,0.825473714080909,0.547884646931454,0.5143729854940702,0.26672051254869394,7.609671459720317,2.2185694043921913,nan,nan,nan,nan,nan,nan,nan,nan,,0.052412209999602055,0.04212642499987851,0.03134859800047707,0.03134859800047707,0.0210583170010068,nan,nan,profile,1,1,1,2,8.679895877838135,1.3201041221618652,0.4,0.7,
1785155185.090145,8.762988798000151,4.444444444444445,4.450918381926414,7.777777777777778,7.854561850458376,0.5499999999999999,0.5513484003893194,0.5260389268805891,0.5205736534746179,0.1840342994839423,6.176729424228531,0.8599028813348728,before_ekf,0.5513484003893194,0.5205736534746179,0.1840342994839423,6.176729424228531,0.8599028813348728,0.5486296639366236,0.5131712518261478,0.24464687051511314,7.63885943634048,2.252833552632506,nan,nan,nan,nan,nan,nan,nan,nan,,0.05198857000141288,0.04169366399946739,0.031287581001379294,0.031287581001379294,0.020883050001430092,nan,nan,profile,1,1,1,2,8.763128995895386,1.2368710041046143,0.4,0.7,
1785155185.1734028,8.846246478999092,4.444444444444445,4.712999690884635,7.777777777777778,7.5931661686474685,0.5499999999999999,0.5502432379572563,0.5260389268805891,0.5165071924380178,0.21858263642463316,6.218982203000046,0.9108580488707372,before_ekf,0.5502432379572563,0.5165071924380178,0.21858263642463316,6.218982203000046,0.9108580488707372,0.5495936964461409,0.5148048851382994,0.22155179720534143,7.667315180929849,2.2871606264936872,nan,nan,nan,nan,nan,nan,nan,nan,,0.05213261799872271,0.04187331000139238,0.03140674699898227,0.03140674699898227,0.020833835998928407,nan,nan,profile,1,1,1,2,8.846437215805054,1.1535627841949463,0.4,0.7,
1785155185.256362,8.929206021999562,4.444444444444445,4.711385078452173,7.777777777777778,7.59056484861739,0.5499999999999999,0.5511412546721386,0.5260389268805891,0.5121073684617488,0.26180631260772846,6.278816251409422,0.9797163833786665,before_ekf,0.5511412546721386,0.5121073684617488,0.26180631260772846,6.278816251409422,0.9797163833786665,0.5525471464766212,0.513373671091724,0.19747753972950213,7.695038345117616,2.321345890698316,nan,nan,nan,nan,nan,nan,nan,nan,,0.051856770001904806,0.04149580800003605,0.031068339001649292,0.031068339001649292,0.020672046000981936,nan,nan,profile,1,1,1,2,8.929373979568481,1.0706260204315186,0.4,0.7,
1785155185.340406,9.013249391999125,4.444444444444445,4.709795860979551,7.777777777777778,7.588004442689279,0.5499999999999999,0.5502305060029181,0.5260389268805891,0.5082224237141388,0.2816611516275855,6.3094668361767,1.0113912172523165,before_ekf,0.5502305060029181,0.5082224237141388,0.2816611516275855,6.3094668361767,1.0113912172523165,0.5536287734315547,0.5077308070050663,0.15978377013050316,7.735480087352098,2.372352771104892,nan,nan,nan,nan,nan,nan,nan,nan,,0.052811949000897584,0.04255063800155767,0.03196382800160791,0.03196382800160791,0.02151538299949607,nan,nan,profile,1,1,1,2,9.01351809501648,0.9864819049835205,0.4,0.7,
1785155185.4236908,9.096534822998365,4.444444444444445,4.44724779717331,7.777777777777778,7.586481536354471,0.5499999999999999,0.5526453428657218,0.5260389268805891,0.5000009642849167,0.3187279697726876,6.373299680550527,1.0774952183799258,before_ekf,0.5526453428657218,0.5000009642849167,0.3187279697726876,6.373299680550527,1.0774952183799258,0.5538691681829018,0.5010768203874729,0.133261777585574,7.761170084812873,2.4058270889255624,nan,nan,nan,nan,nan,nan,nan,nan,,0.05178823099777219,0.04150537999885273,0.031090431999473367,0.031090431999473367,0.0207353490004607,nan,nan,profile,1,1,1,2,9.096709966659546,0.9032900333404541,0.4,0.7,
1785155185.5079544,9.180798551999032,4.444444444444445,4.711877034944843,7.777777777777778,7.591357445188914,0.5499999999999999,0.5513921164766677,0.5260389268805891,0.4957944289103765,0.33567327007892805,6.406092287244682,1.110547218943733,before_ekf,0.5513921164766677,0.4957944289103765,0.33567327007892805,6.406092287244682,1.110547218943733,0.5542379726609683,0.49386778260951125,0.10588499394951527,7.7859717718633945,2.4388268970925786,nan,nan,nan,nan,nan,nan,nan,nan,,0.05238486799862585,0.04218674499861663,0.031255694000719814,0.031255694000719814,0.0209098779996566,nan,nan,profile,1,1,1,2,9.180954694747925,0.8190453052520752,0.4,0.7,
1785155185.5921218,9.264965913000196,4.444444444444445,4.454126391646828,7.777777777777778,7.598215609279883,0.5499999999999999,0.5525165173115906,0.5260389268805891,0.4916202004995272,0.3437457125367182,6.422690019696698,1.1256960525354773,before_ekf,0.5525165173115906,0.4916202004995272,0.3437457125367182,6.422690019696698,1.1256960525354773,0.5516509577614058,0.48704556848830083,0.06330179619605908,7.8211991520431186,2.4877165384487245,nan,nan,nan,nan,nan,nan,nan,nan,,0.052853102002700325,0.042243673000484705,0.03186864100280218,0.03186864100280218,0.021488648999365978,nan,nan,profile,1,1,1,2,9.265137672424316,0.7348623275756836,0.4,0.7,
1785155185.6755662,9.348410610997234,4.444444444444445,4.712700489887071,7.777777777777778,7.592684122595838,0.5499999999999999,0.5519343098985041,0.5260389268805891,0.48288976589698757,0.3589308853753979,6.455902720654913,1.157370886409126,before_ekf,0.5519343098985041,0.48288976589698757,0.3589308853753979,6.455902720654913,1.157370886409126,0.5514606881132235,0.4828576623703281,0.03410823227237282,7.843569409239195,2.519988083435213,nan,nan,nan,nan,nan,nan,nan,nan,,0.05202764499699697,0.041847502998280106,0.03151204999812762,0.03151204999812762,0.02113046799786389,nan,nan,profile,1,1,1,2,9.34861159324646,0.65138840675354,0.4,0.7,
1785155185.75947,9.43231345499953,4.444444444444445,4.432476013408188,7.777777777777778,7.561282611108084,0.5499999999999999,0.548881119487441,0.5260389268805891,0.4792585041878207,0.3861087164174065,6.523687080653934,1.2207205541564223,before_ekf,0.548881119487441,0.4792585041878207,0.3861087164174065,6.523687080653934,1.2207205541564223,0.5520050056221266,0.4818657105229491,-0.0262048810468434,7.885683728007089,2.5842702867010736,nan,nan,nan,nan,nan,nan,nan,nan,,0.05249861700212932,0.0421964580018539,0.031695555000624154,0.031695555000624154,0.0208350969987805,nan,nan,profile,1,1,1,2,9.432494163513184,0.5675058364868164,0.4,0.7,
1785155185.8426905,9.515535417998763,4.444444444444445,4.189492321804602,7.777777777777778,7.593454833270842,0.5499999999999999,0.545421346378472,0.5260389268805891,0.475191919967313,0.40331807209208287,6.574654598458856,1.2689213883119692,before_ekf,0.545421346378472,0.475191919967313,0.40331807209208287,6.574654598458856,1.2689213883119692,0.5509035153891323,0.4878582563383079,-0.07300425338953037,7.914810647710776,2.6327376500828965,nan,nan,nan,nan,nan,nan,nan,nan,,0.05184095399818034,0.04156787299871212,0.031167255001491867,0.031167255001491867,0.020628867998311762,nan,nan,profile,1,1,1,2,9.515681982040405,0.4843180179595947,0.4,0.7,
1785155185.9261174,9.598960216997511,4.444444444444445,4.4477117896262985,7.777777777777778,7.848903158164055,0.5499999999999999,0.5454897764324526,0.5260389268805891,0.4752462960497394,0.41360710702379805,6.60969470033163,1.3005962221856173,before_ekf,0.5454897764324526,0.4752462960497394,0.41360710702379805,6.60969470033163,1.3005962221856173,0.5498762728058233,0.5002385937548025,-0.1213919188967099,7.941061623114859,2.6825221190824156,nan,nan,nan,nan,nan,nan,nan,nan,,0.0523216589972435,0.04203703099847189,0.03156322999711847,0.03156322999711847,0.02110962199731148,nan,nan,profile,1,1,1,2,9.599409341812134,0.4005906581878662,0.4,0.7,
1785155186.0109725,9.683817138997256,4.444444444444445,4.447532581065945,7.777777777777778,7.586967344171318,0.5499999999999999,0.5442328109981822,0.5260389268805891,0.4792577302016678,0.42267353466552277,6.644665205770921,1.333648222749422,before_ekf,0.5442328109981822,0.4792577302016678,0.42267353466552277,6.644665205770921,1.333648222749422,0.5508551149883297,0.5065872541958282,-0.1543030004334861,7.957333998000814,2.7162035548934504,nan,nan,nan,nan,nan,nan,nan,nan,,0.0518573329973151,0.04146333899916499,0.031032751998282038,0.031032751998282038,0.020641793998947833,nan,nan,profile,1,1,1,2,9.68402886390686,0.31597113609313965,0.4,0.7,
1785155186.094024,9.766868383998371,4.444444444444445,4.453566935689056,7.777777777777778,7.597261243234273,0.5499999999999999,0.5443247754837072,0.5260389268805891,0.4875486585602184,0.4374194607685331,6.716189268393709,1.3997522238770304,before_ekf,0.5443247754837072,0.4875486585602184,0.4374194607685331,6.716189268393709,1.3997522238770304,0.5504555504442531,0.5119815647683906,-0.18772909601297397,7.972458074992175,2.7502447204537805,nan,nan,nan,nan,nan,nan,nan,nan,,0.051752718998614,0.041482741999061545,0.031071933000930585,0.031071933000930585,0.0207305340009043,nan,nan,profile,1,1,1,2,9.767114162445068,0.23288583755493164,0.4,0.7,
1785155186.177376,9.850220406999142,4.444444444444445,4.451423210610192,7.777777777777778,7.593604300452679,0.5499999999999999,0.5478580516517302,0.5260389268805891,0.4916795581061919,0.4430939566559976,6.752662523700706,1.4328042244408377,before_ekf,0.5478580516517302,0.4916795581061919,0.4430939566559976,6.752662523700706,1.4328042244408377,0.5505632323170593,0.512197433979874,-0.2558828618465786,7.999560282098915,2.818526796502397,nan,nan,nan,nan,nan,nan,nan,nan,,0.05202751099932357,0.04177137000078801,0.03138409199891612,0.03138409199891612,0.020902610001940047,nan,nan,profile,1,1,1,2,9.850529432296753,0.14947056770324707,0.4,0.7,
1785155186.2608213,9.933665925000241,4.444444444444445,4.450249460019312,7.777777777777778,7.8533814000340785,0.5499999999999999,0.5477928911539854,0.5260389268805891,0.4998866162196851,0.4475030671970225,6.788914591711111,1.4672333916947997,before_ekf,0.5477928911539854,0.4998866162196851,0.4475030671970225,6.788914591711111,1.4672333916947997,0.5511173503036941,0.5122192238944202,-0.2907331099438189,8.011235057374163,2.852698129109049,nan,nan,nan,nan,nan,nan,nan,nan,,0.051883117001125356,0.041611447999457596,0.03108750799947302,0.03108750799947302,0.020720202002848964,nan,nan,profile,1,1,1,2,9.933855295181274,0.06614470481872559,0.4,0.7,
1785155186.3443305,10.017175019998831,4.444444444444445,4.454786981975698,7.777777777777778,7.861388791721818,0.5499999999999999,0.5502199300290853,0.5260389268805891,0.49995074757306524,0.45070525767532427,6.8256874653057436,1.5002853922586035,before_ekf,0.5502199300290853,0.49995074757306524,0.45070525767532427,6.8256874653057436,1.5002853922586035,0.5488642335986593,0.5100538036816699,-0.32581775736094903,8.021623209610144,2.886696024743854,nan,nan,nan,nan,nan,nan,nan,nan,,0.051989300998684485,0.04167405299813254,0.031313063998823054,0.031313063998823054,0.020765620000020135,nan,nan,profile,1,1,2,2,0.017401695251464844,9.982598304748535,0.0,0.0,
1785155186.4273818,10.100226401998952,4.444444444444445,4.708405292834529,7.777777777777778,7.847342154724214,0.5499999999999999,0.5501289700716235,0.5260389268805891,0.5081293992661621,0.45332127821378343,6.898668192126176,1.569143726766522,before_ekf,0.5501289700716235,0.5081293992661621,0.45332127821378343,6.898668192126176,1.569143726766522,0.5481831291370071,0.5090540386341458,-0.36118566682965353,8.03082723742364,2.920636225365792,nan,nan,nan,nan,nan,nan,nan,nan,,0.05179662999944412,0.04155630899913376,0.03109211400078493,0.03109211400078493,0.020649141999456333,nan,nan,profile,1,1,2,2,0.1005251407623291,9.899474859237671,0.0,0.0,
1785155186.5112548,10.184099294998305,0.0,4.709830600402551,0.0,7.588060411759666,0.0,0.5513036190396602,0.0,0.5122548235753259,0.45318656491632986,6.917124310835828,1.5870468937385838,before_ekf,0.5513036190396602,0.5122548235753259,0.45318656491632986,6.917124310835828,1.5870468937385838,0.5478251716048652,0.5039549999322482,-0.3968662506008129,8.038843297178643,2.9543360357598214,nan,nan,nan,nan,nan,nan,nan,nan,,0.05241120500068064,0.042080999999598134,0.031559754999761935,0.031559754999761935,0.020954134000930935,nan,nan,profile,1,1,2,2,0.18450284004211426,9.815497159957886,0.0,0.0,
1785155186.5957649,10.268609441998706,0.0,4.458008744478364,0.0,7.604838446463091,0.0,0.550062664764911,0.0,0.5163276908158129,0.45197386062751976,6.953623379852749,1.621476060992546,before_ekf,0.550062664764911,0.5163276908158129,0.45197386062751976,6.953623379852749,1.621476060992546,0.5478592682533328,0.50174682552124,-0.43271513821621166,8.0456395829733,2.987779847018434,nan,nan,nan,nan,nan,nan,nan,nan,,0.051899735000915825,0.041586461000406416,0.03112230599799659,0.03112230599799659,0.02070533699952648,nan,nan,profile,1,1,2,2,0.26881909370422363,9.731180906295776,0.0,0.0,
1785155186.6792903,10.352134890999878,0.0,4.712504248238602,0.0,7.592367955495526,0.0,0.5512404478171027,0.0,0.5122240642117645,0.44946966785570186,6.990450367475597,1.654528061556347,before_ekf,0.5512404478171027,0.5122240642117645,0.44946966785570186,6.990450367475597,1.654528061556347,0.5497162339156993,0.4950234345316648,-0.5051325113561311,8.055982286593212,3.0541816828936668,nan,nan,nan,nan,nan,nan,nan,nan,,0.05218623800101341,0.04195647800224833,0.03138966500046081,0.03138966500046081,0.020791897000890458,nan,nan,profile,1,1,2,2,0.35245585441589355,9.647544145584106,0.0,0.0,
1785155186.7626462,10.435490726998978,0.0,4.712724243587378,0.0,7.592722392446333,0.0,0.5501110321096089,0.0,0.5164044508453574,0.4457246019264376,7.027171630538457,1.6903343955004682,before_ekf,0.5501110321096089,0.5164044508453574,0.4457246019264376,7.027171630538457,1.6903343955004682,0.5507337766328092,0.49087451938091164,-0.5417652678697359,8.059214787635243,3.087040214181016,nan,nan,nan,nan,nan,nan,nan,nan,,0.051914735999162076,0.041686982000101125,0.031201531000988325,0.031201531000988325,0.020786672001122497,nan,nan,profile,1,1,2,2,0.435718297958374,9.564281702041626,0.0,0.0,
1785155186.8459342,10.518778900997859,0.0,4.709466991589758,0.0,7.849111652649595,0.0,0.551078439956312,0.0,0.5120392788787882,0.4378368349159811,7.081575256748994,1.7399123963461751,before_ekf,0.551078439956312,0.5120392788787882,0.4378368349159811,7.081575256748994,1.7399123963461751,0.5503538063733341,0.49127375064961726,-0.5783776870606958,8.061204728865901,3.11976075851865,nan,nan,nan,nan,nan,nan,nan,nan,,0.05184019499938586,0.04156404099921929,0.031122467000386678,0.031122467000386678,0.020637047000491293,nan,nan,profile,1,1,2,2,0.5189812183380127,9.481018781661987,0.0,0.0,
1785155186.9291604,10.602004697000666,0.0,4.708274184161442,0.0,7.5855528522601015,0.0,0.5512462323343195,0.0,0.4956625598037143,0.4231220202570258,7.153507361048712,1.8046392307836243,before_ekf,0.5512462323343195,0.4956625598037143,0.4231220202570258,7.153507361048712,1.8046392307836243,0.5459321916452035,0.4891424657143176,-0.6148491556830858,8.061927897119856,-3.130781393690525,nan,nan,nan,nan,nan,nan,nan,nan,,0.0519883450033376,0.04167526300079771,0.03123934600080247,0.03123934600080247,0.020905065000988543,nan,nan,profile,1,1,2,2,0.602271556854248,9.397728443145752,0.0,0.0,
1785155187.0122757,10.685120211997855,0.0,4.70833839686187,0.0,7.5856563060552356,0.0,0.5500613950908526,0.0,0.49152181117718696,0.41408307038820086,7.188890554295637,1.8363140646572689,before_ekf,0.5500613950908526,0.49152181117718696,0.41408307038820086,7.188890554295637,1.8363140646572689,0.5336335618259672,0.4831272918823999,-0.6687713552710508,8.061154242770694,-3.082235969340555,nan,nan,nan,nan,nan,nan,nan,nan,,0.051660945999174146,0.04145043199969223,0.031046175998199033,0.031046175998199033,0.020597593000275083,nan,nan,profile,1,1,2,2,0.6853084564208984,9.314691543579102,0.0,0.0,
1785155187.0960097,10.768851523000194,0.0,4.710426334148303,0.0,7.850710556913838,0.0,0.5503485940988794,0.0,0.49178758959237995,0.4039037508855896,7.223962396922704,1.8707432319112312,before_ekf,0.5503485940988794,0.49178758959237995,0.4039037508855896,7.223962396922704,1.8707432319112312,0.520025678846752,0.4787259696057376,-0.7035774289638812,8.058870845222673,-3.0502841120780446,nan,nan,nan,nan,nan,nan,nan,nan,,0.05240789900199161,0.042040074000397,0.03148094200150808,0.03148094200150808,0.020991413002775516,nan,nan,profile,1,1,2,2,0.769160270690918,9.230839729309082,0.0,0.0,
1785155187.1794972,10.852340369998274,0.0,4.455330286777186,0.0,7.862347564900914,0.0,0.5490144889347016,0.0,0.4875595333276449,0.3801565905847562,7.2930234303516315,1.934092899658521,before_ekf,0.5490144889347016,0.4875595333276449,0.3801565905847562,7.2930234303516315,1.934092899658521,0.5033544914711379,0.4744805421112322,-0.7372372757816129,8.055531298868782,-3.0186288299263886,nan,nan,nan,nan,nan,nan,nan,nan,,0.051847392998752184,0.041503281998302555,0.031077353000000585,0.031077353000000585,0.020661557999119395,nan,nan,profile,1,1,2,2,0.8525600433349609,9.147439956665039,0.0,0.0,
1785155187.2619169,10.934761697000795,0.0,4.449429670764669,0.0,7.851934713114121,0.0,0.5476339253445285,0.0,0.48324184259933,0.373598129087986,7.309854739028609,1.9506188999404233,before_ekf,0.5476339253445285,0.48324184259933,0.373598129087986,7.309854739028609,1.9506188999404233,0.4711054129156839,0.46556600266657533,-0.784889325554328,8.04866419832859,-2.9718761883267155,nan,nan,nan,nan,nan,nan,nan,nan,,0.051375792001636,0.04119205200186116,0.030847796002490213,0.030847796002490213,0.020549591001326917,nan,nan,profile,1,1,2,2,0.9349422454833984,9.065057754516602,0.0,0.0,
1785155187.3444154,11.01725990200066,0.0,4.702499248265647,0.0,7.837498747109411,0.0,0.5467417538186253,0.0,0.4958592090557736,0.35212363671236036,7.3600316053681025,2.001574067476288,before_ekf,0.5467417538186253,0.4958592090557736,0.35212363671236036,7.3600316053681025,2.001574067476288,0.43941656604057827,0.45901309138018553,-0.8297294381196355,8.040539053255074,-2.9256712108638765,nan,nan,nan,nan,nan,nan,nan,nan,,0.05152674200144247,0.041346359001181554,0.031013623000035295,0.031013623000035295,0.020597238002665108,nan,nan,profile,1,1,2,2,1.017463207244873,8.982536792755127,0.0,0.0,
1785155187.426838,11.099682764997851,0.0,4.44366485190023,0.0,7.580369453241571,0.0,0.5429521505329762,0.0,0.49977546537602313,0.328450703248016,7.408336793707267,2.0525292350121487,before_ekf,0.5429521505329762,0.49977546537602313,0.328450703248016,7.408336793707267,2.0525292350121487,0.41532244486254327,0.44718710422636704,-0.8572139620749479,8.034181669986276,-2.8956487070392978,nan,nan,nan,nan,nan,nan,nan,nan,,0.05137295199892833,0.04120055199746275,0.030848353999317624,0.030848353999317624,0.02055736499823979,nan,nan,profile,1,1,2,2,1.0998377799987793,8.90016222000122,0.0,0.0,
1785155187.511071,11.183915664998494,0.0,4.4457917830091525,0.0,7.583997747486202,0.0,0.5430731926807121,0.0,0.5081462579129562,0.30195537421609936,7.456053660341938,2.103484402548009,before_ekf,0.5430731926807121,0.5081462579129562,0.30195537421609936,7.456053660341938,2.103484402548009,0.37930669797466005,0.4318984422263844,-0.8949149632267462,8.023865976869905,-2.852116521821051,nan,nan,nan,nan,nan,nan,nan,nan,,0.052474017000349704,0.042233848998876056,0.03135406599903945,0.03135406599903945,0.020932875999278622,nan,nan,profile,1,1,2,2,1.1840689182281494,8.81593108177185,0.0,0.0,
1785155187.59396,11.266804708000564,0.0,4.45287021912567,0.0,7.596072726743791,0.0,0.5441973593109481,0.0,0.5039878964051028,0.2924619755088578,7.471881623911784,2.118633236139752,before_ekf,0.5441973593109481,0.5039878964051028,0.2924619755088578,7.471881623911784,2.118633236139752,0.33905613034853577,0.4130793551946136,-0.9403961866758871,8.009364728479774,-2.795860660768356,nan,nan,nan,nan,nan,nan,nan,nan,,0.051770509002381004,0.04149704100200324,0.030995932000223547,0.030995932000223547,0.020584502002748195,nan,nan,profile,1,1,2,2,1.2669758796691895,8.73302412033081,0.0,0.0,
1785155187.6774023,11.35024557199722,0.0,4.458087114332683,0.0,7.604972136214577,0.0,0.5454962488586232,0.0,0.5082529496756212,0.2626124553663053,7.5180432350131525,2.170965570365776,before_ekf,0.5454962488586232,0.5082529496756212,0.2626124553663053,7.5180432350131525,2.170965570365776,0.2986886465956945,0.3895543983481371,-0.9799564218331068,7.994266926418135,-2.742491501050246,nan,nan,nan,nan,nan,nan,nan,nan,,0.052296128997113556,0.041873248999763746,0.03134288599903812,0.03134288599903812,0.020905751996906474,nan,nan,profile,1,1,2,2,1.3505525588989258,8.649447441101074,0.0,0.0,
1785155187.7610526,11.433897004997561,0.0,4.4508705760450065,0.0,7.854477487138246,0.0,0.5479489511049551,0.0,0.5083450783371529,0.2195979589779065,7.576572311725474,2.2384467381835393,before_ekf,0.5479489511049551,0.5083450783371529,0.2195979589779065,7.576572311725474,2.2384467381835393,0.27841348452017656,0.3801390257169171,-0.9974330245559042,7.986691916359653,-2.7170078642700215,nan,nan,nan,nan,nan,nan,nan,nan,,0.05201842899987241,0.04174803699788754,0.031259935996786226,0.031259935996786226,0.020746833997691283,nan,nan,profile,1,1,2,2,1.434098720550537,8.565901279449463,0.0,0.0,
1785155187.8456924,11.518537157997343,0.0,4.71766498101621,0.0,7.600682469415005,0.0,0.547788156590334,0.0,0.5081930194669544,0.19650417998928105,7.6048624171126695,2.272875905437498,before_ekf,0.547788156590334,0.5081930194669544,0.19650417998928105,7.6048624171126695,2.272875905437498,0.2579158047445299,0.36877149334996523,-1.013501278124312,7.979228523012992,-2.692209927981262,nan,nan,nan,nan,nan,nan,nan,nan,,0.05321357999855536,0.04295907199775684,0.031793675996595994,0.031793675996595994,0.02134913299960317,nan,nan,profile,1,1,2,2,1.5186681747436523,8.481331825256348,0.0,0.0,
1785155187.9292078,11.602052381000249,0.0,4.446783768229664,0.0,7.58568995756825,0.0,0.5479824056219031,0.0,0.5166087881592781,0.1844591115058003,7.618846793778275,2.290779072409559,before_ekf,0.5479824056219031,0.5166087881592781,0.1844591115058003,7.618846793778275,2.290779072409559,0.23763929196975425,0.3568065851976132,-1.028149394374668,7.971976148718201,-2.6682389693857296,nan,nan,nan,nan,nan,nan,nan,nan,,0.051705113000934944,0.04148639100094442,0.030967861999670276,0.030967861999670276,0.02056870600063121,nan,nan,profile,1,1,2,2,1.6022095680236816,8.397790431976318,0.0,0.0,
1785155188.0120595,11.684903429999395,0.0,4.712729050913003,0.0,7.592730137582062,0.0,0.5477562065956716,0.0,0.5163955682917972,0.15991713687642864,7.645890169530672,2.3252082396635196,before_ekf,0.5477562065956716,0.5163955682917972,0.15991713687642864,7.645890169530672,2.3252082396635196,0.2182172140991818,0.3422933599967532,-1.0414380929824665,7.965005938661275,-2.645266212862181,nan,nan,nan,nan,nan,nan,nan,nan,,0.05153666900150711,0.041283769001893234,0.030947334998927545,0.030947334998927545,0.02063337200161186,nan,nan,profile,1,1,2,2,1.6850831508636475,8.314916849136353,0.0,0.0,
1785155188.095106,11.767950102999748,0.0,4.715578125871216,0.0,7.597320313903627,0.0,0.5488265764847284,0.0,0.5121690178287572,0.13419187197963955,7.672361078133442,2.3582602402273256,before_ekf,0.5488265764847284,0.5121690178287572,0.13419187197963955,7.672361078133442,2.3582602402273256,0.19916029024548945,0.3312964677559207,-1.053457045686559,7.958343396879901,-2.6230654776261613,nan,nan,nan,nan,nan,nan,nan,nan,,0.05145137400177191,0.041261020000092685,0.03086192599948845,0.03086192599948845,0.020527208002022235,nan,nan,profile,1,1,2,2,1.7681105136871338,8.231889486312866,0.0,0.0,
1785155188.1787477,11.851591468999686,0.0,4.203064610786899,0.0,7.3553630688770735,0.0,0.5536045513224026,0.0,0.5121943263786558,0.07982530091409475,7.722866874599553,2.4257414080450905,before_ekf,0.5536045513224026,0.5121943263786558,0.07982530091409475,7.722866874599553,2.4257414080450905,0.18013562229324506,0.3217808539732527,-1.0642374618138937,7.952043640300485,-2.6015081652500736,nan,nan,nan,nan,nan,nan,nan,nan,,0.051872477000870276,0.04160017899994273,0.031170643000223208,0.031170643000223208,0.020714992002467625,nan,nan,profile,1,1,2,2,1.8518025875091553,8.148197412490845,0.0,0.0,
1785155188.2638192,11.936663648000831,0.0,4.1867547302391905,0.0,7.065148607278634,0.0,0.5537645756405365,0.0,0.5040850810020341,0.03746531786735377,7.757903811947566,2.475319408890796,before_ekf,0.5537645756405365,0.5040850810020341,0.03746531786735377,7.757903811947566,2.475319408890796,0.16034958746059302,0.31075884430854517,-1.0737640461960019,7.946176660218307,-2.580663038531332,nan,nan,nan,nan,nan,nan,nan,nan,,0.053512567003053846,0.04305022500193445,0.032151582003280055,0.032151582003280055,0.02111311700355145,nan,nan,profile,1,1,2,2,1.9369292259216309,8.06307077407837,0.0,0.0,
1785155188.3478222,12.020666835000156,0.0,3.92583030229158,0.0,7.066494544124845,0.0,0.5537970054794322,0.0,0.4958554429001939,0.008411879834530917,7.780030056941992,2.506994242764443,before_ekf,0.5537970054794322,0.4958554429001939,0.008411879834530917,7.780030056941992,2.506994242764443,0.14031962831386108,0.29904069271397693,-1.0820432791727626,7.940821706507918,-2.5605968579261322,nan,nan,nan,nan,nan,nan,nan,nan,,0.0523147970015998,0.042040683001687285,0.031590630002028774,0.031590630002028774,0.02102143999945838,nan,nan,profile,1,1,2,2,2.0209672451019287,7.979032754898071,0.0,0.0,
1785155188.4305422,12.103387058999942,0.0,3.665334413883578,0.0,6.545240024792103,0.0,0.5534942766208002,0.0,0.48733410660741006,-0.052720004124899356,7.822096167555033,2.5717210772018935,before_ekf,0.5534942766208002,0.48733410660741006,-0.052720004124899356,7.822096167555033,2.5717210772018935,0.11258851843475658,0.28551080149610186,-1.0925168034051456,7.93376701527045,-2.5314214327104176,nan,nan,nan,nan,nan,nan,nan,nan,,0.051504676001059124,0.041278448999946704,0.030928456002584426,0.030928456002584426,0.020581459000823088,nan,nan,profile,1,1,2,2,2.1035501956939697,7.89644980430603,0.0,0.0,
1785155188.51345,12.186294237999391,0.0,3.1392966034469985,0.0,6.016985156606747,0.0,0.5501652420636495,0.0,0.4833760186289712,-0.06767049230781744,7.831517281229214,2.5868699107936397,before_ekf,0.5501652420636495,0.4833760186289712,-0.06767049230781744,7.831517281229214,2.5868699107936397,0.08860395269185303,0.26030074421575444,-1.1005625604914275,7.927975113238751,-2.504794035578259,nan,nan,nan,nan,nan,nan,nan,nan,,0.051910441001382424,0.04154379700048594,0.031134875000134343,0.031134875000134343,0.020752183001604863,nan,nan,profile,1,1,2,2,2.186523199081421,7.813476800918579,0.0,0.0,
1785155188.5971637,12.270008242998301,0.0,3.1437439490115415,0.0,5.7635305731878255,0.0,0.5512626953174766,0.0,0.4791686183315047,-0.09968355066432955,7.850669724855578,2.618544744667286,before_ekf,0.5512626953174766,0.4791686183315047,-0.09968355066432955,7.850669724855578,2.618544744667286,0.06880039750868445,0.23321475970519073,-1.1068767699843098,7.923285180095348,-2.480143888152409,nan,nan,nan,nan,nan,nan,nan,nan,,0.05160586199781392,0.04138338999837288,0.03101039999819477,0.03101039999819477,0.02069431600102689,nan,nan,profile,1,1,2,2,2.270240545272827,7.729759454727173,0.0,0.0,
1785155188.6801434,12.352988452999853,0.0,2.874415665243323,0.0,5.226210300442405,0.0,0.5513384029925721,0.0,0.479232255266634,-0.14760956878262382,7.8767863685806185,2.6667455788228347,before_ekf,0.5513384029925721,0.479232255266634,-0.14760956878262382,7.8767863685806185,2.6667455788228347,0.04985897749386603,0.1860173517613073,-1.1115405221382513,7.919624350818044,-2.4603877175041617,nan,nan,nan,nan,nan,nan,nan,nan,,0.05149524700027541,0.04128439200212597,0.030923818001610925,0.030923818001610925,0.02054034600223531,nan,nan,profile,1,1,2,2,2.3531594276428223,7.646840572357178,0.0,0.0,
1785155188.7633202,12.436152444999607,0.0,2.357190969102623,0.0,5.238202153561385,0.0,0.5504568121396312,0.0,0.49189675357101237,-0.21435415363420174,7.908305867984939,2.735603913330756,before_ekf,0.5504568121396312,0.49189675357101237,-0.21435415363420174,7.908305867984939,2.735603913330756,0.038502611981435814,0.15514812230111316,-1.1138534556002668,7.917770509995613,-2.4495291521617206,nan,nan,nan,nan,nan,nan,nan,nan,,0.05188165399886202,0.04166004099897691,0.031263699998817174,0.031263699998817174,0.020895080000627786,nan,nan,profile,1,1,2,2,2.4364781379699707,7.563521862030029,0.0,0.0,
1785155188.8477993,12.52064296699973,0.0,2.3562661913725482,0.0,4.974339737342047,0.0,0.551304752910138,0.0,0.5040092842500136,-0.2481446102294514,7.922157139907712,2.770033080584718,before_ekf,0.551304752910138,0.5040092842500136,-0.2481446102294514,7.922157139907712,2.770033080584718,0.029417515145593508,0.12915480962347398,-1.1156664843111583,7.916324920619708,-2.4405523985079984,nan,nan,nan,nan,nan,nan,nan,nan,,0.052664515998912975,0.04203025199967669,0.03156544900048175,0.03156544900048175,0.02102641099918401,nan,nan,profile,1,1,2,2,2.5208253860473633,7.479174613952637,0.0,0.0,
1785155188.9304888,12.603332586997567,0.0,2.0931379846509937,0.0,4.709560465464736,0.0,0.5489520731607225,0.0,0.5040092842500089,-0.2650295362642099,7.928576301985822,2.7865590808666205,before_ekf,0.5489520731607225,0.5040092842500089,-0.2650295362642099,7.928576301985822,2.7865590808666205,0.020956843797495805,0.10139826079601236,-1.1170341891992965,7.915234595514559,-2.4334276084591946,nan,nan,nan,nan,nan,nan,nan,nan,,0.05163875499783899,0.04138119100025506,0.030967017999500968,0.030967017999500968,0.020612514999811538,nan,nan,profile,1,1,2,2,2.6035358905792236,7.396464109420776,0.0,0.0,
1785155189.0138016,12.686646122998354,0.0,1.832757272147586,0.0,4.189159479194482,0.0,0.5511986641879874,0.0,0.5121642508691255,-0.3002310168752016,7.940924852790145,2.8209882481205812,before_ekf,0.5511986641879874,0.5121642508691255,-0.3002310168752016,7.940924852790145,2.8209882481205812,0.012691059634761578,0.07297546306570923,-1.1179723607109995,7.914494013074793,-2.4282058133555675,nan,nan,nan,nan,nan,nan,nan,nan,,0.05208429699996486,0.04187799799910863,0.03154177800024627,0.03154177800024627,0.02122947300085798,nan,nan,profile,1,1,2,2,2.6867892742156982,7.313210725784302,0.0,0.0,
1785155189.0971158,12.769959834000474,0.0,1.572127211085441,0.0,3.930318027713602,0.0,0.5490304150790493,0.0,0.5123387240894084,-0.38782495144920526,7.965876754652805,2.9063725829104077,before_ekf,0.5490304150790493,0.5123387240894084,-0.38782495144920526,7.965876754652805,2.9063725829104077,0.006168548054961722,0.048810980947725555,-1.1185705823596022,7.914062164508954,-2.4246551028299463,nan,nan,nan,nan,nan,nan,nan,nan,,0.05197846500232117,0.04166150899982313,0.031261158001143485,0.031261158001143485,0.020835343002545414,nan,nan,profile,1,1,2,2,2.7701635360717773,7.229836463928223,0.0,0.0,
1785155189.1799965,12.852840674997424,0.0,1.3100323754850065,0.0,3.4060841762610172,0.0,0.5512284671578425,0.0,0.5121964325177082,-0.40619091292806697,7.970118114227959,2.92289858319231,before_ekf,0.5512284671578425,0.5121964325177082,-0.40619091292806697,7.970118114227959,2.92289858319231,0.0018450145443983622,0.031104025835259883,-1.1189398885329158,7.91385374191736,-2.4223643538735744,nan,nan,nan,nan,nan,nan,nan,nan,,0.05167619999701856,0.041453578996879514,0.031101456999749644,0.031101456999749644,0.020766663998074364,nan,nan,profile,1,1,2,2,2.8530068397521973,7.146993160247803,0.0,0.0,
1785155189.2637708,12.936615761998837,0.0,1.30914705888899,0.0,3.403782353111374,0.0,0.5512824248154121,0.0,0.5122381409794732,-0.4419695558338906,7.977435313324033,2.9573277504462707,before_ekf,0.5512824248154121,0.5122381409794732,-0.4419695558338906,7.977435313324033,2.9573277504462707,-0.003513659901052662,0.011782849324015063,-1.1190338637035744,7.91386043514923,-2.4213464118020487,nan,nan,nan,nan,nan,nan,nan,nan,,0.05262022800161503,0.042201017000479624,0.031772477999766124,0.031772477999766124,0.021088145000248915,nan,nan,profile,1,1,2,2,2.9367611408233643,7.063238859176636,0.0,0.0,
1785155189.3470433,13.019887685997674,0.0,1.047189079436945,0.0,2.8797699684515985,0.0,0.5478955438470163,0.0,0.5082511683638663,-0.47758918128011096,7.983466784449141,2.9903797510100736,before_ekf,0.5478955438470163,0.5082511683638663,-0.47758918128011096,7.983466784449141,2.9903797510100736,-0.006887633544646102,-0.007477867578186521,-1.118802426351809,7.914321275605145,-2.4213341183229216,nan,nan,nan,nan,nan,nan,nan,nan,,0.05211807099840371,0.04184877899751882,0.031170907997875474,0.031170907997875474,0.02077806599845644,nan,nan,profile,1,1,2,2,3.0200910568237305,6.9799089431762695,0.0,0.0,
1785155189.4305978,13.103442566000012,0.0,0.7849885249855698,0.0,2.616628416618566,0.0,0.5476661124190474,0.0,0.4997596716733773,-0.5501117829153793,7.992050630094101,3.0564837521376775,before_ekf,0.5476661124190474,0.4997596716733773,-0.5501117829153793,7.992050630094101,3.0564837521376775,-0.00588546488417611,-0.00807586857434077,-1.1184760159046696,7.9148821936618186,-2.4223775324967485,nan,nan,nan,nan,nan,nan,nan,nan,,0.05199226799959433,0.04166537499986589,0.031190042001981055,0.031190042001981055,0.0206956510010059,nan,nan,profile,1,1,2,2,3.1036360263824463,6.896363973617554,0.0,0.0,
1785155189.5128877,13.18573267299871,0.0,0.2615974084400929,0.0,2.092779267520743,0.0,0.5478625718101582,0.0,0.49992885349846067,-0.5869352869256363,7.994605537375849,3.0895357527014817,before_ekf,0.5478625718101582,0.49992885349846067,-0.5869352869256363,7.994605537375849,3.0895357527014817,-0.005314963981543552,-0.005967466247960499,-1.1184074887116133,7.915063834647185,-2.422809907050477,nan,nan,nan,nan,nan,nan,nan,nan,,0.051224988001195015,0.04104282000116655,0.030742229999304982,0.030742229999304982,0.020417425999767147,nan,nan,profile,1,1,2,2,3.1858975887298584,6.814102411270142,0.0,0.0,
1785155189.5962842,13.269128772997647,0.0,0.26292231058308807,0.0,2.1033784846647046,0.0,0.5491453795941795,0.0,0.4958944278924299,-0.6418871636871287,7.9961043311704305,3.1391137535471887,before_ekf,0.5491453795941795,0.4958944278924299,-0.6418871636871287,7.9961043311704305,3.1391137535471887,-0.003170288654937573,-0.0012147621788671434,-1.1183060938419866,7.915377679728845,-2.423231774918872,nan,nan,nan,nan,nan,nan,nan,nan,,0.05220311399898492,0.04195058799814433,0.03160845199818141,0.03160845199818141,0.020661544000176946,nan,nan,profile,1,1,2,2,3.2692720890045166,6.730727910995483,0.0,0.0,
1785155189.680727,13.353571455998463,0.0,0.2620092913026908,0.0,1.8340650391188356,0.0,0.5502091610919608,0.0,0.4916568502402988,-0.6603436044368637,7.996010285253438,-3.128922720040652,before_ekf,0.5502091610919608,0.4916568502402988,-0.6603436044368637,7.996010285253438,-3.128922720040652,-0.003330458404871197,-0.0005648741895763529,-1.118316821804311,7.915454179119889,-2.4232793550880847,nan,nan,nan,nan,nan,nan,nan,nan,,0.05301343799874303,0.04218957500052056,0.03129716100011137,0.03129716100011137,0.020872034998319577,nan,nan,profile,1,1,2,2,3.353708028793335,6.646291971206665,0.0,0.0,
1785155189.7642415,13.437085810997814,0.0,0.0,0.0,1.5718374805052338,0.0,0.5501478661037839,0.0,0.4916059848540758,-0.733295855145167,7.992659992003811,-3.0628187189130465,before_ekf,0.5501478661037839,0.4916059848540758,-0.733295855145167,7.992659992003811,-3.0628187189130465,-0.0031994522999178616,-0.00025623674629286276,-1.1183327728369343,7.915522534665695,-2.4233009577301616,nan,nan,nan,nan,nan,nan,nan,nan,,0.051880507999158,0.04158754399759346,0.031111542997678043,0.031111542997678043,0.020674354000220774,nan,nan,profile,1,1,2,2,3.4372737407684326,6.562726259231567,0.0,0.0,
1785155189.8473723,13.520216333999997,0.0,0.0,0.0,1.0471377177474055,0.0,0.5441269456048381,0.0,0.4873848359771443,-0.7680868765102375,7.989343299255936,-3.0311438850393984,before_ekf,0.5441269456048381,0.4873848359771443,-0.7680868765102375,7.989343299255936,-3.0311438850393984,-0.0036482437691837165,-0.003352946057084993,-1.1182249217967513,7.915754519103259,-2.4235828739701946,nan,nan,nan,nan,nan,nan,nan,nan,,0.05170472800091375,0.04146650000257068,0.03103628000098979,0.03103628000098979,0.020627977999538416,nan,nan,profile,1,1,2,2,3.5203678607940674,6.479632139205933,0.0,0.0,
1785155189.9311478,13.603990608000458,0.0,0.0,0.0,1.0469339541656177,0.0,0.5301139891192597,0.0,0.47923950388086684,-0.8178997387073498,7.982647755200768,-2.9843202175740045,before_ekf,0.5301139891192597,0.47923950388086684,-0.8178997387073498,7.982647755200768,-2.9843202175740045,-0.0039411504186129005,-0.003773525800222211,-1.118179151309696,7.9158544474014665,-2.423827648248732,nan,nan,nan,nan,nan,nan,nan,nan,,0.0521925770008238,0.04196119200059911,0.031299776001105784,0.031299776001105784,0.020959815999958664,nan,nan,profile,1,1,2,2,3.604290246963501,6.395709753036499,0.0,0.0,
1785155190.01485,13.68769461699776,0.0,0.0,0.0,0.5232271273697282,0.0,0.5149633388955179,0.0,0.4752713152271375,-0.8492313588041986,7.9771674601349725,-2.9526453837003594,before_ekf,0.5149633388955179,0.4752713152271375,-0.8492313588041986,7.9771674601349725,-2.9526453837003594,-0.0038783373404660017,-0.003973071787764161,-1.1181349553885418,7.91595127577811,-2.4240896497445994,nan,nan,nan,nan,nan,nan,nan,nan,,0.05198208100046031,0.04157461700015119,0.03109717500046827,0.03109717500046827,0.020655959997384343,nan,nan,profile,1,1,2,2,3.687868595123291,6.312131404876709,0.0,0.0,
1785155190.0991147,13.771958853998512,0.0,0.0,0.0,0.2615923740580149,0.0,0.4971634697366327,0.0,0.47101920886394344,-0.8792249907231524,7.9709594375543285,-2.922347716516868,before_ekf,0.4971634697366327,0.47101920886394344,-0.8792249907231524,7.9709594375543285,-2.922347716516868,-0.0037759673056504926,-0.004064095976069257,-1.1180916194720816,7.91604291925084,-2.4243594242688142,nan,nan,nan,nan,nan,nan,nan,nan,,0.05221856299976935,0.04195859099854715,0.031290963997889776,0.031290963997889776,0.02075772099851747,nan,nan,profile,1,1,2,2,3.772096872329712,6.227903127670288,0.0,0.0,
1785155190.1822355,13.855079308999848,0.0,0.0,0.0,0.26257300138166023,0.0,0.4643219731657079,0.0,0.46285874299515184,-0.9200190222424629,7.960903571251676,-2.8769012157416367,before_ekf,0.4643219731657079,0.46285874299515184,-0.9200190222424629,7.960903571251676,-2.8769012157416367,-0.002911848272898509,-0.001594416127232701,-1.1179503164025264,7.916244437084213,-2.424631797601765,nan,nan,nan,nan,nan,nan,nan,nan,,0.05184194600224146,0.04150933100027032,0.031048314001964172,0.031048314001964172,0.020665322001150344,nan,nan,profile,1,1,2,2,3.85526967048645,6.14473032951355,0.0,0.0,
1785155190.2652538,13.93809823400079,0.0,0.0,0.0,0.0,0.0,0.4312690582721867,0.0,0.45454956948664565,-0.9576893517360774,7.949821251195831,-2.8328318816565647,before_ekf,0.4312690582721867,0.45454956948664565,-0.9576893517360774,7.949821251195831,-2.8328318816565647,-0.001988579813537707,-0.0003702927754236735,-1.1180308542121509,7.916243527972859,-2.4246908326015806,nan,nan,nan,nan,nan,nan,nan,nan,,0.051683763002074556,0.041471187003480736,0.031148571000812808,0.031148571000812808,0.020711237000796245,nan,nan,profile,1,1,2,2,3.9382498264312744,6.061750173568726,0.0,0.0,
1785155190.349325,14.022168290997797,0.0,0.0,0.0,-0.2611773286965265,0.0,0.40753130308402,0.0,0.437823887871735,-0.9804167861970113,7.94225448504219,-2.8066657145435507,before_ekf,0.40753130308402,0.437823887871735,-0.9804167861970113,7.94225448504219,-2.8066657145435507,-0.002304084927104589,-0.00014984650464066696,-1.11793844619998,7.916376669799551,-2.4247167156018223,nan,nan,nan,nan,nan,nan,nan,nan,,0.05197345899796346,0.04166187000009813,0.031232034998538438,0.031232034998538438,0.020822774000407662,nan,nan,profile,1,1,2,2,4.0223798751831055,5.9776201248168945,0.0,0.0,
1785155190.432341,14.10518443500041,0.0,0.0,0.0,0.0,0.0,0.3840871248315775,0.0,0.4297412590772856,-1.0018165565136214,7.934457816903139,-2.7791223807403775,before_ekf,0.3840871248315775,0.4297412590772856,-1.0018165565136214,7.934457816903139,-2.7791223807403775,-0.0017226117446195806,-3.501686596916095e-05,-1.1180074573856844,7.91636876272655,-2.4247225758206343,nan,nan,nan,nan,nan,nan,nan,nan,,0.051822531000652816,0.041475920002994826,0.031067462001374224,0.031067462001374224,0.020760086001246236,nan,nan,profile,1,1,2,2,4.105409860610962,5.894590139389038,0.0,0.0,
1785155190.5157094,14.188553817999491,0.0,0.0,0.0,0.0,0.0,0.344036578340835,0.0,0.41323095025853507,-1.0406924429551745,7.918525893685074,-2.7254128798241934,before_ekf,0.344036578340835,0.41323095025853507,-1.0406924429551745,7.918525893685074,-2.7254128798241934,-0.001894086373044208,-1.637952561238162e-05,-1.1180122898139584,7.916392445135065,-2.424723967807683,nan,nan,nan,nan,nan,nan,nan,nan,,0.051947694999398664,0.04172526900219964,0.03132796900172252,0.03132796900172252,0.020904326000163564,nan,nan,profile,1,1,2,2,4.188780784606934,5.811219215393066,0.0,0.0,
1785155190.6002188,14.27306320400021,0.0,0.0,0.0,-0.26205725475840425,0.0,0.33446068384168026,0.0,0.4047795899999961,-1.0496470743778683,7.914501443700414,-2.713018379612763,before_ekf,0.33446068384168026,0.4047795899999961,-1.0496470743778683,7.914501443700414,-2.713018379612763,-0.0015390823696986174,-3.3356170526663565e-06,-1.1179870290201177,7.916467673261061,-2.4247251301119195,nan,nan,nan,nan,nan,nan,nan,nan,,0.052425895002670586,0.04206882300059078,0.031324548999691615,0.031324548999691615,0.020806896001886344,nan,nan,profile,1,1,2,2,4.273324966430664,5.726675033569336,0.0,0.0,
1785155190.6840093,14.356833227997413,0.0,0.0,0.0,0.0,0.0,0.3041039200484119,0.0,0.388589645889603,-1.0737283915831886,7.902964891962816,-2.677212045668637,before_ekf,0.3041039200484119,0.388589645889603,-1.0737283915831886,7.902964891962816,-2.677212045668637,-0.001410518469090214,-6.957285106382787e-07,-1.1179611836928864,7.916534001578508,-2.4247253727042186,nan,nan,nan,nan,nan,nan,nan,nan,,0.052230737997888355,0.0418814279983053,0.03144333099771757,0.03144333099771757,0.0210173509985907,nan,nan,profile,1,1,2,2,4.357193470001221,5.642806529998779,0.0,0.0,
1785155190.7694423,14.442271439998876,0.0,0.0,0.0,0.0,0.0,0.27338650698823536,0.0,0.37194082560483327,-1.0946060004629172,7.892045484638722,-2.6414057117245076,before_ekf,0.27338650698823536,0.37194082560483327,-1.0946060004629172,7.892045484638722,-2.6414057117245076,-0.001536512081543204,-3.23553649780351e-07,-1.1179660659075683,7.916548175572685,-2.4247254004104564,nan,nan,nan,nan,nan,nan,nan,nan,,0.053333308998844586,0.04286116200091783,0.03229084900158341,0.03229084900158341,0.021655232998455176,nan,nan,profile,1,1,2,2,4.442643880844116,5.557356119155884,0.0,0.0,
1785155190.8529646,14.525809021997702,0.0,0.0,0.0,0.0,0.0,0.2531956622728436,0.0,0.35931797062531146,-1.1069355656473987,7.885129327816429,-2.6193710446819742,before_ekf,0.2531956622728436,0.35931797062531146,-1.1069355656473987,7.885129327816429,-2.6193710446819742,-0.0012462448912531612,-6.587013645846718e-08,-1.1179483766809277,7.916598469981241,-2.42472542327348,nan,nan,nan,nan,nan,nan,nan,nan,,0.051763709998340346,0.0414981039975828,0.031061650999617996,0.031061650999617996,0.02068222999878344,nan,nan,profile,1,1,2,2,4.5260443687438965,5.4739556312561035,0.0,0.0,
1785155190.9373672,14.610184213997854,0.0,0.0,0.0,0.0,0.0,0.23320918289926879,0.0,0.3469453883565835,-1.1184356103039033,7.878346149480469,-2.5973363776394347,before_ekf,0.23320918289926879,0.3469453883565835,-1.1184356103039033,7.878346149480469,-2.5973363776394347,-0.0013534189732330713,-3.062386373391798e-08,-1.1179538891532421,7.91660794761844,-2.4247254258553017,nan,nan,nan,nan,nan,nan,nan,nan,,0.052451643998210784,0.04211925299750874,0.0316091940003389,0.0316091940003389,0.021200390998274088,nan,nan,profile,1,1,2,2,4.610793113708496,5.389206886291504,0.0,0.0,
1785155191.0207691,14.693613504998211,0.0,0.0,0.0,0.0,0.0,0.21429326553473532,0.0,0.3303393178263057,-1.1284549534670087,7.872149394273022,-2.578056043977217,before_ekf,0.21429326553473532,0.3303393178263057,-1.1284549534670087,7.872149394273022,-2.578056043977217,-0.0013943468672518253,-1.2078784174287983e-08,-1.1179026563229313,7.9166723947265325,-2.424725427940198,nan,nan,nan,nan,nan,nan,nan,nan,,0.051708276998397196,0.04147505899891257,0.031093714998860378,0.031093714998860378,0.02073039099923335,nan,nan,profile,1,1,2,2,4.693869352340698,5.306130647659302,0.0,0.0,
1785155191.1040497,14.776893853999354,0.0,0.0,0.0,0.0,0.0,0.19554290465419985,0.0,0.3222415032051512,-1.137358302150291,7.866392021448321,-2.55739854362484,before_ekf,0.19554290465419985,0.3222415032051512,-1.137358302150291,7.866392021448321,-2.55739854362484,-0.0010394571201915264,-2.8078160866838475e-09,-1.1179483964095074,7.916651529044714,-2.424725428395536,nan,nan,nan,nan,nan,nan,nan,nan,,0.051890045000618557,0.041637884998635855,0.031210607001412427,0.031210607001412427,0.020736606998980278,nan,nan,profile,1,1,2,2,4.777098655700684,5.222901344299316,0.0,0.0,
1785155191.1875653,14.860409712000546,0.0,0.0,0.0,0.0,0.0,0.17668106233385814,0.0,0.3139479929216918,-1.144841091995234,7.8613340178177005,-2.5367410432724595,before_ekf,0.17668106233385814,0.3139479929216918,-1.144841091995234,7.8613340178177005,-2.5367410432724595,-0.0011416385618872316,-1.3133467052129681e-09,-1.1179524078568008,7.916658162951539,-2.4247254285061293,nan,nan,nan,nan,nan,nan,nan,nan,,0.05190163500083145,0.0416207790003682,0.031182878999970853,0.031182878999970853,0.02077841500067734,nan,nan,profile,1,1,2,2,4.86073637008667,5.13926362991333,0.0,0.0,
1785155191.271012,14.943856417998177,0.0,0.0,0.0,0.0,0.0,0.13675224285371979,0.0,0.2893956132727412,-1.1563250306835764,7.853090340227787,-2.5009347093283427,before_ekf,0.13675224285371979,0.2893956132727412,-1.1563250306835764,7.853090340227787,-2.5009347093283427,-0.0011779522201094553,-5.182311674503582e-10,-1.1179081670415874,7.916710862151101,-2.4247254285960045,nan,nan,nan,nan,nan,nan,nan,nan,,0.05176769299941952,0.041497165999317076,0.03111531499962439,0.03111531499962439,0.020755713998369174,nan,nan,profile,1,1,2,2,4.9440717697143555,5.0559282302856445,0.0,0.0,
1785155191.3545682,15.027412595998612,0.0,0.0,0.0,0.0,0.0,0.10954103761603999,0.0,0.2767760154621558,-1.1628708632672364,7.848074737734027,-2.474768542215335,before_ekf,0.10954103761603999,0.2767760154621558,-1.1628708632672364,7.848074737734027,-2.474768542215335,-0.0010482641197441774,-2.2830633030103558e-10,-1.1179193771348144,7.916710054586487,-2.424725428614002,nan,nan,nan,nan,nan,nan,nan,nan,,0.05207181799778482,0.041833241000858834,0.031399491999763995,0.031399491999763995,0.02082197499839822,nan,nan,profile,1,1,2,2,5.027667999267578,4.972332000732422,0.0,0.0,
1785155191.4377542,15.110597794999194,0.0,0.0,0.0,0.0,0.0,0.08718356562704976,0.0,0.24792965540713516,-1.1680733579546383,7.843891429526612,-2.454111041862952,before_ekf,0.08718356562704976,0.24792965540713516,-1.1680733579546383,7.843891429526612,-2.454111041862952,-0.000998986497027495,-1.0251931681417239e-10,-1.1179281780606576,7.916710406799101,-2.4247254286221613,nan,nan,nan,nan,nan,nan,nan,nan,,0.05195191000166233,0.04166159699889249,0.03126365999924019,0.03126365999924019,0.020936861001246143,nan,nan,profile,1,1,2,2,5.111265420913696,4.888734579086304,0.0,0.0,
1785155191.5213702,15.194214791998093,0.0,0.0,0.0,0.0,0.0,0.06830777108436212,0.0,0.21480639147389952,-1.1716904365422092,7.840871024421847,-2.4375850415810465,before_ekf,0.06830777108436212,0.21480639147389952,-1.1716904365422092,7.840871024421847,-2.4375850415810465,-0.0008055382568216305,-2.4555148826602463e-11,-1.1179595412607597,7.916694259436425,-2.4247254286262017,nan,nan,nan,nan,nan,nan,nan,nan,,0.051574126999184955,0.041362719999597175,0.030930930999602424,0.030930930999602424,0.020602641998266336,nan,nan,profile,1,1,2,2,5.194422006607056,4.805577993392944,0.0,0.0,
1785155191.6051476,15.277992250998068,0.0,0.0,0.0,0.0,0.0,0.056538073427567025,0.0,0.18177595188280868,-1.1731827318111852,7.8395949547465635,-2.430699208130253,before_ekf,0.056538073427567025,0.18177595188280868,-1.1731827318111852,7.8395949547465635,-2.430699208130253,-0.0008859022904024131,-1.1502829523212288e-11,-1.117961560131728,7.916698597584822,-2.424725428627178,nan,nan,nan,nan,nan,nan,nan,nan,,0.051896777000365546,0.04158008499871357,0.031100692998734303,0.031100692998734303,0.020720301999972435,nan,nan,profile,1,1,2,2,5.278194904327393,4.721805095672607,0.0,0.0,
1785155191.6891127,15.361957007997262,0.0,0.0,0.0,0.0,0.0,0.04947406549180051,0.0,0.16526240191281258,-1.1737771836757456,7.839081654770117,-2.427944874749935,before_ekf,0.04947406549180051,0.16526240191281258,-1.1737771836757456,7.839081654770117,-2.427944874749935,-0.0009139921572672103,-4.544459155166421e-12,-1.117926378272968,7.916737759675983,-2.4247254286279647,nan,nan,nan,nan,nan,nan,nan,nan,,0.05251219499768922,0.042302044999814825,0.03168878099677386,0.03168878099677386,0.020812545997614507,nan,nan,profile,1,1,2,2,5.3621506690979,4.6378493309021,0.0,0.0,
1785155191.7730985,15.445942918999208,0.0,0.0,0.0,0.0,0.0,0.03064293720502249,0.0,0.1074625186920016,-1.175846584291601,7.837272251984405,-2.4183047079188236,before_ekf,0.03064293720502249,0.1074625186920016,-1.175846584291601,7.837272251984405,-2.4183047079188236,-0.0008142103440115,-2.0003046991390433e-12,-1.1179341478322145,7.916736404549053,-2.4247254286281237,nan,nan,nan,nan,nan,nan,nan,nan,,0.05245505399943795,0.042103979001694825,0.03151631099899532,0.03151631099899532,0.02093388700086507,nan,nan,profile,1,1,2,2,5.4461658000946045,4.5538341999053955,0.0,0.0,
1785155191.856356,15.529200343000412,0.0,0.0,0.0,0.0,0.0,0.022380772314645626,0.0,0.07848771634103943,-1.1761407856748374,7.8370121402959025,-2.4169275412286644,before_ekf,0.022380772314645626,0.07848771634103943,-1.1761407856748374,7.8370121402959025,-2.4169275412286644,-0.0006525285374075658,-4.761286808331673e-13,-1.117959574244044,7.916721605181598,-2.4247254286282014,nan,nan,nan,nan,nan,nan,nan,nan,,0.05180011700213072,0.04149391300234129,0.031140159000642598,0.031140159000642598,0.020707371000753483,nan,nan,profile,1,1,2,2,5.529360771179199,4.470639228820801,0.0,0.0,
1785155191.9394867,15.612331202999485,0.0,0.0,0.0,0.0,0.0,0.014136279110407407,0.0,0.04957488728882754,-1.1761407856748374,7.8370121402959025,-2.4169275412286644,before_ekf,0.014136279110407407,0.04957488728882754,-1.1761407856748374,7.8370121402959025,-2.4169275412286644,-0.0007172783352168467,-2.2291302486387425e-13,-1.117961029767342,7.9167243325021035,-2.42472542862822,nan,nan,nan,nan,nan,nan,nan,nan,,0.05184174299938604,0.04156493100163061,0.031102482000278542,0.031102482000278542,0.020701366000139387,nan,nan,profile,1,1,2,2,5.612496852874756,4.387503147125244,0.0,0.0,
1785155192.0228784,15.695722824999393,0.0,0.0,0.0,0.0,0.0,0.008250083706330322,0.0,0.02893243453035978,-1.175846584291601,7.837272251984405,-2.4183047079188236,before_ekf,0.008250083706330322,0.02893243453035978,-1.175846584291601,7.837272251984405,-2.4183047079188236,-0.0007402313367682843,-8.789839916210221e-14,-1.1179320234191399,7.916755191787947,-2.424725428628235,nan,nan,nan,nan,nan,nan,nan,nan,,0.052082598998822505,0.041723884001839906,0.031189311001071474,0.031189311001071474,0.02074369800175191,nan,nan,profile,1,1,2,2,5.69590163230896,4.30409836769104,0.0,0.0,
1785155192.106511,15.779355272999965,0.0,0.0,0.0,0.0,0.0,-0.0011688246475753184,0.0,-0.00409898175547448,-1.1755520249703142,7.837531958262029,-2.4196818746089828,before_ekf,-0.0011688246475753184,-0.00409898175547448,-1.1755520249703142,7.837531958262029,-2.4196818746089828,-0.0005517571872480921,-2.0269073850012113e-14,-1.1179547249693131,7.916740763576902,-2.4247254286282387,nan,nan,nan,nan,nan,nan,nan,nan,,0.0519975630013505,0.041682376999233384,0.031152294999628793,0.031152294999628793,0.020752461001393385,nan,nan,profile,1,1,2,2,5.7795569896698,4.2204430103302,0.0,0.0,
1785155192.189338,15.862182478998875,0.0,0.0,0.0,0.0,0.0,-0.0035257464197182855,0.0,-0.012364532420538364,-1.1752571082696344,7.8377912586362175,-2.421059041299142,before_ekf,-0.0035257464197182855,-0.012364532420538364,-1.1752571082696344,7.8377912586362175,-2.421059041299142,-0.0005132852945162148,-4.081923584545885e-15,-1.1179441358474118,7.916755758564341,-2.424725428628241,nan,nan,nan,nan,nan,nan,nan,nan,,0.051544009998906404,0.041281688998424215,0.030871543000102974,0.030871543000102974,0.02055613799893763,nan,nan,profile,1,1,2,2,5.862338066101074,4.137661933898926,0.0,0.0,
1785155192.2726712,15.945515438997973,0.0,0.0,0.0,0.0,0.0,-0.0035257464197182855,0.0,-0.012364532420538364,-1.1752571082696344,7.8377912586362175,-2.421059041299142,before_ekf,-0.0035257464197182855,-0.012364532420538364,-1.1752571082696344,7.8377912586362175,-2.421059041299142,-0.0005578830736734962,-1.7855029229754463e-15,-1.1179455485052652,7.916756953287125,-2.4247254286282414,nan,nan,nan,nan,nan,nan,nan,nan,,0.05226105399924563,0.041965610998886405,0.031337746000644984,0.031337746000644984,0.02075249100016663,nan,nan,profile,1,1,2,2,5.945701837539673,4.054298162460327,0.0,0.0,
1785155192.3461561,16.019000429998414,0.0,0.0,0.0,0.0,0.0,-0.0023477238840356428,0.0,-0.008233294350460711,-1.1752571082696344,7.8377912586362175,-2.421059041299142,before_ekf,-0.0023477238840356428,-0.008233294350460711,-1.1752571082696344,7.8377912586362175,-2.421059041299142,-0.0005578830736734962,-1.7855029229754463e-15,-1.1179455485052652,7.916756953287125,-2.4247254286282414,nan,nan,nan,nan,nan,nan,nan,nan,,0.04160372499973164,0.03130340599818737,0.02077842899961979,0.02077842899961979,0.094237482000608,nan,nan,profile,1,1,2,2,6.019180059432983,3.9808199405670166,0.0,0.0,
1785155192.4295387,16.10236892899775,0.0,0.0,0.0,0.0,0.0,-0.0011787475608256485,0.0,-0.00413378067972603,-1.1752571082696344,7.8377912586362175,-2.421059041299142,before_ekf,-0.0011787475608256485,-0.00413378067972603,-1.1752571082696344,7.8377912586362175,-2.421059041299142,-0.0005749092080246723,-5.743416179441903e-16,-1.1179234847354538,7.916779549632199,-2.4247254286282414,nan,nan,nan,nan,nan,nan,nan,nan,,0.0520862989978923,0.04176696599824936,0.031253384997398825,0.031253384997398825,0.020793584997591097,nan,nan,profile,1,1,2,2,6.102635860443115,3.8973641395568848,0.0,0.0,
1785155192.5141406,16.186984530999325,0.0,0.0,0.0,0.0,0.0,-1.7095699855751434e-15,0.0,2.1441182163073335e-16,-1.1752571082696344,7.8377912586362175,-2.421059041299142,before_ekf,-1.7095699855751434e-15,2.1441182163073335e-16,-1.1752571082696344,7.8377912586362175,-2.421059041299142,-0.00042832189629564757,3.094611874133964e-17,-1.1179416096297876,7.916766979268467,-2.4247254286282414,nan,nan,nan,nan,nan,nan,nan,nan,,0.05302502300037304,0.04255858000033186,0.03182747499886318,0.03182747499886318,0.021076889999676496,nan,nan,profile,1,1,2,2,6.187249660491943,3.8127503395080566,0.0,0.0,
1785155192.599857,16.27270175299782,0.0,0.0,0.0,0.0,0.0,-1.7095699855751434e-15,0.0,2.1441182163073335e-16,-1.1752571082696344,7.8377912586362175,-2.421059041299142,before_ekf,-1.7095699855751434e-15,2.1441182163073335e-16,-1.1752571082696344,7.8377912586362175,-2.421059041299142,-0.0003983076715073612,1.7591964993482593e-16,-1.1179337719784737,7.916777286834366,-2.4247254286282414,nan,nan,nan,nan,nan,nan,nan,nan,,0.05343153399735456,0.04299491999699967,0.03199710699846037,0.03199710699846037,0.020917731999361422,nan,nan,profile,1,1,2,2,6.2729363441467285,3.7270636558532715,0.0,0.0,
1785155192.6835008,16.356345462998434,0.0,0.0,0.0,0.0,0.0,-1.7095699855751434e-15,0.0,2.1441182163073335e-16,-1.1752571082696344,7.8377912586362175,-2.421059041299142,before_ekf,-1.7095699855751434e-15,2.1441182163073335e-16,-1.1752571082696344,7.8377912586362175,-2.421059041299142,-0.00043324781508471467,1.9649423388972584e-16,-1.1179350390966287,7.916777645752752,-2.4247254286282414,nan,nan,nan,nan,nan,nan,nan,nan,,0.05200328799764975,0.04166778799844906,0.0311694219999481,0.0311694219999481,0.020715366998047102,nan,nan,profile,1,1,2,2,6.356605768203735,3.6433942317962646,0.0,0.0,
1785155192.7568538,16.42969838999852,0.0,0.0,0.0,0.0,0.0,-0.001180284863002415,0.0,-0.00413917188497508,-1.174961834748897,7.8380501526151845,-2.422436207989301,before_ekf,-0.001180284863002415,-0.00413917188497508,-1.174961834748897,7.8380501526151845,-2.422436207989301,-0.00043324781508471467,1.9649423388972584e-16,-1.1179350390966287,7.916777645752752,-2.4247254286282414,nan,nan,nan,nan,nan,nan,nan,nan,,0.04196402399975341,0.03152939199935645,0.020986405997973634,0.020986405997973634,0.09406829399813432,nan,nan,profile,1,1,2,2,6.429951906204224,3.5700480937957764,0.0,0.0,
1785155192.8424087,16.51525279699854,0.0,0.0,0.0,0.0,0.0,-0.001180284863002415,0.0,-0.00413917188497508,-1.174961834748897,7.8380501526151845,-2.422436207989301,before_ekf,-0.001180284863002415,-0.00413917188497508,-1.174961834748897,7.8380501526151845,-2.422436207989301,-0.00044639086103780644,2.0734287473823547e-16,-1.1179182346243595,7.916794320278827,-2.4247254286282414,nan,nan,nan,nan,nan,nan,nan,nan,,0.05339526999887312,0.04267467099998612,0.03183431100114831,0.03183431100114831,0.021010754000599263,nan,nan,profile,1,1,2,2,6.515520095825195,3.4844799041748047,0.0,0.0,
1785155192.9267492,16.599593466999067,0.0,0.0,0.0,0.0,0.0,-0.001180284863002415,0.0,-0.00413917188497508,-1.174961834748897,7.8380501526151845,-2.422436207989301,before_ekf,-0.001180284863002415,-0.00413917188497508,-1.174961834748897,7.8380501526151845,-2.422436207989301,-0.000332444798826632,2.1276836384094364e-16,-1.11793250577671,7.916783829812595,-2.4247254286282414,nan,nan,nan,nan,nan,nan,nan,nan,,0.052326445998915005,0.041864308001095196,0.03129421099947649,0.03129421099947649,0.020713292000436923,nan,nan,profile,1,1,2,2,6.6001927852630615,3.3998072147369385,0.0,0.0,
1785155193.0109837,16.683827741999266,0.0,0.0,0.0,0.0,0.0,-0.001180284863002415,0.0,-0.00413917188497508,-1.174961834748897,7.8380501526151845,-2.422436207989301,before_ekf,-0.001180284863002415,-0.00413917188497508,-1.174961834748897,7.8380501526151845,-2.422436207989301,-0.0003657105376444033,2.1364377013360924e-16,-1.1179335364984735,7.916783972731468,-2.4247254286282414,nan,nan,nan,nan,nan,nan,nan,nan,,0.052163378000841476,0.04185336299997289,0.03141161000166903,0.03141161000166903,0.020777891000761883,nan,nan,profile,1,1,2,2,6.68403959274292,3.31596040725708,0.0,0.0,
1785155193.0950422,16.76788551699792,0.0,0.0,0.0,0.0,0.0,-1.7095699855751434e-15,0.0,2.1441182163073335e-16,-1.174961834748897,7.8380501526151845,-2.422436207989301,before_ekf,-1.7095699855751434e-15,2.1441182163073335e-16,-1.174961834748897,7.8380501526151845,-2.422436207989301,-0.00029705506725051663,2.1425534645659664e-16,-1.1179289119504578,7.916789983981087,-2.4247254286282414,nan,nan,nan,nan,nan,nan,nan,nan,,0.05253829499997664,0.04216184399774647,0.031545784000627464,0.031545784000627464,0.020979773998988094,nan,nan,profile,1,1,2,2,6.768129110336304,3.2318708896636963,0.0,0.0,
1785155193.1790547,16.85189883199928,0.0,0.0,0.0,0.0,0.0,-1.7095699855751434e-15,0.0,2.1441182163073335e-16,-1.174961834748897,7.8380501526151845,-2.422436207989301,before_ekf,-1.7095699855751434e-15,2.1441182163073335e-16,-1.174961834748897,7.8380501526151845,-2.422436207989301,-0.0002726179211028073,2.1437918848182993e-16,-1.1179241414967809,7.916795773360086,-2.4247254286282414,nan,nan,nan,nan,nan,nan,nan,nan,,0.05252903400105424,0.042168363001110265,0.03166155900180456,0.03166155900180456,0.020828880999033572,nan,nan,profile,1,1,2,2,6.852118015289307,3.1478819847106934,0.0,0.0,
1785155193.2632737,16.936116691998905,0.0,0.0,0.0,0.0,0.0,-1.7095699855751434e-15,0.0,2.1441182163073335e-16,-1.174961834748897,7.8380501526151845,-2.422436207989301,before_ekf,-1.7095699855751434e-15,2.1441182163073335e-16,-1.174961834748897,7.8380501526151845,-2.422436207989301,-0.0002964275475413452,2.1439663399549098e-16,-1.117925198048479,7.916795537438547,-2.4247254286282414,nan,nan,nan,nan,nan,nan,nan,nan,,0.05235957100012456,0.04202301099940087,0.03147673100102111,0.03147673100102111,0.020961795999028254,nan,nan,profile,1,1,2,2,6.936375379562378,3.063624620437622,0.0,0.0,
1785155193.346651,17.019495197997458,0.0,0.0,0.0,0.0,0.0,-1.7095699855751434e-15,0.0,2.1441182163073335e-16,-1.174961834748897,7.8380501526151845,-2.422436207989301,before_ekf,-1.7095699855751434e-15,2.1441182163073335e-16,-1.174961834748897,7.8380501526151845,-2.422436207989301,-0.0002872325345418766,2.1440492286481261e-16,-1.117926751502238,7.91679484388616,-2.4247254286282414,nan,nan,nan,nan,nan,nan,nan,nan,,0.05208069299987983,0.0417674039999838,0.031255275000148686,0.031255275000148686,0.020742606997373514,nan,nan,profile,1,1,2,2,7.019685983657837,2.980314016342163,0.0,0.0,
1785155193.4198058,17.09264882500065,0.0,0.0,0.0,0.0,0.0,-1.7095699855751434e-15,0.0,2.1441182163073335e-16,-1.174961834748897,7.8380501526151845,-2.422436207989301,before_ekf,-1.7095699855751434e-15,2.1441182163073335e-16,-1.174961834748897,7.8380501526151845,-2.422436207989301,-0.0002872325345418766,2.1440492286481261e-16,-1.117926751502238,7.91679484388616,-2.4247254286282414,nan,nan,nan,nan,nan,nan,nan,nan,,0.041792861000431,0.031545627000014065,0.021011327000451274,0.021011327000451274,0.09389623400056735,nan,nan,profile,1,1,2,2,7.0928990840911865,2.9071009159088135,0.0,0.0,
1785155193.5034776,17.176321800998267,0.0,0.0,0.0,0.0,0.0,-1.7095699855751434e-15,0.0,2.1441182163073335e-16,-1.174961834748897,7.8380501526151845,-2.422436207989301,before_ekf,-1.7095699855751434e-15,2.1441182163073335e-16,-1.174961834748897,7.8380501526151845,-2.422436207989301,-0.00023071197051057428,2.1441042553810676e-16,-1.1179237610206239,7.916798648396728,-2.4247254286282414,nan,nan,nan,nan,nan,nan,nan,nan,,0.05203871999765397,0.041673154999443796,0.031218539999827044,0.031218539999827044,0.020708059000753565,nan,nan,profile,1,1,2,2,7.1765501499176025,2.8234498500823975,0.0,0.0,
1785155193.587043,17.25988766699811,0.0,0.0,0.0,0.0,0.0,-1.7095699855751434e-15,0.0,2.1441182163073335e-16,-1.174961834748897,7.8380501526151845,-2.422436207989301,before_ekf,-1.7095699855751434e-15,2.1441182163073335e-16,-1.174961834748897,7.8380501526151845,-2.422436207989301,-0.0002674206163222942,2.1441125963858997e-16,-1.1179136056658,7.916808211638261,-2.4247254286282414,nan,nan,nan,nan,nan,nan,nan,nan,,0.05208606399901328,0.04139011000006576,0.030967770999268396,0.030967770999268396,0.020629378999728942,nan,nan,profile,1,1,2,2,7.260042190551758,2.739957809448242,0.0,0.0,
1785155193.6699817,17.342825821997394,0.0,0.0,0.0,0.0,0.0,-1.7095699855751434e-15,0.0,2.1441182163073335e-16,-1.174961834748897,7.8380501526151845,-2.422436207989301,before_ekf,-1.7095699855751434e-15,2.1441182163073335e-16,-1.174961834748897,7.8380501526151845,-2.422436207989301,-0.0002395334452299548,2.1441157338697398e-16,-1.1179159097287439,7.916806671523734,-2.4247254286282414,nan,nan,nan,nan,nan,nan,nan,nan,,0.051709030998608796,0.04146423999918625,0.031079999997018604,0.031079999997018604,0.02067603099931148,nan,nan,profile,1,1,2,2,7.3430092334747314,2.6569907665252686,0.0,0.0,
1785155193.7540145,17.426857738999388,0.0,0.0,0.0,0.0,0.0,-1.7095699855751434e-15,0.0,2.1441182163073335e-16,-1.174961834748897,7.8380501526151845,-2.422436207989301,before_ekf,-1.7095699855751434e-15,2.1441182163073335e-16,-1.174961834748897,7.8380501526151845,-2.422436207989301,-0.00022826088698684843,2.1441171008852935e-16,-1.1179179253456695,7.916805333613276,-2.4247254286282414,nan,nan,nan,nan,nan,nan,nan,nan,,0.05235818300207029,0.04194025800097734,0.031484129998716526,0.031484129998716526,0.020884140001726337,nan,nan,profile,1,1,2,2,7.427129745483398,2.5728702545166016,0.0,0.0,
1785155193.8379264,17.51077063000048,0.0,0.0,0.0,0.0,0.0,-1.7095699855751434e-15,0.0,2.1441182163073335e-16,-1.174961834748897,7.8380501526151845,-2.422436207989301,before_ekf,-1.7095699855751434e-15,2.1441182163073335e-16,-1.174961834748897,7.8380501526151845,-2.422436207989301,-0.0002186471149557,2.1441177133023918e-16,-1.117919698386089,7.916804171983461,-2.4247254286282414,nan,nan,nan,nan,nan,nan,nan,nan,,0.05221225600325852,0.04191017700213706,0.03127230199970654,0.03127230199970654,0.02089246300238301,nan,nan,profile,1,1,2,2,7.511109113693237,2.4888908863067627,0.0,0.0,
1785155193.9217243,17.594568938999146,0.0,0.0,0.0,0.0,0.0,-1.7095699855751434e-15,0.0,2.1441182163073335e-16,-1.174961834748897,7.8380501526151845,-2.422436207989301,before_ekf,-1.7095699855751434e-15,2.1441182163073335e-16,-1.174961834748897,7.8380501526151845,-2.422436207989301,-0.00017637477341216117,2.1441180956844535e-16,-1.1179264946229313,7.916798785307513,-2.4247254286282414,nan,nan,nan,nan,nan,nan,nan,nan,,0.051895292999688536,0.041606432998378295,0.031137080000917194,0.031137080000917194,0.020737823000672506,nan,nan,profile,1,1,2,2,7.594821929931641,2.4051780700683594,0.0,0.0,
1785155194.0065186,17.67936277300032,0.0,0.0,0.0,0.0,0.0,-1.7095699855751434e-15,0.0,2.1441182163073335e-16,-1.174961834748897,7.8380501526151845,-2.422436207989301,before_ekf,-1.7095699855751434e-15,2.1441182163073335e-16,-1.174961834748897,7.8380501526151845,-2.422436207989301,-0.00020739166040590143,2.1441181674423882e-16,-1.1179181323134246,7.916806501042193,-2.4247254286282414,nan,nan,nan,nan,nan,nan,nan,nan,,0.05307457700109808,0.042758429000969045,0.032193808001466095,0.032193808001466095,0.021593716999632306,nan,nan,profile,1,1,2,2,7.6796653270721436,2.3203346729278564,0.0,0.0,
1785155194.0902932,17.76313701199979,0.0,0.0,0.0,0.0,0.0,-1.7095699855751434e-15,0.0,2.1441182163073335e-16,-1.174961834748897,7.8380501526151845,-2.422436207989301,before_ekf,-1.7095699855751434e-15,2.1441182163073335e-16,-1.174961834748897,7.8380501526151845,-2.422436207989301,-0.00015567607709958376,2.1441182048867262e-16,-1.1179243531724228,7.9168015050665606,-2.4247254286282414,nan,nan,nan,nan,nan,nan,nan,nan,,0.05166727799951332,0.041387984001630684,0.030974533001426607,0.030974533001426607,0.020600874999217922,nan,nan,profile,1,1,2,2,7.763309478759766,2.2366905212402344,0.0,0.0,
1785155194.1736553,17.84649821399944,0.0,0.0,0.0,0.0,0.0,-1.7095699855751434e-15,0.0,2.1441182163073335e-16,-1.174961834748897,7.8380501526151845,-2.422436207989301,before_ekf,-1.7095699855751434e-15,2.1441182163073335e-16,-1.174961834748897,7.8380501526151845,-2.422436207989301,-0.00018274857900025458,2.1441182116843837e-16,-1.1179170927778947,7.916808164734395,-2.4247254286282414,nan,nan,nan,nan,nan,nan,nan,nan,,0.05241745700186584,0.0415182079996157,0.03108813899962115,0.03108813899962115,0.020652180999604752,nan,nan,profile,1,1,2,2,7.846704006195068,2.1532959938049316,0.0,0.0,
1785155194.2565377,17.929380843997933,0.0,0.0,0.0,0.0,0.0,-1.7095699855751434e-15,0.0,2.1441182163073335e-16,-1.174961834748897,7.8380501526151845,-2.422436207989301,before_ekf,-1.7095699855751434e-15,2.1441182163073335e-16,-1.174961834748897,7.8380501526151845,-2.422436207989301,-0.0001371262481731675,2.1441182152268664e-16,-1.1179226293535856,7.916803669934488,-2.4247254286282414,nan,nan,nan,nan,nan,nan,nan,nan,,0.05138690799867618,0.041182164997735526,0.030832346998067806,0.030832346998067806,0.02054973499980406,nan,nan,profile,1,1,2,2,7.929574012756348,2.0704259872436523,0.0,0.0,
1785155194.3287897,18.001634284999454,0.0,0.0,0.0,0.0,0.0,-1.7095699855751434e-15,0.0,2.1441182163073335e-16,-1.174961834748897,7.8380501526151845,-2.422436207989301,before_ekf,-1.7095699855751434e-15,2.1441182163073335e-16,-1.174961834748897,7.8380501526151845,-2.422436207989301,-0.0001371262481731675,2.1441182152268664e-16,-1.1179226293535856,7.916803669934488,-2.4247254286282414,nan,nan,nan,nan,nan,nan,nan,nan,,0.04116657499980647,0.03094402100032312,0.020590701002220158,0.020590701002220158,0.09280317600132548,nan,nan,profile,1,1,2,2,8.001820087432861,1.9981799125671387,0.0,0.0,
1785155194.411256,18.084100472999125,0.0,0.0,0.0,0.0,0.0,-1.7095699855751434e-15,0.0,2.1441182163073335e-16,-1.174961834748897,7.8380501526151845,-2.422436207989301,before_ekf,-1.7095699855751434e-15,2.1441182163073335e-16,-1.174961834748897,7.8380501526151845,-2.422436207989301,-0.0001275956209565678,2.1441182160806994e-16,-1.1179201699944374,7.9168061699814825,-2.4247254286282414,nan,nan,nan,nan,nan,nan,nan,nan,,0.05136001700157067,0.04114885300077731,0.03082814099980169,0.03082814099980169,0.020523720999335637,nan,nan,profile,1,1,2,2,8.084264039993286,1.9157359600067139,0.0,0.0,
1785155194.493781,18.166625453999586,0.0,0.0,0.0,0.0,0.0,-1.7095699855751434e-15,0.0,2.1441182163073335e-16,-1.174961834748897,7.8380501526151845,-2.422436207989301,before_ekf,-1.7095699855751434e-15,2.1441182163073335e-16,-1.174961834748897,7.8380501526151845,-2.422436207989301,-0.0001386993041415448,2.1441182162018265e-16,-1.1179206192896871,7.916805928330393,-2.4247254286282414,nan,nan,nan,nan,nan,nan,nan,nan,,0.051593632000731304,0.041445612001552945,0.03111395200176048,0.03111395200176048,0.020651368002290837,nan,nan,profile,1,1,2,2,8.166805267333984,1.8331947326660156,0.0,0.0,
1785155194.5775776,18.25042093400043,0.0,0.0,0.0,0.0,0.0,-1.7095699855751434e-15,0.0,2.1441182163073335e-16,-1.174961834748897,7.8380501526151845,-2.422436207989301,before_ekf,-1.7095699855751434e-15,2.1441182163073335e-16,-1.174961834748897,7.8380501526151845,-2.422436207989301,-0.00013440393862784478,2.1441182162594038e-16,-1.1179213080569765,7.916805472615961,-2.4247254286282414,nan,nan,nan,nan,nan,nan,nan,nan,,0.05270320800264017,0.042061658001330215,0.03147224700296647,0.03147224700296647,0.020892896001896588,nan,nan,profile,1,1,2,2,8.25070834159851,1.7492916584014893,0.0,0.0,
1785155194.660994,18.333838738999475,0.0,0.0,0.0,0.0,0.0,-1.7095699855751434e-15,0.0,2.1441182163073335e-16,-1.174961834748897,7.8380501526151845,-2.422436207989301,before_ekf,-1.7095699855751434e-15,2.1441182163073335e-16,-1.174961834748897,7.8380501526151845,-2.422436207989301,-0.0001289601059035069,2.1441182162856699e-16,-1.117922089353387,7.916804925084926,-2.4247254286282414,nan,nan,nan,nan,nan,nan,nan,nan,,0.051622666000184836,0.04130088700185297,0.03084842400130583,0.03084842400130583,0.02053868499933742,nan,nan,profile,1,1,2,2,8.334004402160645,1.6659955978393555,0.0,0.0,
1785155194.7436166,18.41646001099798,0.0,0.0,0.0,0.0,0.0,-1.7095699855751434e-15,0.0,2.1441182163073335e-16,-1.174961834748897,7.8380501526151845,-2.422436207989301,before_ekf,-1.7095699855751434e-15,2.1441182163073335e-16,-1.174961834748897,7.8380501526151845,-2.422436207989301,-0.00013140140252369456,2.1441182162988288e-16,-1.1179173170291141,7.916809260394397,-2.4247254286282414,nan,nan,nan,nan,nan,nan,nan,nan,,0.05156902499948046,0.04137837300004321,0.03097565099960775,0.03097565099960775,0.02066895499956445,nan,nan,profile,1,1,2,2,8.416678190231323,1.5833218097686768,0.0,0.0,
1785155194.8264146,18.499259074000292,0.0,0.0,0.0,0.0,0.0,-1.7095699855751434e-15,0.0,2.1441182163073335e-16,-1.174961834748897,7.8380501526151845,-2.422436207989301,before_ekf,-1.7095699855751434e-15,2.1441182163073335e-16,-1.174961834748897,7.8380501526151845,-2.422436207989301,-0.00011698318661245474,2.1441182163035938e-16,-1.1179185207019864,7.9168083231643225,-2.4247254286282414,nan,nan,nan,nan,nan,nan,nan,nan,,0.05159336300130235,0.04139204300008714,0.03103839400137076,0.03103839400137076,0.02068568799950299,nan,nan,profile,1,1,2,2,8.499411344528198,1.5005886554718018,0.0,0.0,
1785155194.9092512,18.58209601300041,0.0,0.0,0.0,0.0,0.0,-1.7095699855751434e-15,0.0,2.1441182163073335e-16,-1.174961834748897,7.8380501526151845,-2.422436207989301,before_ekf,-1.7095699855751434e-15,2.1441182163073335e-16,-1.174961834748897,7.8380501526151845,-2.422436207989301,-0.00011137753777068943,2.144118216305654e-16,-1.1179194642057149,7.916807600504709,-2.4247254286282414,nan,nan,nan,nan,nan,nan,nan,nan,,0.05180921800274518,0.04156634700120776,0.031067920001078164,0.031067920001078164,0.020531917001790134,nan,nan,profile,1,1,2,2,8.582237720489502,1.417762279510498,0.0,0.0,
1785155194.9924445,18.665286980998644,0.0,0.0,0.0,0.0,0.0,-1.7095699855751434e-15,0.0,2.1441182163073335e-16,-1.174961834748897,7.8380501526151845,-2.422436207989301,before_ekf,-1.7095699855751434e-15,2.1441182163073335e-16,-1.174961834748897,7.8380501526151845,-2.422436207989301,-0.0001067086678473928,2.1441182163065762e-16,-1.1179202447002716,7.916807011636857,-2.4247254286282414,nan,nan,nan,nan,nan,nan,nan,nan,,0.05173758100136183,0.04144619499857072,0.031052112000907073,0.031052112000907073,0.020580593998602126,nan,nan,profile,1,1,2,2,8.665462970733643,1.3345370292663574,0.0,0.0,
1785155195.0750265,18.74787084700074,0.0,0.0,0.0,0.0,0.0,-1.7095699855751434e-15,0.0,2.1441182163073335e-16,-1.174961834748897,7.8380501526151845,-2.422436207989301,before_ekf,-1.7095699855751434e-15,2.1441182163073335e-16,-1.174961834748897,7.8380501526151845,-2.422436207989301,-8.61369117632401e-05,2.144118216307152e-16,-1.117923410276819,7.916804380769433,-2.4247254286282414,nan,nan,nan,nan,nan,nan,nan,nan,,0.05147112200211268,0.04125781300172093,0.03094306800267077,0.03094306800267077,0.02062715500142076,nan,nan,profile,1,1,2,2,8.748014688491821,1.2519853115081787,0.0,0.0,
1785155195.1582785,18.831120548999024,0.0,0.0,0.0,0.0,0.0,-1.7095699855751434e-15,0.0,2.1441182163073335e-16,-1.174961834748897,7.8380501526151845,-2.422436207989301,before_ekf,-1.7095699855751434e-15,2.1441182163073335e-16,-1.174961834748897,7.8380501526151845,-2.422436207989301,-9.46821635328445e-05,2.1441182163072484e-16,-1.117923553301575,7.9168043257331755,-2.4247254286282414,nan,nan,nan,nan,nan,nan,nan,nan,,0.05228165500011528,0.0416970760015829,0.03136293100033072,0.03136293100033072,0.02094534799834946,nan,nan,profile,1,1,2,2,8.831406831741333,1.168593168258667,0.0,0.0,
1785155195.2417235,18.91456767300042,0.0,0.0,0.0,0.0,0.0,-1.7095699855751434e-15,0.0,2.1441182163073335e-16,-1.174961834748897,7.8380501526151845,-2.422436207989301,before_ekf,-1.7095699855751434e-15,2.1441182163073335e-16,-1.174961834748897,7.8380501526151845,-2.422436207989301,-7.693304765746402e-05,2.1441182163073162e-16,-1.1179220763995612,7.916805746039752,-2.4247254286282414,nan,nan,nan,nan,nan,nan,nan,nan,,0.05174349700246239,0.04140377099975012,0.0309483020027983,0.0309483020027983,0.020593242999893846,nan,nan,profile,1,1,2,2,8.914753913879395,1.0852460861206055,0.0,0.0,
1785155195.3244143,18.99725867699817,0.0,0.0,0.0,0.0,0.0,-1.7095699855751434e-15,0.0,2.1441182163073335e-16,-1.174961834748897,7.8380501526151845,-2.422436207989301,before_ekf,-1.7095699855751434e-15,2.1441182163073335e-16,-1.174961834748897,7.8380501526151845,-2.422436207989301,-8.927058802601012e-05,2.1441182163073266e-16,-1.1179184900167953,7.916808951109887,-2.4247254286282414,nan,nan,nan,nan,nan,nan,nan,nan,,0.05165853699872969,0.04147180499785463,0.03112245800002711,0.03112245800002711,0.0207390409996151,nan,nan,profile,1,1,2,2,8.997464179992676,1.0025358200073242,0.0,0.0,
1785155195.407339,19.080182701000012,0.0,0.0,0.0,0.0,0.0,-1.7095699855751434e-15,0.0,2.1441182163073335e-16,-1.174961834748897,7.8380501526151845,-2.422436207989301,before_ekf,-1.7095699855751434e-15,2.1441182163073335e-16,-1.174961834748897,7.8380501526151845,-2.422436207989301,-6.688346173615708e-05,2.144118216307332e-16,-1.117921132097398,7.916806727190034,-2.4247254286282414,nan,nan,nan,nan,nan,nan,nan,nan,,0.05159606900269864,0.041359724000358256,0.03099842400115449,0.03099842400115449,0.0206621620018268,nan,nan,profile,1,1,2,2,9.080397605895996,0.9196023941040039,0.0,0.0,
1785155195.4903274,19.1631715959993,0.0,0.0,0.0,0.0,0.0,-1.7095699855751434e-15,0.0,2.1441182163073335e-16,-1.174961834748897,7.8380501526151845,-2.422436207989301,before_ekf,-1.7095699855751434e-15,2.1441182163073335e-16,-1.174961834748897,7.8380501526151845,-2.422436207989301,-7.35883985618078e-05,2.1441182163073327e-16,-1.117921284595329,7.9168066364089515,-2.4247254286282414,nan,nan,nan,nan,nan,nan,nan,nan,,0.05167724100101623,0.04139668100106064,0.031061083998793038,0.031061083998793038,0.020730435000587022,nan,nan,profile,1,1,2,2,9.163352489471436,0.8366475105285645,0.0,0.0,
1785155195.5731802,19.24602479799796,0.0,0.0,0.0,0.0,0.0,-1.7095699855751434e-15,0.0,2.1441182163073335e-16,-1.174961834748897,7.8380501526151845,-2.422436207989301,before_ekf,-1.7095699855751434e-15,2.1441182163073335e-16,-1.174961834748897,7.8380501526151845,-2.422436207989301,-7.588096783438822e-05,2.1441182163073332e-16,-1.1179183472025125,7.9168092550570135,-2.4247254286282414,nan,nan,nan,nan,nan,nan,nan,nan,,0.05168965999837383,0.041409435998502886,0.030990264000138268,0.030990264000138268,0.02058692299760878,nan,nan,profile,1,1,2,2,9.246192932128906,0.7538070678710938,0.0,0.0,
1785155195.6560853,19.328929130999313,0.0,0.0,0.0,0.0,0.0,-1.7095699855751434e-15,0.0,2.1441182163073335e-16,-1.174961834748897,7.8380501526151845,-2.422436207989301,before_ekf,-1.7095699855751434e-15,2.1441182163073335e-16,-1.174961834748897,7.8380501526151845,-2.422436207989301,-5.655365244383111e-05,2.1441182163073335e-16,-1.1179206913541209,7.916807268348614,-2.4247254286282414,nan,nan,nan,nan,nan,nan,nan,nan,,0.05182919800063246,0.04127539399996749,0.03087694699934218,0.03087694699934218,0.020542655998724513,nan,nan,profile,1,1,2,2,9.329086780548096,0.6709132194519043,0.0,0.0,
1785155195.7286615,19.401505915000598,0.0,0.0,0.0,0.0,0.0,-1.7095699855751434e-15,0.0,2.1441182163073335e-16,-1.174961834748897,7.8380501526151845,-2.422436207989301,before_ekf,-1.7095699855751434e-15,2.1441182163073335e-16,-1.174961834748897,7.8380501526151845,-2.422436207989301,-5.655365244383111e-05,2.1441182163073335e-16,-1.1179206913541209,7.916807268348614,-2.4247254286282414,nan,nan,nan,nan,nan,nan,nan,nan,,0.041354398999828845,0.031112870001379633,0.020737604001624277,0.020737604001624277,0.09311944000000949,nan,nan,profile,1,1,2,2,9.401705741882324,0.5982942581176758,0.0,0.0,
1785155195.8120594,19.48490259999744,0.0,0.0,0.0,0.0,0.0,-1.7095699855751434e-15,0.0,2.1441182163073335e-16,-1.174961834748897,7.8380501526151845,-2.422436207989301,before_ekf,-1.7095699855751434e-15,2.1441182163073335e-16,-1.174961834748897,7.8380501526151845,-2.422436207989301,-6.641111286610912e-05,2.1441182163073335e-16,-1.1179180154865298,7.9168096443368405,-2.4247254286282414,nan,nan,nan,nan,nan,nan,nan,nan,,0.051846930997271556,0.041550332000042545,0.03107019399976707,0.03107019399976707,0.020649100999435177,nan,nan,profile,1,1,2,2,9.485082626342773,0.5149173736572266,0.0,0.0,
1785155195.8956132,19.56845372799944,0.0,0.0,0.0,0.0,0.0,-1.7095699855751434e-15,0.0,2.1441182163073335e-16,-1.174961834748897,7.8380501526151845,-2.422436207989301,before_ekf,-1.7095699855751434e-15,2.1441182163073335e-16,-1.174961834748897,7.8380501526151845,-2.422436207989301,-4.982211047016455e-05,2.1441182163073335e-16,-1.1179199935961077,7.916807963955733,-2.4247254286282414,nan,nan,nan,nan,nan,nan,nan,nan,,0.05195164299948374,0.04175955000027898,0.03143905400065705,0.03143905400065705,0.02061354699981166,nan,nan,profile,1,1,2,2,9.56861400604248,0.43138599395751953,0.0,0.0,
1785155195.978935,19.65177890599807,0.0,0.0,0.0,0.0,0.0,-1.7095699855751434e-15,0.0,2.1441182163073335e-16,-1.174961834748897,7.8380501526151845,-2.422436207989301,before_ekf,-1.7095699855751434e-15,2.1441182163073335e-16,-1.174961834748897,7.8380501526151845,-2.422436207989301,-5.8520192089797955e-05,2.1441182163073335e-16,-1.1179176434013696,7.916810046300133,-2.4247254286282414,nan,nan,nan,nan,nan,nan,nan,nan,,0.05199466499834671,0.04175223999845912,0.03131572799975402,0.03131572799975402,0.020779590999154607,nan,nan,profile,1,1,2,2,9.65195631980896,0.34804368019104004,0.0,0.0,
1785155196.062199,19.73504345299807,0.0,0.0,0.0,0.0,0.0,-1.7095699855751434e-15,0.0,2.1441182163073335e-16,-1.174961834748897,7.8380501526151845,-2.422436207989301,before_ekf,-1.7095699855751434e-15,2.1441182163073335e-16,-1.174961834748897,7.8380501526151845,-2.422436207989301,-5.244674666760076e-05,2.1441182163073335e-16,-1.11791808147167,7.9168096869352915,-2.4247254286282414,nan,nan,nan,nan,nan,nan,nan,nan,,0.05166678699970362,0.04138052499911282,0.031018364999908954,0.031018364999908954,0.020657908997236518,nan,nan,profile,1,1,2,2,9.735225200653076,0.26477479934692383,0.0,0.0,
1785155196.1455476,19.818391837998206,0.0,0.0,0.0,0.0,0.0,-1.7095699855751434e-15,0.0,2.1441182163073335e-16,-1.174961834748897,7.8380501526151845,-2.422436207989301,before_ekf,-1.7095699855751434e-15,2.1441182163073335e-16,-1.174961834748897,7.8380501526151845,-2.422436207989301,-4.998012364352609e-05,2.1441182163073335e-16,-1.1179184733721164,7.916809365451107,-2.4247254286282414,nan,nan,nan,nan,nan,nan,nan,nan,,0.052046288998099044,0.04176350999841816,0.031156607998127583,0.031156607998127583,0.02075054099987028,nan,nan,profile,1,1,2,2,9.818589448928833,0.181410551071167,0.0,0.0,
1785155196.228523,19.901366993999545,0.0,0.0,0.0,0.0,0.0,-1.7095699855751434e-15,0.0,2.1441182163073335e-16,-1.174961834748897,7.8380501526151845,-2.422436207989301,before_ekf,-1.7095699855751434e-15,2.1441182163073335e-16,-1.174961834748897,7.8380501526151845,-2.422436207989301,-4.0303414105322295e-05,2.1441182163073335e-16,-1.1179199892533467,7.9168080723476235,-2.4247254286282414,nan,nan,nan,nan,nan,nan,nan,nan,,0.05172619099903386,0.04151474999889615,0.031073566002305597,0.031073566002305597,0.020614025001123082,nan,nan,profile,1,1,2,2,9.901550531387329,0.0984494686126709,0.0,0.0,
1785155196.3119335,19.98477712100066,0.0,0.0,0.0,0.0,0.0,-1.7095699855751434e-15,0.0,2.1441182163073335e-16,-1.174961834748897,7.8380501526151845,-2.422436207989301,before_ekf,-1.7095699855751434e-15,2.1441182163073335e-16,-1.174961834748897,7.8380501526151845,-2.422436207989301,-4.433300502305841e-05,2.1441182163073335e-16,-1.117920066987936,7.91680801987476,-2.4247254286282414,nan,nan,nan,nan,nan,nan,nan,nan,,0.05220766200000071,0.04165880200162064,0.03132842700142646,0.03132842700142646,0.020832689002418192,nan,nan,profile,1,1,2,2,9.9850013256073,0.014998674392700195,0.0,0.0,
