timestamp_ros,time_sec,left_wheel_setpoint,left_wheel_actual,right_wheel_setpoint,right_wheel_actual,cmd_linear_x,actual_linear_x,cmd_angular_z,actual_angular_z,odom_x,odom_y,odom_yaw,odom_source,odom_capture_mode,raw_actual_linear_x,raw_actual_angular_z,raw_odom_x,raw_odom_y,raw_odom_yaw,filtered_actual_linear_x,filtered_actual_angular_z,filtered_odom_x,filtered_odom_y,filtered_odom_yaw,map_x,map_y,map_yaw,imu_yaw,imu_angular_z,goal_x,goal_y,goal_yaw,nav_status,wheel_data_age_sec,cmd_vel_age_sec,odom_age_sec,raw_odom_age_sec,filtered_odom_age_sec,imu_age_sec,map_pose_age_sec,manual_mode,manual_repeat_index,manual_repeat_total,manual_step_index,manual_step_total,manual_step_elapsed_sec,manual_step_remaining_sec,manual_left_target_mps,manual_right_target_mps,note
1785159239.0449286,0.06955335400198237,0.0,0.0,0.0,0.0,0.0,0.0,0.0,0.0,0.0,0.0,0.0,before_ekf,both,0.0,0.0,0.0,0.0,0.0,0.0,0.0,0.0,0.0,-4.9019745103073824e-05,nan,nan,nan,nan,0.0,nan,nan,nan,,0.06704317700132378,0.05634403799922438,0.04521260299952701,0.04521260299952701,0.0335032240000146,0.022142588000860997,nan,profile,1,1,1,2,0.0724344253540039,9.927565574645996,0.6,-0.6,
1785159239.1871665,0.21179080800357042,0.0,0.0,0.0,0.0,0.0,0.0,0.0,0.0,0.0,0.0,0.0,before_ekf,both,0.0,0.0,0.0,0.0,0.0,0.0,0.0,0.0,0.0,-4.9019745103073824e-05,nan,nan,nan,nan,0.0,nan,nan,nan,,0.09831618800308206,0.08264262600278016,0.04643302100157598,0.04643302100157598,0.03384741600166308,0.0224209760017402,nan,profile,1,1,1,2,0.21274566650390625,9.787254333496094,0.6,-0.6,
1785159239.287755,0.31237911600328516,6.666666666666665,0.0,-6.666666666666665,0.0,0.0,0.0,-2.1041557075223563,0.0,0.0,0.0,0.0,before_ekf,both,0.0,0.0,0.0,0.0,0.0,0.0,0.0,0.0,0.0,-4.9019745103073824e-05,nan,nan,nan,nan,0.0,nan,nan,nan,,0.0663408470027207,0.05557357300131116,0.04415843300012057,0.04415843300012057,0.033058601002267096,0.02201336400321452,nan,profile,1,1,1,2,0.3129699230194092,9.68703007698059,0.6,-0.6,
1785159239.3882844,0.4129102580009203,6.666666666666665,0.0,-6.666666666666665,0.0,0.0,0.0,-2.1041557075223563,0.0,0.0,0.0,0.0,before_ekf,both,0.0,0.0,0.0,0.0,0.0,0.0,0.0,0.0,0.0,-4.9019745103073824e-05,nan,nan,nan,nan,0.0,nan,nan,nan,,0.06595051999829593,0.055198489000758855,0.04396180999901844,0.04396180999901844,0.03285676599989529,0.02187839799807989,nan,profile,1,1,1,2,0.41353321075439453,9.586466789245605,0.6,-0.6,
1785159239.488678,0.513301812003192,6.666666666666665,0.0,-6.666666666666665,0.0,0.0,0.0,-2.1041557075223563,0.0,0.0,0.0,0.0,before_ekf,both,0.0,0.0,0.0,0.0,0.0,0.0,0.0,0.0,0.0,-4.9019745103073824e-05,nan,nan,nan,nan,0.0,nan,nan,nan,,0.06663112900059787,0.05582604600203922,0.044553190000442555,0.044553190000442555,0.03312126800301485,0.022144352002214873,nan,profile,1,1,1,2,0.5139398574829102,9.48606014251709,0.6,-0.6,
1785159239.5920753,0.6166971700004069,6.666666666666665,0.0,-6.666666666666665,0.0,0.0,0.0,-2.1041557075223563,0.0,0.0,0.0,0.0,before_ekf,both,0.0,0.0,0.0,0.0,0.0,0.0,0.0,0.0,0.0,-4.9019745103073824e-05,nan,nan,nan,nan,0.0,nan,nan,nan,,0.0689251219992002,0.05808158099898719,0.04595012599747861,0.04595012599747861,0.03401237099751597,0.022661064998828806,nan,profile,1,1,1,2,0.6176071166992188,9.382392883300781,0.6,-0.6,
1785159239.699341,0.7239570850033488,6.666666666666665,0.0,-6.666666666666665,0.0,0.0,0.0,-2.1041557075223563,0.0,0.0,0.0,0.0,before_ekf,both,0.0,0.0,0.0,0.0,0.0,0.0,0.0,0.0,0.0,-4.9019745103073824e-05,nan,nan,nan,nan,0.0,nan,nan,nan,,0.07109272600064287,0.060189450003235834,0.04869192700061831,0.04869192700061831,0.03734319400246022,0.026428260000102455,nan,profile,1,1,1,2,0.725353479385376,9.274646520614624,0.6,-0.6,
1785159239.8020415,0.8266663260001224,6.666666666666665,0.0,-6.666666666666665,0.0,0.0,0.0,-2.1041557075223563,0.0,0.0,0.0,0.0,before_ekf,both,0.0,0.0,0.0,0.0,0.0,0.0,0.0,0.0,0.0,-4.9019745103073824e-05,nan,nan,nan,nan,0.0,nan,nan,nan,,0.06717050199949881,0.056485440996766556,0.04478338899934897,0.04478338899934897,0.033095733997470234,0.022010120999766514,nan,profile,1,1,1,2,0.827390193939209,9.172609806060791,0.6,-0.6,
1785159239.903556,0.9281745110019983,6.666666666666665,0.0,-6.666666666666665,0.0,0.0,0.0,-2.1041557075223563,0.0,0.0,0.0,0.0,before_ekf,both,0.0,0.0,0.0,0.0,0.0,0.0,0.0,0.0,0.0,-4.9019745103073824e-05,nan,nan,nan,nan,0.0,nan,nan,nan,,0.06715897400135873,0.05637491000015871,0.04499269100051606,0.04499269100051606,0.033869473001686856,0.022990581001067767,nan,profile,1,1,1,2,0.9292111396789551,9.070788860321045,0.6,-0.6,
1785159240.0072556,1.0318734170032258,6.666666666666665,0.0,-6.666666666666665,0.0,0.0,0.0,-2.1041557075223563,0.0,0.0,0.0,0.0,before_ekf,both,0.0,0.0,0.0,0.0,0.0,0.0,0.0,0.0,0.0,-4.9019745103073824e-05,nan,nan,nan,nan,0.0,nan,nan,nan,,0.0683463870009291,0.05763688500155695,0.046069431002251804,0.046069431002251804,0.03444406800190336,0.02339024100001552,nan,profile,1,1,1,2,1.0328128337860107,8.96718716621399,0.6,-0.6,
1785159240.1089747,1.1335905050000292,6.666666666666665,0.0,-6.666666666666665,0.0,0.0,0.0,-2.1041557075223563,0.0,0.0,0.0,0.0,before_ekf,both,0.0,0.0,0.0,0.0,0.0,0.0,0.0,0.0,0.0,-4.9019745103073824e-05,nan,nan,nan,nan,-0.0284,nan,nan,nan,,0.06770167099966784,0.0566626739964704,0.04543140199893969,0.04543140199893969,0.03405247799673816,0.022981241996603785,nan,profile,1,1,1,2,1.1346638202667236,8.865336179733276,0.6,-0.6,
1785159240.2097147,1.234339672002534,6.666666666666665,0.0,-6.666666666666665,0.0,0.0,0.0,-2.1041557075223563,0.0,0.0,0.0,0.0,before_ekf,both,0.0,0.0,0.0,0.0,0.0,0.0,0.0,0.0,0.0,-4.9019745103073824e-05,nan,nan,nan,nan,-0.048,nan,nan,nan,,0.06616779099931591,0.05545288099892787,0.04431940500217024,0.04431940500217024,0.03297762000147486,0.02179814000191982,nan,profile,1,1,1,2,1.234992265701294,8.765007734298706,0.6,-0.6,
1785159240.3108895,1.3355151240029954,6.666666666666665,0.0,-6.666666666666665,0.0,0.0,0.0,-2.1041557075223563,0.0,0.0,0.0,0.0,before_ekf,both,0.0,0.0,0.0,0.0,0.0,0.0,0.0,0.0,0.0,-4.9019745103073824e-05,nan,nan,nan,nan,-0.0937,nan,nan,nan,,0.06713714500074275,0.056161485001211986,0.044875658000819385,0.044875658000819385,0.03309217900095973,0.022001158002240118,nan,profile,1,1,1,2,1.336575984954834,8.663424015045166,0.6,-0.6,
1785159240.4134197,1.438044249000086,6.666666666666665,0.0,-6.666666666666665,0.0,0.0,0.0,-2.1041557075223563,0.0,0.0,0.0,0.0,before_ekf,both,0.0,0.0,0.0,0.0,0.0,0.0,0.0,0.0,0.0,-4.9019745103073824e-05,nan,nan,nan,nan,-0.177,nan,nan,nan,,0.06715817599979346,0.056205623997811927,0.04440694799995981,0.04440694799995981,0.033289997998508625,0.02214885399735067,nan,profile,1,1,1,2,1.4386875629425049,8.561312437057495,0.6,-0.6,
1785159240.5142105,1.5388351210021938,6.666666666666665,0.0,-6.666666666666665,0.0,0.0,0.0,-2.1041557075223563,0.0,0.0,0.0,0.0,before_ekf,both,0.0,0.0,0.0,0.0,0.0,0.0,0.0,0.0,0.0,-4.9019745103073824e-05,nan,nan,nan,nan,-0.2852,nan,nan,nan,,0.06709484599923599,0.05602466500204173,0.04468516099950648,0.04468516099950648,0.03326763299992308,0.02226351300123497,nan,profile,1,1,1,2,1.5396511554718018,8.460348844528198,0.6,-0.6,
1785159240.6153364,1.6399610150001536,6.666666666666665,0.0,-6.666666666666665,0.0,0.0,0.0,-2.1041557075223563,0.0,0.0,0.0,0.0,before_ekf,both,0.0,0.0,0.0,0.0,0.0,0.0,0.0,0.0,0.0,-4.9019745103073824e-05,nan,nan,nan,nan,-0.3899,nan,nan,nan,,0.06702600700009498,0.05629129499720875,0.045039131997327786,0.045039131997327786,0.033387413997843396,0.022126582996861544,nan,profile,1,1,1,2,1.6406705379486084,8.359329462051392,0.6,-0.6,
1785159240.7418847,1.7665007520008658,6.666666666666665,0.0,-6.666666666666665,0.0,0.0,0.0,-2.1041557075223563,0.0,0.0,0.0,0.0,before_ekf,both,0.0,0.0,0.0,0.0,0.0,0.0,0.0,0.0,0.0,-4.9019745103073824e-05,nan,nan,nan,nan,-0.5026,nan,nan,nan,,0.08963192900046124,0.0766100019973237,0.06287819299905095,0.06287819299905095,0.043387084999267245,0.023857365998992464,nan,profile,1,1,1,2,1.768014669418335,8.231985330581665,0.6,-0.6,
1785159240.843784,1.8684098470002937,6.666666666666665,0.0,-6.666666666666665,0.0,0.0,0.0,-2.1041557075223563,0.0,0.0,0.0,0.0,before_ekf,both,0.0,0.0,0.0,0.0,0.0,0.0,0.0,0.0,0.0,-4.9019745103073824e-05,nan,nan,nan,nan,-0.5536,nan,nan,nan,,0.06678769499922055,0.05590125099843135,0.044647031998465536,0.044647031998465536,0.033450723996793386,0.022370675000274787,nan,profile,1,1,1,2,1.869020938873291,8.130979061126709,0.6,-0.6,
1785159240.9448907,1.969515164000768,6.666666666666665,0.0,-6.666666666666665,0.0,0.0,0.0,-2.1041557075223563,0.0,0.0,0.0,0.0,before_ekf,both,0.0,0.0,0.0,0.0,0.0,0.0,0.0,0.0,0.0,-4.9019745103073824e-05,nan,nan,nan,nan,-0.58,nan,nan,nan,,0.06682462999742711,0.05602340499899583,0.044825921999290586,0.044825921999290586,0.03298116099904291,0.022019588999683037,nan,profile,1,1,1,2,1.9701321125030518,8.029867887496948,0.6,-0.6,
1785159241.04556,2.070180545000767,6.666666666666665,0.0,-6.666666666666665,0.0,0.0,0.0,-2.1041557075223563,0.0,0.0,0.0,0.0,before_ekf,both,0.0,0.0,0.0,0.0,0.0,0.0,0.0,0.0,0.0,-4.9019745103073824e-05,nan,nan,nan,nan,-0.5672,nan,nan,nan,,0.06682071199975326,0.056015252997895004,0.04480884899749071,0.04480884899749071,0.033635578998655546,0.02265635799994925,nan,profile,1,1,1,2,2.0710575580596924,7.928942441940308,0.6,-0.6,
1785159241.1472454,2.1718654230026004,6.666666666666665,0.0,-6.666666666666665,0.0,0.0,0.0,-2.1041557075223563,0.0,0.0,0.0,0.0,before_ekf,both,0.0,0.0,0.0,0.0,0.0,0.0,0.0,0.0,0.0,-4.9019745103073824e-05,nan,nan,nan,nan,-0.5707,nan,nan,nan,,0.06746025900065433,0.05672165000214591,0.045278858000529,0.045278858000529,0.03343590599979507,0.0222144159997697,nan,profile,1,1,1,2,2.172783613204956,7.827216386795044,0.6,-0.6,
1785159241.2484236,2.2730484690000594,6.666666666666665,0.26180779444742913,-6.666666666666665,-0.26180779444742913,0.0,0.0,-2.1041557075223563,0.0,0.0,0.0,0.0,before_ekf,both,0.0,0.0,0.0,0.0,0.0,0.0,0.0,0.0,0.0,-4.9019745103073824e-05,nan,nan,nan,nan,-0.5663,nan,nan,nan,,0.06704360599906067,0.05630190999727347,0.04505907199927606,0.04505907199927606,0.03368978099751985,0.02263927699823398,nan,profile,1,1,1,2,2.2738161087036133,7.726183891296387,0.6,-0.6,
1785159241.349961,2.3745859250011563,6.666666666666665,0.7849455245607104,-6.666666666666665,-0.5232970163738069,0.0,0.0,-2.1041557075223563,0.0,0.0,0.0,0.0,before_ekf,both,0.0,0.0,0.0,0.0,0.0,0.0,0.0,0.0,0.0,-4.9019745103073824e-05,nan,nan,nan,nan,-0.5577,nan,nan,nan,,0.06765048499801196,0.05688992399882409,0.045276179000211414,0.045276179000211414,0.033558584000275005,0.022181181000632932,nan,profile,1,1,1,2,2.3752501010894775,7.6247498989105225,0.6,-0.6,
1785159241.4556959,2.480320432001463,6.666666666666665,0.5235365532789417,-6.666666666666665,-0.7853048299184124,0.0,0.0,-2.1041557075223563,0.0,0.0,0.0,0.0,before_ekf,both,0.0,0.0,0.0,0.0,0.0,0.0,0.0,0.0,0.0,-4.9019745103073824e-05,nan,nan,nan,nan,-0.5583,nan,nan,nan,,0.06916965100026573,0.05830319799861172,0.047081389999220846,0.047081389999220846,0.035785811000096146,0.024741040000662906,nan,profile,1,1,1,2,2.481015205383301,7.518984794616699,0.6,-0.6,
1785159241.5607076,2.5853271140003926,6.666666666666665,0.5235194833373525,-6.666666666666665,-0.26175974166867627,0.0,0.0,-2.1041557075223563,0.0,0.0,0.0,0.0,before_ekf,both,0.0,0.0,0.0,0.0,0.0,0.0,0.0,0.0,0.0,-4.9019745103073824e-05,nan,nan,nan,nan,-0.5492,nan,nan,nan,,0.07076273399798083,0.05778657100017881,0.04632248299822095,0.04632248299822095,0.03453237999929115,0.02319138199891313,nan,profile,1,1,1,2,2.586353063583374,7.413646936416626,0.6,-0.6,
1785159241.6676843,2.6923036050029623,6.666666666666665,0.7850917028512404,-6.666666666666665,-0.7850917028512404,0.0,0.0,-2.1041557075223563,0.0,0.0,0.0,0.0,before_ekf,both,0.0,0.0,0.0,0.0,0.0,0.0,0.0,0.0,0.0,-4.9019745103073824e-05,nan,nan,nan,nan,-0.5371,nan,nan,nan,,0.06769633400108432,0.056712985002377536,0.045348627001658315,0.045348627001658315,0.033880432001751615,0.022465715002908837,nan,profile,1,1,1,2,2.6931021213531494,7.306897878646851,0.6,-0.6,
1785159241.7754364,2.800050898000336,6.666666666666665,1.0485072940830014,-6.666666666666665,-1.3106341176037517,0.0,0.0,-2.1041557075223563,0.0,0.0,0.0,0.0,before_ekf,both,0.0,0.0,0.0,0.0,0.0,0.0,0.0,0.0,0.0,-4.9019745103073824e-05,nan,nan,nan,nan,-0.5266,nan,nan,nan,,0.06734678899738356,0.056107520998921245,0.044944751000002725,0.044944751000002725,0.03371727799822111,0.022814612999354722,nan,profile,1,1,1,2,2.8009698390960693,7.199030160903931,0.6,-0.6,
1785159241.8771422,2.9017634840020037,6.666666666666665,1.3087170175128713,-6.666666666666665,-1.3087170175128713,0.0,0.0,-2.1041557075223563,0.0,0.0,0.0,0.0,before_ekf,both,0.0,0.0,0.0,0.0,0.0,0.0,0.0,0.0,0.0,-4.9019745103073824e-05,nan,nan,nan,nan,-0.5084,nan,nan,nan,,0.06711457699930179,0.05635728999914136,0.04488014999878942,0.04488014999878942,0.03348884500155691,0.02233689499917091,nan,profile,1,1,1,2,2.9026525020599365,7.0973474979400635,0.6,-0.6,
1785159241.976851,3.0014756140008103,6.666666666666665,1.5704360216584476,-6.666666666666665,-1.5704360216584476,0.0,0.0,-2.1041557075223563,0.0,0.0,0.0,0.0,before_ekf,both,0.0,0.0,0.0,0.0,0.0,0.0,0.0,0.0,0.0,-4.9019745103073824e-05,nan,nan,nan,nan,-0.5023,nan,nan,nan,,0.06560941999850911,0.05489121500067995,0.043851555998116964,0.043851555998116964,0.03274600599979749,0.02189023100072518,nan,profile,1,1,1,2,3.0022025108337402,6.99779748916626,0.6,-0.6,
1785159242.0777311,3.1023514309999882,6.666666666666665,1.8339980812268561,-6.666666666666665,-1.8339980812268561,0.0,0.0,-2.1041557075223563,0.0,0.0,0.0,0.0,before_ekf,both,0.0,0.0,0.0,0.0,0.0,0.0,0.0,0.0,0.0,-4.9019745103073824e-05,nan,nan,nan,nan,-0.4947,nan,nan,nan,,0.06730366899864748,0.05660641899885377,0.045038605996523984,0.045038605996523984,0.033744296997610945,0.02272248299777857,nan,profile,1,1,1,2,3.1031723022460938,6.896827697753906,0.6,-0.6,
1785159242.1787426,3.203368237001996,6.666666666666665,1.8329350091935979,-6.666666666666665,-1.8329350091935979,0.0,0.0,-2.1041557075223563,0.0,0.0,0.0,0.0,before_ekf,both,0.0,0.0,0.0,0.0,0.0,0.0,0.0,0.0,0.0,-4.9019745103073824e-05,nan,nan,nan,nan,-0.4955,nan,nan,nan,,0.0669331310018606,0.05621391800013953,0.04473661100200843,0.04473661100200843,0.03301053700124612,0.021883372999582207,nan,profile,1,1,1,2,3.2039389610290527,6.796061038970947,0.6,-0.6,
1785159242.2806811,3.305305818001216,6.666666666666665,1.8331217472106258,-6.666666666666665,-1.5712472118948222,0.0,0.0,-2.1041557075223563,0.0,0.0,0.0,0.0,before_ekf,both,0.0,0.0,0.0,0.0,0.0,0.0,0.0,0.0,0.0,-4.9019745103073824e-05,nan,nan,nan,nan,-0.4951,nan,nan,nan,,0.06725177100088331,0.056396797997877,0.044716047999827424,0.044716047999827424,0.03333386300073471,0.02191475099971285,nan,profile,1,1,1,2,3.3059470653533936,6.6940529346466064,0.6,-0.6,
1785159242.3826327,3.407238204003079,6.666666666666665,1.8315808539586762,-6.666666666666665,-1.569926446250294,0.0,0.0,-2.1041557075223563,0.0,0.0,0.0,0.0,before_ekf,both,0.0,0.0,0.0,0.0,0.0,0.0,0.0,0.0,0.0,-4.9019745103073824e-05,nan,nan,nan,nan,-0.4979,nan,nan,nan,,0.0681656410015421,0.05677288600054453,0.044961183000850724,0.044961183000850724,0.033650408000539755,0.022512581002956722,nan,profile,1,1,1,2,3.408217191696167,6.591782808303833,0.6,-0.6,
1785159242.4877973,3.512406929003191,6.666666666666665,1.8331597045087353,-6.666666666666665,-1.8331597045087353,0.0,0.0,-2.1041557075223563,0.0,0.0,0.0,0.0,before_ekf,both,0.0,0.0,0.0,0.0,0.0,0.0,0.0,0.0,0.0,-4.9019745103073824e-05,nan,nan,nan,nan,-0.5014,nan,nan,nan,,0.06896399600009318,0.05817595200278447,0.046590604000812164,0.046590604000812164,0.03410635500040371,0.02278548300091643,nan,profile,1,1,1,2,3.5134501457214355,6.4865498542785645,0.6,-0.6,
1785159242.5924466,3.61706678200062,6.666666666666665,1.8327434703726275,-6.666666666666665,-1.5709229746051094,0.0,0.0,-2.1041557075223563,0.0,0.0,0.0,0.0,before_ekf,both,0.0,0.0,0.0,0.0,0.0,0.0,0.0,0.0,0.0,-4.9019745103073824e-05,nan,nan,nan,nan,-0.5015,nan,nan,nan,,0.06832493599722511,0.057436551000137115,0.046023412000067765,0.046023412000067765,0.03360587999850395,0.0225199699998484,nan,profile,1,1,1,2,3.6180131435394287,6.381986856460571,0.6,-0.6,
1785159242.6944544,3.719079454000166,6.666666666666665,1.8198027559918095,-6.666666666666665,-1.8198027559918095,0.0,0.0,-2.1041557075223563,0.0,0.0,0.0,0.0,before_ekf,both,0.0,0.0,0.0,0.0,0.0,0.0,0.0,0.0,0.0,-4.9019745103073824e-05,nan,nan,nan,nan,-0.5076,nan,nan,nan,,0.06733491900013178,0.05639713599884999,0.04507767099858029,0.04507767099858029,0.03358748999744421,0.022559400997124612,nan,profile,1,1,1,2,3.7197608947753906,6.280239105224609,0.6,-0.6,
1785159242.7970123,3.821632811002928,6.666666666666665,1.5712417895546533,-6.666666666666665,-1.5712417895546533,0.0,0.0,-2.1041557075223563,0.0,0.0,0.0,0.0,before_ekf,both,0.0,0.0,0.0,0.0,0.0,0.0,0.0,0.0,0.0,-4.9019745103073824e-05,nan,nan,nan,nan,-0.5084,nan,nan,nan,,0.06713658000080613,0.05625366700041923,0.04486682900096639,0.04486682900096639,0.03336800300166942,0.02232554100191919,nan,profile,1,1,1,2,3.822411298751831,6.177588701248169,0.6,-0.6,
1785159242.8985324,3.923139482001716,6.666666666666665,1.5713688235983982,-6.666666666666665,-1.8332636275314647,0.0,0.0,-2.1041557075223563,-0.016589013745910965,0.0,0.0,-0.00550866676063439,before_ekf,both,0.0,-0.016589013745910965,0.0,0.0,-0.00550866676063439,0.0,-0.009437846154191354,0.0,0.0,-0.000934292018739402,nan,nan,nan,nan,-0.5114,nan,nan,nan,,0.06748057000004337,0.0565432379989943,0.045230304000142496,0.045230304000142496,0.03400069000053918,0.022737418999895453,nan,profile,1,1,1,2,3.924124240875244,6.075875759124756,0.6,-0.6,
1785159243.0022454,4.026867849002883,6.666666666666665,1.5720753358466348,-6.666666666666665,-1.834087891821074,0.0,0.003538526368646387,-2.1041557075223563,-0.09508109197850148,0.0011778079098772158,-2.5145405552134126e-05,-0.031674833873647744,before_ekf,both,0.003538526368646387,-0.09508109197850148,0.0011778079098772158,-2.5145405552134126e-05,-0.031674833873647744,0.0008692469961075394,-0.03236385758373796,8.742733748576587e-05,-1.4781443815341945e-07,-0.003965683374338891,nan,nan,nan,nan,-0.4971,nan,nan,nan,,0.06692710300194449,0.05607524000151898,0.04457973600074183,0.04457973600074183,0.03312593100054073,0.022276009000052,nan,profile,1,1,1,2,4.027712821960449,5.972287178039551,0.6,-0.6,
1785159243.1047575,4.129377791003208,6.666666666666665,1.7847039514788112,-6.666666666666665,-1.5297462441246954,0.0,4.8077998216735505e-06,-2.1041557075223563,-0.17348699459857514,7.706996960262511e-07,2.4323471922489372e-05,-0.057841000986661104,before_ekf,both,4.8077998216735505e-06,-0.17348699459857514,7.706996960262511e-07,2.4323471922489372e-05,-0.057841000986661104,0.00170648054185599,-0.08666750602167393,0.00040460105028411534,-2.7820617088396176e-06,-0.015661112526967447,nan,nan,nan,nan,-0.5047,nan,nan,nan,,0.06834732800052734,0.05749889100115979,0.04527477000010549,0.04527477000010549,0.03379993900307454,0.0227093440007593,nan,profile,1,1,1,2,4.130309104919434,5.869690895080566,0.6,-0.6,
1785159243.2108498,4.235474789002183,6.666666666666665,1.5709274521093242,-6.666666666666665,-1.8327486941275448,0.0,0.002359458254415212,-2.1041557075223563,-0.1898632520582324,0.0007846234430872272,-2.4857975343797334e-05,-0.06885833450792987,before_ekf,both,0.002359458254415212,-0.1898632520582324,0.0007846234430872272,-2.4857975343797334e-05,-0.06885833450792987,0.0018686961252063316,-0.1570804002130918,0.0005579937503452038,-7.634563795379127e-06,-0.03632205923817987,nan,nan,nan,nan,-0.5102,nan,nan,nan,,0.06692130499868654,0.05614817600144306,0.044927408001967706,0.044927408001967706,0.03337850699972478,0.022123506001662463,nan,profile,1,1,1,2,4.236175298690796,5.763824701309204,0.6,-0.6,
1785159243.3122828,4.336907143002463,6.666666666666665,1.5816393343333859,-6.666666666666665,-1.5816393343333859,0.0,0.0035474380713295304,-2.1041557075223563,-0.2271455114958884,0.001958514949586226,-0.00012343445469997224,-0.11430483528316357,before_ekf,both,0.0035474380713295304,-0.2271455114958884,0.001958514949586226,-0.00012343445469997224,-0.11430483528316357,0.0031397107013629052,-0.19286807661631972,0.0008096153038911877,-1.780957101603315e-05,-0.05069366405724063,nan,nan,nan,nan,-0.5175,nan,nan,nan,,0.06746102800025255,0.05650667100053397,0.04478505199949723,0.04478505199949723,0.03344846999971196,0.022217026002181228,nan,profile,1,1,1,2,4.337594032287598,5.662405967712402,0.6,-0.6,
1785159243.4148867,4.4395117170024605,6.666666666666665,1.56351945707854,-6.666666666666665,-1.56351945707854,0.0,0.0035467687647143787,-2.1041557075223563,-0.2437328207646267,0.001568666058025509,-7.622813837058765e-05,-0.12669933549459092,before_ekf,both,0.0035467687647143787,-0.2437328207646267,0.001568666058025509,-7.622813837058765e-05,-0.12669933549459092,0.0036115633090193252,-0.27362862258780574,0.0012633939804290101,-4.8537719904913636e-05,-0.08528526946433111,nan,nan,nan,nan,-0.5168,nan,nan,nan,,0.06713485699947341,0.056216583001514664,0.04493176200048765,0.04493176200048765,0.03320455699940794,0.021981018002406927,nan,profile,1,1,1,2,4.440179109573364,5.559820890426636,0.6,-0.6,
1785159243.51605,4.540674216001207,6.666666666666665,1.5698497701774703,-6.666666666666665,-1.5698497701774703,0.0,0.0023743038354323677,-2.1041557075223563,-0.3472469473115326,0.0015679113399902954,-8.15832523064486e-05,-0.18454033648125207,before_ekf,both,0.0023743038354323677,-0.3472469473115326,0.0015679113399902954,-8.15832523064486e-05,-0.18454033648125207,0.004510197331308476,-0.3292737349046009,0.0015933257690751892,-8.000555015231414e-05,-0.10934355207712178,nan,nan,nan,nan,-0.5171,nan,nan,nan,,0.06713119599953643,0.05649303099926328,0.045343444999161875,0.045343444999161875,0.0340042120005819,0.022791307997977128,nan,profile,1,1,1,2,4.541698694229126,5.458301305770874,0.6,-0.6,
1785159243.6180782,4.642698563002341,6.666666666666665,1.571430650491274,-6.666666666666665,-1.571430650491274,0.0,9.746893521227017e-06,-2.1041557075223563,-0.39668766160283403,0.0015679113399902954,-8.158325230644865e-05,-0.2175923370450584,before_ekf,both,9.746893521227017e-06,-0.39668766160283403,0.0015679113399902954,-8.158325230644865e-05,-0.2175923370450584,0.0008872804382640665,-0.4309660835734104,0.0017241490895925926,-0.00010222376404584791,-0.16451716429741214,nan,nan,nan,nan,-0.5152,nan,nan,nan,,0.06721544600077323,0.05622910199963371,0.04463771100199665,0.04463771100199665,0.0335778049993678,0.02257970800201292,nan,profile,1,1,1,2,4.64359712600708,5.35640287399292,0.6,-0.6,
1785159243.719951,4.744572847001109,6.666666666666665,1.3097589960724318,-6.666666666666665,-1.5717107952869185,0.0,-0.0011697496088268829,-2.1041557075223563,-0.4999208482399671,0.0011870230311915484,1.3981102817292116e-05,-0.2933365050037813,before_ekf,both,-0.0011697496088268829,-0.4999208482399671,0.0011870230311915484,1.3981102817292116e-05,-0.2933365050037813,-0.0014905360823390858,-0.48058201748433993,0.0015510712732263003,-7.513494004864875e-05,-0.20071893369522933,nan,nan,nan,nan,-0.5132,nan,nan,nan,,0.06682855899998685,0.05591289799849619,0.044670491999568185,0.044670491999568185,0.03355604699754622,0.022655152999504935,nan,profile,1,1,1,2,4.7454304695129395,5.2545695304870605,0.6,-0.6,
1785159243.8200305,4.844655289001821,6.666666666666665,1.5709277820316974,-6.666666666666665,-1.5709277820316974,0.0,-0.0011746703912231557,-2.1041557075223563,-0.5330779340712412,0.0011870230311915486,1.3981102817292243e-05,-0.33189717232822197,before_ekf,both,-0.0011746703912231557,-0.5330779340712412,0.0011870230311915486,1.3981102817292243e-05,-0.33189717232822197,-0.0012693346298554037,-0.5394178893771913,0.0014091489978258316,-4.051040696163887e-05,-0.2695180784834941,nan,nan,nan,nan,-0.5076,nan,nan,nan,,0.06593028499992215,0.05524973600040539,0.04401890300141531,0.04401890300141531,0.032699837000109255,0.02178276300037396,nan,profile,1,1,1,2,4.8452818393707275,5.1547181606292725,0.6,-0.6,
1785159243.9206703,4.9452855060008005,6.666666666666665,1.569873209949982,-6.666666666666665,-1.8315187449416455,0.0,6.003655703661088e-06,-2.1041557075223563,-0.5701886796393308,0.0015517898691286844,-0.00013146168212277806,-0.4076413402869448,before_ekf,both,6.003655703661088e-06,-0.5701886796393308,0.0015517898691286844,-0.00013146168212277806,-0.4076413402869448,-0.0012567132498075295,-0.5541196152362455,0.0013301151212307123,-1.693323026380293e-05,-0.30877841211891616,nan,nan,nan,nan,-0.5058,nan,nan,nan,,0.06668620599884889,0.05606130999876768,0.044943677999981446,0.044943677999981446,0.0335610740003176,0.022681493999698432,nan,profile,1,1,1,2,4.946115970611572,5.053884029388428,0.6,-0.6,
1785159244.0220203,5.046644798003399,6.666666666666665,1.5711746970854488,-6.666666666666665,-1.5711746970854488,0.0,0.0023567535393690052,-2.1041557075223563,-0.5702230364011435,0.0019077674988444585,-0.0002972578729466919,-0.4448248409212269,before_ekf,both,0.0023567535393690052,-0.5702230364011435,0.0019077674988444585,-0.0002972578729466919,-0.4448248409212269,0.00159635303873559,-0.5680351729002044,0.0014948479883040932,-7.109480615017693e-05,-0.3831277101230466,nan,nan,nan,nan,-0.4974,nan,nan,nan,,0.066988594000577,0.056138296000426635,0.04443765600080951,0.04443765600080951,0.03293240700077149,0.022046594000130426,nan,profile,1,1,1,2,5.0473620891571045,4.9526379108428955,0.6,-0.6,
1785159244.1249855,5.149603763002233,6.666666666666665,1.570808547685398,-6.666666666666665,-1.570808547685398,0.0,0.004711876487765277,-2.1041557075223563,-0.5618147194389858,0.002603395283264795,-0.0006611868127540958,-0.5191918421897911,before_ekf,both,0.004711876487765277,-0.5618147194389858,0.002603395283264795,-0.0006611868127540958,-0.5191918421897911,0.0030423240780615797,-0.566492069597551,0.0017127336315772494,-0.00015899417118679762,-0.4195748756380352,nan,nan,nan,nan,-0.4962,nan,nan,nan,,0.06863003200123785,0.05766975400183583,0.04583757799991872,0.04583757799991872,0.03444932200000039,0.023383075000310782,nan,profile,1,1,1,2,5.150802850723267,4.849197149276733,0.6,-0.6,
1785159244.2292945,5.253915320001397,6.666666666666665,1.5702017698947262,-6.666666666666665,-1.5702017698947262,0.0,0.00590251053565183,-2.1041557075223563,-0.5579274736399505,0.0029387040865453814,-0.0008655797093829304,-0.5563753428240733,before_ekf,both,0.00590251053565183,-0.5579274736399505,0.0029387040865453814,-0.0008655797093829304,-0.5563753428240733,0.005605474220475752,-0.5605313354622287,0.002409097492817009,-0.0004971070159643714,-0.5005921077426501,nan,nan,nan,nan,-0.4897,nan,nan,nan,,0.06876685699899099,0.05780969799889135,0.04607748399939737,0.04607748399939737,0.03420395599823678,0.02293768299932708,nan,profile,1,1,1,2,5.254937171936035,4.745062828063965,0.6,-0.6,
1785159244.3317306,5.356353634000698,6.666666666666665,1.570462022544158,-6.666666666666665,-1.570462022544158,0.0,0.0035457569962828233,-2.1041557075223563,-0.556919099691763,0.002938704086545381,-0.000865579709382931,-0.6307423440926376,before_ekf,both,0.0035457569962828233,-0.556919099691763,0.002938704086545381,-0.000865579709382931,-0.6307423440926376,0.005085897049839928,-0.560055257757262,0.0026465383413831474,-0.000633709223711722,-0.5341768053927544,nan,nan,nan,nan,-0.4806,nan,nan,nan,,0.06741205299840658,0.05658479100020486,0.045186248997197254,0.045186248997197254,0.03381493199776742,0.022548013999767136,nan,profile,1,1,1,2,5.357051610946655,4.642948389053345,0.6,-0.6,
1785159244.4323704,5.456995414002449,6.666666666666665,1.571613990405685,-6.666666666666665,-1.571613990405685,0.0,0.0011716513726187266,-2.1041557075223563,-0.5581098787159504,0.0026236542617957726,-0.0006311611570560366,-0.6679258447269198,before_ekf,both,0.0011716513726187266,-0.5581098787159504,0.0026236542617957726,-0.0006311611570560366,-0.6679258447269198,0.002029499711637914,-0.5540329981075165,0.002887156937019575,-0.0007948012351083615,-0.6065967118458958,nan,nan,nan,nan,-0.4833,nan,nan,nan,,0.06601594699895941,0.05496222299916553,0.04384239399951184,0.04384239399951184,0.03281858400077908,0.02196480199927464,nan,profile,1,1,1,2,5.457620143890381,4.542379856109619,0.6,-0.6,
1785159244.532434,5.557058437003434,6.666666666666665,1.570647303778714,-6.666666666666665,-1.570647303778714,0.0,-0.0023708897605512736,-2.1041557075223563,-0.5451726404391464,0.002330822013837579,-0.0003695168865176813,-0.7381613459250083,before_ekf,both,-0.0023708897605512736,-0.5451726404391464,0.002330822013837579,-0.0003695168865176813,-0.7381613459250083,0.0005608166632303411,-0.5482748797489155,0.002881714834712549,-0.0007960350505992883,-0.6448018685291164,nan,nan,nan,nan,-0.4823,nan,nan,nan,,0.06643606100260513,0.055698148000374204,0.04441817100087064,0.04441817100087064,0.033318756002699956,0.02226868000070681,nan,profile,1,1,1,2,5.557709693908691,4.442290306091309,0.6,-0.6,
1785159244.6331317,5.657756781001808,6.666666666666665,1.569699216921214,-6.666666666666665,-1.569699216921214,0.0,-0.0011954733020270451,-2.1041557075223563,-0.5330510306976003,0.0026189233224263343,-0.0006363615711925744,-0.7725905131789731,before_ekf,both,-0.0011954733020270451,-0.5330510306976003,0.0026189233224263343,-0.0006363615711925744,-0.7725905131789731,-0.0013825702384915983,-0.5332630539371599,0.0026849888218835375,-0.0006466275988071651,-0.7146571564160622,nan,nan,nan,nan,-0.4814,nan,nan,nan,,0.06663176900110557,0.05563467899992247,0.043996060001518345,0.043996060001518345,0.03288364699983504,0.021994147999066627,nan,profile,1,1,1,2,5.658408880233765,4.341591119766235,0.6,-0.6,
1785159244.7341733,5.758794065000984,6.666666666666665,1.5704086086135163,-6.666666666666665,-1.5704086086135163,0.0,-3.617499535437732e-05,-2.1041557075223563,-0.5192578219272065,0.0026044732415286356,-0.0006501999180384232,-0.8414488476869028,before_ekf,both,-3.617499535437732e-05,-0.5192578219272065,0.0026044732415286356,-0.0006501999180384232,-0.8414488476869028,-0.002183332644976651,-0.5251317324707614,0.0025594206816929865,-0.0005369315369903302,-0.7507141911012568,nan,nan,nan,nan,-0.485,nan,nan,nan,,0.06648435999886715,0.05581182599780732,0.04461303199786926,0.04461303199786926,0.033556431997567415,0.022678571000142256,nan,profile,1,1,1,2,5.75967812538147,4.24032187461853,0.6,-0.6,
1785159244.8352535,5.859877902003063,6.666666666666665,1.5706734530106676,-6.666666666666665,-1.5706734530106676,0.0,-3.61749953543355e-05,-2.1041557075223563,-0.5123105190106981,0.0026044732415286447,-0.0006501999180384339,-0.8745008482507091,before_ekf,both,-3.61749953543355e-05,-0.5123105190106981,0.0026044732415286447,-0.0006501999180384339,-0.8745008482507091,-0.0002577526710559843,-0.5107120479161332,0.002568513056483878,-0.0005371828663565287,-0.8177039678538964,nan,nan,nan,nan,-0.4897,nan,nan,nan,,0.06621704300050624,0.05549293399963062,0.04414511200229754,0.04414511200229754,0.03307019600106287,0.022117776999948546,nan,profile,1,1,1,2,5.860546112060547,4.139453887939453,0.6,-0.6,
1785159244.9368749,5.961494795003091,6.666666666666665,1.5707370157651812,-6.666666666666665,-1.5707370157651812,0.0,-0.001218074769802154,-2.1041557075223563,-0.5084138177411262,0.0023553143311213806,-0.0003466734989008875,-0.9419820160684801,before_ekf,both,-0.001218074769802154,-0.5084138177411262,0.0023553143311213806,-0.0003466734989008875,-0.9419820160684801,-0.0001321310413448897,-0.5072825506550351,0.0025670562565449427,-0.0005348364562095265,-0.8527777852591435,nan,nan,nan,nan,-0.4923,nan,nan,nan,,0.06747227199957706,0.05665108900211635,0.045056233000650536,0.045056233000650536,0.0337033040013921,0.022674539999570698,nan,profile,1,1,1,2,5.962551116943359,4.037448883056641,0.6,-0.6,
1785159245.0384917,6.063116344001173,6.666666666666665,1.570257147598126,-6.666666666666665,-1.570257147598126,0.0,-0.0023565545455507173,-2.1041557075223563,-0.4962310572788401,0.0021267484365283637,-2.7350384378754724e-05,-1.023234850787837,before_ekf,both,-0.0023565545455507173,-0.4962310572788401,0.0021267484365283637,-2.7350384378754724e-05,-1.023234850787837,-0.0011978388522243908,-0.5000282835147196,0.0024532498487045665,-0.0004002336015391201,-0.9226550977662922,nan,nan,nan,nan,-0.5027,nan,nan,nan,,0.06745949700052734,0.05656326000098488,0.04496047800057568,0.04496047800057568,0.03365628499886952,0.022318447998259217,nan,profile,1,1,1,2,6.0639402866363525,3.9360597133636475,0.6,-0.6,
1785159245.1470084,6.171632687000965,6.666666666666665,1.569738134923382,-6.666666666666665,-1.569738134923382,0.0,-0.0023565545455507594,-2.1041557075223563,-0.4959588700465741,0.0021267484365283637,-2.7350384378754724e-05,-1.0397608510697403,before_ekf,both,-0.0023565545455507594,-0.4959588700465741,0.0021267484365283637,-2.7350384378754724e-05,-1.0397608510697403,-0.0023592873701197043,-0.49707178905642807,0.0022737435163288516,-0.00015240941295264237,-0.9872872553264318,nan,nan,nan,nan,-0.5047,nan,nan,nan,,0.07294471799832536,0.05860055000084685,0.0470887439987564,0.0470887439987564,0.03588349200072116,0.023476288999518147,nan,profile,1,1,1,2,6.172396659851074,3.827603340148926,0.6,-0.6,
1785159245.2473538,6.271977958000207,6.666666666666665,1.572177579128816,-6.666666666666665,-1.572177579128816,0.0,-0.002351845359120868,-2.1041557075223563,-0.4874114462435234,0.0019475439372115798,0.00032207109043904455,-1.1044876855071946,before_ekf,both,-0.002351845359120868,-0.4874114462435234,0.0019475439372115798,0.00032207109043904455,-1.1044876855071946,-0.0015885284948081535,-0.49564011193377017,0.0022332209964904173,-8.396929814250969e-05,-1.021876667190532,nan,nan,nan,nan,-0.5106,nan,nan,nan,,0.06660180199833121,0.05587978599942289,0.044551952996698674,0.044551952996698674,0.0334063629998127,0.02227745900017908,nan,profile,1,1,1,2,6.272618293762207,3.727381706237793,0.6,-0.6,
1785159245.3484726,6.3730875110013585,6.666666666666665,1.5703015090863683,-6.666666666666665,-1.5703015090863683,0.0,-0.0012070581426472946,-2.1041557075223563,-0.4910910093455196,0.0019533893841348843,0.00032488988818046177,-1.137539686071001,before_ekf,both,-0.0012070581426472946,-0.4910910093455196,0.0019533893841348843,0.00032488988818046177,-1.137539686071001,-0.0015472245602110907,-0.4954664001423427,0.002117394115007784,0.00011722696358733088,-1.0863734593640435,nan,nan,nan,nan,-0.5098,nan,nan,nan,,0.0672913439993863,0.05642918599914992,0.04527694100033841,0.04527694100033841,0.034162906998972176,0.0231517989996064,nan,profile,1,1,1,2,6.374340057373047,3.625659942626953,0.6,-0.6,
1785159245.4672928,6.491917804003606,6.666666666666665,1.5697554062874333,-6.666666666666665,-1.5697554062874333,0.0,-3.252177545724124e-05,-2.1041557075223563,-0.49536187520416164,0.0021091205577591157,-3.560456574553799e-05,-1.1719688533249661,before_ekf,both,-3.252177545724124e-05,-0.49536187520416164,0.0021091205577591157,-3.560456574553799e-05,-1.1719688533249661,-0.0004893935357766465,-0.49872797956315373,0.0021236366537632193,0.000112835200201346,-1.120949988745715,nan,nan,nan,nan,-0.5083,nan,nan,nan,,0.07632969000042067,0.0625991150009213,0.04757500200139475,0.04757500200139475,0.03334177300348529,0.022012259003531653,nan,profile,1,1,1,2,6.492576360702515,3.5074236392974854,0.6,-0.6,
1785159245.5686707,6.593291433000559,6.666666666666665,1.5715673849009508,-6.666666666666665,-1.5715673849009508,0.0,-0.002388449669172591,-2.1041557075223563,-0.4956617879918035,0.0018338085169862027,0.0006998347390308928,-1.2380728544525785,before_ekf,both,-0.002388449669172591,-0.4956617879918035,0.0018338085169862027,0.0006998347390308928,-1.2380728544525785,-0.0020638458364169213,-0.5009612339473981,0.002017428456452422,0.0003423249362280081,-1.1859122167064924,nan,nan,nan,nan,-0.5038,nan,nan,nan,,0.06760050099910586,0.056795125998178264,0.04499306199795683,0.04499306199795683,0.03355124199879356,0.02248946699910448,nan,profile,1,1,1,2,6.5940797328948975,3.4059202671051025,0.6,-0.6,
1785159245.673395,6.698014920002606,6.666666666666665,1.5714440446012004,-6.666666666666665,-1.5714440446012004,0.0,-2.9222785213598758e-06,-2.1041557075223563,-0.5044941643689781,0.001958741989794632,0.00032754442607366906,-1.30555402227035,before_ekf,both,-2.9222785213598758e-06,-0.5044941643689781,0.001958741989794632,0.00032754442607366906,-1.30555402227035,-0.000189777447724036,-0.505659550161918,0.0020286935956689116,0.0003302209474163607,-1.2516707377761458,nan,nan,nan,nan,-0.4954,nan,nan,nan,,0.0690296800021315,0.058174240999505855,0.04518384400216746,0.04518384400216746,0.033868857000925345,0.022728226002072915,nan,profile,1,1,1,2,6.6986918449401855,3.3013081550598145,0.6,-0.6,
1785159245.7760725,6.8006919080035,6.666666666666665,1.5695988484414438,-6.666666666666665,-1.5695988484414438,0.0,-0.0011168158880846134,-2.1041557075223563,-0.505261551149556,0.0018781440466067226,0.000711878162953015,-1.3730351900881212,before_ekf,both,-0.0011168158880846134,-0.505261551149556,0.0018781440466067226,0.000711878162953015,-1.3730351900881212,-0.0009170751921749078,-0.5043350584174491,0.002002278356637273,0.0004067171187171069,-1.2842073557455105,nan,nan,nan,nan,-0.5045,nan,nan,nan,,0.06860727599996608,0.057512139002938056,0.04558978600107366,0.04558978600107366,0.033837466002296424,0.022706341002049157,nan,profile,1,1,1,2,6.801681995391846,3.1983180046081543,0.6,-0.6,
1785159245.879414,6.904033930000878,6.666666666666665,1.5746575287746296,-6.666666666666665,-1.5746575287746296,0.0,0.0013114516507516556,-2.1041557075223563,-0.49957685459986434,0.001952380055297312,0.0003262635436075624,-1.404710023961769,before_ekf,both,0.0013114516507516556,-0.49957685459986434,0.001952380055297312,0.0003262635436075624,-1.404710023961769,0.0006334290209596122,-0.500575369682474,0.002009445035465513,0.00038711683954742617,-1.3539500130659294,nan,nan,nan,nan,-0.5075,nan,nan,nan,,0.06864385999870137,0.05794211999818799,0.04618433599898708,0.04618433599898708,0.034308800000872,0.02283917900058441,nan,profile,1,1,1,2,6.904973268508911,3.095026731491089,0.6,-0.6,
1785159245.9812744,7.0058961090035154,6.666666666666665,1.5703315557643374,-6.666666666666665,-1.5703315557643374,0.0,0.000132982402747718,-2.1041557075223563,-0.4955337844659014,0.0019523800552973128,0.00032626354360756253,-1.470814025089382,before_ekf,both,0.000132982402747718,-0.4955337844659014,0.0019523800552973128,0.00032626354360756253,-1.470814025089382,0.0002855708492972909,-0.5002776755931079,0.0020089255861617354,0.0003839259542726248,-1.3817970667376396,nan,nan,nan,nan,-0.5062,nan,nan,nan,,0.067008034002356,0.056014953002886614,0.04439323400220019,0.04439323400220019,0.032964883001113776,0.02200688000084483,nan,profile,1,1,1,2,7.006681680679321,2.9933183193206787,0.6,-0.6,
1785159246.08286,7.107482139002968,6.666666666666665,1.5718812706855492,-6.666666666666665,-1.5718812706855492,0.0,0.00013298240274771812,-2.1041557075223563,-0.49493090644108284,0.0019523800552973154,0.0003262635436075349,-1.5038660256531884,before_ekf,both,0.00013298240274771812,-0.49493090644108284,0.0019523800552973154,0.0003262635436075349,-1.5038660256531884,0.00015328586764064403,-0.5030438644600701,0.0020114603207076103,0.0003649202027739435,-1.4526776394561447,nan,nan,nan,nan,-0.5041,nan,nan,nan,,0.06751448700015317,0.056678912002098514,0.04515864000131842,0.04515864000131842,0.03395755800011102,0.022658923000562936,nan,profile,1,1,1,2,7.108281135559082,2.891718864440918,0.6,-0.6,
1785159246.1852014,7.209823885001242,6.666666666666665,1.570477284334584,-6.666666666666665,-1.570477284334584,0.0,8.060922738685608e-17,-2.1041557075223563,-0.49577839430807485,0.001952380055297314,0.00032626354360753483,-1.5699700267808012,before_ekf,both,8.060922738685608e-17,-0.49577839430807485,0.001952380055297314,0.00032626354360753483,-1.5699700267808012,3.641273809175277e-05,-0.503056037403111,0.0020112070443831947,0.0003641086240287257,-1.4877573466719662,nan,nan,nan,nan,-0.5025,nan,nan,nan,,0.06791692999831866,0.056929662998300046,0.045558406000054674,0.045558406000054674,0.03408236099858186,0.022505916000227444,nan,profile,1,1,1,2,7.210604667663574,2.789395332336426,0.6,-0.6,
1785159246.2866178,7.311228753002069,6.666666666666665,1.5724710241603377,-6.666666666666665,-1.5724710241603377,0.0,-8.664820306485901e-17,-2.1041557075223563,-0.4954371760005891,0.0019523800552973141,0.0003262635436075626,-1.6030220273446076,before_ekf,both,-8.664820306485901e-17,-0.4954371760005891,0.0019523800552973141,0.0003262635436075626,-1.6030220273446076,5.512826755524644e-06,-0.505277746329821,0.002011100822391503,0.00036400460473899707,-1.5532993488037095,nan,nan,nan,nan,-0.4995,nan,nan,nan,,0.06681021300028078,0.05601788900094107,0.04442019699854427,0.04442019699854427,0.032952667999779806,0.022084274001826998,nan,profile,1,1,1,2,7.312110424041748,2.687889575958252,0.6,-0.6,
1785159246.3901956,7.414821351001592,6.666666666666665,1.5705218937991743,-6.666666666666665,-1.5705218937991743,0.0,0.0011852449352474288,-2.1041557075223563,-0.5001313835358675,0.0019362145588140327,-6.609742090500626e-05,-1.6374511945985724,before_ekf,both,0.0011852449352474288,-0.5001313835358675,0.0019362145588140327,-6.609742090500626e-05,-1.6374511945985724,0.0008714285441620208,-0.5075342871501111,0.0020138901827214486,0.00027800287332271223,-1.58887158750936,nan,nan,nan,nan,-0.5003,nan,nan,nan,,0.06883129600100801,0.057862626999849454,0.0457402190004359,0.0457402190004359,0.0338267890001589,0.022029702999134315,nan,profile,1,1,1,2,7.415438652038574,2.584561347961426,0.6,-0.6,
1785159246.4912577,7.515878945003351,6.666666666666665,1.570643723050765,-6.666666666666665,-1.570643723050765,0.0,0.001185244935247429,-2.1041557075223563,-0.507804882885101,0.0019362145588140314,-6.609742090500611e-05,-1.7063095291065025,before_ekf,both,0.001185244935247429,-0.507804882885101,0.0019362145588140314,-6.609742090500611e-05,-1.7063095291065025,0.0011987653253939681,-0.5103839365228136,0.0020073862610035654,0.00012473450393795985,-1.6537492695825688,nan,nan,nan,nan,-0.4999,nan,nan,nan,,0.06684169200161705,0.05591211900173221,0.044735229002981214,0.044735229002981214,0.03338204800093081,0.022223056002985686,nan,profile,1,1,1,2,7.5167810916900635,2.4832189083099365,0.6,-0.6,
1785159246.607282,7.631902394001372,6.666666666666665,1.568954922849694,-6.666666666666665,-1.568954922849694,0.0,0.0035254845449817613,-2.1041557075223563,-0.5160858889168255,0.0018034285449721593,-0.0008399199902615861,-1.7751678636144324,before_ekf,both,0.0035254845449817613,-0.5160858889168255,0.0018034285449721593,-0.0008399199902615861,-1.7751678636144324,0.0020911925288647775,-0.5108314151026792,0.00199377131095678,-3.9033110818424983e-05,-1.6891466400825812,nan,nan,nan,nan,-0.4998,nan,nan,nan,,0.08051864699882572,0.06775507199927233,0.05570174799868255,0.05570174799868255,0.04431667400058359,0.03294316100073047,nan,profile,1,1,1,2,7.634629011154175,2.365370988845825,0.6,-0.6,
1785159246.720168,7.7447901320010715,6.666666666666665,1.5704487393754107,-6.666666666666665,-1.5704487393754107,0.0,0.0023402396097344054,-2.1041557075223563,-0.5047197836468236,0.0018034285449721602,-0.0008399199902615863,-1.841271864742045,before_ekf,both,0.0023402396097344054,-0.5047197836468236,0.0018034285449721602,-0.0008399199902615863,-1.841271864742045,0.0026517591774827516,-0.5105117591980035,0.0019374091758566007,-0.00042846094399982853,-1.7574119654809266,nan,nan,nan,nan,-0.5003,nan,nan,nan,,0.06724493299770984,0.056280575998243876,0.04491796299771522,0.04491796299771522,0.033378572999936296,0.02217107899923576,nan,profile,1,1,1,2,7.745640277862549,2.254359722137451,0.6,-0.6,
1785159246.8221817,7.846806327001104,6.666666666666665,1.5703910873747995,-6.666666666666665,-1.5703910873747995,0.0,0.003517008106222936,-2.1041557075223563,-0.5087618309678792,0.0016888987328104064,-0.0012155413047206516,-1.87570103199601,before_ekf,both,0.003517008106222936,-0.5087618309678792,0.0016888987328104064,-0.0012155413047206516,-1.87570103199601,0.003312321820379045,-0.5052363712452566,0.0018467619979555306,-0.0008345857626181957,-1.8281145213118406,nan,nan,nan,nan,-0.5027,nan,nan,nan,,0.0670131320002838,0.05626080100046238,0.04461671199896955,0.04461671199896955,0.03305694300070172,0.021977472999424208,nan,profile,1,1,1,2,7.847497224807739,2.1525027751922607,0.6,-0.6,
1785159246.9244146,7.9490345690028335,6.666666666666665,1.570919345488842,-6.666666666666665,-1.570919345488842,0.0,0.0011767684964887777,-2.1041557075223563,-0.5012084224332826,0.0016888987328103867,-0.0012155413047207034,-1.9418050331236227,before_ekf,both,0.0011767684964887777,-0.5012084224332826,0.0016888987328103867,-0.0012155413047207034,-1.9418050331236227,0.0026732530150520603,-0.5037398633967766,0.0018084718096049752,-0.0009638127456896619,-1.8591748751018378,nan,nan,nan,nan,-0.4922,nan,nan,nan,,0.06727516500177444,0.0563088240014622,0.0445840850006789,0.0445840850006789,0.033175996999489143,0.02217009200103348,nan,profile,1,1,1,2,7.9497010707855225,2.0502989292144775,0.6,-0.6,
1785159247.0246751,8.049297712001135,6.666666666666665,1.5703649475438064,-6.666666666666665,-1.5703649475438064,0.0,0.0011767684964884488,-2.1041557075223563,-0.5011553950642875,0.0016888987328104073,-0.0012155413047206518,-1.9748570336874296,before_ekf,both,0.0011767684964884488,-0.5011553950642875,0.0016888987328104073,-0.0012155413047206518,-1.9748570336874296,0.0013254901254265345,-0.4974459626511962,0.001759776642014586,-0.00109707796226863,-1.9234293989933624,nan,nan,nan,nan,-0.4977,nan,nan,nan,,0.06611907399928896,0.05538513099963893,0.0442146599998523,0.0442146599998523,0.033006564000970684,0.02201348299786332,nan,profile,1,1,1,2,8.049951314926147,1.9500486850738525,0.6,-0.6,
1785159247.1255624,8.150185512000462,6.666666666666665,1.5703035812341415,-6.666666666666665,-1.5703035812341415,0.0,0.0011767684964886194,-2.1041557075223563,-0.4999549407120186,0.0016888987328104073,-0.0012155413047206518,-2.007909034251236,before_ekf,both,0.0011767684964886194,-0.4999549407120186,0.0016888987328104073,-0.0012155413047206518,-2.007909034251236,0.0012342963065438898,-0.4953625998358977,0.0017300368781893514,-0.0011733745887022484,-1.9579318823961955,nan,nan,nan,nan,-0.4997,nan,nan,nan,,0.06631544699848746,0.05563591299869586,0.04444618599882233,0.04444618599882233,0.0328813669984811,0.02179503399747773,nan,profile,1,1,1,2,8.150811433792114,1.8491885662078857,0.6,-0.6,
1785159247.226395,8.251019286002702,6.666666666666665,1.571378821210131,-6.666666666666665,-1.571378821210131,0.0,1.739005559510745e-16,-2.1041557075223563,-0.4963294873670835,0.0016888987328103808,-0.0012155413047207006,-2.0740130353788486,before_ekf,both,1.739005559510745e-16,-0.4963294873670835,0.0016888987328103808,-0.0012155413047207006,-2.0740130353788486,8.159793133737849e-05,-0.4896574229185299,0.0017297622443725503,-0.0011652980031383452,-2.021898102417598,nan,nan,nan,nan,-0.5063,nan,nan,nan,,0.06601565700111678,0.0552784290011914,0.04386234699995839,0.04386234699995839,0.032729934002418304,0.021911908999754814,nan,profile,1,1,1,2,8.251638889312744,1.7483611106872559,0.6,-0.6,
1785159247.3263822,8.351006706001499,6.666666666666665,1.570224937642338,-6.666666666666665,-1.570224937642338,0.0,1.1700645372683584e-18,-2.1041557075223563,-0.4958644620991549,0.0016888987328104088,-0.0012155413047206527,-2.1401170365064615,before_ekf,both,1.1700645372683584e-18,-0.4958644620991549,0.0016888987328104088,-0.0012155413047206527,-2.1401170365064615,3.35140223294065e-06,-0.49027494137872774,0.0017297492435922157,-0.0011649985868575382,-2.055748146234168,nan,nan,nan,nan,-0.5067,nan,nan,nan,,0.06612595900151064,0.055433743000321556,0.044271558999753324,0.044271558999753324,0.033013526001013815,0.022088153000368038,nan,profile,1,1,1,2,8.351676940917969,1.6483230590820312,0.6,-0.6,
1785159247.4367385,8.46136323200335,6.666666666666665,1.5328003071178655,-6.666666666666665,-1.5328003071178655,0.0,-0.0011807586860929883,-2.1041557075223563,-0.4916263265245589,0.0019030842628074505,-0.0008863997267042497,-2.171791870380109,before_ekf,both,-0.0011807586860929883,-0.4916263265245589,0.0019030842628074505,-0.0008863997267042497,-2.171791870380109,-0.0008828086319832679,-0.4898394105337654,0.0017660961660987923,-0.0010980710380891722,-2.117514413478337,nan,nan,nan,nan,-0.5045,nan,nan,nan,,0.07509428800040041,0.06429647600089083,0.05319847600185312,0.05319847600185312,0.03524227300295024,0.02256472100270912,nan,profile,1,1,1,2,8.462054014205933,1.5379459857940674,0.6,-0.6,
1785159247.549832,8.57445293100318,6.666666666666665,1.5707025715584004,-6.666666666666665,-1.5707025715584004,0.0,-0.001180758686092989,-2.1041557075223563,-0.4880381987384343,0.0019030842628074173,-0.0008863997267042941,-2.237895871507722,before_ekf,both,-0.001180758686092989,-0.4880381987384343,0.0019030842628074173,-0.0008863997267042941,-2.237895871507722,-0.0012104693357745605,-0.48689453934301086,0.0018510018974083168,-0.0009665253104198479,-2.182597868165791,nan,nan,nan,nan,-0.5079,nan,nan,nan,,0.06942235400128993,0.057682992999616545,0.04573595800320618,0.04573595800320618,0.03389622400209191,0.02264962100161938,nan,profile,1,1,1,2,8.575138330459595,1.4248616695404053,0.6,-0.6,
1785159247.6542459,8.678870666000876,6.666666666666665,1.5639236019690994,-6.666666666666665,-1.5639236019690994,0.0,-0.0024497983954451024,-2.1041557075223563,-0.4878173629314947,0.002148378548863054,-0.0005797397637686361,-2.302622705945176,before_ekf,both,-0.0024497983954451024,-0.4878173629314947,0.002148378548863054,-0.0005797397637686361,-2.302622705945176,-0.002166235168500643,-0.48664055166807846,0.0019552042179159256,-0.0008189924712507394,-2.219797491817472,nan,nan,nan,nan,-0.5074,nan,nan,nan,,0.06906578000052832,0.058068809998076176,0.046286849999887636,0.046286849999887636,0.03459717700025067,0.022884489000716712,nan,profile,1,1,1,2,8.679706573486328,1.3202934265136719,0.6,-0.6,
1785159247.7572238,8.78184905800299,6.666666666666665,1.5711415537284976,-6.666666666666665,-1.5711415537284976,0.0,-0.0012690397093522792,-2.1041557075223563,-0.49199644787044045,0.002148378548863091,-0.0005797397637685951,-2.3356747065089825,before_ekf,both,-0.0012690397093522792,-0.49199644787044045,0.002148378548863091,-0.0005797397637685951,-2.3356747065089825,-0.001666890906395737,-0.4910102509229787,0.002111411235176527,-0.0006270204291791095,-2.286198538644396,nan,nan,nan,nan,-0.5078,nan,nan,nan,,0.06811659100276302,0.05722954100201605,0.045364812001935206,0.045364812001935206,0.03374082099981024,0.022430182001698995,nan,profile,1,1,1,2,8.782687187194824,1.2173128128051758,0.6,-0.6,
1785159247.8585775,8.88320254700011,6.666666666666665,1.570356375752666,-6.666666666666665,-1.570356375752666,0.0,-0.0036177700940629694,-2.1041557075223563,-0.49512426694329414,0.0027100982014694732,-3.117052853534154e-05,-2.4017787076365953,before_ekf,both,-0.0036177700940629694,-0.49512426694329414,0.0027100982014694732,-3.117052853534154e-05,-2.4017787076365953,-0.0022862885935431634,-0.49203354581618697,0.0022122419679930466,-0.0005113241445872343,-2.3155287288657913,nan,nan,nan,nan,-0.5062,nan,nan,nan,,0.06708085499849403,0.05620137399819214,0.04451629999675788,0.04451629999675788,0.033198508997884346,0.022272741996857803,nan,profile,1,1,1,2,8.883811235427856,1.1161887645721436,0.6,-0.6,
1785159247.9593325,8.983957001000817,6.666666666666665,1.5704291447565613,-6.666666666666665,-1.5704291447565613,0.0,-0.0023487303847106906,-2.1041557075223563,-0.4958024734171305,0.0027100982014694732,-3.117052853534154e-05,-2.4348307082004017,before_ekf,both,-0.0023487303847106906,-0.4958024734171305,0.0027100982014694732,-3.117052853534154e-05,-2.4348307082004017,-0.002711985064075833,-0.4989627478313774,0.0025016791806974905,-0.00021419235507965284,-2.384956973056772,nan,nan,nan,nan,-0.4999,nan,nan,nan,,0.06711212499794783,0.056318334998650244,0.045120938000764,0.045120938000764,0.03387306600052398,0.02209429899812676,nan,profile,1,1,1,2,8.98459529876709,1.0154047012329102,0.6,-0.6,
1785159248.0599258,9.08455123600288,6.666666666666665,1.570176813533117,-6.666666666666665,-1.570176813533117,0.0,-0.0035267950485962465,-2.1041557075223563,-0.49977195794972495,0.003023134999064588,0.0002059294780044321,-2.502311876018173,before_ekf,both,-0.0035267950485962465,-0.49977195794972495,0.003023134999064588,0.0002059294780044321,-2.502311876018173,-0.00251347820559001,-0.49980965183201115,0.0026039974542066595,-0.00012125487782043971,-2.4149449746945892,nan,nan,nan,nan,-0.4931,nan,nan,nan,,0.06651266799963196,0.055796021999412915,0.04439320500023314,0.04439320500023314,0.03319019000264234,0.022268961001827847,nan,profile,1,1,1,2,9.085170984268188,0.9148290157318115,0.6,-0.6,
1785159248.1621256,9.186744328002533,6.666666666666665,1.5708870612315535,-6.666666666666665,-1.8327015714368122,0.0,-0.001169289208429547,-2.1041557075223563,-0.5082718734433886,0.0027021221718219737,-2.025454993643668e-05,-2.536741043272138,before_ekf,both,-0.001169289208429547,-0.5082718734433886,0.0027021221718219737,-2.025454993643668e-05,-2.536741043272138,-0.0018337007736904136,-0.507013625368773,0.002852895643697828,8.592964614104485e-05,-2.4858314104402974,nan,nan,nan,nan,-0.4891,nan,nan,nan,,0.06830772800094564,0.05736715600141906,0.04601469400222413,0.04601469400222413,0.03437722500166274,0.022932046002097195,nan,profile,1,1,1,2,9.187711238861084,0.812288761138916,0.6,-0.6,
1785159248.264301,9.288921730003494,6.666666666666665,1.5703876491130915,-6.666666666666665,-1.5703876491130915,0.0,-0.0011808265964468522,-2.1041557075223563,-0.503951827748405,0.003030730548107245,0.00019474541467976345,-2.6042222110899096,before_ekf,both,-0.0011808265964468522,-0.503951827748405,0.003030730548107245,0.00019474541467976345,-2.6042222110899096,-0.0013986908489433715,-0.5078728238618122,0.0029175447909658295,0.00013214615379875903,-2.521404844700518,nan,nan,nan,nan,-0.4927,nan,nan,nan,,0.06693434200133197,0.0561765180027578,0.044988828001805814,0.044988828001805814,0.033773894003388705,0.022567176001757616,nan,profile,1,1,1,2,9.289825439453125,0.710174560546875,0.6,-0.6,
1785159248.3662674,9.390888421999989,6.666666666666665,1.5331410488035686,-6.666666666666665,-1.5331410488035686,0.0,-0.0011808265964468522,-2.1041557075223563,-0.5091462552367032,0.003030730548107245,0.00019474541467976345,-2.637274211653716,before_ekf,both,-0.0011808265964468522,-0.5091462552367032,0.003030730548107245,0.00019474541467976345,-2.637274211653716,-0.0012266928205411202,-0.5074832597603143,0.0030447610612415964,0.0002162889190296582,-2.5877372784264825,nan,nan,nan,nan,-0.4925,nan,nan,nan,,0.06716393399983644,0.056450314998073736,0.044721358997776406,0.044721358997776406,0.0333731729988358,0.022293844998785062,nan,profile,1,1,1,2,9.391825437545776,0.6081745624542236,0.6,-0.6,
1785159248.4709644,9.495582158000616,6.666666666666665,1.5714613063612966,-6.666666666666665,-1.5714613063612966,0.0,-3.6778857748316804e-05,-2.1041557075223563,-0.5014220824820086,0.002682203146108999,1.3811449360484417e-05,-2.704755379471487,before_ekf,both,-3.6778857748316804e-05,-0.5014220824820086,0.002682203146108999,1.3811449360484417e-05,-2.704755379471487,0.0004919245414014012,-0.5063288230224682,0.002971452937862686,0.00016605872419037088,-2.618232641149089,nan,nan,nan,nan,-0.4923,nan,nan,nan,,0.06898744899808662,0.05809052599943243,0.046818161998089636,0.046818161998089636,0.03498667399981059,0.02361898599701817,nan,profile,1,1,1,2,9.496618747711182,0.5033812522888184,0.6,-0.6,
1785159248.5831342,9.60774890600078,6.666666666666665,1.5703082906812358,-6.666666666666665,-1.5703082906812358,0.0,-0.00012669317187562489,-2.1041557075223563,-0.5097289204740858,0.003039493714048875,0.00017675898635017607,-2.7722365472892583,before_ekf,both,-0.00012669317187562489,-0.5097289204740858,0.003039493714048875,0.00017675898635017607,-2.7722365472892583,-3.762173656597551e-05,-0.5028944225971842,0.0029813353475387195,0.0001732031125974742,-2.687967499204253,nan,nan,nan,nan,-0.4963,nan,nan,nan,,0.07633024999813642,0.0651958119997289,0.053271639000740834,0.053271639000740834,0.03818166299970471,0.02332374799880199,nan,profile,1,1,1,2,9.608957290649414,0.39104270935058594,0.6,-0.6,
1785159248.6914427,9.716063355001097,6.666666666666665,1.569499480763931,-6.666666666666665,-1.569499480763931,0.0,-0.00012669317187545879,-2.1041557075223563,-0.5048786521839496,0.003039493714048823,0.00017675898635015732,-2.8052885478530647,before_ekf,both,-0.00012669317187545879,-0.5048786521839496,0.003039493714048823,0.00017675898635015732,-2.8052885478530647,-0.00010675328012893013,-0.5057413116265695,0.002996801994997275,0.00018051164275956251,-2.753938651328386,nan,nan,nan,nan,-0.4991,nan,nan,nan,,0.06947215999753098,0.058385123000334715,0.04608370400092099,0.04608370400092099,0.03410816500036162,0.022843996001029154,nan,profile,1,1,1,2,9.717066049575806,0.28293395042419434,0.6,-0.6,
1785159248.801382,9.826003651000065,6.666666666666665,1.5717253736632693,-6.666666666666665,-1.5717253736632693,0.0,-9.744098629185482e-05,-2.1041557075223563,-0.507991635137644,0.002661852585062824,6.907599118424458e-05,-2.8727697156708363,before_ekf,both,-9.744098629185482e-05,-0.507991635137644,0.002661852585062824,6.907599118424458e-05,-2.8727697156708363,-0.001012766411926879,-0.5039312444804366,0.003072010686672789,0.00021241593481791321,-2.78932998360403,nan,nan,nan,nan,-0.5013,nan,nan,nan,,0.06877387199710938,0.057292834997497266,0.04571069099984015,0.04571069099984015,0.034308173999306746,0.022708737997163553,nan,profile,1,1,1,2,9.827356338500977,0.17264366149902344,0.6,-0.6,
1785159248.9026253,9.927237320000131,6.666666666666665,1.5707737233610177,-6.666666666666665,-1.5707737233610177,0.0,-1.4093292382210808e-05,-2.1041557075223563,-0.5021180985342547,0.0030413609579147973,0.00016998111833331627,-2.940250883488608,before_ekf,both,-1.4093292382210808e-05,-0.5021180985342547,0.0030413609579147973,0.00016998111833331627,-2.940250883488608,-0.00013269846798038906,-0.5049464687822871,0.003081290866006694,0.00021272394657756715,-2.855341481457814,nan,nan,nan,nan,-0.5058,nan,nan,nan,,0.06630379499983974,0.05539867699917522,0.04418972499843221,0.04418972499843221,0.03304398399995989,0.022007337996910792,nan,profile,1,1,1,2,9.927835941314697,0.07216405868530273,0.6,-0.6,
1785159249.0030925,10.027717050001229,6.666666666666665,1.8334934113031542,-6.666666666666665,-1.5715657811169894,0.0,-0.0011859222378463013,-2.1041557075223563,-0.5092894576043211,0.0034290803483264685,0.0002322878117824849,-2.9912060510244762,before_ekf,both,-0.0011859222378463013,-0.5092894576043211,0.0034290803483264685,0.0002322878117824849,-2.9912060510244762,-3.620342729850158e-05,-0.5032731228723696,0.0030819190564631916,0.0002126517160308971,-2.8903362608660297,nan,nan,nan,nan,-0.5053,nan,nan,nan,,0.06602808399838977,0.05518984099762747,0.04403009599991492,0.04403009599991492,0.03291131199875963,0.02195989200117765,nan,profile,1,1,2,2,0.028369665145874023,9.971630334854126,0.0,0.0,
1785159249.1038532,10.128473691002,6.666666666666665,1.5736580554418789,-6.666666666666665,-1.5736580554418789,0.0,-0.002361070338362978,-2.1041557075223563,-0.5048186795742812,0.0034290803483265236,0.00023228781178249276,-3.040784051870186,before_ekf,both,-0.002361070338362978,-0.5048186795742812,0.0034290803483265236,0.00023228781178249276,-3.040784051870186,-0.001107678760981809,-0.5044821586504128,0.0032269216255821805,0.000248054370623129,-2.955864749534709,nan,nan,nan,nan,-0.5091,nan,nan,nan,,0.06725580599959358,0.05579587800093577,0.04450771800111397,0.04450771800111397,0.03338091000114218,0.02255507199879503,nan,profile,1,1,2,2,0.12916851043701172,9.870831489562988,0.0,0.0,
1785159249.2119057,10.23653042800288,0.0,1.5718819785210016,0.0,-1.5718819785210016,0.0,-0.0011718289454637656,0.0,-0.49955564439019484,0.003429080348326468,0.00023228781178248853,-3.0738360524339923,before_ekf,both,-0.0011718289454637656,-0.49955564439019484,0.003429080348326468,0.00023228781178248853,-3.0738360524339923,-0.0014433809962043369,-0.5012362235724283,0.00345306174721722,0.00028559168262879786,-3.0209368243450285,nan,nan,nan,nan,-0.5025,nan,nan,nan,,0.07276089300285093,0.06183669900201494,0.05004149800151936,0.05004149800151936,0.038052348001656355,0.022893909001140855,nan,profile,1,1,2,2,0.23716282844543457,9.762837171554565,0.0,0.0,
1785159249.312081,10.33669983800064,0.0,1.5723240754828396,0.0,-1.5723240754828396,0.0,-0.0011718289454639259,0.0,-0.5008617680678903,0.003429080348326468,0.00023228781178248853,-3.1068880529977987,before_ekf,both,-0.0011718289454639259,-0.5008617680678903,0.003429080348326468,0.00023228781178248853,-3.1068880529977987,-0.0012706314778863446,-0.5005920836429859,0.0035359926552701922,0.000293771624050742,-3.056402963165109,nan,nan,nan,nan,-0.5013,nan,nan,nan,,0.06627765099983662,0.055390437999449205,0.04417701499914983,0.04417701499914983,0.03308299399941461,0.022058208000089508,nan,profile,1,1,2,2,0.3376495838165283,9.662350416183472,0.0,0.0,
1785159249.41531,10.43993017700268,0.0,1.5715063962449758,0.0,-1.5715063962449758,0.0,-5.8051461440445776e-18,0.0,-0.49738267195315056,0.0034290803483265236,0.00023228781178248907,3.110193253054175,before_ekf,both,-5.8051461440445776e-18,-0.49738267195315056,0.0034290803483265236,0.00023228781178248907,3.110193253054175,-0.0003443880701933594,-0.4998069541435528,0.0036068715975473204,0.0002961883713664381,-3.120943310448339,nan,nan,nan,nan,-0.4978,nan,nan,nan,,0.06820285499998135,0.05720893000034266,0.04536386900144862,0.04536386900144862,0.03392485500080511,0.02272804099993664,nan,profile,1,1,2,2,0.4407532215118408,9.55924677848816,0.0,0.0,
1785159249.519343,10.543963257001451,0.0,1.3119401981138037,0.0,-1.5743282377365646,0.0,-2.846179361748847e-18,0.0,-0.49585182547631057,0.003429080348326468,0.0002322878117824922,3.027563251644659,before_ekf,both,-2.846179361748847e-18,-0.49585182547631057,0.003429080348326468,0.0002322878117824922,3.027563251644659,-8.447774242832669e-05,-0.49943871234505594,0.0036066286987300415,0.000295494043848161,3.1271691344483408,nan,nan,nan,nan,-0.4909,nan,nan,nan,,0.06775166599982185,0.05676048600071226,0.045462583999324124,0.045462583999324124,0.034175913999206387,0.02301982100107125,nan,profile,1,1,2,2,0.5448074340820312,9.455192565917969,0.0,0.0,
1785159249.627288,10.651909019001323,0.0,1.5715077640747712,0.0,-1.5715077640747712,0.0,-1.6933335027742906e-16,0.0,-0.4975071521716459,0.003429080348326523,0.0002322878117824854,3.011037251362756,before_ekf,both,-1.6933335027742906e-16,-0.4975071521716459,0.003429080348326523,0.0002322878117824854,3.011037251362756,1.1044500277882773e-05,-0.49907263741644103,0.0036074665748891377,0.0002953460143368518,3.062287239647203,nan,nan,nan,nan,-0.4914,nan,nan,nan,,0.07247176999953808,0.06146821199945407,0.04748677200041129,0.04748677200041129,0.03439403999800561,0.023021951001283014,nan,profile,1,1,2,2,0.6528406143188477,9.347159385681152,0.0,0.0,
1785159249.7304678,10.755092350002087,0.0,1.5700223371831121,0.0,-1.5700223371831121,0.0,-2.4260736665559885e-18,0.0,-0.4955414032125972,0.003429080348326523,0.0002322878117824854,2.9449332502351426,before_ekf,both,-2.4260736665559885e-18,-0.4955414032125972,0.003429080348326523,0.0002322878117824854,2.9449332502351426,9.876638939186959e-06,-0.4980967869311169,0.0036077483438408677,0.0002953825098634884,3.026993400375183,nan,nan,nan,nan,-0.4678,nan,nan,nan,,0.06716504200085183,0.05624601499948767,0.04467988000033074,0.04467988000033074,0.03311243200005265,0.02209321999907843,nan,profile,1,1,2,2,0.7559916973114014,9.244008302688599,0.0,0.0,
1785159249.8316276,10.856234015001974,0.0,1.5708145796603123,0.0,-1.5708145796603123,0.0,-0.0011796086321555995,0.0,-0.49995154819151305,0.0038121252531776923,0.00014577162475785423,2.8939780826992743,before_ekf,both,-0.0011796086321555995,-0.49995154819151305,0.0038121252531776923,0.00014577162475785423,2.8939780826992743,-0.0009037660860099191,-0.4974288928671705,0.0036811643149065477,0.000285598926086499,2.9581720714642596,nan,nan,nan,nan,-0.4346,nan,nan,nan,,0.06655242900160374,0.05586383899935754,0.044358033999742474,0.044358033999742474,0.03323878399896785,0.022303870999166975,nan,profile,1,1,2,2,0.856975793838501,9.143024206161499,0.0,0.0,
1785159249.9315815,10.956203209003434,0.0,1.5733047882161806,0.0,-1.5733047882161806,0.0,-0.0023614517723287995,0.0,-0.4952005820458959,0.004192103380173943,4.664421863995225e-05,2.845777248543724,before_ekf,both,-0.0023614517723287995,-0.4952005820458959,0.004192103380173943,4.664421863995225e-05,2.845777248543724,-0.0018454647836677021,-0.49748166201463595,0.003820446017982983,0.000260832242779295,2.9283401359854686,nan,nan,nan,nan,-0.3909,nan,nan,nan,,0.0657983780001814,0.05513589100155514,0.043910897002206184,0.043910897002206184,0.032750909002061235,0.021880247000808595,nan,profile,1,1,2,2,0.9571311473846436,9.042868852615356,0.0,0.0,
1785159250.033234,11.057858324002154,0.0,1.5455075423462201,0.0,-1.8030921327372569,0.0,-0.0023614517723287995,0.0,-0.4939055824004653,0.004192103380173943,4.664421863995225e-05,2.8127252479799174,before_ekf,both,-0.0023614517723287995,-0.4939055824004653,0.004192103380173943,4.664421863995225e-05,2.8127252479799174,-0.0023771332916720875,-0.49777248894259263,0.004119663623835672,0.00018769292279174042,2.8636863260199625,nan,nan,nan,nan,-0.338,nan,nan,nan,,0.06642961499892408,0.05545381200136035,0.04412373400191427,0.04412373400191427,0.0329393819993129,0.02189303200066206,nan,profile,1,1,2,2,1.0584912300109863,8.941508769989014,0.0,0.0,
1785159250.1341538,11.158773581002606,0.0,1.5712055787119839,0.0,-1.5712055787119839,0.0,-0.0011818431401731983,0.0,-0.49158340680046175,0.004192103380173891,4.664421863997232e-05,2.7466212468523046,before_ekf,both,-0.0011818431401731983,-0.49158340680046175,0.004192103380173891,4.664421863997232e-05,2.7466212468523046,-0.0024160266205039693,-0.49956019997337975,0.004278080720686918,0.00013980064426188699,2.828727249501547,nan,nan,nan,nan,-0.2782,nan,nan,nan,,0.06613602099969285,0.055429652999009704,0.04432472299959045,0.04432472299959045,0.033053690000087954,0.021936277000349946,nan,profile,1,1,2,2,1.1594433784484863,8.840556621551514,0.0,0.0,
1785159250.235635,11.260259229002259,0.0,1.5878882864430854,0.0,-1.9054659437317027,0.0,-0.0011758863800767792,0.0,-0.5000895623312355,0.0045531956622716216,-0.00010769570995667702,2.712192079598339,before_ekf,both,-0.0011758863800767792,-0.5000895623312355,0.0045531956622716216,-0.00010769570995667702,2.712192079598339,-0.0013021837086495968,-0.5010945857333741,0.004422740334771663,8.425319952844743e-05,2.7609034512911084,nan,nan,nan,nan,-0.2188,nan,nan,nan,,0.06645552500049234,0.055599502000404755,0.04427854700043099,0.04427854700043099,0.033145184999739286,0.02203179099888075,nan,profile,1,1,2,2,1.2608599662780762,8.739140033721924,0.0,0.0,
1785159250.3372633,11.361883702000341,0.0,1.6113369191458384,0.0,-1.6113369191458384,0.0,-0.0011084228478296025,0.0,-0.5068440429626868,0.00454704767548147,-0.0001197363866875607,2.643333745090409,before_ekf,both,-0.0011084228478296025,-0.5068440429626868,0.00454704767548147,-0.0001197363866875607,2.643333745090409,-0.00036244194834029943,-0.5039589598182864,0.0044150574244546026,8.44148833210496e-05,2.727576143453554,nan,nan,nan,nan,-0.1596,nan,nan,nan,,0.06765110599735635,0.056516826000006404,0.04504371499933768,0.04504371499933768,0.033789003999117995,0.022692340997309657,nan,profile,1,1,2,2,1.3628113269805908,8.63718867301941,0.0,0.0,
1785159250.4416893,11.466309546001867,0.0,1.6472591823928187,0.0,-1.6472591823928187,0.0,-0.001108422847829419,0.0,-0.5084402625319765,0.004547047675481373,-0.00011973638668750525,2.5772297439627967,before_ekf,both,-0.001108422847829419,-0.5084402625319765,0.004547047675481373,-0.00011973638668750525,2.5772297439627967,-0.0010642599411493938,-0.5075026124782962,0.004555815288584707,1.9273107845246158e-05,2.6573439233066463,nan,nan,nan,nan,-0.0925,nan,nan,nan,,0.06966349100184743,0.05873483699906501,0.04740548599875183,0.04740548599875183,0.03585736300010467,0.022145951999846147,nan,profile,1,1,2,2,1.467259168624878,8.532740831375122,0.0,0.0,
1785159250.5445926,11.569213440001477,0.0,1.6046355553326856,0.0,-1.6046355553326856,0.0,6.746353224719554e-05,0.0,-0.5042677270264,0.004547047675481464,-0.00011973638668756846,2.5276517431170875,before_ekf,both,6.746353224719554e-05,-0.5042677270264,0.004547047675481464,-0.00011973638668756846,2.5276517431170875,-0.0001987871844269919,-0.5067969312465637,0.004619202870906404,-1.7627616185083452e-05,2.590944068152954,nan,nan,nan,nan,-0.0576,nan,nan,nan,,0.06783630100107985,0.05702105000091251,0.04576757199902204,0.04576757199902204,0.033926636999240145,0.022750826999981655,nan,profile,1,1,2,2,1.5701959133148193,8.42980408668518,0.0,0.0,
1785159250.650239,11.674859910002851,0.0,1.5690860543773466,0.0,-1.5690860543773466,0.0,6.750248829738633e-06,0.0,-0.5074908251675293,0.004551200049446389,-0.00011406330243257212,2.47531940889106,before_ekf,both,6.750248829738633e-06,-0.5074908251675293,0.004551200049446389,-0.00011406330243257212,2.47531940889106,-0.0015105583647942612,-0.5068591751084076,0.00473342123273441,-8.512102443345914e-05,2.5606593277829806,nan,nan,nan,nan,-0.0357,nan,nan,nan,,0.06940285400196444,0.058483415999944555,0.04592667200267897,0.04592667200267897,0.03398521599956439,0.022860654000396607,nan,profile,1,1,2,2,1.675795316696167,8.324204683303833,0.0,0.0,
1785159250.7511096,11.775734959002875,0.0,1.570806756951763,0.0,-1.570806756951763,0.0,6.750248829384307e-06,0.0,-0.5024883427420709,0.004551200049446389,-0.00011406330243257212,2.425741408045351,before_ekf,both,6.750248829384307e-06,-0.5024883427420709,0.004551200049446389,-0.00011406330243257212,2.425741408045351,-8.356233069720805e-05,-0.5040115894958768,0.004736590249005876,-9.186537472408661e-05,2.4895988681635046,nan,nan,nan,nan,0.0,nan,nan,nan,,0.06658869100283482,0.05586557500282652,0.04427443399981712,0.04427443399981712,0.03287587200247799,0.02191978400151129,nan,profile,1,1,2,2,1.7764666080474854,8.223533391952515,0.0,0.0,
1785159250.8522904,11.876915382003062,0.0,1.5695479397545749,0.0,-1.5695479397545749,0.0,6.750248829052934e-06,0.0,-0.503810024689838,0.0045512000494464695,-0.00011406330243264838,2.376163407199641,before_ekf,both,6.750248829052934e-06,-0.503810024689838,0.0045512000494464695,-0.00011406330243264838,2.376163407199641,-1.1490357721873707e-05,-0.502935734822728,0.004736029141503709,-9.161370965525327e-05,2.4649651092167923,nan,nan,nan,nan,0.0137,nan,nan,nan,,0.06625459399947431,0.05522702800226398,0.044008007000229554,0.044008007000229554,0.03282241400302155,0.022083805000875145,nan,profile,1,1,2,2,1.8775763511657715,8.122423648834229,0.0,0.0,
1785159250.9635334,11.988158170002862,0.0,1.56997662629854,0.0,-1.3083138552487832,0.0,0.0011815379361740544,0.0,-0.500025772273579,0.004551200049446468,-0.00011406330243264968,2.343111406635835,before_ekf,both,0.0011815379361740544,-0.500025772273579,0.004551200049446468,-0.00011406330243264968,2.343111406635835,0.0008784467768253976,-0.4992782521657748,0.004685058216198901,-4.928380172811922e-05,2.3992201278252256,nan,nan,nan,nan,0.0116,nan,nan,nan,,0.07719096300206729,0.06529554500230006,0.05396030200063251,0.05396030200063251,0.042864827999437694,0.03200751400072477,nan,profile,1,1,2,2,1.989940881729126,8.010059118270874,0.0,0.0,
1785159251.0785675,12.103191796002648,0.0,1.3087685588822222,0.0,-1.3087685588822222,0.0,3.308189321314149e-19,0.0,-0.4957888179455874,0.004551200049446391,-0.00011406330243256952,2.2770074055082223,before_ekf,both,3.308189321314149e-19,-0.4957888179455874,0.004551200049446391,-0.00011406330243256952,2.2770074055082223,0.0002818819782532412,-0.49576035713742167,0.004677812642183423,-4.0251759765414825e-05,2.3603740799348385,nan,nan,nan,nan,0.0,nan,nan,nan,,0.07444119600040722,0.06338917500033858,0.05189608400178258,0.05189608400178258,0.038784033000411,0.025024787999427645,nan,profile,1,1,2,2,2.1044163703918457,7.895583629608154,0.0,0.0,
1785159251.1863666,12.210990815001423,0.0,1.0472174169109965,0.0,-1.3090217711387457,0.0,-0.0011843585860206078,0.0,-0.49146769346204733,0.004798768069757908,-0.00041889062233392023,2.2122805710707674,before_ekf,both,-0.0011843585860206078,-0.49146769346204733,0.004798768069757908,-0.00041889062233392023,2.2122805710707674,-0.0008205491981165141,-0.49274830578606704,0.004739166072203652,-0.00010259864099629331,2.291288820628976,nan,nan,nan,nan,0.0,nan,nan,nan,,0.06835023700114107,0.05687047099854681,0.04539394099992933,0.04539394099992933,0.033776645999751054,0.022409799999877578,nan,profile,1,1,2,2,2.211798667907715,7.788201332092285,0.0,0.0,
1785159251.28783,12.31245028000194,0.0,0.7851907631092807,0.0,-1.0469210174790409,0.0,-0.0011843585860206113,0.0,-0.49169571888119334,0.00479876806975791,-0.00041889062233391915,2.1792285705069614,before_ekf,both,-0.0011843585860206113,-0.49169571888119334,0.00479876806975791,-0.00041889062233391915,2.1792285705069614,-0.0011738317734373105,-0.4926735372244359,0.0048401840126524286,-0.00022321528740676226,2.227381775598001,nan,nan,nan,nan,0.0,nan,nan,nan,,0.06736179799918318,0.05641085800016299,0.04499600300187012,0.04499600300187012,0.03387435699914931,0.022886026999913156,nan,profile,1,1,2,2,2.3135054111480713,7.686494588851929,0.0,0.0,
1785159251.3912644,12.41588867700193,0.0,0.7856050524880211,0.0,-0.7856050524880211,0.0,-5.5013507183989285e-06,0.0,-0.48738089119503003,0.0045821407577930975,-9.135096465868497e-05,2.114501736069507,before_ekf,both,-5.5013507183989285e-06,-0.48738089119503003,0.0045821407577930975,-9.135096465868497e-05,2.114501736069507,-0.0003327066292828522,-0.4934992029911874,0.004836032258170092,-0.00022184987893136154,2.1929889914930074,nan,nan,nan,nan,0.0,nan,nan,nan,,0.06833899300181656,0.05757498000093619,0.045865830001275754,0.045865830001275754,0.033531130000483245,0.022218252001039218,nan,profile,1,1,2,2,2.4167284965515137,7.583271503448486,0.0,0.0,
1785159251.4936879,12.518311994001124,0.0,0.5240258828941518,0.0,-0.5240258828941518,0.0,0.0011788572353025415,0.0,-0.49150958143989715,0.004582140757793096,-9.135096465868591e-05,2.0814497355057004,before_ekf,both,0.0011788572353025415,-0.49150958143989715,0.004582140757793096,-9.135096465868591e-05,2.0814497355057004,0.0008600978848041311,-0.4968222001897691,0.004784207605478576,-0.00014843353988811342,2.1263806772637643,nan,nan,nan,nan,0.0,nan,nan,nan,,0.06640643699938664,0.05556100600006175,0.04434616700018523,0.04434616700018523,0.03302370999881532,0.02184343000044464,nan,profile,1,1,2,2,2.5191853046417236,7.480814695358276,0.0,0.0,
1785159251.5970066,12.621626192001713,0.0,0.26156112131130216,0.0,-0.26156112131130216,0.0,-1.444543402223434e-06,0.0,-0.4957057134785873,0.00476527898726509,-0.00043872517017132977,2.0139685676879284,before_ekf,both,-1.444543402223434e-06,-0.4957057134785873,0.00476527898726509,-0.00043872517017132977,2.0139685676879284,0.00027060198337001067,-0.4999469303519764,0.004788666617191791,-0.00015203278543169228,2.0934592807883554,nan,nan,nan,nan,0.0,nan,nan,nan,,0.06821037700137822,0.05740332099958323,0.045828800000890624,0.045828800000890624,0.03399870000066585,0.022719279000739334,nan,profile,1,1,2,2,2.622534990310669,7.377465009689331,0.0,0.0,
1785159251.6982956,12.722920327003521,0.0,0.0,0.0,-0.5235822565781038,0.0,-0.0023385668972426845,0.0,-0.5031384528652154,0.004924576965570222,-0.0007976577597444466,1.9795394004339626,before_ekf,both,-0.0023385668972426845,-0.5031384528652154,0.004924576965570222,-0.0007976577597444466,1.9795394004339626,-0.001673187862859031,-0.5030752755491893,0.004869863742937985,-0.00029625930852632986,2.0285530489857186,nan,nan,nan,nan,0.0,nan,nan,nan,,0.06633799500195892,0.055368776000250364,0.04413317100261338,0.04413317100261338,0.03298218500276562,0.021997493000526447,nan,profile,1,1,2,2,2.7235584259033203,7.27644157409668,0.0,0.0,
1785159251.7994194,12.824040816001798,0.0,0.0,0.0,0.0,0.0,-0.001160957058562517,0.0,-0.5074971370188438,0.004789844359683277,-0.000428800640170117,1.8927778989539716,before_ekf,both,-0.001160957058562517,-0.5074971370188438,0.004789844359683277,-0.000428800640170117,1.8927778989539716,-0.0021866997294799993,-0.5045357169658977,0.004933683251447787,-0.00042697630281002925,1.997719074076958,nan,nan,nan,nan,0.0,nan,nan,nan,,0.06723273800162133,0.05641541500153835,0.04485759000090184,0.04485759000090184,0.033526114999403944,0.02255885599879548,nan,profile,1,1,2,2,2.8247997760772705,7.1752002239227295,0.0,0.0,
1785159251.9001088,12.924734271000489,0.0,0.0,0.0,0.0,0.0,-0.0013343873352898374,0.0,-0.505908953559581,0.0049112864663572444,-0.0008022459967696933,1.8776290653622267,before_ekf,both,-0.0013343873352898374,-0.505908953559581,0.0049112864663572444,-0.0008022459967696933,1.8776290653622267,-0.0013642458251306975,-0.5061833511843336,0.004985814278904668,-0.0005539116506055918,1.9461780670037037,nan,nan,nan,nan,0.0,nan,nan,nan,,0.06600004199935938,0.05517034599688486,0.04397763700035284,0.04397763700035284,0.032790768000268145,0.021825362997333286,nan,profile,1,1,2,2,2.925236940383911,7.074763059616089,0.0,0.0,
1785159252.0008733,13.025497881000774,0.0,0.0,0.0,0.0,0.0,-0.00017612221675259031,0.0,-0.5043779831748507,0.004911286466357274,-0.0008022459967698004,1.811525064234614,before_ekf,both,-0.00017612221675259031,-0.5043779831748507,0.004911286466357274,-0.0008022459967698004,1.811525064234614,-0.0013648456002889795,-0.5060917980254371,0.00503300076463904,-0.0006793135044622168,1.8960918560259712,nan,nan,nan,nan,0.0,nan,nan,nan,,0.06687436599895591,0.05607947200041963,0.044619734999287175,0.044619734999287175,0.03304391599886003,0.022047460999601753,nan,profile,1,1,2,2,3.0261480808258057,6.973851919174194,0.0,0.0,
1785159252.1038544,13.128479286002403,0.0,0.0,0.0,0.0,0.0,-0.0013291978301246694,0.0,-0.508869308250277,0.005001491192909203,-0.0011844390854794877,1.7770958969806492,before_ekf,both,-0.0013291978301246694,-0.508869308250277,0.005001491192909203,-0.0011844390854794877,1.7770958969806492,-0.0011012051412376913,-0.5071717092046325,0.005059365251942241,-0.0007692365559811951,1.8345972486319013,nan,nan,nan,nan,0.0,nan,nan,nan,,0.06859974699909799,0.05786988399995607,0.04576301099950797,0.04576301099950797,0.033947263000300154,0.022701263998897048,nan,profile,1,1,2,2,3.1291654109954834,6.870834589004517,0.0,0.0,
1785159252.2061994,13.230819663000148,0.0,0.0,0.0,0.0,0.0,-0.001153075613372084,0.0,-0.503100807439443,0.005001491192909181,-0.0011844390854793788,1.7109918958530355,before_ekf,both,-0.001153075613372084,-0.503100807439443,0.005001491192909181,-0.0011844390854793788,1.7109918958530355,-0.002146677666315224,-0.5061518948143215,0.005108492105145827,-0.00095445817141564,1.790717027972014,nan,nan,nan,nan,0.0,nan,nan,nan,,0.06749129099989659,0.05661502699877019,0.044687505996989785,0.044687505996989785,0.033162002997414675,0.022162769997521536,nan,profile,1,1,2,2,3.2317955493927,6.7682044506073,0.0,0.0,
1785159252.3089464,13.333566401001008,0.0,0.0,0.0,0.0,0.0,-0.0011530756133717513,0.0,-0.5011857057166846,0.0050014911929091846,-0.0011844390854793784,1.6448878947254228,before_ekf,both,-0.0011530756133717513,-0.5011857057166846,0.0050014911929091846,-0.0011844390854793784,1.6448878947254228,-0.0012558179157248872,-0.5030558050392328,0.00513340202578491,-0.0011034895597126875,1.721828046140078,nan,nan,nan,nan,0.0,nan,nan,nan,,0.068340783000167,0.05737335599769722,0.04552660199988168,0.04552660199988168,0.03408573299748241,0.022864708000270184,nan,profile,1,1,2,2,3.3346214294433594,6.665378570556641,0.0,0.0,
1785159252.4114625,13.436087403002603,0.0,0.0,0.0,0.0,0.0,3.2994066368501775e-16,0.0,-0.4959356026756255,0.0050014911929091846,-0.0011844390854793784,1.6118358941616155,before_ekf,both,3.2994066368501775e-16,-0.4959356026756255,0.0050014911929091846,-0.0011844390854793784,1.6118358941616155,-0.00032865932106425176,-0.4953262459363237,0.005138863169871694,-0.0011650024317038995,1.6573299314995749,nan,nan,nan,nan,0.0,nan,nan,nan,,0.06723383700227714,0.0563597620021028,0.044755941002222244,0.044755941002222244,0.033203166000021156,0.02216102600141312,nan,profile,1,1,2,2,3.436704158782959,6.563295841217041,0.0,0.0,
1785159252.5110617,13.53568657300275,0.0,0.0,0.0,0.0,0.0,-3.316523838492356e-16,0.0,-0.48741837049643727,0.0050014911929091846,-0.0011844390854794894,1.5484862264143193,before_ekf,both,-3.316523838492356e-16,-0.48741837049643727,0.0050014911929091846,-0.0011844390854794894,1.5484862264143193,-7.383457675523617e-05,-0.4936019885893611,0.005137847863387481,-0.0011620303144625798,1.625734468183933,nan,nan,nan,nan,0.0,nan,nan,nan,,0.06605264600148075,0.05529799999931129,0.043978845002129674,0.043978845002129674,0.03282121300071594,0.021865327002160484,nan,profile,1,1,2,2,3.5363669395446777,6.463633060455322,0.0,0.0,
1785159252.613889,13.638509645003069,0.0,0.0,0.0,0.0,0.0,0.0011806063443303863,0.0,-0.46692393513106,0.005013224956423981,-0.0007919191007232097,1.505794059019401,before_ekf,both,0.0011806063443303863,-0.46692393513106,0.005013224956423981,-0.0007919191007232097,1.505794059019401,0.0009359113510442152,-0.466400587172616,0.005134459607160007,-0.0010834474012628192,1.5597087566692587,nan,nan,nan,nan,0.0,nan,nan,nan,,0.06808406700292835,0.05727974600085872,0.045592296999529935,0.045592296999529935,0.03398454499983927,0.022566206000192324,nan,profile,1,1,2,2,3.6392765045166016,6.360723495483398,0.0,0.0,
1785159252.7170396,13.741662899003131,0.0,0.0,0.0,0.0,0.0,0.0011806063443300541,0.0,-0.4418741272347476,0.005013224956423981,-0.0007919191007232097,1.4644790583146432,before_ekf,both,0.0011806063443300541,-0.4418741272347476,0.005013224956423981,-0.0007919191007232097,1.4644790583146432,0.0011402057725511292,-0.45176799516334437,0.005135559351862022,-0.0010112654952075689,1.5327694835641983,nan,nan,nan,nan,0.0,nan,nan,nan,,0.06725283600098919,0.05645202500090818,0.04485516700151493,0.04485516700151493,0.03359806300068158,0.022668778001389,nan,profile,1,1,2,2,3.742750644683838,6.257249355316162,0.0,0.0,
1785159252.8189116,13.84353627100063,0.0,0.0,0.0,0.0,0.0,8.87877395139465e-07,0.0,-0.41355127891119087,0.004964837707369506,-0.001181623179071805,1.4410672245819462,before_ekf,both,8.87877395139465e-07,-0.41355127891119087,0.004964837707369506,-0.001181623179071805,1.4410672245819462,0.00038380773778346334,-0.40000971403957725,0.005142045410618649,-0.0009344158774995214,1.475766372875099,nan,nan,nan,nan,0.0,nan,nan,nan,,0.06653326800005743,0.055591696000192314,0.04434639299870469,0.04434639299870469,0.0331658229988534,0.02202744399983203,nan,profile,1,1,2,2,3.844165563583374,6.155834436416626,0.0,0.0,
1785159252.9259686,13.950590896001813,0.0,0.0,0.0,0.0,0.0,1.5883887812373094e-06,0.0,-0.36300232211313743,0.00501430916047771,-0.0007919764322035975,1.3983750571870304,before_ekf,both,1.5883887812373094e-06,-0.36300232211313743,0.00501430916047771,-0.0007919764322035975,1.3983750571870304,0.0018558705129501298,-0.372756307623906,0.005154642546325901,-0.0007702678426698598,1.4538950707664142,nan,nan,nan,nan,0.0,nan,nan,nan,,0.07210542399843689,0.06111715500082937,0.049013964999176096,0.049013964999176096,0.0369958619994577,0.025754606998816598,nan,profile,1,1,2,2,3.9517734050750732,6.048226594924927,0.0,0.0,
1785159253.031794,14.056414512000629,0.0,0.0,0.0,0.0,0.0,1.5883887805665624e-06,0.0,-0.330337224512982,0.005014309160477689,-0.0007919764322037066,1.381849056905127,before_ekf,both,1.5883887805665624e-06,-0.330337224512982,0.005014309160477689,-0.0007919764322037066,1.381849056905127,0.00018143684950632535,-0.30378136275718004,0.005158335469553865,-0.0007807645251283221,1.4103117937430198,nan,nan,nan,nan,0.0,nan,nan,nan,,0.06974535699919215,0.05853475199910463,0.04652696799894329,0.04652696799894329,0.034760741000354756,0.02322040099898004,nan,profile,1,1,2,2,4.05734920501709,5.94265079498291,0.0,0.0,
1785159253.1390662,14.163690991001204,0.0,0.0,0.0,0.0,0.0,0.0011801802140945818,0.0,-0.22718796064561503,0.005098398114178143,-0.00040838628989752586,1.3529285564117963,before_ekf,both,0.0011801802140945818,-0.22718796064561503,0.005098398114178143,-0.00040838628989752586,1.3529285564117963,6.480494653211042e-05,-0.26972684774040023,0.005158361133454399,-0.0007826148669395989,1.3950309727183665,nan,nan,nan,nan,0.0,nan,nan,nan,,0.06794703600098728,0.056774013999529416,0.0449772709980607,0.0449772709980607,0.03345847599848639,0.02239802500116639,nan,profile,1,1,2,2,4.164369583129883,5.835630416870117,0.0,0.0,
1785159253.242276,14.26689962400269,0.0,0.0,0.0,0.0,0.0,0.0011762306681084593,0.0,-0.1697360261826041,0.0050983981141781674,-0.00040838628989741754,1.341911222890529,before_ekf,both,0.0011762306681084593,-0.1697360261826041,0.0050983981141781674,-0.00040838628989741754,1.341911222890529,0.000376032804603697,-0.1943973749342731,0.00517167905993953,-0.0007073528438993753,1.3694123371790505,nan,nan,nan,nan,0.0,nan,nan,nan,,0.06797323600039817,0.05650102499930654,0.04493778700270923,0.04493778700270923,0.03367612700094469,0.022687294000206748,nan,profile,1,1,2,2,4.2675461769104,5.7324538230896,0.0,0.0,
1785159253.3423965,14.36702164000235,0.0,0.0,0.0,0.0,0.0,-0.002362907872320737,0.0,-0.14051802030927527,0.00482609677065662,-0.001554580077276292,1.3350253894397357,before_ekf,both,-0.002362907872320737,-0.14051802030927527,0.00482609677065662,-0.001554580077276292,1.3350253894397357,-0.0014351051431127984,-0.11955360678653602,0.005154568356781064,-0.0007996737790330933,1.35191129940793,nan,nan,nan,nan,0.0,nan,nan,nan,,0.06608090500230901,0.05521409500215668,0.044050012998923194,0.044050012998923194,0.03292213999884552,0.021968458000628743,nan,profile,1,1,2,2,4.367860555648804,5.632139444351196,0.0,0.0,
1785159253.4440324,14.468657446002908,0.0,0.0,0.0,0.0,0.0,-0.004712679062658997,0.0,-0.06609246463548968,0.004733051073983512,-0.001936096843257067,1.3308938893692608,before_ekf,both,-0.004712679062658997,-0.06609246463548968,0.004733051073983512,-0.001936096843257067,1.3308938893692608,-0.0021455789211151316,-0.09323941948254581,0.0051230735050055,-0.0009460041696828144,1.3470127295887881,nan,nan,nan,nan,0.0,nan,nan,nan,,0.06711969400203088,0.0559278840009938,0.044648563001828734,0.044648563001828734,0.03317412099931971,0.02198841900099069,nan,profile,1,1,2,2,4.469303369522095,5.530696630477905,0.0,0.0,
1785159253.5440617,14.568685973001266,0.0,0.0,0.0,0.0,0.0,-0.00471267906265933,0.0,-0.0495775522464257,0.004733051073983512,-0.001936096843257067,1.3308938893692608,before_ekf,both,-0.00471267906265933,-0.0495775522464257,0.004733051073983512,-0.001936096843257067,1.3308938893692608,-0.004636256322708163,-0.036690908190763025,0.0049852243906271096,-0.001562109158279449,1.3414869672364205,nan,nan,nan,nan,-0.0231,nan,nan,nan,,0.06614413300121669,0.05527942600019742,0.04412145699825487,0.04412145699825487,0.03300033000050462,0.021899065999605227,nan,profile,1,1,2,2,4.569337368011475,5.430662631988525,0.0,0.0,
1785159253.6466985,14.671315774001414,0.0,0.0,0.0,0.0,0.0,-0.0011735405222297955,0.0,-0.012375455855411546,0.004733051073983512,-0.001936096843257067,1.3308938893692608,before_ekf,both,-0.0011735405222297955,-0.012375455855411546,0.004733051073983512,-0.001936096843257067,1.3308938893692608,-0.0048228013141901616,-0.01915000455963137,0.004909524337536096,-0.0018868252280408518,1.3404733725065545,nan,nan,nan,nan,-0.0633,nan,nan,nan,,0.0677152339994791,0.056618970000272384,0.045291293998161564,0.045291293998161564,0.03352196199921309,0.022387544999219244,nan,profile,1,1,2,2,4.67224645614624,5.32775354385376,0.0,0.0,
1785159253.7487025,14.773323544002778,0.0,0.0,0.0,0.0,0.0,-0.0011735405222297955,0.0,-0.004115519979764684,0.004733051073983512,-0.001936096843257067,1.3308938893692608,before_ekf,both,-0.0011735405222297955,-0.004115519979764684,0.004733051073983512,-0.001936096843257067,1.3308938893692608,-0.0015075040682229952,0.00048498393404755754,0.004879462612656526,-0.0019947135998512238,1.3405725052680868,nan,nan,nan,nan,-0.1048,nan,nan,nan,,0.06732893300068099,0.056492645999242086,0.04481909800233552,0.04481909800233552,0.033581338000658434,0.0225689520011656,nan,profile,1,1,2,2,4.774127006530762,5.225872993469238,0.0,0.0,
1785159253.8509276,14.875552774003154,0.0,0.0,0.0,0.0,0.0,-1.3877787807814458e-18,0.0,-3.70536934468646e-16,0.004733051073983512,-0.001936096843257067,1.3308938893692608,before_ekf,both,-1.3877787807814458e-18,-3.70536934468646e-16,0.004733051073983512,-0.001936096843257067,1.3308938893692608,-0.0012795790152934478,0.0008904205386712236,0.004863289055557331,-0.002062350987214463,1.340616636314408,nan,nan,nan,nan,-0.1487,nan,nan,nan,,0.06819827300205361,0.05744865900123841,0.04619757700129412,0.04619757700129412,0.0349526070021966,0.023689577999903122,nan,profile,1,1,2,2,4.876211643218994,5.123788356781006,0.0,0.0,
1785159253.9528816,14.977502042002016,0.0,0.0,0.0,0.0,0.0,-1.3877787807814458e-18,0.0,-3.70536934468646e-16,0.004733051073983512,-0.001936096843257067,1.3308938893692608,before_ekf,both,-1.3877787807814458e-18,-3.70536934468646e-16,0.004733051073983512,-0.001936096843257067,1.3308938893692608,-7.744834881361664e-05,0.00026577671317083056,0.004862894214826197,-0.0020578207808220747,1.3406728483841184,nan,nan,nan,nan,-0.2008,nan,nan,nan,,0.06752369799869484,0.05668789999981527,0.04527314599909005,0.04527314599909005,0.03353131800031406,0.022568505999515764,nan,profile,1,1,2,2,4.978407621383667,5.021592378616333,0.0,0.0,
1785159254.056259,15.08088368800236,0.0,0.0,0.0,0.0,0.0,-1.3877787807814458e-18,0.0,-3.70536934468646e-16,0.004733051073983512,-0.001936096843257067,1.3308938893692608,before_ekf,both,-1.3877787807814458e-18,-3.70536934468646e-16,0.004733051073983512,-0.001936096843257067,1.3308938893692608,2.3945420680247946e-06,9.050289199628075e-05,0.004862985356436167,-0.0020571953497736366,1.340672525428607,nan,nan,nan,nan,-0.2478,nan,nan,nan,,0.06770789200163563,0.05678301100124372,0.045155161002185196,0.045155161002185196,0.033433323002100224,0.022373275001882575,nan,profile,1,1,2,2,5.081944227218628,4.918055772781372,0.0,0.0,
1785159254.160293,15.184914788002061,0.0,0.0,0.0,0.0,0.0,-1.3877787807814458e-18,0.0,-3.70536934468646e-16,0.004733051073983512,-0.001936096843257067,1.3308938893692608,before_ekf,both,-1.3877787807814458e-18,-3.70536934468646e-16,0.004733051073983512,-0.001936096843257067,1.3308938893692608,3.1928471900999434e-05,9.409981545153945e-06,0.004863088593332081,-0.00205692728537118,1.340672057588292,nan,nan,nan,nan,-0.2311,nan,nan,nan,,0.06912548399850493,0.05824824299997999,0.04701406399908592,0.04701406399908592,0.03552931699960027,0.024482179000187898,nan,profile,1,1,2,2,5.185938596725464,4.814061403274536,0.0,0.0,
1785159254.2656991,15.290253262002807,0.0,0.0,0.0,0.0,0.0,-1.3877787807814458e-18,0.0,-3.70536934468646e-16,0.004733051073983512,-0.001936096843257067,1.3308938893692608,before_ekf,both,-1.3877787807814458e-18,-3.70536934468646e-16,0.004733051073983512,-0.001936096843257067,1.3308938893692608,3.380203808038197e-05,3.2851722435383226e-06,0.004863136090984088,-0.00205685853142641,1.3406720823003049,nan,nan,nan,nan,-0.1946,nan,nan,nan,,0.07041360900257132,0.0595445409999229,0.048264452001603786,0.048264452001603786,0.03711608800222166,0.024935531000664923,nan,profile,1,1,2,2,5.291710138320923,4.708289861679077,0.0,0.0,
1785159254.3738666,15.398488354003348,0.0,0.0,0.0,0.0,0.0,-1.3877787807814458e-18,0.0,-3.70536934468646e-16,0.004733051073983512,-0.001936096843257067,1.3308938893692608,before_ekf,both,-1.3877787807814458e-18,-3.70536934468646e-16,0.004733051073983512,-0.001936096843257067,1.3308938893692608,2.8825835431702356e-05,4.225245467657991e-07,0.00486311933090967,-0.002057186035338465,1.340672102579549,nan,nan,nan,nan,-0.1626,nan,nan,nan,,0.06832207300249138,0.056327883001358714,0.04498593900279957,0.04498593900279957,0.0338779740013706,0.022758281000278657,nan,profile,1,1,2,2,5.399669647216797,4.600330352783203,0.0,0.0,
1785159254.4778411,15.502433824000036,0.0,0.0,0.0,0.0,0.0,-1.3877787807814458e-18,0.0,-3.70536934468646e-16,0.004733051073983512,-0.001936096843257067,1.3308938893692608,before_ekf,both,-1.3877787807814458e-18,-3.70536934468646e-16,0.004733051073983512,-0.001936096843257067,1.3308938893692608,2.706250232607549e-05,5.519621114494167e-08,0.004863179390349454,-0.002057137331767948,1.3406721039363647,nan,nan,nan,nan,-0.1457,nan,nan,nan,,0.06878842999867629,0.05801121799959219,0.0468697139986034,0.0468697139986034,0.035697569997864775,0.02472572499755188,nan,profile,1,1,2,2,5.50394606590271,4.49605393409729,0.0,0.0,
1785159254.5966668,15.62128782400032,0.0,0.0,0.0,0.0,0.0,-1.3877787807814458e-18,0.0,-3.70536934468646e-16,0.004733051073983512,-0.001936096843257067,1.3308938893692608,before_ekf,both,-1.3877787807814458e-18,-3.70536934468646e-16,0.004733051073983512,-0.001936096843257067,1.3308938893692608,2.3139282724840945e-05,2.3561914808041753e-08,0.0048631720346166375,-0.0020572629373858185,1.3406721043272825,nan,nan,nan,nan,-0.147,nan,nan,nan,,0.08060471599674202,0.06844112699764082,0.05249894000007771,0.05249894000007771,0.034701618998951744,0.022591225999349263,nan,profile,1,1,2,2,5.622208595275879,4.377791404724121,0.0,0.0,
1785159254.6984875,15.723112345000118,0.0,0.0,0.0,0.0,0.0,-1.3877787807814458e-18,0.0,-3.70536934468646e-16,0.004733051073983512,-0.001936096843257067,1.3308938893692608,before_ekf,both,-1.3877787807814458e-18,-3.70536934468646e-16,0.004733051073983512,-0.001936096843257067,1.3308938893692608,2.4589488508562796e-05,3.3421262438020452e-09,0.004863283454721911,-0.0020569536680548075,1.340672104579589,nan,nan,nan,nan,-0.1443,nan,nan,nan,,0.06725046199790086,0.056239389999973355,0.0447689119973802,0.0447689119973802,0.033666696999716805,0.022447000999818556,nan,profile,1,1,2,2,5.72378396987915,4.27621603012085,0.0,0.0,
1785159254.8027854,15.82740479900167,0.0,0.0,0.0,0.0,0.0,-1.3877787807814458e-18,0.0,-3.70536934468646e-16,0.004733051073983512,-0.001936096843257067,1.3308938893692608,before_ekf,both,-1.3877787807814458e-18,-3.70536934468646e-16,0.004733051073983512,-0.001936096843257067,1.3308938893692608,2.2277549958980266e-05,1.231415607940288e-09,0.004863287672301776,-0.0020570086829123746,1.3406721045755443,nan,nan,nan,nan,-0.1554,nan,nan,nan,,0.06866262599942274,0.057711745001142845,0.0458954999994603,0.0458954999994603,0.03347658200073056,0.02231443799973931,nan,profile,1,1,2,2,5.828130722045898,4.171869277954102,0.0,0.0,
1785159254.904334,15.92894675700154,0.0,0.0,0.0,0.0,0.0,-1.3877787807814458e-18,0.0,-3.70536934468646e-16,0.004733051073983512,-0.001936096843257067,1.3308938893692608,before_ekf,both,-1.3877787807814458e-18,-3.70536934468646e-16,0.004733051073983512,-0.001936096843257067,1.3308938893692608,2.1148446657029052e-05,1.5490717860302138e-10,0.0048633275632208005,-0.002056967469548498,1.3406721045767311,nan,nan,nan,nan,-0.1604,nan,nan,nan,,0.06778709300124319,0.05694238199794199,0.045182813999417704,0.045182813999417704,0.03392782900118618,0.022814142997958697,nan,profile,1,1,2,2,5.929921627044678,4.070078372955322,0.0,0.0,
1785159255.0083854,16.03300100600245,0.0,0.2617015899149982,0.0,-0.2617015899149982,0.0,-1.3877787807814458e-18,0.0,-3.70536934468646e-16,0.004733051073983512,-0.001936096843257067,1.3308938893692608,before_ekf,both,-1.3877787807814458e-18,-3.70536934468646e-16,0.004733051073983512,-0.001936096843257067,1.3308938893692608,2.0907182530148194e-05,5.87545151757152e-11,0.0048633514171356265,-0.0020569224430680697,1.3406721045774201,nan,nan,nan,nan,-0.1632,nan,nan,nan,,0.06920842199906474,0.05829729100150871,0.046643857000162825,0.046643857000162825,0.034183441999630304,0.02290149200052838,nan,profile,1,1,2,2,6.033971071243286,3.966028928756714,0.0,0.0,
1785159255.1102955,16.134919998999976,0.0,0.0,0.0,0.0,0.0,-1.3877787807814458e-18,0.0,-3.70536934468646e-16,0.004733051073983512,-0.001936096843257067,1.3308938893692608,before_ekf,both,-1.3877787807814458e-18,-3.70536934468646e-16,0.004733051073983512,-0.001936096843257067,1.3308938893692608,2.0023609670560755e-05,5.894471453043767e-12,0.0048633864873090325,-0.0020568729935633964,1.3406721045772354,nan,nan,nan,nan,-0.1688,nan,nan,nan,,0.06714071799797239,0.05624034499851405,0.044529618997330545,0.044529618997330545,0.03302292599983048,0.021974622999550775,nan,profile,1,1,2,2,6.135569095611572,3.8644309043884277,0.0,0.0,
1785159255.2121499,16.23677468200185,0.0,0.0,0.0,-0.5257719593533332,0.0,-1.3877787807814458e-18,0.0,-3.70536934468646e-16,0.004733051073983512,-0.001936096843257067,1.3308938893692608,before_ekf,both,-1.3877787807814458e-18,-3.70536934468646e-16,0.004733051073983512,-0.001936096843257067,1.3308938893692608,1.845926205412738e-05,5.885726063038436e-13,0.004863387281432729,-0.002056954282507662,1.3406721045772017,nan,nan,nan,nan,-0.1711,nan,nan,nan,,0.06762062200141372,0.056809402001817944,0.04541089999838732,0.04541089999838732,0.03348140199886984,0.022564710001461208,nan,profile,1,1,2,2,6.2375829219818115,3.7624170780181885,0.0,0.0,
1785159255.3129323,16.337557261002075,0.0,0.2617708050449466,0.0,-0.5235416100898932,0.0,-1.3877787807814458e-18,0.0,-3.70536934468646e-16,0.004733051073983512,-0.001936096843257067,1.3308938893692608,before_ekf,both,-1.3877787807814458e-18,-3.70536934468646e-16,0.004733051073983512,-0.001936096843257067,1.3308938893692608,1.3720541174793642e-05,2.3929798615271034e-13,0.004863330055189057,-0.002057235824479475,1.3406721045772008,nan,nan,nan,nan,-0.173,nan,nan,nan,,0.06660659900080645,0.05579253800169681,0.044482665001851274,0.044482665001851274,0.0330931979988236,0.02204875700044795,nan,profile,1,1,2,2,6.338173866271973,3.6618261337280273,0.0,0.0,
1785159255.4149444,16.439569286001642,0.0,0.5237399235076842,0.0,-0.7856098852615263,0.0,-1.3877787807814458e-18,0.0,-3.70536934468646e-16,0.004733051073983512,-0.001936096843257067,1.3308938893692608,before_ekf,both,-1.3877787807814458e-18,-3.70536934468646e-16,0.004733051073983512,-0.001936096843257067,1.3308938893692608,1.4326355596998629e-05,3.0061463081927997e-14,0.004863364836921731,-0.0020571546461396603,1.3406721045772052,nan,nan,nan,nan,-0.1683,nan,nan,nan,,0.06811529799961136,0.05709050500081503,0.04520955200132448,0.04520955200132448,0.03333242300141137,0.02201822099959827,nan,profile,1,1,2,2,6.440139532089233,3.5598604679107666,0.0,0.0,
1785159255.5141633,16.53878786900168,0.0,0.5240982831900417,0.0,-0.5240982831900417,0.0,-1.3877787807814458e-18,0.0,-3.70536934468646e-16,0.004733051073983512,-0.001936096843257067,1.3308938893692608,before_ekf,both,-1.3877787807814458e-18,-3.70536934468646e-16,0.004733051073983512,-0.001936096843257067,1.3308938893692608,1.422473238718335e-05,1.2270131617634595e-14,0.004863380328521199,-0.0020571159326881203,1.3406721045772043,nan,nan,nan,nan,-0.1635,nan,nan,nan,,0.06580548800047836,0.05497295299937832,0.04378191299838363,0.04378191299838363,0.03272737600127584,0.021873621000850108,nan,profile,1,1,2,2,6.539588212966919,3.460411787033081,0.0,0.0,
1785159255.6245465,16.64916753000216,0.0,0.26178097412542944,0.0,-0.5235619482508589,0.0,-1.3877787807814458e-18,0.0,-3.70536934468646e-16,0.004733051073983512,-0.001936096843257067,1.3308938893692608,before_ekf,both,-1.3877787807814458e-18,-3.70536934468646e-16,0.004733051073983512,-0.001936096843257067,1.3308938893692608,1.3161089918470922e-05,1.3483387046032158e-15,0.00486340657502718,-0.0020570547707020764,1.3406721045772034,nan,nan,nan,nan,-0.1559,nan,nan,nan,,0.07570093500180519,0.06478660100037814,0.04800546299884445,0.04800546299884445,0.034015836001344724,0.022639818998868577,nan,profile,1,1,2,2,6.650195360183716,3.349804639816284,0.0,0.0,
1785159255.7308908,16.755515563003428,0.0,0.2618557627263068,0.0,-0.5237115254526136,0.0,-1.3877787807814458e-18,0.0,-3.70536934468646e-16,0.004733051073983512,-0.001936096843257067,1.3308938893692608,before_ekf,both,-1.3877787807814458e-18,-3.70536934468646e-16,0.004733051073983512,-0.001936096843257067,1.3308938893692608,1.1533990410860407e-05,3.889527418801939e-16,0.0048633940157254245,-0.0020571308242301146,1.3406721045772034,nan,nan,nan,nan,-0.1655,nan,nan,nan,,0.0680930510025064,0.05685506500230986,0.045183584003098076,0.045183584003098076,0.03352787800031365,0.022159530002682004,nan,profile,1,1,2,2,6.7562336921691895,3.2437663078308105,0.0,0.0,
1785159255.8339922,16.858616590001475,0.0,0.5235641156538426,0.0,-0.2617820578269213,0.0,-1.3877787807814458e-18,0.0,-3.70536934468646e-16,0.004733051073983512,-0.001936096843257067,1.3308938893692608,before_ekf,both,-1.3877787807814458e-18,-3.70536934468646e-16,0.004733051073983512,-0.001936096843257067,1.3308938893692608,1.264753033200901e-05,-1.1334249323441647e-16,0.0048634298325408755,-0.002057017547151887,1.3406721045772034,nan,nan,nan,nan,-0.1792,nan,nan,nan,,0.06813536199842929,0.05681322099917452,0.04452686299919151,0.04452686299919151,0.03295776600134559,0.022009931999491528,nan,profile,1,1,2,2,6.859283447265625,3.140716552734375,0.0,0.0,
1785159255.9352348,16.959860333001416,0.0,0.5234589858761207,0.0,-0.5234589858761207,0.0,-1.3877787807814458e-18,0.0,-3.70536934468646e-16,0.004733051073983512,-0.001936096843257067,1.3308938893692608,before_ekf,both,-1.3877787807814458e-18,-3.70536934468646e-16,0.004733051073983512,-0.001936096843257067,1.3308938893692608,1.1204590281891225e-05,-1.8344149882366024e-16,0.004863418052998561,-0.002057085317570497,1.3406721045772034,nan,nan,nan,nan,-0.191,nan,nan,nan,,0.06652520100033144,0.05569086499963305,0.0443372570007341,0.0443372570007341,0.033142216998385265,0.02215658799832454,nan,profile,1,1,2,2,6.96047830581665,3.0395216941833496,0.0,0.0,
1785159256.0372272,17.061848309000197,0.0,0.5228520069907943,0.0,-0.5228520069907943,0.0,-1.3877787807814458e-18,0.0,-3.70536934468646e-16,0.004733051073983512,-0.001936096843257067,1.3308938893692608,before_ekf,both,-1.3877787807814458e-18,-3.70536934468646e-16,0.004733051073983512,-0.001936096843257067,1.3308938893692608,1.0927044615028674e-05,-2.0471262653560263e-16,0.004863439877357611,-0.002057022859161799,1.3406721045772034,nan,nan,nan,nan,-0.1896,nan,nan,nan,,0.06810353499895427,0.057145119997585425,0.045436651998898014,0.045436651998898014,0.03376404299706337,0.022589555999729782,nan,profile,1,1,2,2,7.062719345092773,2.9372806549072266,0.0,0.0,
1785159256.1384697,17.16309422300037,0.0,0.26185916500933776,0.0,-0.5237183300186755,0.0,-1.3877787807814458e-18,0.0,-3.70536934468646e-16,0.004733051073983512,-0.001936096843257067,1.3308938893692608,before_ekf,both,-1.3877787807814458e-18,-3.70536934468646e-16,0.004733051073983512,-0.001936096843257067,1.3308938893692608,9.509288393936817e-06,-2.289428279317133e-16,0.0048634273641466885,-0.002057089797928779,1.3406721045772034,nan,nan,nan,nan,-0.1904,nan,nan,nan,,0.06651086499914527,0.055784517997381045,0.04464403099700576,0.04464403099700576,0.03344741599721601,0.022379488000296988,nan,profile,1,1,2,2,7.16370415687561,2.8362958431243896,0.0,0.0,
1785159256.2405355,17.26515598200058,0.0,0.5237053653513088,0.0,-0.5237053653513088,0.0,-1.3877787807814458e-18,0.0,-3.70536934468646e-16,0.004733051073983512,-0.001936096843257067,1.3308938893692608,before_ekf,both,-1.3877787807814458e-18,-3.70536934468646e-16,0.004733051073983512,-0.001936096843257067,1.3308938893692608,9.180112930629133e-06,-2.157392654120063e-16,0.004863445937260409,-0.002057034391509935,1.3406721045772034,nan,nan,nan,nan,-0.1918,nan,nan,nan,,0.06712980799784418,0.05618289099948015,0.04496856799960369,0.04496856799960369,0.03355848499995773,0.022548742999788374,nan,profile,1,1,2,2,7.266087055206299,2.733912944793701,0.0,0.0,
1785159256.3421044,17.36672609600282,0.0,0.5235383906803177,0.0,-0.26176919534015886,0.0,-1.3877787807814458e-18,0.0,-3.70536934468646e-16,0.004733051073983512,-0.001936096843257067,1.3308938893692608,before_ekf,both,-1.3877787807814458e-18,-3.70536934468646e-16,0.004733051073983512,-0.001936096843257067,1.3308938893692608,8.707985851315808e-06,-0.001904359502147184,0.004863455755373957,-0.002057012942004433,1.3405503959736258,nan,nan,nan,nan,-0.1896,nan,nan,nan,,0.06692144699991331,0.0562041320008575,0.0446060070025851,0.0446060070025851,0.03314791999946465,0.022322810000332538,nan,profile,1,1,2,2,7.367586612701416,2.632413387298584,0.0,0.0,
1785159256.4434621,17.468086059001507,0.0,0.523474623121933,0.0,-0.523474623121933,0.0,-1.3877787807814458e-18,0.0,-3.70536934468646e-16,0.004733051073983512,-0.001936096843257067,1.3308938893692608,before_ekf,both,-1.3877787807814458e-18,-3.70536934468646e-16,0.004733051073983512,-0.001936096843257067,1.3308938893692608,8.3945927476938e-06,-0.01771620377140941,0.004863454951989558,-0.0020570280980132037,1.3391707633208185,nan,nan,nan,nan,-0.1974,nan,nan,nan,,0.0666469239986327,0.0553930850001052,0.04414031800115481,0.04414031800115481,0.03291381400049431,0.02190864400108694,nan,profile,1,1,2,2,7.468775987625122,2.531224012374878,0.0,0.0,
1785159256.544905,17.569524419002846,0.0,0.52383785519541,0.0,-0.7857567827931151,0.0,-1.3877787807814458e-18,0.0,-0.008256629964977866,0.004733051073983512,-0.001936096843257067,1.3281395559889442,before_ekf,both,-1.3877787807814458e-18,-0.008256629964977866,0.004733051073983512,-0.001936096843257067,1.3281395559889442,7.561224925049891e-06,-0.041735452018763115,0.004863450591793432,-0.0020570698062806862,1.3347177465698703,nan,nan,nan,nan,-0.2103,nan,nan,nan,,0.0674094519999926,0.056780909002554836,0.045525159999669995,0.045525159999669995,0.03417402299965033,0.022955374999583,nan,profile,1,1,2,2,7.570485591888428,2.4295144081115723,0.0,0.0,
1785159256.6502993,17.674920661000215,0.0,0.5235428193417676,0.0,-0.5235428193417676,0.0,-1.3877787807814458e-18,0.0,-0.03314589277623848,0.004733051073983512,-0.001936096843257067,1.3198765558479946,before_ekf,both,-1.3877787807814458e-18,-0.03314589277623848,0.004733051073983512,-0.001936096843257067,1.3198765558479946,7.585934847198235e-06,-0.061476897763146555,0.004863457712995801,-0.0020570544412956285,1.3303949894182763,nan,nan,nan,nan,-0.2153,nan,nan,nan,,0.06977976099733496,0.057227281999075785,0.0457796109985793,0.0457796109985793,0.03432567299751099,0.022911195999768097,nan,profile,1,1,2,2,7.675849914550781,2.3241500854492188,0.0,0.0,
1785159256.7561948,17.780819608000456,0.0,0.2618314150178344,0.0,-0.5236628300356688,0.0,-1.3877787807814458e-18,0.0,-0.03314589277623848,0.004733051073983512,-0.001936096843257067,1.3198765558479946,before_ekf,both,-1.3877787807814458e-18,-0.03314589277623848,0.004733051073983512,-0.001936096843257067,1.3198765558479946,6.405757712633104e-06,-0.1001886308946285,0.004863448331154461,-0.002057124110692197,1.3183231867178298,nan,nan,nan,nan,-0.2117,nan,nan,nan,,0.0674377769973944,0.056646982997335726,0.045262274998094654,0.045262274998094654,0.03365888400003314,0.022542145998158958,nan,profile,1,1,2,2,7.781672954559326,2.218327045440674,0.0,0.0,
1785159256.8807392,17.90536429900021,0.0,0.5231591544975914,0.0,-0.5231591544975914,0.0,-0.004759342645702347,0.0,-0.06619341986468187,0.0043294263565781185,-0.003454146170158328,1.3061048889464095,before_ekf,both,-0.004759342645702347,-0.06619341986468187,0.0043294263565781185,-0.003454146170158328,1.3061048889464095,-0.003471883473028962,-0.1444294293387383,0.004777248978694948,-0.002383872586558389,1.3009056515558317,nan,nan,nan,nan,-0.1322,nan,nan,nan,,0.07664236799973878,0.06294411399721866,0.04690407999805757,0.04690407999805757,0.03431913099848316,0.021848707998287864,nan,profile,1,1,2,2,7.905969858169556,2.0940301418304443,0.0,0.0,
1785159256.9803157,18.00493700900188,0.0,0.5239959435636824,0.0,-0.7859939153455235,0.0,-0.007103284725764028,0.0,-0.12382500903625351,0.004127068912801836,-0.004213112339591945,1.2813158885235547,before_ekf,both,-0.007103284725764028,-0.12382500903625351,0.004127068912801836,-0.004213112339591945,1.2813158885235547,-0.007101297101748593,-0.15757059454013556,0.004617445576210201,-0.0029601649013186117,1.2901045894467715,nan,nan,nan,nan,-0.0589,nan,nan,nan,,0.06594943700110889,0.0552861739997752,0.044090540999604855,0.044090540999604855,0.032850752999365795,0.021838974000274902,nan,profile,1,1,2,2,8.006190538406372,1.993809461593628,0.0,0.0,
1785159257.0819085,18.106533332000254,0.0,0.5235820366805862,0.0,-0.5235820366805862,0.0,-0.007113833535953977,0.0,-0.1570582039502535,0.004129655076889262,-0.004213902048761023,1.2675442216219683,before_ekf,both,-0.007113833535953977,-0.1570582039502535,0.004129655076889262,-0.004213902048761023,1.2675442216219683,-0.007350476506870617,-0.17019893048378631,0.004351475263254236,-0.0038479547978805206,1.2683265544889044,nan,nan,nan,nan,-0.0058,nan,nan,nan,,0.06659412699809764,0.0558308660001785,0.0444818319992919,0.0444818319992919,0.032718263999413466,0.021779967999464134,nan,profile,1,1,2,2,8.107155323028564,1.8928446769714355,0.0,0.0,
1785159257.183306,18.207928601001186,0.0,0.5234574473220963,0.0,-0.5234574473220963,0.0,-0.003527964525495216,0.0,-0.18595471190489915,0.004011095714154405,-0.0045882757082873074,1.2441323878892727,before_ekf,both,-0.003527964525495216,-0.18595471190489915,0.004011095714154405,-0.0045882757082873074,1.2441323878892727,-0.008230037685181211,-0.17383588917108608,0.004177219845486165,-0.0043979423254323835,1.2561755527883316,nan,nan,nan,nan,0.0153,nan,nan,nan,,0.06760292699982529,0.0567926969997643,0.04549140399831231,0.04549140399831231,0.033654997998382896,0.02246059699973557,nan,profile,1,1,2,2,8.208703517913818,1.7912964820861816,0.0,0.0,
1785159257.2849712,18.309595101000014,0.0,0.5217924293484562,0.0,-0.7826886440226842,0.0,-0.002367465121989534,0.0,-0.19023419375732692,0.003755491851530291,-0.005330913307314534,1.2331150543680034,before_ekf,both,-0.002367465121989534,-0.19023419375732692,0.003755491851530291,-0.005330913307314534,1.2331150543680034,-0.0031676693680057905,-0.17433208913286619,0.00406356179500025,-0.004720199914373452,1.2331627287365448,nan,nan,nan,nan,0.0197,nan,nan,nan,,0.06754820599962841,0.056718747997365426,0.045258663998538395,0.045258663998538395,0.0339932359966042,0.02281760899859364,nan,profile,1,1,2,2,8.310578346252441,1.6894216537475586,0.0,0.0,
1785159257.3902924,18.414911411000503,0.0,0.5236753526451162,0.0,-0.7855130289676744,0.0,-0.0035412047934240258,0.0,-0.16103519417566634,0.003751928699052013,-0.005329634549556638,1.2138347207057836,before_ekf,both,-0.0035412047934240258,-0.16103519417566634,0.003751928699052013,-0.005329634549556638,1.2138347207057836,-0.0026347843355053395,-0.16304177859136076,0.004004211180068376,-0.004885184419392532,1.2211441316697513,nan,nan,nan,nan,0.0179,nan,nan,nan,,0.07016468099755002,0.05925555099747726,0.04801531699922634,0.04801531699922634,0.036818242999288486,0.025677108998934273,nan,profile,1,1,2,2,8.416792154312134,1.5832078456878662,0.0,0.0,
1785159257.4950671,18.519688649001182,0.0,0.5234280124435193,0.0,-0.5234280124435193,0.0,-0.002375287741415064,0.0,-0.148679973201319,0.003753446504193854,-0.005330207750705948,1.205571720564832,before_ekf,both,-0.002375287741415064,-0.148679973201319,0.003753446504193854,-0.005330207750705948,1.205571720564832,-0.0026793204622547083,-0.15004354099251657,0.0038709671864789546,-0.0052421898905802905,1.201944031913043,nan,nan,nan,nan,0.0076,nan,nan,nan,,0.06860777499969117,0.05784006799876806,0.04489283599832561,0.04489283599832561,0.03304540200042538,0.021939341000688728,nan,profile,1,1,2,2,8.520460367202759,1.4795396327972412,0.0,0.0,
1785159257.5978854,18.622505665000062,0.0,0.5235421754537106,0.0,-0.7853132631805659,0.0,-0.0011984698028295628,0.0,-0.14457210620546762,0.003610416325707158,-0.005695932671173233,1.1849142202124539,before_ekf,both,-0.0011984698028295628,-0.14457210620546762,0.003610416325707158,-0.005695932671173233,1.1849142202124539,-0.002457452184550404,-0.14918431931640114,0.0038108004749312975,-0.005395287443258779,1.191692104239541,nan,nan,nan,nan,-0.0055,nan,nan,nan,,0.06816038199758623,0.057412187998124864,0.0453786769976432,0.0453786769976432,0.03397903699806193,0.02293667999765603,nan,profile,1,1,2,2,8.623410701751709,1.376589298248291,0.0,0.0,
1785159257.6998162,18.724441303002095,0.0,0.5230797706190928,0.0,-0.5230797706190928,0.0,-0.0035489920565983982,0.0,-0.14456181336659135,0.0034618624646431738,-0.006059448970356256,1.175274053381344,before_ekf,both,-0.0035489920565983982,-0.14456181336659135,0.0034618624646431738,-0.006059448970356256,1.175274053381344,-0.0030310091333263845,-0.149896828133888,0.0036896778524767586,-0.005690728738452825,1.1723114661819878,nan,nan,nan,nan,-0.0062,nan,nan,nan,,0.06678991800072254,0.05603699299899745,0.04443404500125325,0.04443404500125325,0.03289916100038681,0.0219457790008164,nan,profile,1,1,2,2,8.72505259513855,1.2749474048614502,0.0,0.0,
1785159257.803493,18.82811697500074,0.0,0.5239261823088855,0.0,-0.5239261823088855,0.0,-0.002367479546975295,0.0,-0.14866272101579908,0.0034618624646431738,-0.006059448970356256,1.1642567198600757,before_ekf,both,-0.002367479546975295,-0.14866272101579908,0.0034618624646431738,-0.006059448970356256,1.1642567198600757,-0.002582674061987694,-0.15308028458946266,0.0036255527576305414,-0.00583984038957957,1.1616307433931752,nan,nan,nan,nan,-0.0087,nan,nan,nan,,0.06945428999824799,0.05866821499876096,0.047511622000456555,0.047511622000456555,0.03623931599940988,0.022824145999038592,nan,profile,1,1,2,2,8.828838586807251,1.171161413192749,0.0,0.0,
1785159257.9040632,18.928683396999986,0.0,0.5226858420528525,0.0,-0.7840287630792789,0.0,-0.003544495031027,0.0,-0.1611184595855725,0.0031399353743533985,-0.006775755177822979,1.1312047192962702,before_ekf,both,-0.003544495031027,-0.1611184595855725,0.0031399353743533985,-0.006775755177822979,1.1312047192962702,-0.002657932612992902,-0.15984857459755644,0.0034689119492057933,-0.00619277645958395,1.140918146385438,nan,nan,nan,nan,-0.0163,nan,nan,nan,,0.06677421099811909,0.05597812699852511,0.04481101999772363,0.04481101999772363,0.03340131099685095,0.02253331599786179,nan,profile,1,1,2,2,8.929585695266724,1.0704143047332764,0.0,0.0,
1785159258.0067086,19.031330222001998,0.0,0.5234310107250514,0.0,-0.5234310107250514,0.0,-0.003518670350678638,0.0,-0.16096529699781184,0.0029686625115760614,-0.00712914558564098,1.1215645524651603,before_ekf,both,-0.003518670350678638,-0.16096529699781184,0.0029686625115760614,-0.00712914558564098,1.1215645524651603,-0.0033151570025106492,-0.16256058388159578,0.0033920030528784345,-0.006360443411773876,1.1327539355373126,nan,nan,nan,nan,-0.056,nan,nan,nan,,0.06793491999997059,0.05722524999873713,0.04579580000063288,0.04579580000063288,0.03420624299906194,0.02280539799903636,nan,profile,1,1,2,2,9.032262802124023,0.9677371978759766,0.0,0.0,
1785159258.1090817,19.133706465003343,0.0,0.261425658905691,0.0,-0.261425658905691,0.0,-0.002333996580834774,0.0,-0.1652959838171017,0.0029686625115760614,-0.00712914558564098,1.0995298854226239,before_ekf,both,-0.002333996580834774,-0.1652959838171017,0.0029686625115760614,-0.00712914558564098,1.0995298854226239,-0.00355850155791815,-0.16646526001422932,0.0031636395190851943,-0.006833953768883745,1.1079026308525979,nan,nan,nan,nan,-0.1166,nan,nan,nan,,0.0677810369998042,0.056903488002717495,0.044828101999883074,0.044828101999883074,0.033201358000951586,0.022022762001142837,nan,profile,1,1,2,2,9.13434386253357,0.8656561374664307,0.0,0.0,
1785159258.2100687,19.23469404500065,0.0,0.0,0.0,0.0,0.0,-0.003500563616619839,0.0,-0.1693241615527811,0.002789167984793695,-0.007478421514234196,1.0871353852111965,before_ekf,both,-0.003500563616619839,-0.1693241615527811,0.002789167984793695,-0.007478421514234196,1.0871353852111965,-0.003302849139603676,-0.16932757449850702,0.002991183841066792,-0.007169003413985219,1.0858650075939755,nan,nan,nan,nan,-0.1485,nan,nan,nan,,0.06696984799782513,0.056209845999546815,0.044632583998463815,0.044632583998463815,0.033140259998617694,0.021968326000205707,nan,profile,1,1,2,2,9.235307216644287,0.7646927833557129,0.0,0.0,
1785159258.3103108,19.334931286000938,0.0,0.0,0.0,0.0,0.0,-0.0011665670357850657,0.0,-0.169474167798592,0.002789167984793695,-0.007478421514234196,1.06510071816866,before_ekf,both,-0.0011665670357850657,-0.169474167798592,0.002789167984793695,-0.007478421514234196,1.06510071816866,-0.00261615173890418,-0.16701155227803133,0.0029150041462936995,-0.007310280857016241,1.0742698081441533,nan,nan,nan,nan,-0.1523,nan,nan,nan,,0.06654442500075675,0.05576089299938758,0.04462772499755374,0.04462772499755374,0.03351827900041826,0.02231032499912544,nan,profile,1,1,2,2,9.335925579071045,0.6640744209289551,0.0,0.0,
1785159258.4133432,19.43796446500346,0.0,0.0,0.0,0.0,0.0,-0.0023490380351638696,0.0,-0.16536792240095746,0.002598229084282841,-0.007821575540409678,1.0554605513375501,before_ekf,both,-0.0023490380351638696,-0.16536792240095746,0.002598229084282841,-0.007821575540409678,1.0554605513375501,-0.0021226155270543923,-0.16325254806934664,0.0027949224416089157,-0.007524205593930474,1.0512386702567724,nan,nan,nan,nan,-0.1437,nan,nan,nan,,0.06810220199986361,0.05721656000241637,0.045687322002777364,0.045687322002777364,0.034445797002263134,0.022952901003009174,nan,profile,1,1,2,2,9.438977241516113,0.5610227584838867,0.0,0.0,
1785159258.5194204,19.54404132000127,0.0,0.0,0.0,0.0,0.0,-0.0023573341037439514,0.0,-0.1569611737687712,0.0023983775439285235,-0.008159616530863114,1.034803050985172,before_ekf,both,-0.0023573341037439514,-0.1569611737687712,0.0023983775439285235,-0.008159616530863114,1.034803050985172,-0.0013898981855978885,-0.16125378180786418,0.0027593639249127153,-0.007584380287194587,1.0416122703268034,nan,nan,nan,nan,-0.092,nan,nan,nan,,0.07107270299820811,0.05667443299898878,0.044981552000535885,0.044981552000535885,0.03337409799860325,0.022124893999716733,nan,profile,1,1,2,2,9.545067071914673,0.45493292808532715,0.0,0.0,
1785159258.6219554,19.646580010001344,0.0,0.0,0.0,0.0,0.0,-0.0035288379972592105,0.0,-0.1610077174179628,0.002194814154996948,-0.00849543479440185,1.0224085507737446,before_ekf,both,-0.0035288379972592105,-0.1610077174179628,0.002194814154996948,-0.00849543479440185,1.0224085507737446,-0.0019855042787854916,-0.16160124410264365,0.0026792926401466265,-0.007721178887988403,1.0303706743335406,nan,nan,nan,nan,-0.0521,nan,nan,nan,,0.06751746699956129,0.05664222199993674,0.045000255999184446,0.045000255999184446,0.033223399997950764,0.022102685998106608,nan,profile,1,1,2,2,9.647449970245361,0.35255002975463867,0.0,0.0,
1785159258.7237995,19.74842392500068,0.0,0.0,0.0,0.0,0.0,-0.003519447826013549,0.0,-0.16936768338667121,0.001983445148337812,-0.008826395671943748,0.9989967170410499,before_ekf,both,-0.003519447826013549,-0.16936768338667121,0.001983445148337812,-0.008826395671943748,0.9989967170410499,-0.003440963686230835,-0.16956344231999632,0.0024350455405996534,-0.008122006629641208,1.0084605466580427,nan,nan,nan,nan,-0.0118,nan,nan,nan,,0.06659683500038227,0.055654867999692215,0.04439687999911257,0.04439687999911257,0.033278975999564864,0.022253585997532355,nan,profile,1,1,2,2,9.7491455078125,0.2508544921875,0.0,0.0,
1785159258.8263915,19.851012648003234,0.0,0.0,0.0,0.0,0.0,-0.003519447826013549,0.0,-0.16934690459932236,0.001983445148337812,-0.008826395671943748,0.9879793835197817,before_ekf,both,-0.003519447826013549,-0.16934690459932236,0.001983445148337812,-0.008826395671943748,0.9879793835197817,-0.003565460780054877,-0.17890005747449467,0.002167263282856457,-0.008536044489827182,0.983535681177055,nan,nan,nan,nan,0.0173,nan,nan,nan,,0.06814863100225921,0.05736614499983261,0.04610339600185398,0.04610339600185398,0.034080869001627434,0.023129701003199443,nan,profile,1,1,2,2,9.852070093154907,0.14792990684509277,0.0,0.0,
1785159258.927476,19.95210103300269,0.0,0.0,0.0,0.0,0.0,-0.0023451776395783676,0.0,-0.18125540593348094,0.0017639481396202782,-0.009152000338955473,0.9618132164067685,before_ekf,both,-0.0023451776395783676,-0.18125540593348094,0.0017639481396202782,-0.009152000338955473,0.9618132164067685,-0.0027058274038096884,-0.18279594087894827,0.002095469536549179,-0.008640759889113033,0.9724566504058317,nan,nan,nan,nan,0.0254,nan,nan,nan,,0.0658634860010352,0.05513115900248522,0.043958543999906396,0.043958543999906396,0.03280950200132793,0.021889775001909584,nan,profile,1,1,2,2,9.952765464782715,0.047234535217285156,0.0,0.0,
