timestamp_ros,time_sec,left_wheel_setpoint,left_wheel_actual,right_wheel_setpoint,right_wheel_actual,cmd_linear_x,actual_linear_x,cmd_angular_z,actual_angular_z,odom_x,odom_y,odom_yaw,odom_source,raw_actual_linear_x,raw_actual_angular_z,raw_odom_x,raw_odom_y,raw_odom_yaw,filtered_actual_linear_x,filtered_actual_angular_z,filtered_odom_x,filtered_odom_y,filtered_odom_yaw,map_x,map_y,map_yaw,imu_yaw,imu_angular_z,goal_x,goal_y,goal_yaw,nav_status,wheel_data_age_sec,cmd_vel_age_sec,odom_age_sec,raw_odom_age_sec,filtered_odom_age_sec,imu_age_sec,map_pose_age_sec,manual_mode,manual_repeat_index,manual_repeat_total,manual_step_index,manual_step_total,manual_step_elapsed_sec,manual_step_remaining_sec,manual_left_target_mps,manual_right_target_mps,note
1785154957.7703924,0.02801144499971997,0.0,0.0,0.0,0.0,0.0,-9.78557512798517e-16,0.0,1.4641066137244253e-16,1.8142028977023983,1.7668255070860737,3.0633695855888283,before_ekf,-9.78557512798517e-16,1.4641066137244253e-16,1.8142028977023983,1.7668255070860737,3.0633695855888283,-9.78557511261534e-16,1.4641066137244253e-16,1.8151520644042438,1.8123216283109795,3.0630461029909757,nan,nan,nan,nan,nan,nan,nan,nan,,0.051843367000401486,0.041595367998525035,0.031135691999224946,0.031135691999224946,0.020634902000892907,nan,nan,profile,1,1,1,2,0.028743743896484375,9.971256256103516,0.6,0.3,
1785154957.8549309,0.1125364850013284,0.0,0.0,0.0,0.0,0.0,-9.78557512798517e-16,0.0,1.4641066137244253e-16,1.8142028977023983,1.7668255070860737,3.0633695855888283,before_ekf,-9.78557512798517e-16,1.4641066137244253e-16,1.8142028977023983,1.7668255070860737,3.0633695855888283,-9.785575113638633e-16,1.4641066137244253e-16,1.8151520644042438,1.8123216283109795,3.0630461029909757,nan,nan,nan,nan,nan,nan,nan,nan,,0.05205109300004551,0.04176029700101935,0.0311967720008397,0.0311967720008397,0.02080140200268943,nan,nan,profile,1,1,1,2,0.11283683776855469,9.887163162231445,0.6,0.3,
1785154957.9397314,0.19735013600075035,6.666666666666665,0.0,3.3333333333333335,0.0,0.44999999999999996,-9.78557512798517e-16,-0.5260389268805891,1.4641066137244253e-16,1.8142028977023983,1.7668255070860737,3.0633695855888283,before_ekf,-9.78557512798517e-16,1.4641066137244253e-16,1.8142028977023983,1.7668255070860737,3.0633695855888283,-9.785575112385463e-16,1.4641066137244253e-16,1.8151520644042438,1.8123216283109795,3.0630461029909757,nan,nan,nan,nan,nan,nan,nan,nan,,0.05275124000036158,0.04226214500158676,0.03153822900276282,0.03153822900276282,0.020992593999835663,nan,nan,profile,1,1,1,2,0.19769668579101562,9.802303314208984,0.6,0.3,
1785154958.0232627,0.28088043200114043,6.666666666666665,0.0,3.3333333333333335,0.0,0.44999999999999996,-9.78557512798517e-16,-0.5260389268805891,1.4641066137244253e-16,1.8142028977023983,1.7668255070860737,3.0633695855888283,before_ekf,-9.78557512798517e-16,1.4641066137244253e-16,1.8142028977023983,1.7668255070860737,3.0633695855888283,-9.785575111908425e-16,1.4641066137244253e-16,1.8151520644042438,1.8123216283109795,3.0630461029909757,nan,nan,nan,nan,nan,nan,nan,nan,,0.05196296500071185,0.041685918000439415,0.031221828001434915,0.031221828001434915,0.02077472600285546,nan,nan,profile,1,1,1,2,0.2811472415924072,9.718852758407593,0.6,0.3,
1785154958.1065063,0.36412478200145415,6.666666666666665,0.0,3.3333333333333335,0.0,0.44999999999999996,-9.78557512798517e-16,-0.5260389268805891,1.4641066137244253e-16,1.8142028977023983,1.7668255070860737,3.0633695855888283,before_ekf,-9.78557512798517e-16,1.4641066137244253e-16,1.8142028977023983,1.7668255070860737,3.0633695855888283,-9.785575116007955e-16,1.4641066137244253e-16,1.8151520644042438,1.8123216283109795,3.0630461029909757,nan,nan,nan,nan,nan,nan,nan,nan,,0.051956729002995417,0.04172804200061364,0.03131631500218646,0.03131631500218646,0.020791533002920914,nan,nan,profile,1,1,1,2,0.36440610885620117,9.635593891143799,0.6,0.3,
1785154958.1907446,0.44836237599884043,6.666666666666665,0.0,3.3333333333333335,0.0,0.44999999999999996,-9.78557512798517e-16,-0.5260389268805891,1.4641066137244253e-16,1.8142028977023983,1.7668255070860737,3.0633695855888283,before_ekf,-9.78557512798517e-16,1.4641066137244253e-16,1.8142028977023983,1.7668255070860737,3.0633695855888283,0.002715828069119737,-0.002461771911299465,1.814986112860999,1.8123346901051665,3.062922662886195,nan,nan,nan,nan,nan,nan,nan,nan,,0.05257032299778075,0.04228667999996105,0.03167857799780904,0.03167857799780904,0.021010396998462966,nan,nan,profile,1,1,1,2,0.4486699104309082,9.551330089569092,0.6,0.3,
1785154958.274923,0.5325289350003004,6.666666666666665,0.0,3.3333333333333335,0.0,0.44999999999999996,-9.78557512798517e-16,-0.5260389268805891,1.4641066137244253e-16,1.8142028977023983,1.7668255070860737,3.0633695855888283,before_ekf,-9.78557512798517e-16,1.4641066137244253e-16,1.8142028977023983,1.7668255070860737,3.0633695855888283,0.011663559952272012,-0.004424767044290144,1.8139887526791316,1.8124133321632936,3.0626138138999446,nan,nan,nan,nan,nan,nan,nan,nan,,0.05214505199910491,0.041774354001972824,0.03126236200114363,0.03126236200114363,0.020711003002361394,nan,nan,profile,1,1,1,2,0.5327498912811279,9.467250108718872,0.6,0.3,
1785154958.3480587,0.6056764159984596,6.666666666666665,0.0,3.3333333333333335,0.0,0.44999999999999996,-9.78557512798517e-16,-0.5260389268805891,1.4641066137244253e-16,1.8142028977023983,1.7668255070860737,3.0633695855888283,before_ekf,-9.78557512798517e-16,1.4641066137244253e-16,1.8142028977023983,1.7668255070860737,3.0633695855888283,0.011663559952272012,-0.004424767044290144,1.8139887526791316,1.8124133321632936,3.0626138138999446,nan,nan,nan,nan,nan,nan,nan,nan,,0.041527614997903584,0.03131949999806238,0.02088907399956952,0.02088907399956952,0.09385848400052055,nan,nan,profile,1,1,1,2,0.6059329509735107,9.39406704902649,0.6,0.3,
1785154958.4311264,0.6887450860012905,6.666666666666665,0.0,3.3333333333333335,0.0,0.44999999999999996,-9.78557512798517e-16,-0.5260389268805891,1.4641066137244253e-16,1.8142028977023983,1.7668255070860737,3.0633695855888283,before_ekf,-9.78557512798517e-16,1.4641066137244253e-16,1.8142028977023983,1.7668255070860737,3.0633695855888283,0.040516493278182894,-0.010638599735201797,1.8100426231146758,1.8127262184268358,3.061552304109962,nan,nan,nan,nan,nan,nan,nan,nan,,0.05171943400273449,0.041470075000688666,0.03106957300042268,0.03106957300042268,0.02070514099978027,nan,nan,profile,1,1,1,2,0.6889445781707764,9.311055421829224,0.6,0.3,
1785154958.5146399,0.7722579639994365,6.666666666666665,0.0,3.3333333333333335,0.0,0.44999999999999996,-9.78557512798517e-16,-0.5260389268805891,1.4641066137244253e-16,1.8142028977023983,1.7668255070860737,3.0633695855888283,before_ekf,-9.78557512798517e-16,1.4641066137244253e-16,1.8142028977023983,1.7668255070860737,3.0633695855888283,0.06229190706532701,-0.013730760123629386,1.8060686012083693,1.813044125601706,3.0606878462017084,nan,nan,nan,nan,nan,nan,nan,nan,,0.05226865299846395,0.0419916690007085,0.031259135001164395,0.031259135001164395,0.020742145999975037,nan,nan,profile,1,1,1,2,0.7724621295928955,9.227537870407104,0.6,0.3,
1785154958.5978403,0.8554568299987295,6.666666666666665,0.0,3.3333333333333335,0.0,0.44999999999999996,-9.78557512798517e-16,-0.5260389268805891,1.4641066137244253e-16,1.8142028977023983,1.7668255070860737,3.0633695855888283,before_ekf,-9.78557512798517e-16,1.4641066137244253e-16,1.8142028977023983,1.7668255070860737,3.0633695855888283,0.11832227824793844,-0.023802552839257498,1.793040096169472,1.8141047506447545,3.058020383976265,nan,nan,nan,nan,nan,nan,nan,nan,,0.0519029290007893,0.04162421299770358,0.03123749899896211,0.03123749899896211,0.020819310997467255,nan,nan,profile,1,1,1,2,0.8559317588806152,9.144068241119385,0.6,0.3,
1785154958.6810677,0.9386746089985536,6.666666666666665,0.0,3.3333333333333335,0.0,0.44999999999999996,-9.78557512798517e-16,-0.5260389268805891,1.4641066137244253e-16,1.8142028977023983,1.7668255070860737,3.0633695855888283,before_ekf,-9.78557512798517e-16,1.4641066137244253e-16,1.8142028977023983,1.7668255070860737,3.0633695855888283,0.1450507805071773,-0.02654430754544802,1.7836663711275846,1.8148867809224862,3.0562934181155557,nan,nan,nan,nan,nan,nan,nan,nan,,0.05161014899931615,0.0413682529979269,0.03101724099906278,0.03101724099906278,0.020643534997361712,nan,nan,profile,1,1,1,2,0.9388811588287354,9.061118841171265,0.6,0.3,
1785154958.7651963,1.0228144089996931,6.666666666666665,0.0,3.3333333333333335,0.0,0.44999999999999996,-9.78557512798517e-16,-0.5260389268805891,1.4641066137244253e-16,1.8142028977023983,1.7668255070860737,3.0633695855888283,before_ekf,-9.78557512798517e-16,1.4641066137244253e-16,1.8142028977023983,1.7668255070860737,3.0633695855888283,0.1717309386888539,-0.03235374821533952,1.7725142217635788,1.8158374215157622,3.054218028492092,nan,nan,nan,nan,nan,nan,nan,nan,,0.05268183799853432,0.04242867200082401,0.031835317000513896,0.031835317000513896,0.020988435000617756,nan,nan,profile,1,1,1,2,1.0231127738952637,8.976887226104736,0.6,0.3,
1785154958.848954,1.1065720750011678,6.666666666666665,0.0,3.3333333333333335,0.0,0.44999999999999996,-9.78557512798517e-16,-0.5260389268805891,1.4641066137244253e-16,1.8142028977023983,1.7668255070860737,3.0633695855888283,before_ekf,-9.78557512798517e-16,1.4641066137244253e-16,1.8142028977023983,1.7668255070860737,3.0633695855888283,0.19395845105050363,-0.03274026637095724,1.7599142841711353,1.8169365083702853,3.0520445548421407,nan,nan,nan,nan,nan,nan,nan,nan,,0.05188098200233071,0.041634494002209976,0.031159551999735413,0.031159551999735413,0.020718108000437496,nan,nan,profile,1,1,1,2,1.1068379878997803,8.89316201210022,0.6,0.3,
1785154958.9335465,1.1911519739987853,6.666666666666665,0.0,3.3333333333333335,0.0,0.44999999999999996,-9.78557512798517e-16,-0.5260389268805891,1.4641066137244253e-16,1.8142028977023983,1.7668255070860737,3.0633695855888283,before_ekf,-9.78557512798517e-16,1.4641066137244253e-16,1.8142028977023983,1.7668255070860737,3.0633695855888283,0.21219250099784512,-0.037437969933370195,1.7460776779847065,1.8181771448999509,3.049604836872695,nan,nan,nan,nan,nan,nan,nan,nan,,0.05257085199991707,0.04222433699760586,0.03172593799899914,0.03172593799899914,0.021127345000422793,nan,nan,profile,1,1,1,2,1.1914355754852295,8.80856442451477,0.6,0.3,
1785154959.0168056,1.274423779999779,6.666666666666665,0.0,3.3333333333333335,0.0,0.44999999999999996,-9.78557512798517e-16,-0.5260389268805891,1.4641066137244253e-16,1.8142028977023983,1.7668255070860737,3.0633695855888283,before_ekf,-9.78557512798517e-16,1.4641066137244253e-16,1.8142028977023983,1.7668255070860737,3.0633695855888283,0.2462603123776282,-0.06429758879492889,1.7152785130474717,1.8210650194727205,3.0425487211126097,nan,nan,nan,nan,nan,nan,nan,nan,,0.05177232799906051,0.04151645000092685,0.031100711999897612,0.031100711999897612,0.020682924001448555,nan,nan,profile,1,1,1,2,1.2746474742889404,8.72535252571106,0.6,0.3,
1785154959.099921,1.357539660999464,6.666666666666665,0.0,3.3333333333333335,0.0,0.44999999999999996,-9.78557512798517e-16,-0.5260389268805891,1.4641066137244253e-16,1.8142028977023983,1.7668255070860737,3.0633695855888283,before_ekf,-9.78557512798517e-16,1.4641066137244253e-16,1.8142028977023983,1.7668255070860737,3.0633695855888283,0.26443938630196323,-0.08293780254596188,1.6980357431497493,1.8227845539313074,3.037287614469844,nan,nan,nan,nan,nan,nan,nan,nan,,0.05180018299870426,0.04153910199966049,0.031095645997993415,0.031095645997993415,0.020687322998128366,nan,nan,profile,1,1,1,2,1.357781171798706,8.642218828201294,0.6,0.3,
1785154959.1828814,1.440499602998898,6.666666666666665,0.0,3.3333333333333335,0.0,0.44999999999999996,-9.78557512798517e-16,-0.5260389268805891,1.4641066137244253e-16,1.8142028977023983,1.7668255070860737,3.0633695855888283,before_ekf,-9.78557512798517e-16,1.4641066137244253e-16,1.8142028977023983,1.7668255070860737,3.0633695855888283,0.30718991238799453,-0.13474561173633018,1.6596618734342634,1.82692343251636,3.0222751974263637,nan,nan,nan,nan,nan,nan,nan,nan,,0.051606241999252234,0.04136819400082459,0.0309255749998556,0.0309255749998556,0.020574841000779998,nan,nan,profile,1,1,1,2,1.4407074451446533,8.559292554855347,0.6,0.3,
1785154959.265697,1.5233154189991183,6.666666666666665,0.0,3.3333333333333335,0.0,0.44999999999999996,-9.78557512798517e-16,-0.5260389268805891,1.4641066137244253e-16,1.8142028977023983,1.7668255070860737,3.0633695855888283,before_ekf,-9.78557512798517e-16,1.4641066137244253e-16,1.8142028977023983,1.7668255070860737,3.0633695855888283,0.3293063423598189,-0.15104537859188533,1.638265056346804,1.8294857537409865,3.012461953992144,nan,nan,nan,nan,nan,nan,nan,nan,,0.05162395200022729,0.041374060998350615,0.030984713997895597,0.030984713997895597,0.020596963000571122,nan,nan,profile,1,1,1,2,1.5235099792480469,8.476490020751953,0.6,0.3,
1785154959.3493717,1.606988691000879,6.666666666666665,0.0,3.3333333333333335,0.0,0.44999999999999996,-9.78557512798517e-16,-0.5260389268805891,1.4641066137244253e-16,1.8142028977023983,1.7668255070860737,3.0633695855888283,before_ekf,-9.78557512798517e-16,1.4641066137244253e-16,1.8142028977023983,1.7668255070860737,3.0633695855888283,0.3501122265370533,-0.16551164811383912,1.6154365871990766,1.8324456042828141,3.001605552089682,nan,nan,nan,nan,nan,nan,nan,nan,,0.052507823002088116,0.04209308999998029,0.031423659002030035,0.031423659002030035,0.020927219000441255,nan,nan,profile,1,1,1,2,1.6072680950164795,8.39273190498352,0.6,0.3,
1785154959.422686,1.680304706998868,6.666666666666665,0.0,3.3333333333333335,0.0,0.44999999999999996,-9.78557512798517e-16,-0.5260389268805891,1.4641066137244253e-16,1.8142028977023983,1.7668255070860737,3.0633695855888283,before_ekf,-9.78557512798517e-16,1.4641066137244253e-16,1.8142028977023983,1.7668255070860737,3.0633695855888283,0.3501122265370533,-0.16551164811383912,1.6154365871990766,1.8324456042828141,3.001605552089682,nan,nan,nan,nan,nan,nan,nan,nan,,0.04170649300067453,0.03138567700079875,0.0208734160005406,0.0208734160005406,0.09424323499843013,nan,nan,profile,1,1,1,2,1.6805446147918701,8.31945538520813,0.6,0.3,
1785154959.5059316,1.763550095998653,6.666666666666665,0.0,3.3333333333333335,0.0,0.44999999999999996,-9.78557512798517e-16,-0.5260389268805891,1.4641066137244253e-16,1.8142028977023983,1.7668255070860737,3.0633695855888283,before_ekf,-9.78557512798517e-16,1.4641066137244253e-16,1.8142028977023983,1.7668255070860737,3.0633695855888283,0.37537940011744714,-0.1778704475261775,1.5794586920676355,1.8375093960352737,2.98442415308618,nan,nan,nan,nan,nan,nan,nan,nan,,0.05198395899788011,0.04170751600031508,0.0312955379995401,0.0312955379995401,0.02077178599938634,nan,nan,profile,1,1,1,2,1.7637851238250732,8.236214876174927,0.6,0.3,
1785154959.589219,1.8468377309982316,6.666666666666665,0.0,3.3333333333333335,0.0,0.44999999999999996,-9.78557512798517e-16,-0.5260389268805891,1.4641066137244253e-16,1.8142028977023983,1.7668255070860737,3.0633695855888283,before_ekf,-9.78557512798517e-16,1.4641066137244253e-16,1.8142028977023983,1.7668255070860737,3.0633695855888283,0.3977689981658675,-0.19744444470751424,1.5410093733595518,1.8437775217217933,2.965117975639478,nan,nan,nan,nan,nan,nan,nan,nan,,0.05199418799747946,0.04171889099961845,0.03127520099951653,0.03127520099951653,0.020754534998559393,nan,nan,profile,1,1,1,2,1.8470368385314941,8.152963161468506,0.6,0.3,
1785154959.6720066,1.9296252950007329,6.666666666666665,0.0,3.3333333333333335,0.0,0.44999999999999996,-9.78557512798517e-16,-0.5260389268805891,1.4641066137244253e-16,1.8142028977023983,1.7668255070860737,3.0633695855888283,before_ekf,-9.78557512798517e-16,1.4641066137244253e-16,1.8142028977023983,1.7668255070860737,3.0633695855888283,0.40793119051429483,-0.215440325763766,1.514588328246592,1.8485125117149,2.9510274169828357,nan,nan,nan,nan,nan,nan,nan,nan,,0.051654437000252074,0.041410820002056425,0.031024629999592435,0.031024629999592435,0.02069258800111129,nan,nan,profile,1,1,1,2,1.9298193454742432,8.070180654525757,0.6,0.3,
1785154959.7557483,2.013366674000281,6.666666666666665,0.26199275679315576,3.3333333333333335,0.5239855135863115,0.44999999999999996,-9.78557512798517e-16,-0.5260389268805891,1.4641066137244253e-16,1.8142028977023983,1.7668255070860737,3.0633695855888283,before_ekf,-9.78557512798517e-16,1.4641066137244253e-16,1.8142028977023983,1.7668255070860737,3.0633695855888283,0.4258217719876448,-0.26563491703971165,1.4602013930757978,1.8594100229638324,2.9185596663151046,nan,nan,nan,nan,nan,nan,nan,nan,,0.05206292400180246,0.04168738400039729,0.031194467999739572,0.031194467999739572,0.02074329300012323,nan,nan,profile,1,1,1,2,2.013620138168335,7.986379861831665,0.6,0.3,
1785154959.8389597,2.096578282998962,6.666666666666665,0.7848513966719568,3.3333333333333335,0.2616171322239856,0.44999999999999996,-9.78557512798517e-16,-0.5260389268805891,1.4641066137244253e-16,1.8142028977023983,1.7668255070860737,3.0633695855888283,before_ekf,-9.78557512798517e-16,1.4641066137244253e-16,1.8142028977023983,1.7668255070860737,3.0633695855888283,0.4343438739524915,-0.2958351405163146,1.4322831849180395,1.8657887748142994,2.899281141663386,nan,nan,nan,nan,nan,nan,nan,nan,,0.05170890299996245,0.04141114199956064,0.031007425001007505,0.031007425001007505,0.020662588998675346,nan,nan,profile,1,1,1,2,2.0967440605163574,7.903255939483643,0.6,0.3,
1785154959.9225304,2.180147647999547,6.666666666666665,1.0467982604681247,3.3333333333333335,1.0467982604681247,0.44999999999999996,-9.78557512798517e-16,-0.5260389268805891,1.4641066137244253e-16,1.8142028977023983,1.7668255070860737,3.0633695855888283,before_ekf,-9.78557512798517e-16,1.4641066137244253e-16,1.8142028977023983,1.7668255070860737,3.0633695855888283,0.4419618415746864,-0.328307640358623,1.4040731510654743,1.8728166858362283,2.8778838576387535,nan,nan,nan,nan,nan,nan,nan,nan,,0.05245099500098149,0.042069615999935195,0.03156973699879018,0.03156973699879018,0.021075574000860797,nan,nan,profile,1,1,1,2,2.1804680824279785,7.8195319175720215,0.6,0.3,
1785154960.0063946,2.2640119960015,6.666666666666665,1.571928508303002,3.3333333333333335,1.3099404235858347,0.44999999999999996,-9.78557512798517e-16,-0.5260389268805891,1.4641066137244253e-16,1.8142028977023983,1.7668255070860737,3.0633695855888283,before_ekf,-9.78557512798517e-16,1.4641066137244253e-16,1.8142028977023983,1.7668255070860737,3.0633695855888283,0.4491348516811899,-0.36576627833286895,1.3754939823691614,1.880600330374045,2.8539725994263865,nan,nan,nan,nan,nan,nan,nan,nan,,0.05190327700256603,0.04158482600178104,0.031097570001293207,0.031097570001293207,0.02077438800188247,nan,nan,profile,1,1,1,2,2.264235258102417,7.735764741897583,0.6,0.3,
1785154960.0898674,2.347484927999176,6.666666666666665,1.833954307945372,3.3333333333333335,1.833954307945372,0.44999999999999996,-9.78557512798517e-16,-0.5260389268805891,1.4641066137244253e-16,1.8142028977023983,1.7668255070860737,3.0633695855888283,before_ekf,-9.78557512798517e-16,1.4641066137244253e-16,1.8142028977023983,1.7668255070860737,3.0633695855888283,0.4569186104016589,-0.40304809513476264,1.3466339623891281,1.8892049641284692,2.8275694755801926,nan,nan,nan,nan,nan,nan,nan,nan,,0.05208835499797715,0.041771462998440256,0.031139098999119597,0.031139098999119597,0.020732770000904566,nan,nan,profile,1,1,1,2,2.347698926925659,7.652301073074341,0.6,0.3,
1785154960.1731155,2.430733954999596,6.666666666666665,2.347768466554305,3.3333333333333335,2.0869053036038263,0.44999999999999996,-9.78557512798517e-16,-0.5260389268805891,1.4641066137244253e-16,1.8142028977023983,1.7668255070860737,3.0633695855888283,before_ekf,-9.78557512798517e-16,1.4641066137244253e-16,1.8142028977023983,1.7668255070860737,3.0633695855888283,0.46214141465187664,-0.44226538269314936,1.3174786110527892,1.8987652840873332,2.7983840829119995,nan,nan,nan,nan,nan,nan,nan,nan,,0.05201102800128865,0.04175904200019431,0.031367028001113795,0.031367028001113795,0.02100784700087388,nan,nan,profile,1,1,1,2,2.4308953285217285,7.5691046714782715,0.6,0.3,
1785154960.2577982,2.5154164289997425,6.666666666666665,2.6181429812342754,3.3333333333333335,2.356328683110848,0.44999999999999996,-9.78557512798517e-16,-0.5260389268805891,1.4641066137244253e-16,1.8142028977023983,1.7668255070860737,3.0633695855888283,before_ekf,-9.78557512798517e-16,1.4641066137244253e-16,1.8142028977023983,1.7668255070860737,3.0633695855888283,0.4662088950880811,-0.47595003265535385,1.2885552335312167,1.9091977441119934,2.7670744899927264,nan,nan,nan,nan,nan,nan,nan,nan,,0.05285187299887184,0.042405457999848295,0.03167331000076956,0.03167331000076956,0.0208199959997728,nan,nan,profile,1,1,1,2,2.51560640335083,7.48439359664917,0.6,0.3,
1785154960.3414607,2.59907806299816,6.666666666666665,2.6204099746003746,3.3333333333333335,2.6204099746003746,0.44999999999999996,-9.78557512798517e-16,-0.5260389268805891,1.4641066137244253e-16,1.8142028977023983,1.7668255070860737,3.0633695855888283,before_ekf,-9.78557512798517e-16,1.4641066137244253e-16,1.8142028977023983,1.7668255070860737,3.0633695855888283,0.4681680576449283,-0.5375256887795272,1.2314726657887425,1.9327100497715093,2.698972734245773,nan,nan,nan,nan,nan,nan,nan,nan,,0.051779044999420876,0.04151404399817693,0.031184380997729022,0.031184380997729022,0.02087580499937758,nan,nan,profile,1,1,1,2,2.5992965698242188,7.400703430175781,0.6,0.3,
1785154960.425991,2.6836096389997692,6.666666666666665,2.8713404415184747,3.3333333333333335,2.3492785430605703,0.44999999999999996,-9.78557512798517e-16,-0.5260389268805891,1.4641066137244253e-16,1.8142028977023983,1.7668255070860737,3.0633695855888283,before_ekf,-9.78557512798517e-16,1.4641066137244253e-16,1.8142028977023983,1.7668255070860737,3.0633695855888283,0.4647735744955664,-0.5595652824774011,1.2037478858142197,1.9460195408884267,2.6620071686071434,nan,nan,nan,nan,nan,nan,nan,nan,,0.05312130500169587,0.04284235199884279,0.032395643000199925,0.032395643000199925,0.02129091900133062,nan,nan,profile,1,1,1,2,2.683767557144165,7.316232442855835,0.6,0.3,
1785154960.50973,2.7673479769982805,6.666666666666665,3.4035281825162436,3.3333333333333335,2.6180986019355714,0.44999999999999996,-9.78557512798517e-16,-0.5260389268805891,1.4641066137244253e-16,1.8142028977023983,1.7668255070860737,3.0633695855888283,before_ekf,-9.78557512798517e-16,1.4641066137244253e-16,1.8142028977023983,1.7668255070860737,3.0633695855888283,0.45812022599444885,-0.5822909235774851,1.1500750257129242,1.9752187934065173,2.5856682007817673,nan,nan,nan,nan,nan,nan,nan,nan,,0.05228656499821227,0.04184062099739094,0.03126567899744259,0.03126567899744259,0.020778777998202713,nan,nan,profile,1,1,1,2,2.7675633430480957,7.232436656951904,0.6,0.3,
1785154960.5933032,2.8509215349986334,6.666666666666665,3.930001551876118,3.3333333333333335,2.8820011380424866,0.44999999999999996,-9.78557512798517e-16,-0.5260389268805891,1.4641066137244253e-16,1.8142028977023983,1.7668255070860737,3.0633695855888283,before_ekf,-9.78557512798517e-16,1.4641066137244253e-16,1.8142028977023983,1.7668255070860737,3.0633695855888283,0.4537295404354638,-0.5823529208004729,1.1245955635857696,1.9912221451893646,2.5468435686442366,nan,nan,nan,nan,nan,nan,nan,nan,,0.05199222900046152,0.04170734799845377,0.03133842699753586,0.03133842699753586,0.020886338999844156,nan,nan,profile,1,1,1,2,2.85109806060791,7.14890193939209,0.6,0.3,
1785154960.6759095,2.9335281979983847,6.666666666666665,4.206652154633222,3.3333333333333335,3.1549891159749164,0.44999999999999996,-9.78557512798517e-16,-0.5260389268805891,1.4641066137244253e-16,1.8142028977023983,1.7668255070860737,3.0633695855888283,before_ekf,-9.78557512798517e-16,1.4641066137244253e-16,1.8142028977023983,1.7668255070860737,3.0633695855888283,0.45319096021998695,-0.5757559889177656,1.0998020659309935,2.008104804668654,2.508404647855402,nan,nan,nan,nan,nan,nan,nan,nan,,0.05142860499836388,0.04114548999859835,0.030844154996884754,0.030844154996884754,0.020527810000203317,nan,nan,profile,1,1,1,2,2.933675765991211,7.066324234008789,0.6,0.3,
1785154960.758822,3.01643920800052,6.666666666666665,4.701998410257733,3.3333333333333335,3.3958877407416965,0.44999999999999996,-9.78557512798517e-16,-0.5260389268805891,1.4641066137244253e-16,1.8142028977023983,1.7668255070860737,3.0633695855888283,before_ekf,-9.78557512798517e-16,1.4641066137244253e-16,1.8142028977023983,1.7668255070860737,3.0633695855888283,0.4531947256617474,-0.5674811503502424,1.0634461896765521,2.034947334168587,2.45129361176145,nan,nan,nan,nan,nan,nan,nan,nan,,0.051648541000758996,0.04143009000108577,0.031020689002616564,0.031020689002616564,0.020667011001933133,nan,nan,profile,1,1,1,2,3.016632556915283,6.983367443084717,0.6,0.3,
1785154960.8421347,3.0997525839993614,6.666666666666665,4.707678430270577,3.3333333333333335,3.6615276679882265,0.44999999999999996,-9.78557512798517e-16,-0.5260389268805891,1.4641066137244253e-16,1.8142028977023983,1.7668255070860737,3.0633695855888283,before_ekf,-9.78557512798517e-16,1.4641066137244253e-16,1.8142028977023983,1.7668255070860737,3.0633695855888283,0.4510825314834109,-0.5551221142544877,1.0404645029858555,2.0540690160147634,2.4141712247534004,nan,nan,nan,nan,nan,nan,nan,nan,,0.0519400740013225,0.04164571900037117,0.031134451000980334,0.031134451000980334,0.020715376998850843,nan,nan,profile,1,1,1,2,3.0999348163604736,6.900065183639526,0.6,0.3,
1785154960.9254189,3.1830244209995726,6.666666666666665,4.989390091809466,3.3333333333333335,3.938992177744314,0.44999999999999996,-9.78557512798517e-16,-0.5260389268805891,1.4641066137244253e-16,1.8142028977023983,1.7668255070860737,3.0633695855888283,before_ekf,-9.78557512798517e-16,1.4641066137244253e-16,1.8142028977023983,1.7668255070860737,3.0633695855888283,0.45059737559557617,-0.5394823959162633,1.007435778914671,2.0843739104363785,2.3597910619064946,nan,nan,nan,nan,nan,nan,nan,nan,,0.05217293099849485,0.04190146299879416,0.03143212799841422,0.03143212799841422,0.020854880000115372,nan,nan,profile,1,1,1,2,3.1833014488220215,6.8166985511779785,0.6,0.3,
1785154961.0088665,3.2664848499989603,6.666666666666665,5.240120062262888,3.3333333333333335,3.930090046697166,0.44999999999999996,-9.78557512798517e-16,-0.5260389268805891,1.4641066137244253e-16,1.8142028977023983,1.7668255070860737,3.0633695855888283,before_ekf,-9.78557512798517e-16,1.4641066137244253e-16,1.8142028977023983,1.7668255070860737,3.0633695855888283,0.45016612784647453,-0.5157739234862957,0.9656095509786486,2.1272370734025468,2.289573123015467,nan,nan,nan,nan,nan,nan,nan,nan,,0.05191324599945801,0.04169931000069482,0.031173765997664304,0.031173765997664304,0.02070593299868051,nan,nan,profile,1,1,1,2,3.2667078971862793,6.733292102813721,0.6,0.3,
1785154961.0827408,3.340338329999213,6.666666666666665,5.4988733362322435,3.3333333333333335,3.6659155574881623,0.44999999999999996,-9.78557512798517e-16,-0.5260389268805891,1.4641066137244253e-16,1.8142028977023983,1.7668255070860737,3.0633695855888283,before_ekf,-9.78557512798517e-16,1.4641066137244253e-16,1.8142028977023983,1.7668255070860737,3.0633695855888283,0.45016612784647453,-0.5157739234862957,0.9656095509786486,2.1272370734025468,2.289573123015467,nan,nan,nan,nan,nan,nan,nan,nan,,0.04242760299894144,0.032133659999090014,0.02153242200074601,0.02153242200074601,0.09455941299893311,nan,nan,profile,1,1,1,2,3.3408632278442383,6.659136772155762,0.6,0.3,
1785154961.1668117,3.4244300770005793,6.666666666666665,5.746638206374684,3.3333333333333335,3.656951585874799,0.44999999999999996,-9.78557512798517e-16,-0.5260389268805891,1.4641066137244253e-16,1.8142028977023983,1.7668255070860737,3.0633695855888283,before_ekf,-9.78557512798517e-16,1.4641066137244253e-16,1.8142028977023983,1.7668255070860737,3.0633695855888283,0.45282909955404976,-0.5063391599672675,0.9360333608073755,2.1611539157316795,2.238596457339165,nan,nan,nan,nan,nan,nan,nan,nan,,0.051721325999096734,0.04145643900119467,0.031007096000394085,0.031007096000394085,0.020624323002266465,nan,nan,profile,1,1,1,2,3.4246020317077637,6.575397968292236,0.6,0.3,
1785154961.2498152,3.507433888000378,6.666666666666665,6.007335662366511,3.3333333333333335,3.9178276058912025,0.44999999999999996,-9.78557512798517e-16,-0.5260389268805891,1.4641066137244253e-16,1.8142028977023983,1.7668255070860737,3.0633695855888283,before_ekf,-9.78557512798517e-16,1.4641066137244253e-16,1.8142028977023983,1.7668255070860737,3.0633695855888283,0.45602568246226094,-0.4947078414680878,0.9082654807544562,2.19728921685691,2.188571025512961,nan,nan,nan,nan,nan,nan,nan,nan,,0.05162650000056601,0.04138198100190493,0.0310002420010278,0.0310002420010278,0.02063448300032178,nan,nan,profile,1,1,1,2,3.5076613426208496,6.49233865737915,0.6,0.3,
1785154961.3329709,3.5905890629983332,6.666666666666665,6.279983520381556,3.3333333333333335,3.9249897002384717,0.44999999999999996,0.0035242049668690865,-0.5260389268805891,-0.0041328342268820185,1.8130285094373964,1.7669189153435838,3.061992418898669,before_ekf,0.0035242049668690865,-0.0041328342268820185,1.8130285094373964,1.7669189153435838,3.061992418898669,0.458996816676238,-0.4974739202107143,0.8908003589518568,2.221932097302994,2.1557261459748975,nan,nan,nan,nan,nan,nan,nan,nan,,0.05178006699861726,0.04140338199795224,0.030927119998523267,0.030927119998523267,0.02056501799961552,nan,nan,profile,1,1,1,2,3.5907602310180664,6.409239768981934,0.6,0.3,
1785154961.4159365,3.6735551199999463,6.666666666666665,6.279287627763281,3.3333333333333335,3.6629177828619137,0.44999999999999996,0.009435395826969608,-0.5260389268805891,2.1131683624228144e-05,1.8110710818943112,1.767073158101707,3.0633695855888265,before_ekf,0.009435395826969608,2.1131683624228144e-05,1.8110710818943112,1.767073158101707,3.0633695855888265,0.4608982576152484,-0.5014242070382896,0.8655010321268117,2.2603106882423516,2.1057609485413247,nan,nan,nan,nan,nan,nan,nan,nan,,0.05184606400143821,0.041514232998451917,0.031171242000709753,0.031171242000709753,0.020836044001043774,nan,nan,profile,1,1,1,2,3.6737029552459717,6.326297044754028,0.6,0.3,
1785154961.4987786,3.7563972889984143,6.666666666666665,6.550913009215555,3.3333333333333335,3.406474764792089,0.44999999999999996,0.03653223834294941,-0.5260389268805891,-0.012288125231532457,1.802068671969288,1.7678045613550126,3.059238085518352,before_ekf,0.03653223834294941,-0.012288125231532457,1.802068671969288,1.7678045613550126,3.059238085518352,0.4583699906361994,-0.5002496494877942,0.8427763606699556,2.299987169133449,2.0556995794600557,nan,nan,nan,nan,nan,nan,nan,nan,,0.051371767000091495,0.041178113999194466,0.030851395000354387,0.030851395000354387,0.020572924997395603,nan,nan,profile,1,1,1,2,3.756556749343872,6.243443250656128,0.6,0.3,
1785154961.5814898,3.839108555999701,6.666666666666665,7.074229200675218,3.3333333333333335,3.4061103558806605,0.44999999999999996,0.04590493612675725,-0.5260389268805891,-0.012288125231531295,1.7989377268682436,1.768062993503429,3.0592380855183525,before_ekf,0.04590493612675725,-0.012288125231531295,1.7989377268682436,1.768062993503429,3.0592380855183525,0.45756173959657365,-0.4983101411331219,0.8286713232683721,2.326951088488725,2.0224466356765696,nan,nan,nan,nan,nan,nan,nan,nan,,0.05152464200000395,0.04123716699905344,0.030824317000224255,0.030824317000224255,0.020529589000943815,nan,nan,profile,1,1,1,2,3.8392679691314697,6.16073203086853,0.6,0.3,
1785154961.6650214,3.9226373780002177,6.666666666666665,7.172655837720017,3.3333333333333335,3.4535009589022305,0.44999999999999996,0.07066201333390436,-0.5260389268805891,-0.016423843405122207,1.7903286174626922,1.7687855385470697,3.056483752138036,before_ekf,0.07066201333390436,-0.016423843405122207,1.7903286174626922,1.7687855385470697,3.056483752138036,0.45670927306653464,-0.4924376968261255,0.8155016296364351,2.3542887387007627,1.9895611443856511,nan,nan,nan,nan,nan,nan,nan,nan,,0.05238578100033919,0.04201207300138776,0.031571057999826735,0.031571057999826735,0.020985782000934705,nan,nan,profile,1,1,1,2,3.9229366779327393,6.077063322067261,0.6,0.3,
1785154961.7491257,4.006743986999936,6.666666666666665,7.069058582004331,3.3333333333333335,3.403620798742826,0.44999999999999996,0.11195204117578035,-0.5260389268805891,-0.028856566290841677,1.7738969516213998,1.770210745418488,3.0537294187577175,before_ekf,0.11195204117578035,-0.028856566290841677,1.7738969516213998,1.770210745418488,3.0537294187577175,0.45630696337818233,-0.4851536979171085,0.8032121064343295,2.3820703430082313,1.957081736142758,nan,nan,nan,nan,nan,nan,nan,nan,,0.05198513399955118,0.041614401001424994,0.03114447400002973,0.03114447400002973,0.020785231001354987,nan,nan,profile,1,1,1,2,4.006910085678101,5.993089914321899,0.6,0.3,
1785154961.8322139,4.089832093999576,6.666666666666665,7.070552195130246,3.3333333333333335,3.14246764228011,0.44999999999999996,0.1542839209322992,-0.5260389268805891,-0.028926425089024488,1.7539502421198419,1.772009384035024,3.049597918687243,before_ekf,0.1542839209322992,-0.028926425089024488,1.7539502421198419,1.772009384035024,3.049597918687243,0.4543967476549302,-0.4818055437335358,0.7919003478158174,2.410146634125089,1.9248846960898385,nan,nan,nan,nan,nan,nan,nan,nan,,0.051889014001062606,0.04163336399869877,0.03129870100019616,0.03129870100019616,0.020534758998110192,nan,nan,profile,1,1,1,2,4.089996337890625,5.910003662109375,0.6,0.3,
1785154961.9158187,4.1734371809980075,6.666666666666665,6.801766691560189,3.3333333333333335,3.4008833457800947,0.44999999999999996,0.18024547687561304,-0.5260389268805891,-0.037187006984683094,1.739092684254369,1.7734007081505494,3.046843585306927,before_ekf,0.18024547687561304,-0.037187006984683094,1.739092684254369,1.7734007081505494,3.046843585306927,0.4532080885789349,-0.4810554477828524,0.771793469462817,2.4670548300719166,1.8606725159001485,nan,nan,nan,nan,nan,nan,nan,nan,,0.0519112359979772,0.04166660199916805,0.031297113997425186,0.031297113997425186,0.02094479799779947,nan,nan,profile,1,1,1,2,4.173601865768433,5.826398134231567,0.6,0.3,
1785154961.9988976,4.256515959001263,6.666666666666665,6.799899660364742,3.3333333333333335,3.399949830182371,0.44999999999999996,0.20034442877661962,-0.5260389268805891,-0.033059377187084626,1.7238466025861217,1.7748547593923754,3.0454664186167686,before_ekf,0.20034442877661962,-0.033059377187084626,1.7238466025861217,1.7748547593923754,3.0454664186167686,0.4526947997255762,-0.48229837881944804,0.7632618574758504,2.495902280983709,1.8285855896232057,nan,nan,nan,nan,nan,nan,nan,nan,,0.05194517800191534,0.04172202900008415,0.03137565700308187,0.03137565700308187,0.02064651600085199,nan,nan,profile,1,1,1,2,4.2566916942596436,5.7433083057403564,0.6,0.3,
1785154962.082178,4.339796479998768,6.666666666666665,6.532674262291902,3.3333333333333335,3.135683645900113,0.44999999999999996,0.21670931874836658,-0.5260389268805891,-0.041304193291015014,1.7078229260515951,1.7764272545732467,3.041334918546293,before_ekf,0.21670931874836658,-0.041304193291015014,1.7078229260515951,1.7764272545732467,3.041334918546293,0.4524367648884081,-0.48735796405391046,0.7556382688000679,2.5250820642506917,1.7961092368480944,nan,nan,nan,nan,nan,nan,nan,nan,,0.05172621900055674,0.04136944399942877,0.03099083199776942,0.03099083199776942,0.020672703998570796,nan,nan,profile,1,1,1,2,4.339966535568237,5.660033464431763,0.6,0.3,
1785154962.165958,4.42357596399961,6.666666666666665,6.805267052646509,3.3333333333333335,3.4026335263232546,0.44999999999999996,0.24983346193531042,-0.5260389268805891,-0.07436906198502521,1.6711250261546788,1.7804085809553445,3.024808918264388,before_ekf,0.24983346193531042,-0.07436906198502521,1.6711250261546788,1.7804085809553445,3.024808918264388,0.45331761037920126,-0.487512935943428,0.7489465668624096,2.5544440947137783,1.7636504274443432,nan,nan,nan,nan,nan,nan,nan,nan,,0.052123388999461895,0.041859326000121655,0.031462810999073554,0.031462810999073554,0.020647049001127016,nan,nan,profile,1,1,1,2,4.42375636100769,5.57624363899231,0.6,0.3,
1785154962.25008,4.507697638000536,6.666666666666665,6.807234040947992,3.3333333333333335,3.403617020473996,0.44999999999999996,0.2686044894692441,-0.5260389268805891,-0.09911598776003903,1.650078019129792,1.7829975579547561,3.01379158474312,before_ekf,0.2686044894692441,-0.09911598776003903,1.650078019129792,1.7829975579547561,3.01379158474312,0.453424878326827,-0.4920265129797446,0.7432235194857286,2.5840441779903336,1.7309293792637501,nan,nan,nan,nan,nan,nan,nan,nan,,0.05208273199968971,0.04178916100136121,0.031238023002515547,0.031238023002515547,0.02074665100008133,nan,nan,profile,1,1,1,2,4.507902383804321,5.492097616195679,0.6,0.3,
1785154962.3333838,4.591001557000709,6.666666666666665,6.545557758560498,3.3333333333333335,3.4036900344514587,0.44999999999999996,0.2993107299427534,-0.5260389268805891,-0.14047443293209086,1.6166190065664798,1.7875827983590833,2.9972655844612173,before_ekf,0.2993107299427534,-0.14047443293209086,1.6166190065664798,1.7875827983590833,2.9972655844612173,0.4540393580801255,-0.5036176663408218,0.7344301302034578,2.643830902523968,1.6644246676007282,nan,nan,nan,nan,nan,nan,nan,nan,,0.052035311000508955,0.04180490799990366,0.03145891500025755,0.03145891500025755,0.02068323200001032,nan,nan,profile,1,1,1,2,4.591217279434204,5.408782720565796,0.6,0.3,
1785154962.416416,4.674034497998946,6.666666666666665,6.5387824636484915,3.3333333333333335,3.400166881097216,0.44999999999999996,0.31214832427374833,-0.5260389268805891,-0.15281042680370543,1.6045780290984133,1.7893751584330555,2.9903797510104244,before_ekf,0.31214832427374833,-0.15281042680370543,1.6045780290984133,1.7893751584330555,2.9903797510104244,0.4511156777924097,-0.5082403054124445,0.730303104801472,2.689164139606437,1.6135237817008496,nan,nan,nan,nan,nan,nan,nan,nan,,0.05190567799945711,0.0415897450002376,0.03126384499773849,0.03126384499773849,0.020961391001037555,nan,nan,profile,1,1,1,2,4.67417573928833,5.32582426071167,0.6,0.3,
1785154962.4998856,4.757504026998504,6.666666666666665,6.288168429132938,3.3333333333333335,3.406091232447008,0.44999999999999996,0.35438851304754815,-0.5260389268805891,-0.17753341868192557,1.5542052455554933,1.7976601528924465,2.9655907505875683,before_ekf,0.35438851304754815,-0.17753341868192557,1.5542052455554933,1.7976601528924465,2.9655907505875683,0.4485742040671391,-0.5112564604835331,0.7290168386748702,2.733745667850105,1.5627077629748767,nan,nan,nan,nan,nan,nan,nan,nan,,0.05246258199986187,0.042201685999316396,0.0313565340002242,0.0313565340002242,0.020633411997550866,nan,nan,profile,1,1,1,2,4.757686614990234,5.242313385009766,0.6,0.3,
1785154962.5827124,4.840330795999762,6.666666666666665,6.54913252257058,3.3333333333333335,3.4055489117367017,0.44999999999999996,0.37814510447768124,-0.5260389268805891,-0.18587499719165793,1.514835918986927,1.8050379310828284,2.9463104169253467,before_ekf,0.37814510447768124,-0.18587499719165793,1.514835918986927,1.8050379310828284,2.9463104169253467,0.44744311575070606,-0.5094066299934165,0.7293155269937777,2.763616882021963,1.5286527967445274,nan,nan,nan,nan,nan,nan,nan,nan,,0.05160044199874392,0.04138222899928223,0.031037870998261496,0.031037870998261496,0.020618717000616016,nan,nan,profile,1,1,1,2,4.840479612350464,5.159520387649536,0.6,0.3,
1785154962.6677804,4.925398518000293,6.666666666666665,6.544899153146805,3.3333333333333335,3.4033475596363383,0.44999999999999996,0.393523409749312,-0.5260389268805891,-0.19829541953437263,1.487524624326566,1.8106471947203164,2.931161583333602,before_ekf,0.393523409749312,-0.19829541953437263,1.487524624326566,1.8106471947203164,2.931161583333602,0.44719509355695475,-0.5086406762353562,0.7306075209988168,2.793327112747377,1.4947838015485608,nan,nan,nan,nan,nan,nan,nan,nan,,0.05325076799999806,0.04235508400233812,0.031582109000737546,0.031582109000737546,0.021022272001573583,nan,nan,profile,1,1,1,2,4.925612688064575,5.074387311935425,0.6,0.3,
1785154962.7512867,5.00890370399793,6.666666666666665,6.727072777503234,3.3333333333333335,3.6222699571171257,0.44999999999999996,0.39822067009209283,-0.5260389268805891,-0.20653776288741144,1.4740973925632037,1.8135829026279844,2.9215214165024923,before_ekf,0.39822067009209283,-0.20653776288741144,1.4740973925632037,1.8135829026279844,2.9215214165024923,0.4480052055652244,-0.5060741848940206,0.7328826746952845,2.8230038751297877,1.4610781684043088,nan,nan,nan,nan,nan,nan,nan,nan,,0.0522018379997462,0.04196270399916102,0.031076707997272024,0.031076707997272024,0.02067927099778899,nan,nan,profile,1,1,1,2,5.009103059768677,4.990896940231323,0.6,0.3,
1785154962.8349404,5.092558360000112,6.666666666666665,6.548279789368745,3.3333333333333335,3.405105490471748,0.44999999999999996,0.42042572835208053,-0.5260389268805891,-0.2683839769537846,1.4043816558786337,1.8309894069196635,2.8705662489666257,before_ekf,0.42042572835208053,-0.2683839769537846,1.4043816558786337,1.8309894069196635,2.8705662489666257,0.449301409195752,-0.5023722241622187,0.7378145407971048,2.867597589354542,1.4106671938056827,nan,nan,nan,nan,nan,nan,nan,nan,,0.05211863099975744,0.04180149400053779,0.031181491001916584,0.031181491001916584,0.02072170700193965,nan,nan,profile,1,1,1,2,5.0927629470825195,4.9072370529174805,0.6,0.3,
1785154962.9202983,5.177915454998583,6.666666666666665,6.802395789230296,3.3333333333333335,3.662828501893236,0.44999999999999996,0.4252267628818238,-0.5260389268805891,-0.2849966192035321,1.3904066442398137,1.8349660076837884,2.8581717487551983,before_ekf,0.4252267628818238,-0.2849966192035321,1.3904066442398137,1.8349660076837884,2.8581717487551983,0.45024878160892307,-0.49862339023048846,0.7454956117337553,2.911860271163158,1.3606815729588744,nan,nan,nan,nan,nan,nan,nan,nan,,0.053776723998453235,0.042969514997821534,0.031514021997281816,0.031514021997281816,0.02091106099760509,nan,nan,profile,1,1,1,2,5.1781675815582275,4.8218324184417725,0.6,0.3,
1785154963.0050206,5.262638885000342,6.666666666666665,6.550389421290242,3.3333333333333335,3.668218075922536,0.44999999999999996,0.43335286150258956,-0.5260389268805891,-0.32206665848942306,1.3614853147343355,1.8437881866565735,2.8320055816421843,before_ekf,0.43335286150258956,-0.32206665848942306,1.3614853147343355,1.8437881866565735,2.8320055816421843,0.4505121044057287,-0.4970508177206248,0.7517916076908994,2.9412688346814657,1.3274425706476345,nan,nan,nan,nan,nan,nan,nan,nan,,0.05277421099890489,0.04250228800083278,0.031401639000250725,0.031401639000250725,0.02099280300171813,nan,nan,profile,1,1,1,2,5.262784242630005,4.737215757369995,0.6,0.3,
1785154963.0888524,5.346470477998082,6.666666666666665,6.534059681850085,3.3333333333333335,3.3977110345620445,0.44999999999999996,0.4406940591411921,-0.5260389268805891,-0.3553505461717502,1.3328246398483725,1.8534229290568036,2.803085081148853,before_ekf,0.4406940591411921,-0.3553505461717502,1.3328246398483725,1.8534229290568036,2.803085081148853,0.4515951872643282,-0.49929095024449943,0.767019138967716,2.999331450261535,1.2610909623736832,nan,nan,nan,nan,nan,nan,nan,nan,,0.05231175399967469,0.04196955599763896,0.031576148998283315,0.031576148998283315,0.021006502000091132,nan,nan,profile,1,1,1,2,5.346733570098877,4.653266429901123,0.6,0.3,
1785154963.1722121,5.429830771001434,6.666666666666665,6.543421602426348,3.3333333333333335,3.4025792332617013,0.44999999999999996,0.4558248097612765,-0.5260389268805891,-0.4337430053395611,1.275025077238927,1.8759519813699455,2.7369810800212417,before_ekf,0.4558248097612765,-0.4337430053395611,1.275025077238927,1.8759519813699455,2.7369810800212417,0.45373102283136746,-0.5046774398231737,0.7808143622674861,3.042414755945677,1.2109201735121689,nan,nan,nan,nan,nan,nan,nan,nan,,0.05169430400201236,0.04144016000282136,0.03098547000263352,0.03098547000263352,0.020623598000383936,nan,nan,profile,1,1,1,2,5.429991722106934,4.570008277893066,0.6,0.3,
1785154963.2553623,5.512980412000616,6.666666666666665,6.543715017953802,3.3333333333333335,3.402731809335977,0.44999999999999996,0.4600555657193171,-0.5260389268805891,-0.4744252981013495,1.2467432970496526,1.8886983775350092,2.6997975793869604,before_ekf,0.4600555657193171,-0.4744252981013495,1.2467432970496526,1.8886983775350092,2.6997975793869604,0.4541529689567156,-0.5137985528614477,0.7973258489049624,3.0847024353263444,1.159671287547195,nan,nan,nan,nan,nan,nan,nan,nan,,0.05168652200154611,0.041410322999581695,0.030940340999222826,0.030940340999222826,0.02060494500256027,nan,nan,profile,1,1,1,2,5.513127088546753,4.486872911453247,0.6,0.3,
1785154963.3279734,5.585590587998013,6.666666666666665,6.568410339296908,3.3333333333333335,3.6783097900062685,0.44999999999999996,0.463768013337162,-0.5260389268805891,-0.5036592632829218,1.2185998807527954,1.9026555606254247,2.6639912454428374,before_ekf,0.463768013337162,-0.5036592632829218,1.2185998807527954,1.9026555606254247,2.6639912454428374,0.4541529689567156,-0.5137985528614477,0.7973258489049624,3.0847024353263444,1.159671287547195,nan,nan,nan,nan,nan,nan,nan,nan,,0.04154505299811717,0.03130738399704569,0.020927408997522434,0.020927408997522434,0.09321512099995743,nan,nan,profile,1,1,1,2,5.585809946060181,4.414190053939819,0.6,0.3,
1785154963.4120376,5.669653583001491,6.666666666666665,6.540098129859049,3.3333333333333335,3.6624549527210677,0.44999999999999996,0.46423957807860344,-0.5260389268805891,-0.5456416756015651,1.1784508424036144,1.924981932644174,2.6047730777660187,before_ekf,0.46423957807860344,-0.5456416756015651,1.1784508424036144,1.924981932644174,2.6047730777660187,0.4529245712952967,-0.5125700184339435,0.8222456567319277,3.1397425637997625,1.0912672764280487,nan,nan,nan,nan,nan,nan,nan,nan,,0.052588652000849834,0.042269515000953106,0.031538122002530145,0.031538122002530145,0.02094017000126769,nan,nan,profile,1,1,1,2,5.6699841022491455,4.3300158977508545,0.6,0.3,
1785154963.495072,5.752690262001124,6.666666666666665,6.5499626666053565,3.3333333333333335,3.4059805866347856,0.44999999999999996,0.46541001424514905,-0.5260389268805891,-0.5580157376217408,1.165371661884371,1.9329496181964099,2.58411557741364,before_ekf,0.46541001424514905,-0.5580157376217408,1.165371661884371,1.9329496181964099,2.58411557741364,0.45204451553639324,-0.5101914682122105,0.8361721775478794,3.166442631950701,1.0572377446781438,nan,nan,nan,nan,nan,nan,nan,nan,,0.05147673400279018,0.04127408600106719,0.030924419999792008,0.030924419999792008,0.02060881000215886,nan,nan,profile,1,1,1,2,5.752896070480347,4.247103929519653,0.6,0.3,
1785154963.5781848,5.835802456000238,6.666666666666665,6.5648459141589735,3.3333333333333335,3.6763137119290255,0.44999999999999996,0.45953678236490136,-0.5260389268805891,-0.5787121659788721,1.1407039785963937,1.9490379933180455,2.5441777433990422,before_ekf,0.45953678236490136,-0.5787121659788721,1.1407039785963937,1.9490379933180455,2.5441777433990422,0.45084582156730657,-0.501441383067056,0.8583839805223873,3.2057336172625277,1.0066831149924136,nan,nan,nan,nan,nan,nan,nan,nan,,0.05186031700213789,0.04160947499985923,0.031262556000001496,0.031262556000001496,0.02080442300211871,nan,nan,profile,1,1,1,2,5.836021423339844,4.163978576660156,0.6,0.3,
1785154963.6617465,5.919364544999553,6.666666666666665,6.811044459197559,3.3333333333333335,3.4055222295987795,0.44999999999999996,0.45407086874207464,-0.5260389268805891,-0.591552097307138,1.0920596571163743,1.9849430385481597,2.4670564087501616,before_ekf,0.45407086874207464,-0.591552097307138,1.0920596571163743,1.9849430385481597,2.4670564087501616,0.44971400842347586,-0.49597252275041004,0.8744354371776468,3.231039420542715,0.973573339881126,nan,nan,nan,nan,nan,nan,nan,nan,,0.05234380700130714,0.0420925910002552,0.030969333998655202,0.030969333998655202,0.020604722998541547,nan,nan,profile,1,1,1,2,5.919536113739014,4.080463886260986,0.6,0.3,
1785154963.7448926,6.002510786998755,6.666666666666665,6.808444321925788,3.3333333333333335,3.404222160962894,0.44999999999999996,0.4486908603034808,-0.5260389268805891,-0.5824067803077793,1.0694087931166028,2.003765473917702,2.4298729081158803,before_ekf,0.4486908603034808,-0.5824067803077793,1.0694087931166028,2.003765473917702,2.4298729081158803,0.44935147429872424,-0.49357790997496376,0.8913044337843027,3.255805722313014,0.940620155504039,nan,nan,nan,nan,nan,nan,nan,nan,,0.05180968700005906,0.04142244999820832,0.031020769998576725,0.031020769998576725,0.020603267999831587,nan,nan,profile,1,1,1,2,6.002702951431274,3.9972970485687256,0.6,0.3,
1785154963.8276668,6.0852851739982725,6.666666666666665,6.803013376553663,3.3333333333333335,3.4015066882768314,0.44999999999999996,0.45006991716299255,-0.5260389268805891,-0.5702637710538088,1.0465772261818684,2.0241823439641284,2.394066574171757,before_ekf,0.45006991716299255,-0.5702637710538088,1.0465772261818684,2.0241823439641284,2.394066574171757,0.44868300354091323,-0.4869016700064722,0.9181814699038696,3.291773007098456,0.8916713682829007,nan,nan,nan,nan,nan,nan,nan,nan,,0.051590525999927195,0.0413687009968271,0.030972392996773124,0.030972392996773124,0.020586352999089286,nan,nan,profile,1,1,1,2,6.085448265075684,3.9145517349243164,0.6,0.3,
1785154963.9110508,6.168668836999132,6.666666666666665,6.542510709978864,3.3333333333333335,3.40210556918901,0.44999999999999996,0.44772499996010484,-0.5260389268805891,-0.5454196411515928,0.9945338551376737,2.0770636854856073,2.3045507393114484,before_ekf,0.44772499996010484,-0.5454196411515928,0.9945338551376737,2.0770636854856073,2.3045507393114484,0.448062365539829,-0.48711619174799553,0.9369488924753921,3.314979373245737,0.859228265699895,nan,nan,nan,nan,nan,nan,nan,nan,,0.052114661997620715,0.0418103029987833,0.03139747100067325,0.03139747100067325,0.02084641499823192,nan,nan,profile,1,1,1,2,6.168862581253052,3.8311374187469482,0.6,0.3,
1785154963.9944983,6.252116424999258,6.666666666666665,6.540622426851148,3.3333333333333335,3.1394987648885513,0.44999999999999996,0.44782895812812884,-0.5260389268805891,-0.5372873614914171,0.974943433141726,2.099577060397448,2.268744405367323,before_ekf,0.44782895812812884,-0.5372873614914171,0.974943433141726,2.099577060397448,2.268744405367323,0.4464280943129822,-0.48377299718205785,0.9765616442784122,3.359719156269727,0.7943633754275692,nan,nan,nan,nan,nan,nan,nan,nan,,0.051994178000313696,0.04167299099935917,0.03117062000092119,0.03117062000092119,0.020692756999778794,nan,nan,profile,1,1,1,2,6.252333641052246,3.747666358947754,0.6,0.3,
1785154964.0677855,6.325401572998089,6.666666666666665,6.522163774375472,3.3333333333333335,3.3915251626752454,0.44999999999999996,0.448791759047188,-0.5260389268805891,-0.5329188645192023,0.9654483985419207,2.111088889063662,2.2522184050854186,before_ekf,0.448791759047188,-0.5329188645192023,0.9654483985419207,2.111088889063662,2.2522184050854186,0.4464280943129822,-0.48377299718205785,0.9765616442784122,3.359719156269727,0.7943633754275692,nan,nan,nan,nan,nan,nan,nan,nan,,0.04206947599959676,0.0315800649987068,0.020938173998729326,0.020938173998729326,0.09397790499861003,nan,nan,profile,1,1,1,2,6.325632572174072,3.6743674278259277,0.6,0.3,
1785154964.1513956,6.409013455999229,6.666666666666665,6.7808273469269436,3.3333333333333335,3.3904136734634718,0.44999999999999996,0.4474919150475931,-0.5260389268805891,-0.5121137188695009,0.9378679434937314,2.1468434540019405,2.2040175709298695,before_ekf,0.4474919150475931,-0.5121137188695009,0.9378679434937314,2.1468434540019405,2.2040175709298695,0.4460594570740379,-0.4855379341239892,1.0186377549281576,3.401491739343634,0.7299886593967377,nan,nan,nan,nan,nan,nan,nan,nan,,0.05233387100088294,0.04200385500007542,0.0310444999995525,0.0310444999995525,0.020630276998417685,nan,nan,profile,1,1,1,2,6.40923810005188,3.59076189994812,0.6,0.3,
1785154964.2353146,6.492932956000004,6.666666666666665,6.541743849658176,3.3333333333333335,3.4017068018222516,0.44999999999999996,0.44849810105683474,-0.5260389268805891,-0.5077875889320179,0.9291373960202665,2.158945330802889,2.187491570647965,before_ekf,0.44849810105683474,-0.5077875889320179,0.9291373960202665,2.158945330802889,2.187491570647965,0.44514821425874807,-0.4923188028902619,1.0634156395134053,3.4405324205644265,0.6647369385563042,nan,nan,nan,nan,nan,nan,nan,nan,,0.05279524300203775,0.04258701700018719,0.03175888700206997,0.03175888700206997,0.020641129001887748,nan,nan,profile,1,1,1,2,6.493096351623535,3.506903648376465,0.6,0.3,
1785154964.3106008,6.568219271000999,6.666666666666665,6.540815383029131,3.3333333333333335,3.4012239991751483,0.44999999999999996,0.45125038310378596,-0.5260389268805891,-0.49996079401827764,0.9037238844914689,2.1967450564955904,2.137913569802254,before_ekf,0.45125038310378596,-0.49996079401827764,0.9037238844914689,2.1967450564955904,2.137913569802254,0.44514821425874807,-0.4923188028902619,1.0634156395134053,3.4405324205644265,0.6647369385563042,nan,nan,nan,nan,nan,nan,nan,nan,,0.0425097370025469,0.03164565100087202,0.0211277689995768,0.0211277689995768,0.09592744400288211,nan,nan,profile,1,1,1,2,6.568406820297241,3.431593179702759,0.6,0.3,
1785154964.3940263,6.651644170000509,6.666666666666665,6.546222782093513,3.3333333333333335,3.4040358466886267,0.44999999999999996,0.455299749133108,-0.5260389268805891,-0.49099802660707254,0.8798096132451008,2.2364302807381,2.088335568956545,before_ekf,0.455299749133108,-0.49099802660707254,0.8798096132451008,2.2364302807381,2.088335568956545,0.44449808900249954,-0.49187087632994364,1.0984224823360957,3.467937275390095,0.6155556235284269,nan,nan,nan,nan,nan,nan,nan,nan,,0.052078716002142755,0.04184515599990846,0.03109194200078491,0.03109194200078491,0.02069288500206312,nan,nan,profile,1,1,1,2,6.651840448379517,3.3481595516204834,0.6,0.3,
1785154964.4778664,6.735484898999857,6.666666666666665,6.809789719666455,3.3333333333333335,3.4048948598332274,0.44999999999999996,0.45819597909222753,-0.5260389268805891,-0.49991346206630477,0.8653110970512545,2.2629638252822755,2.0539064017025797,before_ekf,0.45819597909222753,-0.49991346206630477,0.8653110970512545,2.2629638252822755,2.0539064017025797,0.44505354698810107,-0.4936527422090454,1.1350104879317018,3.493211407848233,0.5662592125763767,nan,nan,nan,nan,nan,nan,nan,nan,,0.05258218400194892,0.04233391000161646,0.03160181299972464,0.03160181299972464,0.021257569998851977,nan,nan,profile,1,1,1,2,6.735656261444092,3.264343738555908,0.6,0.3,
1785154964.5612414,6.818859898998198,6.666666666666665,6.54656732763019,3.3333333333333335,3.404215010367699,0.44999999999999996,0.4593433991692053,-0.5260389268805891,-0.5040034109306137,0.8450380165159271,2.3041895654970963,2.0029512341667113,before_ekf,0.4593433991692053,-0.5040034109306137,0.8450380165159271,2.3041895654970963,2.0029512341667113,0.4453037224563477,-0.49470561158837495,1.1600412149244625,3.5091181903151822,0.5333164026974142,nan,nan,nan,nan,nan,nan,nan,nan,,0.05199424799866392,0.04165848499906133,0.031171114998869598,0.031171114998869598,0.020706846997200046,nan,nan,profile,1,1,1,2,6.819054365158081,3.180945634841919,0.6,0.3,
1785154964.6448798,6.902498584000568,6.666666666666665,6.805283585800052,3.3333333333333335,3.402641792900026,0.44999999999999996,0.45577477917314074,-0.5260389268805891,-0.4998263308424359,0.827118952415658,2.3456381653032294,1.9547504000111586,before_ekf,0.45577477917314074,-0.4998263308424359,0.827118952415658,2.3456381653032294,1.9547504000111586,0.4472846529738719,-0.49534328635455455,1.1984367944426906,3.531813520786483,0.483844938587093,nan,nan,nan,nan,nan,nan,nan,nan,,0.052478464000159875,0.04214451300140354,0.0314990469996701,0.0314990469996701,0.02081328300118912,nan,nan,profile,1,1,1,2,6.902642726898193,3.0973572731018066,0.6,0.3,
1785154964.7289186,6.986537130000215,6.666666666666665,6.807158884946091,3.3333333333333335,3.4035794424730454,0.44999999999999996,0.45545866602536184,-0.5260389268805891,-0.49660693358480457,0.8162254421896972,2.373844216213177,1.9230755661375096,before_ekf,0.45545866602536184,-0.49660693358480457,0.8162254421896972,2.373844216213177,1.9230755661375096,0.4491883008801094,-0.49563638947449085,1.2383735878546958,3.5522650489337084,0.43423056034988194,nan,nan,nan,nan,nan,nan,nan,nan,,0.05236889500156394,0.04212629100220511,0.031720380000479054,0.031720380000479054,0.021125642000697553,nan,nan,profile,1,1,1,2,6.986735105514526,3.0132648944854736,0.6,0.3,
1785154964.8115253,7.069144203000178,6.666666666666665,6.802780850330891,3.3333333333333335,3.4013904251654457,0.44999999999999996,0.4547533265110603,-0.5260389268805891,-0.4875379985032599,0.8062306687995631,2.4023811112414997,1.8914007322638604,before_ekf,0.4547533265110603,-0.4875379985032599,0.8062306687995631,2.4023811112414997,1.8914007322638604,0.4498972524420723,-0.49569292623751815,1.2655794350422969,3.5648854942376125,0.4011650720296505,nan,nan,nan,nan,nan,nan,nan,nan,,0.05145369900128571,0.04122664900205564,0.030863702999340603,0.030863702999340603,0.020551399000396486,nan,nan,profile,1,1,1,2,7.069295644760132,2.930704355239868,0.6,0.3,
1785154964.8953629,7.15298021000126,6.666666666666665,6.544654517158345,3.3333333333333335,3.4032203489223396,0.44999999999999996,0.4521756732813492,-0.5260389268805891,-0.47905085038586587,0.7891410711525523,2.459971678272384,1.8266738978264023,before_ekf,0.4521756732813492,-0.47905085038586587,0.7891410711525523,2.459971678272384,1.8266738978264023,0.45068951027396514,-0.4977424981397419,1.2933099255858365,3.5766502954113566,0.36790266248802134,nan,nan,nan,nan,nan,nan,nan,nan,,0.05263937000199803,0.041877949002810055,0.03149126000062097,0.03149126000062097,0.02072769100050209,nan,nan,profile,1,1,1,2,7.153219938278198,2.8467800617218018,0.6,0.3,
1785154964.9788058,7.236422739999398,6.666666666666665,6.552766695178263,3.3333333333333335,3.407438681492697,0.44999999999999996,0.45124653612335336,-0.5260389268805891,-0.48344575550820695,0.7787420957049082,2.50391392612682,1.7784730636708503,before_ekf,0.45124653612335336,-0.48344575550820695,0.7787420957049082,2.50391392612682,1.7784730636708503,0.45412529341343516,-0.5039616933931835,1.3497571733847809,3.5976315983532183,0.30110475480220433,nan,nan,nan,nan,nan,nan,nan,nan,,0.05168540099839447,0.0414472400007071,0.03105139000035706,0.03105139000035706,0.020750433999637607,nan,nan,profile,1,1,1,2,7.236645460128784,2.763354539871216,0.6,0.3,
1785154965.0618103,7.319428069000423,6.666666666666665,6.546398389710994,3.3333333333333335,3.6659830982381565,0.44999999999999996,0.4523054025516222,-0.5260389268805891,-0.47920138707082705,0.7756979157203354,2.518923449759926,1.7633242300791052,before_ekf,0.4523054025516222,-0.47920138707082705,0.7756979157203354,2.518923449759926,1.7633242300791052,0.4547325703427636,-0.5084175588563098,1.3786849712717464,3.606608559894628,0.2672838103119215,nan,nan,nan,nan,nan,nan,nan,nan,,0.05173454200121341,0.041423410999414045,0.031033544000820257,0.031033544000820257,0.020552322999719763,nan,nan,profile,1,1,1,2,7.319584369659424,2.680415630340576,0.6,0.3,
1785154965.1350157,7.392633215000387,6.666666666666665,6.544920554757299,3.3333333333333335,3.4033586884737956,0.44999999999999996,0.4511878471212797,-0.5260389268805891,-0.48337852196477804,0.7704724309384822,2.54830618312635,1.730272229515296,before_ekf,0.4511878471212797,-0.48337852196477804,0.7704724309384822,2.54830618312635,1.730272229515296,0.4547325703427636,-0.5084175588563098,1.3786849712717464,3.606608559894628,0.2672838103119215,nan,nan,nan,nan,nan,nan,nan,nan,,0.04178200500246021,0.031333195001934655,0.02079819099890301,0.02079819099890301,0.09375746899968362,nan,nan,profile,1,1,1,2,7.39283561706543,2.6071643829345703,0.6,0.3,
1785154965.2187715,7.476389954001206,6.666666666666665,6.543714036587112,3.3333333333333335,3.402731299025298,0.44999999999999996,0.4511441724573436,-0.5260389268805891,-0.49156425717377167,0.7661785051379452,2.5782360705153873,1.6958430622613305,before_ekf,0.4511441724573436,-0.49156425717377167,0.7661785051379452,2.5782360705153873,1.6958430622613305,0.4533463761090797,-0.5195892542144023,1.4372575504367544,3.6217792061474077,0.1985785427083315,nan,nan,nan,nan,nan,nan,nan,nan,,0.0521996269999363,0.041939388000173494,0.031543256001896225,0.031543256001896225,0.021081722003145842,nan,nan,profile,1,1,1,2,7.476582288742065,2.5234177112579346,0.6,0.3,
1785154965.3032656,7.560884039001394,6.666666666666665,6.287682509217479,3.3333333333333335,3.405828025826134,0.44999999999999996,0.45253619168394354,-0.5260389268805891,-0.4876408121933665,0.7628695112779063,2.608291027387954,1.6641682283876822,before_ekf,0.45253619168394354,-0.4876408121933665,0.7628695112779063,2.608291027387954,1.6641682283876822,0.44901952557818736,-0.5151475658281265,1.4815264090493316,3.6306001998354653,0.14682699483391692,nan,nan,nan,nan,nan,nan,nan,nan,,0.05260642300345353,0.042342487002315465,0.031984558001568075,0.031984558001568075,0.021554267001192784,nan,nan,profile,1,1,1,2,7.561229944229126,2.438770055770874,0.6,0.3,
1785154965.386433,7.644051518000197,6.666666666666665,6.56998526279971,3.3333333333333335,3.4163923366558495,0.44999999999999996,0.4523670323935014,-0.5260389268805891,-0.4957442998326191,0.7605760284533876,2.6384402544830987,1.6297390611337168,before_ekf,0.4523670323935014,-0.4957442998326191,0.7605760284533876,2.6384402544830987,1.6297390611337168,0.44659233864941555,-0.5137277458996146,1.5109630795757454,3.634904206764727,0.11262390327182505,nan,nan,nan,nan,nan,nan,nan,nan,,0.05174040000201785,0.0415292040015629,0.031219190001138486,0.031219190001138486,0.02090700999906403,nan,nan,profile,1,1,1,2,7.64421010017395,2.35578989982605,0.6,0.3,
1785154965.4694538,7.727072491001309,6.666666666666665,6.560963527993352,3.3333333333333335,3.4117010345565433,0.44999999999999996,0.4535617489964695,-0.5260389268805891,-0.5081344899610758,0.7590799412611327,2.698885452440566,1.560880726625784,before_ekf,0.4535617489964695,-0.5081344899610758,0.7590799412611327,2.698885452440566,1.560880726625784,0.444293752470951,-0.50864191686825,1.5404008774270133,3.638194121356152,0.07869324890040508,nan,nan,nan,nan,nan,nan,nan,nan,,0.051770562000456266,0.0414856020033767,0.03118086399990716,0.03118086399990716,0.020765115001267986,nan,nan,profile,1,1,1,2,7.727227449417114,2.2727725505828857,0.6,0.3,
1785154965.5532992,7.8109171190008055,6.666666666666665,6.528289248055757,3.3333333333333335,3.394710408988994,0.44999999999999996,0.4491481079778474,-0.5260389268805891,-0.5113407884810947,0.7606770404061572,2.74322697169838,1.509925559089914,before_ekf,0.4491481079778474,-0.5113407884810947,0.7606770404061572,2.74322697169838,1.509925559089914,0.44373013472101613,-0.5007230007633435,1.5847733916937221,3.6411911862345483,0.028372289667484278,nan,nan,nan,nan,nan,nan,nan,nan,,0.052024108001205605,0.041741170000022976,0.03134611399946152,0.03134611399946152,0.02060585599974729,nan,nan,profile,1,1,1,2,7.811080694198608,2.1889193058013916,0.6,0.3,
1785154965.6363869,7.894005652000487,6.666666666666665,6.541239965923044,3.3333333333333335,3.4014447822799827,0.44999999999999996,0.4476246081692157,-0.5260389268805891,-0.5122405099878329,0.7629609149595794,2.7725892592947945,1.4754963918359478,before_ekf,0.4476246081692157,-0.5122405099878329,0.7629609149595794,2.7725892592947945,1.4754963918359478,0.44550182035072156,-0.5001298437482368,1.6144188589371533,3.642064023935733,-0.0049724104923369854,nan,nan,nan,nan,nan,nan,nan,nan,,0.051418392002233304,0.04118502600249485,0.03084294200016302,0.03084294200016302,0.02054273700196063,nan,nan,profile,1,1,1,2,7.89414644241333,2.10585355758667,0.6,0.3,
1785154965.719672,7.977289636000933,6.666666666666665,6.546492286687437,3.3333333333333335,3.4041759890774674,0.44999999999999996,0.4461536872605187,-0.5260389268805891,-0.5077828176813999,0.7683235581012292,2.817029985250765,1.4259183909902353,before_ekf,0.4461536872605187,-0.5077828176813999,0.7683235581012292,2.817029985250765,1.4259183909902353,0.4461219723904557,-0.49988549306481445,1.6441184933329571,3.641925206264991,-0.03827017213413697,nan,nan,nan,nan,nan,nan,nan,nan,,0.05202387700046529,0.04165030900185229,0.031193157999950927,0.031193157999950927,0.020761693001986714,nan,nan,profile,1,1,1,2,7.977508783340454,2.022491216659546,0.6,0.3,
1785154965.8025703,8.060188548999577,6.666666666666665,6.542945716805008,3.3333333333333335,3.140613944066404,0.44999999999999996,0.4463595234310797,-0.5260389268805891,-0.508001416376938,0.7731962698138941,2.8468711085283203,1.3914892237362697,before_ekf,0.4463595234310797,-0.508001416376938,0.7731962698138941,2.8468711085283203,1.3914892237362697,0.44847831383813513,-0.49567500411361487,1.7037240460227263,3.6389348697189288,-0.1047138830426877,nan,nan,nan,nan,nan,nan,nan,nan,,0.05144422599914833,0.04117829599999823,0.030817196999123553,0.030817196999123553,0.020552220001263777,nan,nan,profile,1,1,1,2,8.060352802276611,1.9396471977233887,0.6,0.3,
1785154965.8745363,8.132154787999752,6.666666666666665,6.5507804324585495,3.3333333333333335,3.406405824878446,0.44999999999999996,0.4476280594899711,-0.5260389268805891,-0.5039538832617395,0.7790033837784794,2.876144443471406,1.3584372231724615,before_ekf,0.4476280594899711,-0.5039538832617395,0.7790033837784794,2.876144443471406,1.3584372231724615,0.44847831383813513,-0.49567500411361487,1.7037240460227263,3.6389348697189288,-0.1047138830426877,nan,nan,nan,nan,nan,nan,nan,nan,,0.04097485300007975,0.03078568199998699,0.02051287699941895,0.02051287699941895,0.09251845900143962,nan,nan,profile,1,1,1,2,8.132314443588257,1.8676855564117432,0.6,0.3,
1785154965.9577882,8.21540648899827,6.666666666666665,6.284181161368229,3.3333333333333335,3.1420905806841146,0.44999999999999996,0.4489305302549882,-0.5260389268805891,-0.49998029818113326,0.7895196488704924,2.9196547208030075,1.3088592223267492,before_ekf,0.4489305302549882,-0.49998029818113326,0.7895196488704924,2.9196547208030075,1.3088592223267492,0.4506417733981794,-0.4981662834151855,1.7483966518180851,3.6342684846463555,-0.15436655528572765,nan,nan,nan,nan,nan,nan,nan,nan,,0.052106708997598616,0.041846629999781726,0.03133018099833862,0.03133018099833862,0.02074868399722618,nan,nan,profile,1,1,1,2,8.215582132339478,1.7844178676605225,0.6,0.3,
1785154966.0407145,8.298332522001147,6.666666666666665,6.804039537349705,3.3333333333333335,3.4020197686748523,0.44999999999999996,0.4487362180682924,-0.5260389268805891,-0.4997651070776253,0.7977230535498997,2.9483488815844905,1.27580722176294,before_ekf,0.4487362180682924,-0.4997651070776253,0.7977230535498997,2.9483488815844905,1.27580722176294,0.4560360270644338,-0.49649944197741697,1.7932033716433615,3.6268779568856093,-0.20403205966058074,nan,nan,nan,nan,nan,nan,nan,nan,,0.05176943400147138,0.0415374479998718,0.031137500001932494,0.031137500001932494,0.02083838900216506,nan,nan,profile,1,1,1,2,8.298479080200195,1.7015209197998047,0.6,0.3,
1785154966.1252375,8.382855560997996,6.666666666666665,6.539186790402893,3.3333333333333335,3.4003771310095043,0.44999999999999996,0.4499525828316506,-0.5260389268805891,-0.49567155050670364,0.8120019238265033,2.991601274436029,1.2262292209172305,before_ekf,0.4499525828316506,-0.49567155050670364,0.8120019238265033,2.991601274436029,1.2262292209172305,0.45891356499050623,-0.5059625250057229,1.8380000895027542,3.6176346014867953,-0.2541500932807246,nan,nan,nan,nan,nan,nan,nan,nan,,0.05344442999921739,0.043206343998463126,0.03197201199873234,0.03197201199873234,0.021390156998677412,nan,nan,profile,1,1,1,2,8.383023738861084,1.616976261138916,0.6,0.3,
1785154966.2078283,8.465446840000368,6.666666666666665,6.549841730113702,3.3333333333333335,3.667911368863673,0.44999999999999996,0.4512976369437823,-0.5260389268805891,-0.499989608648676,0.8283196383634636,3.0337053785093318,1.1752740533813606,before_ekf,0.4512976369437823,-0.499989608648676,0.8283196383634636,3.0337053785093318,1.1752740533813606,0.4601975075364124,-0.5150824213568487,1.8823293330700792,3.6055743437962793,-0.30551070693721366,nan,nan,nan,nan,nan,nan,nan,nan,,0.05140919599944027,0.04114430600020569,0.03083560300001409,0.03083560300001409,0.020524711999314604,nan,nan,profile,1,1,1,2,8.465606689453125,1.534393310546875,0.6,0.3,
1785154966.2915556,8.549171863000083,6.666666666666665,6.546141267217828,3.3333333333333335,3.4039934589532708,0.44999999999999996,0.4537097614047106,-0.5260389268805891,-0.5083082872540049,0.8535097450388522,3.0886719024915408,1.106415718873429,before_ekf,0.4537097614047106,-0.5083082872540049,0.8535097450388522,3.0886719024915408,1.106415718873429,0.4590115361971844,-0.5157938698904727,1.9115106379246274,3.5963360685516634,-0.3398784035916673,nan,nan,nan,nan,nan,nan,nan,nan,,0.05211377299929154,0.041744098998606205,0.031280072002118686,0.031280072002118686,0.020784858999832068,nan,nan,profile,1,1,1,2,8.549422025680542,1.450577974319458,0.6,0.3,
1785154966.375111,8.63272852099908,6.666666666666665,6.518744207234377,3.3333333333333335,3.6504967560512513,0.44999999999999996,0.45359706339813144,-0.5260389268805891,-0.5164471893795248,0.8675212496816536,3.115465814030279,1.071986551619463,before_ekf,0.45359706339813144,-0.5164471893795248,0.8675212496816536,3.115465814030279,1.071986551619463,0.4578869811082819,-0.5107518963929691,1.9689253473098896,3.5751615026695065,-0.4084381520319313,nan,nan,nan,nan,nan,nan,nan,nan,,0.051839388001098996,0.04159480099770008,0.031243575998814777,0.031243575998814777,0.0208822370004782,nan,nan,profile,1,1,1,2,8.632967710494995,1.3670322895050049,0.6,0.3,
1785154966.4575825,8.715200467999239,6.666666666666665,6.565285674382491,3.3333333333333335,3.413948550678896,0.44999999999999996,0.4537747711623359,-0.5260389268805891,-0.5166549253830369,0.8749677726474739,3.128848651838043,1.0540833846474016,before_ekf,0.4537747711623359,-0.5166549253830369,0.8749677726474739,3.128848651838043,1.0540833846474016,0.45566519075544665,-0.5070655940900451,1.9967442552803116,3.5630746468629204,-0.4422081985244395,nan,nan,nan,nan,nan,nan,nan,nan,,0.051293717999215005,0.04108771000028355,0.030793252000876237,0.030793252000876237,0.02051960899916594,nan,nan,profile,1,1,1,2,8.71533989906311,1.2846601009368896,0.6,0.3,
1785154966.5299804,8.787599094001052,6.666666666666665,6.805684488335105,3.3333333333333335,3.4028422441675525,0.44999999999999996,0.4523436018588126,-0.5260389268805891,-0.5122414989402901,0.898039738038306,3.167207750862429,1.0045053838016895,before_ekf,0.4523436018588126,-0.5122414989402901,0.898039738038306,3.167207750862429,1.0045053838016895,0.45566519075544665,-0.5070655940900451,1.9967442552803116,3.5630746468629204,-0.4422081985244395,nan,nan,nan,nan,nan,nan,nan,nan,,0.04118270500111976,0.030926562001695856,0.020549819000734715,0.020549819000734715,0.09291823500097962,nan,nan,profile,1,1,1,2,8.787755727767944,1.2122442722320557,0.6,0.3,
1785154966.6134164,8.871034919000522,6.666666666666665,6.801794422425482,3.3333333333333335,3.400897211212741,0.44999999999999996,0.45234711417391493,-0.5260389268805891,-0.5122453886549583,0.9061494690892749,3.17973412877357,0.9879793835197852,before_ekf,0.45234711417391493,-0.5122453886549583,0.9061494690892749,3.17973412877357,0.9879793835197852,0.4552365229355429,-0.5013200466854639,2.0512053904034167,3.5364300045800823,-0.5093275863715707,nan,nan,nan,nan,nan,nan,nan,nan,,0.05225320799945621,0.04200470400246559,0.031640675999369705,0.031640675999369705,0.021241546000965172,nan,nan,profile,1,1,1,2,8.871194839477539,1.128805160522461,0.6,0.3,
1785154966.6980772,8.95569581000018,6.666666666666665,6.814076916738794,3.3333333333333335,3.407038458369397,0.44999999999999996,0.4499996899887436,-0.5260389268805891,-0.4957383832099548,0.9499284670675459,3.2406126860369175,0.9067265488004239,before_ekf,0.4499996899887436,-0.4957383832099548,0.9499284670675459,3.2406126860369175,0.9067265488004239,0.45481873227089553,-0.49826000330332915,2.077702643058951,3.5216214474216043,-0.5426246967798513,nan,nan,nan,nan,nan,nan,nan,nan,,0.052380973000254016,0.041958931000408484,0.03165177100163419,0.03165177100163419,0.020546929001284298,nan,nan,profile,1,1,1,2,8.955861330032349,1.0441386699676514,0.6,0.3,
1785154966.781736,9.039354423999612,6.666666666666665,6.301745207163726,3.3333333333333335,3.413445320547018,0.44999999999999996,0.44887367961029445,-0.5260389268805891,-0.4916727090039831,0.9687078446663586,3.2638072045335136,0.8736745482366157,before_ekf,0.44887367961029445,-0.4916727090039831,0.9687078446663586,3.2638072045335136,0.8736745482366157,0.45887766419298937,-0.48445024191780056,2.1295006940430343,3.4895968071928625,-0.6079917683867238,nan,nan,nan,nan,nan,nan,nan,nan,,0.052410288000828587,0.04196575799869606,0.0314278789992386,0.0314278789992386,0.0210546529997373,nan,nan,profile,1,1,1,2,9.039507865905762,0.9604921340942383,0.6,0.3,
1785154966.865559,9.123176648998196,6.666666666666665,6.541127980510147,3.3333333333333335,3.4013865498652764,0.44999999999999996,0.44883173908575,-0.5260389268805891,-0.4916262619544586,0.9882434512414086,3.2863684719410107,0.8406225476728076,before_ekf,0.44883173908575,-0.4916262619544586,0.9882434512414086,3.2863684719410107,0.8406225476728076,0.4601573622026122,-0.48381572039893217,2.1546633239717528,3.472105131670783,-0.6402534993855836,nan,nan,nan,nan,nan,nan,nan,nan,,0.052126990998658584,0.04178935699746944,0.031295639997551916,0.031295639997551916,0.0208139989990741,nan,nan,profile,1,1,1,2,9.12340259552002,0.8765974044799805,0.6,0.3,
1785154966.9494586,9.207077377999667,6.666666666666665,6.55119135918434,3.3333333333333335,3.406619506775857,0.44999999999999996,0.4476149610483599,-0.5260389268805891,-0.48744706122573717,1.0082272517200428,3.3080022614660014,0.8089477137991594,before_ekf,0.4476149610483599,-0.48744706122573717,1.0082272517200428,3.3080022614660014,0.8089477137991594,0.4580872313662574,-0.4858292644451022,2.179151009966272,3.4538039507725355,-0.6726168763338758,nan,nan,nan,nan,nan,nan,nan,nan,,0.05229568399954587,0.0420252209987666,0.03090328899997985,0.03090328899997985,0.020535609000944532,nan,nan,profile,1,1,1,2,9.207233905792236,0.7927660942077637,0.6,0.3,
1785154967.0325062,9.290124664999894,6.666666666666665,6.8026184993398155,3.3333333333333335,3.4013092496699078,0.44999999999999996,0.44862633064040586,-0.5260389268805891,-0.48315714860998193,1.0188822993683038,3.3190032973756116,0.7937988802074154,before_ekf,0.44862633064040586,-0.48315714860998193,1.0188822993683038,3.3190032973756116,0.7937988802074154,0.4567051418877655,-0.4890758519925196,2.202952226055589,3.434800907217242,-0.7051713266345682,nan,nan,nan,nan,nan,nan,nan,nan,,0.05195741300121881,0.04174851200150442,0.031279368999094004,0.031279368999094004,0.020869936000963207,nan,nan,profile,1,1,1,2,9.290284156799316,0.7097158432006836,0.6,0.3,
1785154967.1180313,9.375649601999612,6.666666666666665,6.559215634812181,3.3333333333333335,3.410792130102334,0.44999999999999996,0.44746635383907163,-0.5260389268805891,-0.4873051465015191,1.0401557999414446,3.3399338703408294,0.7607468796436063,before_ekf,0.44746635383907163,-0.4873051465015191,1.0401557999414446,3.3399338703408294,0.7607468796436063,0.45272377090095733,-0.4949089615281655,2.225941675799963,3.415123298257465,-0.7381109219427343,nan,nan,nan,nan,nan,nan,nan,nan,,0.052540100001351675,0.04188731799877132,0.031552177999401465,0.031552177999401465,0.020985538998502307,nan,nan,profile,1,1,1,2,9.37583327293396,0.62416672706604,0.6,0.3,
1785154967.2016766,9.459294988999318,6.666666666666665,6.568651019108502,3.3333333333333335,3.152952489172081,0.44999999999999996,0.44586137003486603,-0.5260389268805891,-0.48268101558352744,1.0843943698915925,3.3794045622514925,0.69602004520615,before_ekf,0.44586137003486603,-0.48268101558352744,1.0843943698915925,3.3794045622514925,0.69602004520615,0.44590699853824634,-0.4927440685697311,2.259136095506425,3.3847692066326185,-0.78754434547412,nan,nan,nan,nan,nan,nan,nan,nan,,0.05175200899975607,0.041499345999909565,0.03097512100066524,0.03097512100066524,0.020675299998401897,nan,nan,profile,1,1,1,2,9.45944857597351,0.5405514240264893,0.6,0.3,
1785154967.2849734,9.542591876997903,6.666666666666665,6.540430462439129,3.3333333333333335,3.4010238404683477,0.44999999999999996,0.44640179155888327,-0.5260389268805891,-0.48329293353912134,1.1191288492774385,3.4070138268402483,0.6478192110505969,before_ekf,0.44640179155888327,-0.48329293353912134,1.1191288492774385,3.4070138268402483,0.6478192110505969,0.44105289718883,-0.4847651279070611,2.289924031598549,3.353067903135096,-0.8362365486724395,nan,nan,nan,nan,nan,nan,nan,nan,,0.051539678999688476,0.04132596499766805,0.03104203399925609,0.03104203399925609,0.020694952996564098,nan,nan,profile,1,1,1,2,9.542760610580444,0.45723938941955566,0.6,0.3,
1785154967.3684747,9.626092915001209,6.666666666666665,6.543110159349184,3.3333333333333335,3.6641416892355436,0.44999999999999996,0.44432016369218336,-0.5260389268805891,-0.49181656845353794,1.16756063581305,3.44120820877582,0.5803380432328203,before_ekf,0.44432016369218336,-0.49181656845353794,1.16756063581305,3.44120820877582,0.5803380432328203,0.44043739876044075,-0.48168418797817475,2.3096442750072326,3.331232406105985,-0.8684434055754447,nan,nan,nan,nan,nan,nan,nan,nan,,0.051921926002250984,0.04165358400132391,0.03127498600224499,0.03127498600224499,0.020659014000557363,nan,nan,profile,1,1,1,2,9.62627649307251,0.37372350692749023,0.6,0.3,
1785154967.452097,9.709715295000933,6.666666666666665,6.806428446891536,3.3333333333333335,3.403214223445768,0.44999999999999996,0.445144168220846,-0.5260389268805891,-0.49557580358200826,1.1801070784293126,3.449286863302942,0.5638120429509164,before_ekf,0.445144168220846,-0.49557580358200826,1.1801070784293126,3.449286863302942,0.5638120429509164,0.4395955994037406,-0.4781362528302323,2.3285412899159628,3.3088978051510987,-0.9002924017189207,nan,nan,nan,nan,nan,nan,nan,nan,,0.05229931800204213,0.04191353900023387,0.031316644002799876,0.031316644002799876,0.020751334002852673,nan,nan,profile,1,1,1,2,9.709941148757935,0.29005885124206543,0.6,0.3,
1785154967.5350592,9.792677490000642,6.666666666666665,6.803988528011382,3.3333333333333335,3.401994264005691,0.44999999999999996,0.44408902952237844,-0.5260389268805891,-0.4915685323194284,1.2181635290950674,3.472100502032057,0.515611208795365,before_ekf,0.44408902952237844,-0.4915685323194284,1.2181635290950674,3.472100502032057,0.515611208795365,0.44179991248777467,-0.4787055547755302,2.3468531736862603,3.285880245885389,-0.9321895896842078,nan,nan,nan,nan,nan,nan,nan,nan,,0.05167443100071978,0.041433946000324795,0.03093518099922221,0.03093518099922221,0.020564332000503782,nan,nan,profile,1,1,1,2,9.792864322662354,0.20713567733764648,0.6,0.3,
1785154967.6175475,9.875166038000316,6.666666666666665,6.801072881825373,3.3333333333333335,3.4005364409126866,0.44999999999999996,0.44436038871820915,-0.5260389268805891,-0.4918516532370957,1.2440219079529231,3.4861972227524265,0.48393637492171704,before_ekf,0.44436038871820915,-0.4918516532370957,1.2440219079529231,3.4861972227524265,0.48393637492171704,0.44624968639567153,-0.4790584540759324,2.373368434828084,3.2503026188121837,-0.9800418522653898,nan,nan,nan,nan,nan,nan,nan,nan,,0.05146116399919265,0.04129017500235932,0.031004370001028292,0.031004370001028292,0.020700347999081714,nan,nan,profile,1,1,1,2,9.875407457351685,0.12459254264831543,0.6,0.3,
1785154967.7002556,9.95787375999862,6.666666666666665,6.813684641898969,3.3333333333333335,3.4068423209494845,0.44999999999999996,0.44523091320648767,-0.5260389268805891,-0.4956308759195938,1.2845207170130573,3.5061689490733063,0.4329812073858481,before_ekf,0.44523091320648767,-0.4956308759195938,1.2845207170130573,3.5061689490733063,0.4329812073858481,0.4488262501184421,-0.47906634235295203,2.3900833988202534,3.2254634298261475,-1.0120375618522628,nan,nan,nan,nan,nan,nan,nan,nan,,0.05150597499959986,0.041272637998190476,0.03092112399826874,0.03092112399826874,0.020615233999706106,nan,nan,profile,1,1,1,2,9.958061695098877,0.04193830490112305,0.6,0.3,
1785154967.7829268,10.040544415998738,6.666666666666665,6.54949369391231,3.3333333333333335,3.4057367208344016,0.44999999999999996,0.44767638493860396,-0.5260389268805891,-0.4957596323921235,1.3256166037886554,3.523912786658701,0.38340320654013843,before_ekf,0.44767638493860396,-0.4957596323921235,1.3256166037886554,3.523912786658701,0.38340320654013843,0.45171850027169663,-0.4842895045506164,2.4136102615826203,3.18700067894709,-1.060326079446785,nan,nan,nan,nan,nan,nan,nan,nan,,0.051524053000321146,0.04130861199882929,0.030937013998482144,0.030937013998482144,0.020583981997333467,nan,nan,profile,1,1,2,2,0.040719032287597656,9.959280967712402,0.0,0.0,
1785154967.8654149,10.123033579999174,6.666666666666665,6.812722255877777,3.3333333333333335,3.4063611279388883,0.44999999999999996,0.4477355231391195,-0.5260389268805891,-0.49582838742631463,1.353484021355664,3.5345925684774,0.35035120597633124,before_ekf,0.4477355231391195,-0.49582838742631463,1.353484021355664,3.5345925684774,0.35035120597633124,0.4530458483573512,-0.4881728628697661,2.4283606667339632,3.160691596135184,-1.0927950234156185,nan,nan,nan,nan,nan,nan,nan,nan,,0.05145384600109537,0.04124003700053436,0.030894551000528736,0.030894551000528736,0.02055903899963596,nan,nan,profile,1,1,2,2,0.12321186065673828,9.876788139343262,0.0,0.0,
1785154967.9489918,10.206610231998638,0.0,6.805315427655443,0.0,3.664400614891392,0.0,0.44994301543014104,0.0,-0.4956604531026728,1.3675417566718264,3.539598361029283,0.33382520569442714,before_ekf,0.44994301543014104,-0.4956604531026728,1.3675417566718264,3.539598361029283,0.33382520569442714,0.4524616591810636,-0.49668617038828156,2.442227899937511,3.1338726217014243,-1.1258048125512536,nan,nan,nan,nan,nan,nan,nan,nan,,0.05196045599950594,0.04169561199887539,0.03108750899991719,0.03108750899991719,0.02075509699716349,nan,nan,profile,1,1,2,2,0.20676779747009277,9.793232202529907,0.0,0.0,
1785154968.0323095,10.289926606998051,0.0,6.541332734326488,0.0,3.401493021849774,0.0,0.45079351627644576,0.0,-0.49944852062380984,1.4256754095688307,3.5576007499089815,0.2663440378766569,before_ekf,0.45079351627644576,-0.49944852062380984,1.4256754095688307,3.5576007499089815,0.2663440378766569,0.4514475286655373,-0.5028432029967362,2.455174311054171,3.1066601130536955,-1.1592715788033854,nan,nan,nan,nan,nan,nan,nan,nan,,0.05208727699937299,0.041768594997847686,0.03126335499837296,0.03126335499837296,0.020770480998180574,nan,nan,profile,1,1,2,2,0.2901601791381836,9.709839820861816,0.0,0.0,
1785154968.1158433,10.37346178399821,0.0,6.539588618825799,0.0,3.4005860817894153,0.0,0.4535526932030858,0.0,-0.5081652966195757,1.469912495227939,3.5684491194296255,0.21401170365062885,before_ekf,0.4535526932030858,-0.5081652966195757,1.469912495227939,3.5684491194296255,0.21401170365062885,0.4487488032888941,-0.5144525629088919,2.4783996125468866,3.051393416179231,-1.2270908122129367,nan,nan,nan,nan,nan,nan,nan,nan,,0.0521652979987266,0.04190754599767388,0.03142466799909016,0.03142466799909016,0.020865993999905186,nan,nan,profile,1,1,2,2,0.3736457824707031,9.626354217529297,0.0,0.0,
1785154968.1989663,10.456584752999333,0.0,6.551222441426339,0.0,3.4066356695416964,0.0,0.45456498994771205,0.0,-0.5038516526796563,1.4845201518167628,3.571497766715679,0.19748570336872565,before_ekf,0.45456498994771205,-0.5038516526796563,1.4845201518167628,3.571497766715679,0.19748570336872565,0.4413428748253692,-0.5177487185970502,2.4882409934357663,3.0235043281263425,-1.2615684254756214,nan,nan,nan,nan,nan,nan,nan,nan,,0.051697201000934,0.04141025499848183,0.030934935999539448,0.030934935999539448,0.020530065001366893,nan,nan,profile,1,1,2,2,0.45675206184387207,9.543247938156128,0.0,0.0,
1785154968.2813492,10.538966238000285,0.0,6.550299542524545,0.0,3.6681677438137457,0.0,0.4547216404885991,0.0,-0.5122874939954818,1.514265249315187,3.5769259462180787,0.16305653611476,before_ekf,0.4547216404885991,-0.5122874939954818,1.514265249315187,3.5769259462180787,0.16305653611476,0.4270057265708127,-0.5120072684973138,2.501222664911788,2.982124245574812,-1.3129813279313862,nan,nan,nan,nan,nan,nan,nan,nan,,0.051374671998928534,0.04118917099913233,0.03090001999953529,0.03090001999953529,0.020546374998957617,nan,nan,profile,1,1,2,2,0.5391247272491455,9.460875272750854,0.0,0.0,
1785154968.3649857,10.622602895000455,0.0,6.545159123469376,0.0,3.6652891091428508,0.0,0.4527512155271679,0.0,-0.5209866508696366,1.573846383907905,3.5845769197080255,0.09282103491666874,before_ekf,0.4527512155271679,-0.5209866508696366,1.573846383907905,3.5845769197080255,0.09282103491666874,0.40319538732562393,-0.49687280289663743,2.510893408250599,2.9422133654637537,-1.3631561706409212,nan,nan,nan,nan,nan,nan,nan,nan,,0.051795793002384016,0.04159903999970993,0.031124957000429276,0.031124957000429276,0.020575335001922213,nan,nan,profile,1,1,2,2,0.6228060722351074,9.377193927764893,0.0,0.0,
1785154968.44815,10.70576733499911,0.0,6.546217675077837,0.0,3.404033191040475,0.0,0.4474991258167568,0.0,-0.5121560137174728,1.6177213324866497,3.5875799861303928,0.04324303407095911,before_ekf,0.4474991258167568,-0.5121560137174728,1.6177213324866497,3.5875799861303928,0.04324303407095911,0.38662780849172207,-0.4852536030856625,2.5160448267237077,2.9165859302383086,-1.3957059333500323,nan,nan,nan,nan,nan,nan,nan,nan,,0.05182766600046307,0.041617263999796705,0.031262779997632606,0.031262779997632606,0.020865587001026142,nan,nan,profile,1,1,2,2,0.7060623168945312,9.293937683105469,0.0,0.0,
1785154968.5317113,10.789329742998234,0.0,6.54894123782757,0.0,3.4054494436703364,0.0,0.4455228015278864,0.0,-0.512603600295823,1.6467698968292939,3.588336245583725,0.010191033507152695,before_ekf,0.4455228015278864,-0.512603600295823,1.6467698968292939,3.588336245583725,0.010191033507152695,0.368048685428435,-0.47514649642669515,2.5201238131618777,2.8919843911028535,-1.427561846112894,nan,nan,nan,nan,nan,nan,nan,nan,,0.052120773998467484,0.0418840869970154,0.03144367200002307,0.03144367200002307,0.020691683999757515,nan,nan,profile,1,1,2,2,0.7895104885101318,9.210489511489868,0.0,0.0,
1785154968.615434,10.873050715999852,0.0,6.533023447678615,0.0,3.1358512548857354,0.0,0.4432967978386788,0.0,-0.5044871800246917,1.6766130697227057,3.5881471875459052,-0.022860967056655503,before_ekf,0.4432967978386788,-0.5044871800246917,1.6766130697227057,3.5881471875459052,-0.022860967056655503,0.34822749565442856,-0.46375468383009394,2.5232145551800462,2.8686100923139026,-1.458584849341048,nan,nan,nan,nan,nan,nan,nan,nan,,0.05237471399959759,0.04198311599975568,0.031354963000922,0.031354963000922,0.020797821998712607,nan,nan,profile,1,1,2,2,0.8733057975769043,9.126694202423096,0.0,0.0,
1785154968.6980765,10.955692374998762,0.0,6.283109595708958,0.0,3.4033510310090187,0.0,0.44283716007989044,0.0,-0.4957056911644869,1.7064331355133706,3.586957986147388,-0.05591296762046103,before_ekf,0.44283716007989044,-0.4957056911644869,1.7064331355133706,3.586957986147388,-0.05591296762046103,0.3013779108847886,-0.4443624737736236,2.5269462704047916,2.825733531049449,-1.518906386063365,nan,nan,nan,nan,nan,nan,nan,nan,,0.05148762699900544,0.04134624099970097,0.031015492000733502,0.031015492000733502,0.02071413899830077,nan,nan,profile,1,1,2,2,0.9559497833251953,9.044050216674805,0.0,0.0,
1785154968.781784,11.03940262299875,0.0,6.283174625782723,0.0,3.4033862556323085,0.0,0.4462052961658192,0.0,-0.4996075157961921,1.7514380546585668,3.5832727941225864,-0.10686813515633072,before_ekf,0.4462052961658192,-0.4996075157961921,1.7514380546585668,3.5832727941225864,-0.10686813515633072,0.27918160356130883,-0.4343455846901893,2.5276582911483687,2.8066449807214813,-1.5479951705346273,nan,nan,nan,nan,nan,nan,nan,nan,,0.05238882399862632,0.042176091999863274,0.031780227000126615,0.031780227000126615,0.02143940099995234,nan,nan,profile,1,1,2,2,1.0395727157592773,8.960427284240723,0.0,0.0,
1785154968.864983,11.122600612998212,0.0,6.545123975216929,0.0,3.141659508104126,0.0,0.4463103727280533,0.0,-0.49968149078007135,1.780660924224031,3.5796143914342244,-0.1412973024102955,before_ekf,0.4463103727280533,-0.49968149078007135,1.780660924224031,3.5796143914342244,-0.1412973024102955,0.23419867756410692,-0.4108851101093997,2.5275778664016975,2.7726505630450147,-1.6040508131582183,nan,nan,nan,nan,nan,nan,nan,nan,,0.05186089699782315,0.04158248899693717,0.031117464997805655,0.031117464997805655,0.02066513799945824,nan,nan,profile,1,1,2,2,1.1227571964263916,8.877242803573608,0.0,0.0,
1785154968.9484348,11.206052893998276,0.0,6.284202468191088,0.0,3.403943003603506,0.0,0.44861894676039016,0.0,-0.4996144236517287,1.8252097522029738,3.5722346547764334,-0.18949813656584677,before_ekf,0.44861894676039016,-0.4996144236517287,1.8252097522029738,3.5722346547764334,-0.18949813656584677,0.21551738151676084,-0.4009805645312807,2.526900850316699,2.7578309927887537,-1.6309524917539648,nan,nan,nan,nan,nan,nan,nan,nan,,0.051619472997117555,0.04139509899687255,0.031019022997497814,0.031019022997497814,0.020624793996830704,nan,nan,profile,1,1,2,2,1.2062351703643799,8.79376482963562,0.0,0.0,
1785154969.0309103,11.288526334999915,0.0,6.523735518410813,0.0,3.392342469573623,0.0,0.451174743880869,0.0,-0.4998450533791291,1.8845715996901697,3.558829707352401,-0.2569793043836188,before_ekf,0.451174743880869,-0.4998450533791291,1.8845715996901697,3.558829707352401,-0.2569793043836188,0.19737296122237183,-0.3940976812818682,2.525915506534184,2.7442767039201525,-1.6573098069487688,nan,nan,nan,nan,nan,nan,nan,nan,,0.051386548999289516,0.04118275500150048,0.030865430999256205,0.030865430999256205,0.020580747001076816,nan,nan,profile,1,1,2,2,1.2886946201324463,8.711305379867554,0.0,0.0,
1785154969.1133957,11.371013378000498,0.0,6.543634154325624,0.0,3.6644351264223496,0.0,0.4551635480604318,0.0,-0.49622148351607354,1.9140679365716273,3.550576839915019,-0.29003130494742524,before_ekf,0.4551635480604318,-0.49622148351607354,1.9140679365716273,3.550576839915019,-0.29003130494742524,0.17941471201689696,-0.3841139093658874,2.5246887361312935,2.7319351004511065,-1.6830575213573193,nan,nan,nan,nan,nan,nan,nan,nan,,0.05145582700060913,0.04125273899990134,0.030946972001402173,0.030946972001402173,0.020625606000976404,nan,nan,profile,1,1,2,2,1.3711881637573242,8.628811836242676,0.0,0.0,
1785154969.197384,11.455001723999885,0.0,6.5452254938246535,0.0,3.40351725678882,0.0,0.4571768095109653,0.0,-0.49584769560503095,1.9290820522336656,3.5459604749605265,-0.30655730522932934,before_ekf,0.4571768095109653,-0.49584769560503095,1.9290820522336656,3.5459604749605265,-0.30655730522932934,0.16236027927039265,-0.37048743234781273,2.52329733367615,2.7207678708666934,-1.7079330874910077,nan,nan,nan,nan,nan,nan,nan,nan,,0.05244640299861203,0.042132605998631334,0.03151843299929169,0.03151843299929169,0.020938672998454422,nan,nan,profile,1,1,2,2,1.4552795886993408,8.54472041130066,0.0,0.0,
1785154969.2809846,11.538602586999332,0.0,6.53028808573315,0.0,3.3957498045812384,0.0,0.45953980168252934,0.0,-0.5123937366787183,1.9724924462745206,3.530925644751993,-0.36026680614551565,before_ekf,0.45953980168252934,-0.5123937366787183,1.9724924462745206,3.530925644751993,-0.36026680614551565,0.12648135783890108,-0.3391729601694303,2.5202711091919876,2.701925534162309,-1.7549219330409849,nan,nan,nan,nan,nan,nan,nan,nan,,0.0522120530004031,0.04136147800090839,0.03102292499897885,0.03102292499897885,0.020632143001421355,nan,nan,profile,1,1,2,2,1.5387744903564453,8.461225509643555,0.0,0.0,
1785154969.3642187,11.621836371999962,0.0,6.788910713874148,0.0,3.6555673074706947,0.0,0.4605913686757753,0.0,-0.5163660671832865,2.015047091721631,3.5136149081552257,-0.4112219736813853,before_ekf,0.4605913686757753,-0.5163660671832865,2.015047091721631,3.5136149081552257,-0.4112219736813853,0.11088074266911094,-0.32128656746656853,2.518752211605157,2.6942503199900494,-1.7766130702116383,nan,nan,nan,nan,nan,nan,nan,nan,,0.05190493700138177,0.04166887099927408,0.03131359300095937,0.03131359300095937,0.020661834001657553,nan,nan,profile,1,1,2,2,1.622056484222412,8.377943515777588,0.0,0.0,
1785154969.4487524,11.706369158000598,0.0,6.545378661320361,0.0,3.4035969038865876,0.0,0.45826148886951346,0.0,-0.5164193766144635,2.042202006705419,3.501235033215994,-0.4442739742451917,before_ekf,0.45826148886951346,-0.5164193766144635,2.042202006705419,3.501235033215994,-0.4442739742451917,0.09534835473101388,-0.30154894123481707,2.5172856741086003,2.687628699519366,-1.796996444176839,nan,nan,nan,nan,nan,nan,nan,nan,,0.05266821099939989,0.042002795002190396,0.031718820002424764,0.031718820002424764,0.021297339000739157,nan,nan,profile,1,1,2,2,1.706678867340088,8.293321132659912,0.0,0.0,
1785154969.5320692,11.789687239001069,0.0,6.802910777497609,0.0,3.4014553887488046,0.0,0.45705016019608785,0.0,-0.5122022453676601,2.083166761827336,3.4804391364379397,-0.49522914178106064,before_ekf,0.45705016019608785,-0.5122022453676601,2.083166761827336,3.4804391364379397,-0.49522914178106064,0.08159301183680144,-0.2812417822112804,2.515927797758817,2.6819547305589557,-1.816006461777669,nan,nan,nan,nan,nan,nan,nan,nan,,0.05173824300072738,0.04153089600004023,0.0311074670025846,0.0311074670025846,0.020687675001681782,nan,nan,profile,1,1,2,2,1.7898876667022705,8.21011233329773,0.0,0.0,
1785154969.6168022,11.874420651998662,0.0,6.548321261110909,0.0,2.8812613548888,0.0,0.4578767714223654,0.0,-0.5077033686430743,2.096925257288551,3.4728603306514154,-0.5117551420629647,before_ekf,0.4578767714223654,-0.5077033686430743,2.096925257288551,3.4728603306514154,-0.5117551420629647,0.06918499550759324,-0.25387343395727785,2.5146926106064695,2.677126268221125,-1.8332553052014566,nan,nan,nan,nan,nan,nan,nan,nan,,0.05270091299826163,0.0422676309972303,0.0314804589979758,0.0314804589979758,0.02114086499932455,nan,nan,profile,1,1,2,2,1.8745763301849365,8.125423669815063,0.0,0.0,
1785154969.7017357,11.959353420999832,0.0,6.024137504426959,0.0,2.881109241247676,0.0,0.4533867152921497,0.0,-0.4997507532693999,2.1603687579735524,3.433630740361617,-0.5943851434724807,before_ekf,0.4533867152921497,-0.4997507532693999,2.1603687579735524,3.433630740361617,-0.5943851434724807,0.045343316147641054,-0.18331607900181768,2.5126511081156306,2.6697889488760356,-1.8616959314795016,nan,nan,nan,nan,nan,nan,nan,nan,,0.053047108001919696,0.04277685399938491,0.03222246099903714,0.03222246099903714,0.021261524001602083,nan,nan,profile,1,1,2,2,1.959622859954834,8.040377140045166,0.0,0.0,
1785154969.7858796,12.04349756800002,0.0,5.763228315553886,0.0,2.881614157776943,0.0,0.4558949046355124,0.0,-0.4999167985784288,2.173309419406114,3.424727158150285,-0.6109111437543848,before_ekf,0.4558949046355124,-0.4999167985784288,2.173309419406114,3.424727158150285,-0.6109111437543848,0.0368814655209076,-0.15598495629984396,2.5118881324612663,2.6671266461172127,-1.8724752311982007,nan,nan,nan,nan,nan,nan,nan,nan,,0.05247514599977876,0.04211949900127365,0.031645246999687515,0.031645246999687515,0.021064894001028733,nan,nan,profile,1,1,2,2,2.043698310852051,7.956301689147949,0.0,0.0,
1785154969.8685846,12.126202892999572,0.0,5.502344130167302,0.0,2.6201638715082387,0.0,0.4545193460113035,0.0,-0.49560246121428897,2.197791254644082,3.4069820287802677,-0.6425859776280319,before_ekf,0.4545193460113035,-0.49560246121428897,2.197791254644082,3.4069820287802677,-0.6425859776280319,0.02692041689743495,-0.12269890083661461,2.511261927545908,2.6650802355683205,-1.8811412016572122,nan,nan,nan,nan,nan,nan,nan,nan,,0.05156266999983927,0.041286427000159165,0.030947906998335384,0.030947906998335384,0.020632559000659967,nan,nan,profile,1,1,2,2,2.1263983249664307,7.873601675033569,0.0,0.0,
1785154969.951796,12.20941436299836,0.0,5.22136021975455,0.0,2.3496120988895477,0.0,0.45828489694805175,0.0,-0.4833771683766589,2.234512639794357,3.378086895006924,-0.6907868117835843,before_ekf,0.45828489694805175,-0.4833771683766589,2.234512639794357,3.378086895006924,-0.6907868117835843,0.010504702381853682,-0.06037845286221592,2.510549993765022,2.662674291771187,-1.8926049195251389,nan,nan,nan,nan,nan,nan,nan,nan,,0.05183059000046342,0.04153534400029457,0.031106923997867852,0.031106923997867852,0.020768853999470593,nan,nan,profile,1,1,2,2,2.209580898284912,7.790419101715088,0.0,0.0,
1785154970.0354214,12.293040499000199,0.0,4.9553282402416325,0.0,2.0864539958912136,0.0,0.46051533048311477,0.0,-0.48326446425195674,2.269205859788648,3.347971013686737,-0.7389876459391347,before_ekf,0.46051533048311477,-0.48326446425195674,2.269205859788648,3.347971013686737,-0.7389876459391347,0.005092979098571868,-0.04134552304277476,2.5104170978952425,2.6620796397528044,-1.895646941564735,nan,nan,nan,nan,nan,nan,nan,nan,,0.051718310998694506,0.04149051700005657,0.031103548000828596,0.031103548000828596,0.020567826999467798,nan,nan,profile,1,1,2,2,2.293180465698242,7.706819534301758,0.0,0.0,
1785154970.1190453,12.376663433999056,0.0,4.454233511936986,0.0,1.5720824159777596,0.0,0.4570809010103839,0.0,-0.4875046473647572,2.290639163138093,3.3277726592141312,-0.7734168131930993,before_ekf,0.4570809010103839,-0.4875046473647572,2.290639163138093,3.3277726592141312,-0.7734168131930993,-0.0014027250053147327,-0.018770590089727774,2.51039721918462,2.6618841649455542,-1.8972118488397947,nan,nan,nan,nan,nan,nan,nan,nan,,0.05233650899754139,0.04213414499827195,0.03180181499919854,0.03180181499919854,0.020832637001149124,nan,nan,profile,1,1,2,2,2.3768651485443115,7.6231348514556885,0.0,0.0,
1785154970.2023892,12.460007876001328,0.0,4.183116936104138,0.0,1.568668851039052,0.0,0.4560165669038703,0.0,-0.4917538314701078,2.3116457743724914,3.3065742395623134,-0.8064688137569075,before_ekf,0.4560165669038703,-0.4917538314701078,2.3116457743724914,3.3065742395623134,-0.8064688137569075,-0.00404961017999392,-0.00621632508527176,2.51048912126084,2.661889290072656,-1.8977881541942687,nan,nan,nan,nan,nan,nan,nan,nan,,0.05209625300267362,0.04184682400227757,0.03144735700334422,0.03144735700334422,0.021057677000499098,nan,nan,profile,1,1,2,2,2.460169553756714,7.539830446243286,0.0,0.0,
1785154970.2858763,12.543493876000866,0.0,3.927167696620297,0.0,1.3090558988734324,0.0,0.45102991590645136,0.0,-0.4997098017452407,2.331668321408999,3.2849766094598887,-0.8408979810108731,before_ekf,0.45102991590645136,-0.4997098017452407,2.331668321408999,3.2849766094598887,-0.8408979810108731,-0.0043276822954785065,0.002045334461480294,2.5107902844080323,2.662137401829646,-1.8979532802704462,nan,nan,nan,nan,nan,nan,nan,nan,,0.051650650002557086,0.04147408000062569,0.031093200002942467,0.031093200002942467,0.020754727000166895,nan,nan,profile,1,1,2,2,2.543700933456421,7.456299066543579,0.0,0.0,
1785154970.3697648,12.62738337799965,0.0,3.665886077941001,0.0,1.0473960222688574,0.0,0.44069752941561535,0.0,-0.4875592971534024,2.378225923284477,3.2287195930593175,-0.918019315659755,before_ekf,0.44069752941561535,-0.4875592971534024,2.378225923284477,3.2287195930593175,-0.918019315659755,-0.004683261813299809,0.0031656251949455957,2.510916496722549,2.6622347846546504,-1.897758901729101,nan,nan,nan,nan,nan,nan,nan,nan,,0.0522504079999635,0.04185402700022678,0.031245893998857355,0.031245893998857355,0.020716989998618374,nan,nan,profile,1,1,2,2,2.6275734901428223,7.372426509857178,0.0,0.0,
1785154970.452607,12.71022559999983,0.0,3.1421880668065727,0.0,0.7855470167016432,0.0,0.4404970475895264,0.0,-0.4790936449017198,2.38696352460565,3.217110661478921,-0.9331681492514992,before_ekf,0.4404970475895264,-0.4790936449017198,2.38696352460565,3.217110661478921,-0.9331681492514992,-0.002960965245785402,0.0006434716040517902,2.5111718712224502,2.6624288062006114,-1.89753559876326,nan,nan,nan,nan,nan,nan,nan,nan,,0.05163673000060953,0.0413636730008875,0.030907844000466866,0.030907844000466866,0.020560441000270657,nan,nan,profile,1,1,2,2,2.7104122638702393,7.289587736129761,0.0,0.0,
1785154970.5354545,12.79307330699885,0.0,3.1503542929351327,0.0,0.5250590488225221,0.0,0.4403309249944457,0.0,-0.4789814755507086,2.4043085686202548,3.192824860078093,-0.9662201498153064,before_ekf,0.4403309249944457,-0.4789814755507086,2.4043085686202548,3.192824860078093,-0.9662201498153064,-0.0031292291434874683,0.0002993273033783699,2.511251906341864,2.6624489578776647,-1.8975105224030446,nan,nan,nan,nan,nan,nan,nan,nan,,0.051696400998480385,0.04151905300022918,0.031182231999991927,0.031182231999991927,0.020723104000353487,nan,nan,profile,1,1,2,2,2.7932980060577393,7.206701993942261,0.0,0.0,
1785154970.6187675,12.876385825999023,0.0,2.6177235195064,0.0,0.78531705585192,0.0,0.43940607641970003,0.0,-0.47517410916957903,2.4204117706280277,3.1686364764234054,-0.9992721503791128,before_ekf,0.43940607641970003,-0.47517410916957903,2.4204117706280277,3.1686364764234054,-0.9992721503791128,-0.003010999576977892,0.00013596370731187992,2.5113263189924258,2.6624615593220495,-1.89749915891496,nan,nan,nan,nan,nan,nan,nan,nan,,0.051803411999571836,0.04152699699989171,0.031133895998209482,0.031133895998209482,0.020666624001023592,nan,nan,profile,1,1,2,2,2.876603841781616,7.123396158218384,0.0,0.0,
1785154970.7041469,12.961765355998068,0.0,2.3564807554745197,0.0,0.26183119505272445,0.0,0.4428320429556122,0.0,-0.4791754819609289,2.4363738548777714,3.142956489285914,-1.03094698425276,before_ekf,0.4428320429556122,-0.4791754819609289,2.4363738548777714,3.142956489285914,-1.03094698425276,-0.0024105696390156134,2.752310814920067e-05,2.5114869957446566,2.6625610542807046,-1.8974896904863252,nan,nan,nan,nan,nan,nan,nan,nan,,0.053090481997060124,0.042865820996667026,0.03206835699893418,0.03206835699893418,0.02156977699996787,nan,nan,profile,1,1,2,2,2.961930990219116,7.038069009780884,0.0,0.0,
1785154970.777475,13.035093645001325,0.0,2.0884561804374475,0.0,0.0,0.0,0.44765627317597867,0.0,-0.4792865682909159,2.4588417700187017,3.1033344701588694,-1.0777706517181531,before_ekf,0.44765627317597867,-0.4792865682909159,2.4588417700187017,3.1033344701588694,-1.0777706517181531,-0.0024105696390156134,2.752310814920067e-05,2.5114869957446566,2.6625610542807046,-1.8974896904863252,nan,nan,nan,nan,nan,nan,nan,nan,,0.04141814000104205,0.031125972000154434,0.020682899001258193,0.020682899001258193,0.09489806600322481,nan,nan,profile,1,1,2,2,3.0353477001190186,6.9646522998809814,0.0,0.0,
1785154970.8605325,13.118151072998444,0.0,1.772066906303398,0.0,0.0,0.0,0.45136413805261827,0.0,-0.48350067261050017,2.485490890123637,3.04949739597806,-1.1452518195359243,before_ekf,0.45136413805261827,-0.48350067261050017,2.485490890123637,3.04949739597806,-1.1452518195359243,-0.0027950683339882133,1.107891410226374e-05,2.5116198053100303,2.6627302144408866,-1.897487778543151,nan,nan,nan,nan,nan,nan,nan,nan,,0.05160532799709472,0.04139194099843735,0.03102914599730866,0.03102914599730866,0.02062637699782499,nan,nan,profile,1,1,2,2,3.1183817386627197,6.88161826133728,0.0,0.0,
1785154970.9455054,13.20312304899926,0.0,1.3083582246776242,0.0,0.0,0.0,0.4523584944741478,0.0,-0.48743069463286215,2.491538589596648,3.035855430856572,-1.1617778198178257,before_ekf,0.4523584944741478,-0.48743069463286215,2.491538589596648,3.035855430856572,-1.1617778198178257,-0.0025036622754068287,4.892903127209627e-06,2.5116671153713366,2.662723449203754,-1.8974873838966875,nan,nan,nan,nan,nan,nan,nan,nan,,0.05285989500043797,0.04230768799970974,0.031534657999145566,0.031534657999145566,0.02087984199897619,nan,nan,profile,1,1,2,2,3.2033746242523193,6.796625375747681,0.0,0.0,
1785154971.0288236,13.286442233998969,0.0,1.308797491346041,0.0,0.0,0.0,0.4521548801010611,0.0,-0.5037869440272928,2.513713591516863,2.979604583271731,-1.230636154325757,before_ekf,0.4521548801010611,-0.5037869440272928,2.513713591516863,2.979604583271731,-1.230636154325757,-0.002005938705070183,1.166586454998705e-06,2.511710747612412,2.662652948161415,-1.897487191450866,nan,nan,nan,nan,nan,nan,nan,nan,,0.051762959999905434,0.041529520000040065,0.030864772998029366,0.030864772998029366,0.020519940000667702,nan,nan,profile,1,1,2,2,3.2866172790527344,6.713382720947266,0.0,0.0,
1785154971.111803,13.369421119998151,0.0,1.0462912746203472,0.0,0.0,0.0,0.45098329843629725,0.0,-0.507921546520888,2.523204333537075,2.951310122202583,-1.263688154889565,before_ekf,0.45098329843629725,-0.507921546520888,2.523204333537075,2.951310122202583,-1.263688154889565,-0.002207040403200312,5.464127967203655e-07,2.5117505047482815,2.66266195161644,-1.8974871450975213,nan,nan,nan,nan,nan,nan,nan,nan,,0.05166079199989326,0.04143154499979573,0.031043904997204663,0.031043904997204663,0.020671659000072395,nan,nan,profile,1,1,2,2,3.3696348667144775,6.6303651332855225,0.0,0.0,
1785154971.194925,13.452543617000629,0.0,0.5232463430239551,0.0,0.0,0.0,0.4500041787645621,0.0,-0.5123068683556508,2.5355891953231455,2.9082952202831063,-1.3160204891155896,before_ekf,0.4500041787645621,-0.5123068683556508,2.5355891953231455,2.9082952202831063,-1.3160204891155896,-0.002141873758079264,2.4843817897878726e-07,2.5117875066986475,2.6626660009685073,-1.897487124094733,nan,nan,nan,nan,nan,nan,nan,nan,,0.0517520079993119,0.04153049000160536,0.031078489002538845,0.031078489002538845,0.02071230799992918,nan,nan,profile,1,1,2,2,3.4527742862701416,6.547225713729858,0.0,0.0,
1785154971.2782607,13.53587898099795,0.0,0.5237923902174189,0.0,0.0,0.0,0.4477593176705,0.0,-0.5206825316475986,2.5390200621319314,2.894580904734354,-1.335300822777812,before_ekf,0.4477593176705,-0.5206825316475986,2.5390200621319314,2.894580904734354,-1.335300822777812,-0.0020554564016244566,1.1225087506575206e-07,2.5118206470109783,2.6626667018197185,-1.897487114770994,nan,nan,nan,nan,nan,nan,nan,nan,,0.052132544999039965,0.04185476699785795,0.031319114998041186,0.031319114998041186,0.02081651299886289,nan,nan,profile,1,1,2,2,3.536137580871582,6.463862419128418,0.0,0.0,
1785154971.3622496,13.619868646001123,0.0,0.0,0.0,0.0,0.0,0.4229916064967493,0.0,-0.5082647659869942,2.5520210956466927,2.8287191710477195,-1.4165536574971707,before_ekf,0.4229916064967493,-0.5082647659869942,2.5520210956466927,2.8287191710477195,-1.4165536574971707,-0.0019692071507504934,5.0710925164712666e-08,2.5118504710913188,2.6626657554211395,-1.897487110635667,nan,nan,nan,nan,nan,nan,nan,nan,,0.05184419900251669,0.04156113300268771,0.031119282000872772,0.031119282000872772,0.020760114002769114,nan,nan,profile,1,1,2,2,3.6200969219207764,6.379903078079224,0.0,0.0,
1785154971.4452033,13.702821388000302,0.0,0.0,0.0,0.0,0.0,0.4065830695698584,0.0,-0.5000797617727988,2.5554288265579896,2.8042159906187014,-1.4482284913708168,before_ekf,0.4065830695698584,-0.5000797617727988,2.5554288265579896,2.8042159906187014,-1.4482284913708168,-0.0018883073743413666,2.2897505394253658e-08,2.511877952816922,2.662664998549684,-1.8974871087726106,nan,nan,nan,nan,nan,nan,nan,nan,,0.05182267499912996,0.04160867400059942,0.031234893001965247,0.031234893001965247,0.0208008340014203,nan,nan,profile,1,1,2,2,3.7030820846557617,6.296917915344238,0.0,0.0,
1785154971.5295963,13.787214331998257,0.0,0.0,0.0,0.0,0.0,0.39812382430533894,0.0,-0.4874142591160247,2.556825622105473,2.792122835254123,-1.4633773249625601,before_ekf,0.39812382430533894,-0.4874142591160247,2.556825622105473,2.792122835254123,-1.4633773249625601,-0.0018101239971486478,1.0339218974731528e-08,2.5119031820988393,2.662664246615828,-1.8974871079342535,nan,nan,nan,nan,nan,nan,nan,nan,,0.05220288499913295,0.04186646599919186,0.03129324199835537,0.03129324199835537,0.020777259996975772,nan,nan,profile,1,1,2,2,3.7874436378479004,6.2125563621521,0.0,0.0,
1785154971.6130967,13.870713527001499,0.0,0.0,0.0,0.0,0.0,0.3804818195258771,0.0,-0.47505281623982487,2.558924156818788,2.769444044483091,-1.493674992146051,before_ekf,0.3804818195258771,-0.47505281623982487,2.558924156818788,2.769444044483091,-1.493674992146051,-0.0017360444478749801,4.6650726018652665e-09,2.511926575029418,2.662664013128283,-1.8974871075545883,nan,nan,nan,nan,nan,nan,nan,nan,,0.0519412680005189,0.041634712000814034,0.031175833002635045,0.031175833002635045,0.02084915800151066,nan,nan,profile,1,1,2,2,3.8709921836853027,6.129007816314697,0.0,0.0,
1785154971.6960545,13.953672611998627,0.0,0.0,0.0,0.0,0.0,0.34153919140360073,0.0,-0.45434910867422557,2.5608757370859707,2.728263030997121,-1.5528931598228668,before_ekf,0.34153919140360073,-0.45434910867422557,2.5608757370859707,2.728263030997121,-1.5528931598228668,-0.0016632836789927429,2.10660632944856e-09,2.5119478753519346,2.66266339079071,-1.8974871073843294,nan,nan,nan,nan,nan,nan,nan,nan,,0.05177882699717884,0.04158324799936963,0.031131340998399537,0.031131340998399537,0.02065821499854792,nan,nan,profile,1,1,2,2,3.95386004447937,6.04613995552063,0.0,0.0,
1785154971.7805562,14.038174755998625,0.0,0.0,0.0,0.0,0.0,0.3072511382117054,0.0,-0.44176395952016234,2.5607786686326177,2.7019543554548857,-1.5955853272177858,before_ekf,0.3072511382117054,-0.44176395952016234,2.5607786686326177,2.7019543554548857,-1.5955853272177858,-0.0015947565377978958,9.511711257154995e-10,2.511967545074303,2.6626630589299634,-1.8974871073073254,nan,nan,nan,nan,nan,nan,nan,nan,,0.052599651000491576,0.04216688899759902,0.031772788999660406,0.031772788999660406,0.02136258699829341,nan,nan,profile,1,1,2,2,4.038365364074707,5.961634635925293,0.0,0.0,
1785154971.864562,14.122180302998459,0.0,0.0,0.0,0.0,0.0,0.294493126690457,0.0,-0.4379461439595471,2.560529938631498,2.6941043754565817,-1.6093569941193695,before_ekf,0.294493126690457,-0.4379461439595471,2.560529938631498,2.6941043754565817,-1.6093569941193695,-0.0012804123337918365,1.9215510513907604e-10,2.5120187151909494,2.6627084373132384,-1.897487107241747,nan,nan,nan,nan,nan,nan,nan,nan,,0.0524849079993146,0.0421976799989352,0.03185130199926789,0.03185130199926789,0.02102131100036786,nan,nan,profile,1,1,2,2,4.122365236282349,5.877634763717651,0.0,0.0,
1785154971.9487286,14.206346805000067,0.0,0.0,0.0,0.0,0.0,0.2721708596477297,0.0,-0.42564033439531856,2.559742075480504,2.6788098275872665,-1.6355231612323855,before_ekf,0.2721708596477297,-0.42564033439531856,2.559742075480504,2.6788098275872665,-1.6355231612323855,-0.0013893181636584094,8.930717099161818e-11,2.5120344335389535,2.6627117499862543,-1.8974871072342976,nan,nan,nan,nan,nan,nan,nan,nan,,0.05248493099861662,0.04226129000016954,0.03188017000138643,0.03188017000138643,0.021496271001524292,nan,nan,profile,1,1,2,2,4.206549882888794,5.793450117111206,0.0,0.0,
1785154972.0320857,14.289703464000922,0.0,0.0,0.0,0.0,0.0,0.2285730794890589,0.0,-0.4049457729212291,2.557337909810799,2.6522177263889892,-1.6878554954584144,before_ekf,0.2285730794890589,-0.4049457729212291,2.557337909810799,2.6522177263889892,-1.6878554954584144,-0.0013458238136028733,4.057144419290108e-11,2.512048743374427,2.662712514944147,-1.8974871072309267,nan,nan,nan,nan,nan,nan,nan,nan,,0.05188860000271234,0.04158137200283818,0.031195968000247376,0.031195968000247376,0.020867774001089856,nan,nan,profile,1,1,2,2,4.2899580001831055,5.7100419998168945,0.0,0.0,
1785154972.1155436,14.373162014999252,0.0,0.0,0.0,0.0,0.0,0.2108020168520704,0.0,-0.3923779202472537,2.5558171147161874,2.6405356295263767,-1.7126444958812719,before_ekf,0.2108020168520704,-0.3923779202472537,2.5558171147161874,2.6405356295263767,-1.7126444958812719,-0.001291695931703897,1.8336736435829572e-11,2.5120614957850838,2.662711838929366,-1.8974871072294175,nan,nan,nan,nan,nan,nan,nan,nan,,0.05177576400092221,0.04146089200003189,0.03101882999908412,0.03101882999908412,0.020618964001187123,nan,nan,profile,1,1,2,2,4.373370885848999,5.626629114151001,0.0,0.0,
1785154972.198336,14.455952382999385,0.0,0.0,0.0,0.0,0.0,0.19322009563745893,0.0,-0.3883692162946215,2.5541799400344805,2.6300602200599736,-1.738810662994284,before_ekf,0.19322009563745893,-0.3883692162946215,2.5541799400344805,2.6300602200599736,-1.738810662994284,-0.0010364775904215414,3.7080506439937035e-12,2.512096619781779,2.66274626644106,-1.897487107228149,nan,nan,nan,nan,nan,nan,nan,nan,,0.051679854001122294,0.041415179999603424,0.031027815999550512,0.031027815999550512,0.020728299998154398,nan,nan,profile,1,1,2,2,4.456202745437622,5.543797254562378,0.0,0.0,
1785154972.2811532,14.538771530998929,0.0,0.0,0.0,0.0,0.0,0.17552284620889777,0.0,-0.37588124898229675,2.552490997281809,2.620788200782695,-1.7608453300368208,before_ekf,0.17552284620889777,-0.37588124898229675,2.552490997281809,2.620788200782695,-1.7608453300368208,-0.0011254053481528897,1.7233321927202449e-12,2.5121068123955466,2.6627480721679437,-1.8974871072280046,nan,nan,nan,nan,nan,nan,nan,nan,,0.051767278997431276,0.041459000000031665,0.03109689899793011,0.03109689899793011,0.02068345999941812,nan,nan,profile,1,1,2,2,4.538974761962891,5.461025238037109,0.0,0.0,
1785154972.364525,14.622143602999131,0.0,0.0,0.0,0.0,0.0,0.1589869379083358,0.0,-0.35927164007879353,2.5508543810306477,2.6127057001209857,-1.7815028303891987,before_ekf,0.1589869379083358,-0.35927164007879353,2.5508543810306477,2.6127057001209857,-1.7815028303891987,-0.0009130185693089887,3.510169401362233e-13,2.5121352836192847,2.662778490716281,-1.8974871072278838,nan,nan,nan,nan,nan,nan,nan,nan,,0.052006124999024905,0.04169817000001785,0.03094206099922303,0.03094206099922303,0.02061331299773883,nan,nan,profile,1,1,2,2,4.62233567237854,5.37766432762146,0.0,0.0,
1785154972.4471738,14.704792677999649,0.0,0.0,0.0,0.0,0.0,0.12372422815937975,0.0,-0.32638810842227456,2.547891173696055,2.6000909369594556,-1.8214406644037948,before_ekf,0.12372422815937975,-0.32638810842227456,2.547891173696055,2.6000909369594556,-1.8214406644037948,-0.0010592403871083921,1.4147922703657933e-13,2.5121662114880534,2.6628377503752865,-1.897487107227859,nan,nan,nan,nan,nan,nan,nan,nan,,0.051489192999724764,0.0412574020010652,0.030940508000639966,0.030940508000639966,0.020610261999536306,nan,nan,profile,1,1,2,2,4.704957485198975,5.295042514801025,0.0,0.0,
1785154972.529485,14.787103692000528,0.0,0.0,0.0,0.0,0.0,0.10841095108067789,0.0,-0.30575455375156696,2.546476309941041,2.5947784151735243,-1.840720998066011,before_ekf,0.10841095108067789,-0.30575455375156696,2.546476309941041,2.5947784151735243,-1.840720998066011,-0.0009485294435765705,6.269934990571412e-14,2.5121712743071765,2.662831693063273,-1.8974871072278545,nan,nan,nan,nan,nan,nan,nan,nan,,0.051300889001140604,0.04112055400037207,0.030843664000713034,0.030843664000713034,0.020554975999402814,nan,nan,profile,1,1,2,2,4.787283897399902,5.212716102600098,0.0,0.0,
1785154972.6125503,14.87016673800099,0.0,0.0,0.0,0.0,0.0,0.09309156778596495,0.0,-0.28512984191730534,2.5452929367149006,2.590624020899505,-1.8558698316577578,before_ekf,0.09309156778596495,-0.28512984191730534,2.5452929367149006,2.590624020899505,-1.8558698316577578,-0.0007602183678621563,1.5219554244264047e-14,2.5121703290219215,2.6628002965641,-1.8974871072278516,nan,nan,nan,nan,nan,nan,nan,nan,,0.05197611300172866,0.041790002000198,0.03149247100009234,0.03149247100009234,0.021064025000669062,nan,nan,profile,1,1,2,2,4.870497226715088,5.129502773284912,0.0,0.0,
1785154972.69727,14.95488810399911,0.0,0.0,0.0,0.0,0.0,0.08014023689835083,0.0,-0.2644940701414411,2.5441626430258766,2.5868632431443905,-1.8696414985593444,before_ekf,0.08014023689835083,-0.2644940701414411,2.5441626430258766,2.5868632431443905,-1.8696414985593444,-0.0007081786009008584,3.472926967685647e-15,2.5121893400174176,2.6628249700894844,-1.8974871072278507,nan,nan,nan,nan,nan,nan,nan,nan,,0.05185875600000145,0.041528203000780195,0.031080119999387534,0.031080119999387534,0.020639237998693716,nan,nan,profile,1,1,2,2,4.9551167488098145,5.0448832511901855,0.0,0.0,
1785154972.7800827,15.037701085999288,0.0,0.0,0.0,0.0,0.0,0.06832460797312784,0.0,-0.2313337404945036,2.5433406726966004,2.584240130083991,-1.879281665390456,before_ekf,0.06832460797312784,-0.2313337404945036,2.5433406726966004,2.584240130083991,-1.879281665390456,-0.0008225639365888543,1.6075850132409722e-15,2.512211169581253,2.662870077666777,-1.8974871072278503,nan,nan,nan,nan,nan,nan,nan,nan,,0.051549174000683706,0.041307774001325015,0.03091777499867021,0.03091777499867021,0.0205683099993621,nan,nan,profile,1,1,2,2,5.0378522872924805,4.9621477127075195,0.0,0.0,
1785154972.8628526,15.120470809000835,0.0,0.0,0.0,0.0,0.0,0.04475780359486435,0.0,-0.15696231315049974,2.542122650097844,2.5805068427797875,-1.8930533322920409,before_ekf,0.04475780359486435,-0.15696231315049974,2.542122650097844,2.5805068427797875,-1.8930533322920409,-0.0007362917125947786,9.057908157563408e-16,2.5122134857745277,2.6628642712079147,-1.8974871072278503,nan,nan,nan,nan,nan,nan,nan,nan,,0.051615723001305014,0.04134781299944734,0.030949183001212077,0.030949183001212077,0.020616394001990557,nan,nan,profile,1,1,2,2,5.120644569396973,4.879355430603027,0.0,0.0,
1785154972.9464462,15.204064265999477,0.0,0.0,0.0,0.0,0.0,0.037705502016307554,0.0,-0.13223041212101774,2.5414943878070306,2.5786465778846916,-1.899939165742834,before_ekf,0.037705502016307554,-0.13223041212101774,2.5414943878070306,2.5786465778846916,-1.899939165742834,-0.000701852184837972,5.996812126867596e-16,2.5122156205389365,2.662859244255755,-1.8974871072278503,nan,nan,nan,nan,nan,nan,nan,nan,,0.05235562999951071,0.04200013499939814,0.03102203199887299,0.03102203199887299,0.020709871998406015,nan,nan,profile,1,1,2,2,5.204247236251831,4.795752763748169,0.0,0.0,
1785154973.0312688,15.288887396000064,0.0,0.0,0.0,0.0,0.0,0.02709983794056452,0.0,-0.09503713112595188,2.541367199047505,2.5782750465080295,-1.9013163324329942,before_ekf,0.02709983794056452,-0.09503713112595188,2.541367199047505,2.5782750465080295,-1.9013163324329942,-0.0006725108323192709,4.624301328096568e-16,2.512217693689921,2.6628549703258284,-1.8974871072278503,nan,nan,nan,nan,nan,nan,nan,nan,,0.05308690099991509,0.04232819100070628,0.03152956800113316,0.03152956800113316,0.02075412400154164,nan,nan,profile,1,1,2,2,5.289037704467773,4.710962295532227,0.0,0.0,
1785154973.1140819,15.371700104999036,0.0,0.0,0.0,0.0,0.0,0.014135527316629721,0.0,-0.04957225080354334,2.541367199047505,2.5782750465080295,-1.9013163324329942,before_ekf,0.014135527316629721,-0.04957225080354334,2.541367199047505,2.5782750465080295,-1.9013163324329942,-0.0006443671135788317,4.006064391757849e-16,2.5122195971355024,2.6628510583442826,-1.8974871072278503,nan,nan,nan,nan,nan,nan,nan,nan,,0.051709965999179985,0.04147793899755925,0.03100931199878687,0.03100931199878687,0.02065069200034486,nan,nan,profile,1,1,2,2,5.37189507484436,4.62810492515564,0.0,0.0,
1785154973.197361,15.45497730200077,0.0,0.0,0.0,0.0,0.0,0.007075984467193321,0.0,-0.02481495517164293,2.541367199047505,2.5782750465080295,-1.9013163324329942,before_ekf,0.007075984467193321,-0.02481495517164293,2.541367199047505,2.5782750465080295,-1.9013163324329942,-0.0006177893343965537,3.726931404641976e-16,2.5122213900140205,2.6628475860975533,-1.8974871072278503,nan,nan,nan,nan,nan,nan,nan,nan,,0.052170759001455735,0.04191818800245528,0.03149535900229239,0.03149535900229239,0.02098589000161155,nan,nan,profile,1,1,2,2,5.455278158187866,4.544721841812134,0.0,0.0,
1785154973.2807863,15.53840488700007,0.0,0.0,0.0,0.0,0.0,-4.591597558361443e-06,0.0,1.6102393679466585e-05,2.5414943878070306,2.5786465778846916,-1.899939165742834,before_ekf,-4.591597558361443e-06,1.6102393679466585e-05,2.5414943878070306,2.5786465778846916,-1.899939165742834,-0.0005924137416264659,3.600854874431167e-16,2.512223087275783,2.6628445284039937,-1.8974871072278503,nan,nan,nan,nan,nan,nan,nan,nan,,0.05181610699946759,0.0414817029995902,0.031024734002130572,0.031024734002130572,0.020635917000618065,nan,nan,profile,1,1,2,2,5.538565158843994,4.461434841156006,0.0,0.0,
1785154973.3650064,15.622623978000775,0.0,0.0,0.0,0.0,0.0,-0.0011802933207933908,0.0,0.004139201545827561,2.5414943878070306,2.5786465778846916,-1.899939165742834,before_ekf,-0.0011802933207933908,0.004139201545827561,2.5414943878070306,2.5786465778846916,-1.899939165742834,-0.00047780296487344724,3.522066330230192e-16,2.5122203824666385,2.6628252768230087,-1.8974871072278503,nan,nan,nan,nan,nan,nan,nan,nan,,0.05194231700079399,0.041636321002442855,0.031221445002302062,0.031221445002302062,0.020797229000891093,nan,nan,profile,1,1,2,2,5.622825384140015,4.377174615859985,0.0,0.0,
1785154973.449089,15.70670753399827,0.0,0.0,0.0,0.0,0.0,-0.0011802933207933908,0.0,0.004139201545827561,2.5414943878070306,2.5786465778846916,-1.899939165742834,before_ekf,-0.0011802933207933908,0.004139201545827561,2.5414943878070306,2.5786465778846916,-1.899939165742834,-0.0005618800135785565,3.5072752993556257e-16,2.5122341107581616,2.662856808460902,-1.8974871072278503,nan,nan,nan,nan,nan,nan,nan,nan,,0.05212500899870065,0.041481311000097776,0.031035094998514978,0.031035094998514978,0.02071443499880843,nan,nan,profile,1,1,2,2,5.706866979598999,4.293133020401001,0.0,0.0,
1785154973.5317788,15.789397380998707,0.0,0.0,0.0,0.0,0.0,-0.0011802933207933908,0.0,0.004139201545827561,2.5414943878070306,2.5786465778846916,-1.899939165742834,before_ekf,-0.0011802933207933908,0.004139201545827561,2.5414943878070306,2.5786465778846916,-1.899939165742834,-0.0004216368271560643,3.499557143560002e-16,2.51223100509735,2.662838698093316,-1.8974871072278503,nan,nan,nan,nan,nan,nan,nan,nan,,0.05161058600060642,0.0413617880003585,0.031010853999760002,0.031010853999760002,0.02071057499779272,nan,nan,profile,1,1,2,2,5.789576530456543,4.210423469543457,0.0,0.0,
1785154973.6160061,15.87362483600009,0.0,0.0,0.0,0.0,0.0,-7.613701336062206e-16,0.0,3.497202527569243e-16,2.5414943878070306,2.5786465778846916,-1.899939165742834,before_ekf,-7.613701336062206e-16,3.497202527569243e-16,2.5414943878070306,2.5786465778846916,-1.899939165742834,-0.0004952033716466425,3.4981554978224416e-16,2.5122425725490514,2.662865858210095,-1.8974871072278503,nan,nan,nan,nan,nan,nan,nan,nan,,0.053080105000844924,0.04276025500075775,0.03182725499937078,0.03182725499937078,0.021491280000191182,nan,nan,profile,1,1,2,2,5.873769283294678,4.126230716705322,0.0,0.0,
1785154973.7005847,15.95820080699923,0.0,0.0,0.0,0.0,0.0,-7.613701336062206e-16,0.0,3.497202527569243e-16,2.5414943878070306,2.5786465778846916,-1.899939165742834,before_ekf,-7.613701336062206e-16,3.497202527569243e-16,2.5414943878070306,2.5786465778846916,-1.899939165742834,-0.000371401689278026,3.497425249289009e-16,2.5122393514682893,2.6628494043436617,-1.8974871072278503,nan,nan,nan,nan,nan,nan,nan,nan,,0.0527285269999993,0.041940294999221805,0.03150385800108779,0.03150385800108779,0.020994734000851167,nan,nan,profile,1,1,2,2,5.958518743515015,4.041481256484985,0.0,0.0,
1785154973.7846718,16.04228954199789,0.0,0.0,0.0,0.0,0.0,-7.613701336062206e-16,0.0,3.497202527569243e-16,2.5414943878070306,2.5786465778846916,-1.899939165742834,before_ekf,-7.613701336062206e-16,3.497202527569243e-16,2.5414943878070306,2.5786465778846916,-1.899939165742834,-0.00040846266800850946,3.497306698275749e-16,2.512240575536818,2.6628493025280657,-1.8974871072278503,nan,nan,nan,nan,nan,nan,nan,nan,,0.05249870599800488,0.04222867399948882,0.031661015997087816,0.031661015997087816,0.02081243699649349,nan,nan,profile,1,1,2,2,6.042496681213379,3.957503318786621,0.0,0.0,
1785154973.8678472,16.125463983000373,0.0,0.0,0.0,0.0,0.0,-7.613701336062206e-16,0.0,3.497202527569243e-16,2.5414943878070306,2.5786465778846916,-1.899939165742834,before_ekf,-7.613701336062206e-16,3.497202527569243e-16,2.5414943878070306,2.5786465778846916,-1.899939165742834,-0.00039618584634392557,3.497249888584582e-16,2.512241448209397,2.662848281571701,-1.8974871072278503,nan,nan,nan,nan,nan,nan,nan,nan,,0.05167608400006429,0.04140837100203498,0.030995504999737022,0.030995504999737022,0.02068088899977738,nan,nan,profile,1,1,2,2,6.125699281692505,3.874300718307495,0.0,0.0,
1785154973.950574,16.208191326000815,0.0,0.0,0.0,0.0,0.0,-7.613701336062206e-16,0.0,3.497202527569243e-16,2.5414943878070306,2.5786465778846916,-1.899939165742834,before_ekf,-7.613701336062206e-16,3.497202527569243e-16,2.5414943878070306,2.5786465778846916,-1.899939165742834,-0.0004040336330668455,3.4972211410884677e-16,2.5122499718389104,2.662868674450064,-1.8974871072278503,nan,nan,nan,nan,nan,nan,nan,nan,,0.051518743002816336,0.04131218200200237,0.03094580600009067,0.03094580600009067,0.02058884500002023,nan,nan,profile,1,1,2,2,6.208515167236328,3.791484832763672,0.0,0.0,
1785154974.0330875,16.290704889001063,0.0,0.0,0.0,0.0,0.0,-7.613701336062206e-16,0.0,3.497202527569243e-16,2.5414943878070306,2.5786465778846916,-1.899939165742834,before_ekf,-7.613701336062206e-16,3.497202527569243e-16,2.5414943878070306,2.5786465778846916,-1.899939165742834,-0.00035974408687620453,3.4972107134597794e-16,2.5122498157300868,2.6628651865573074,-1.8974871072278503,nan,nan,nan,nan,nan,nan,nan,nan,,0.05130741100219893,0.041105323001829674,0.030787682000664063,0.030787682000664063,0.020509058002062375,nan,nan,profile,1,1,2,2,6.290870904922485,3.7091290950775146,0.0,0.0,
1785154974.1155612,16.373180152000714,0.0,0.0,0.0,0.0,0.0,-7.613701336062206e-16,0.0,3.497202527569243e-16,2.5414943878070306,2.5786465778846916,-1.899939165742834,before_ekf,-7.613701336062206e-16,3.497202527569243e-16,2.5414943878070306,2.5786465778846916,-1.899939165742834,-0.0002876379092342318,3.497204477883831e-16,2.5122468846617054,2.662852427240788,-1.8974871072278503,nan,nan,nan,nan,nan,nan,nan,nan,,0.05150612900251872,0.041314635000162525,0.030990557999757584,0.030990557999757584,0.0207162580009026,nan,nan,profile,1,1,2,2,6.373353719711304,3.6266462802886963,0.0,0.0,
1785154974.198447,16.456065982998552,0.0,0.0,0.0,0.0,0.0,-7.613701336062206e-16,0.0,3.497202527569243e-16,2.5414943878070306,2.5786465778846916,-1.899939165742834,before_ekf,-7.613701336062206e-16,3.497202527569243e-16,2.5414943878070306,2.5786465778846916,-1.899939165742834,-0.00031704323502118473,3.497203440689723e-16,2.512247651825327,2.6628524540617953,-1.8974871072278503,nan,nan,nan,nan,nan,nan,nan,nan,,0.05160668399912538,0.04138883399718907,0.030909769997379044,0.030909769997379044,0.020602464999683434,nan,nan,profile,1,1,2,2,6.456217288970947,3.5437827110290527,0.0,0.0,
1785154974.2808156,16.538434340000094,0.0,0.0,0.0,0.0,0.0,-7.613701336062206e-16,0.0,3.497202527569243e-16,2.5414943878070306,2.5786465778846916,-1.899939165742834,before_ekf,-7.613701336062206e-16,3.497202527569243e-16,2.5414943878070306,2.5786465778846916,-1.899939165742834,-0.0002577751129825591,3.4972027136019084e-16,2.512251524047489,2.6628596144268304,-1.8974871072278503,nan,nan,nan,nan,nan,nan,nan,nan,,0.051429514001938514,0.04122803700010991,0.03093129099943326,0.03093129099943326,0.02059253400148009,nan,nan,profile,1,1,2,2,6.539050340652466,3.460949659347534,0.0,0.0,
1785154974.3645694,16.62218753200068,0.0,0.0,0.0,0.0,0.0,-7.613701336062206e-16,0.0,3.497202527569243e-16,2.5414943878070306,2.5786465778846916,-1.899939165742834,before_ekf,-7.613701336062206e-16,3.497202527569243e-16,2.5414943878070306,2.5786465778846916,-1.899939165742834,-0.00027969102664164764,3.497202614087753e-16,2.512251962683573,2.662859164137569,-1.8974871072278503,nan,nan,nan,nan,nan,nan,nan,nan,,0.0521301750013663,0.04184838299988769,0.03132802999971318,0.03132802999971318,0.020785448999959044,nan,nan,profile,1,1,2,2,6.622402191162109,3.3775978088378906,0.0,0.0,
1785154974.4482777,16.705896203999146,0.0,0.0,0.0,0.0,0.0,-7.613701336062206e-16,0.0,3.497202527569243e-16,2.5414943878070306,2.5786465778846916,-1.899939165742834,before_ekf,-7.613701336062206e-16,3.497202527569243e-16,2.5414943878070306,2.5786465778846916,-1.899939165742834,-0.00022693040349496208,3.4972025451730207e-16,2.512255093976523,2.6628650898202317,-1.8974871072278503,nan,nan,nan,nan,nan,nan,nan,nan,,0.05214399000033154,0.04185623100056546,0.0313286579985288,0.0313286579985288,0.02058709999982966,nan,nan,profile,1,1,2,2,6.706057786941528,3.2939422130584717,0.0,0.0,
1785154974.5205545,16.778171237001516,0.0,0.0,0.0,0.0,0.0,-7.613701336062206e-16,0.0,3.497202527569243e-16,2.5414943878070306,2.5786465778846916,-1.899939165742834,before_ekf,-7.613701336062206e-16,3.497202527569243e-16,2.5414943878070306,2.5786465778846916,-1.899939165742834,-0.00022693040349496208,3.4972025451730207e-16,2.512255093976523,2.6628650898202317,-1.8974871072278503,nan,nan,nan,nan,nan,nan,nan,nan,,0.04123777200220502,0.03104772700316971,0.02069773700350197,0.02069773700350197,0.0928621330021997,nan,nan,profile,1,1,2,2,6.778464078903198,3.2215359210968018,0.0,0.0,
1785154974.603035,16.860653096999158,0.0,0.0,0.0,0.0,0.0,-7.613701336062206e-16,0.0,3.497202527569243e-16,2.5414943878070306,2.5786465778846916,-1.899939165742834,before_ekf,-7.613701336062206e-16,3.497202527569243e-16,2.5414943878070306,2.5786465778846916,-1.899939165742834,-0.00020846991772035275,3.497202531236396e-16,2.5122580138777537,2.6628709733805014,-1.8974871072278503,nan,nan,nan,nan,nan,nan,nan,nan,,0.05128662700008135,0.041056383997783996,0.03072604399858392,0.03072604399858392,0.02046778300064034,nan,nan,profile,1,1,2,2,6.860810041427612,3.1391899585723877,0.0,0.0,
1785154974.686117,16.943734476000827,0.0,0.0,0.0,0.0,0.0,-7.613701336062206e-16,0.0,3.497202527569243e-16,2.5414943878070306,2.5786465778846916,-1.899939165742834,before_ekf,-7.613701336062206e-16,3.497202527569243e-16,2.5414943878070306,2.5786465778846916,-1.899939165742834,-0.00022651529961055733,3.497202529276795e-16,2.5122582137087948,2.6628704194189994,-1.8974871072278503,nan,nan,nan,nan,nan,nan,nan,nan,,0.051981042000988964,0.04177697500199429,0.031351636000181315,0.031351636000181315,0.021044293000159087,nan,nan,profile,1,1,2,2,6.94395112991333,3.05604887008667,0.0,0.0,
1785154974.7697494,17.027366130998416,0.0,0.0,0.0,0.0,0.0,-7.613701336062206e-16,0.0,3.497202527569243e-16,2.5414943878070306,2.5786465778846916,-1.899939165742834,before_ekf,-7.613701336062206e-16,3.497202527569243e-16,2.5414943878070306,2.5786465778846916,-1.899939165742834,-0.00021957097973357626,3.497202528344962e-16,2.512258246389989,2.6628694113756715,-1.8974871072278503,nan,nan,nan,nan,nan,nan,nan,nan,,0.05200875499940594,0.04162377399916295,0.031139804999838816,0.031139804999838816,0.020699855998827843,nan,nan,profile,1,1,2,2,7.027586936950684,2.9724130630493164,0.0,0.0,
1785154974.852421,17.110038219998387,0.0,0.0,0.0,0.0,0.0,-7.613701336062206e-16,0.0,3.497202527569243e-16,2.5414943878070306,2.5786465778846916,-1.899939165742834,before_ekf,-7.613701336062206e-16,3.497202527569243e-16,2.5414943878070306,2.5786465778846916,-1.899939165742834,-0.00021064272395000198,3.497202527919966e-16,2.512258169708366,2.6628681667901857,-1.8974871072278503,nan,nan,nan,nan,nan,nan,nan,nan,,0.05142194299696712,0.0412339009999414,0.030875140997522976,0.030875140997522976,0.020567642997775692,nan,nan,profile,1,1,2,2,7.110223293304443,2.8897767066955566,0.0,0.0,
1785154974.9356487,17.193266590998974,0.0,0.0,0.0,0.0,0.0,-7.613701336062206e-16,0.0,3.497202527569243e-16,2.5414943878070306,2.5786465778846916,-1.899939165742834,before_ekf,-7.613701336062206e-16,3.497202527569243e-16,2.5414943878070306,2.5786465778846916,-1.899939165742834,-0.00016900888771540423,3.4972025276401483e-16,2.5122600216945603,2.662871789962879,-1.8974871072278503,nan,nan,nan,nan,nan,nan,nan,nan,,0.05213163499865914,0.0418993679995765,0.031360246997792274,0.031360246997792274,0.020823169998038793,nan,nan,profile,1,1,2,2,7.193482875823975,2.8065171241760254,0.0,0.0,
1785154975.0190122,17.276630381998984,0.0,0.0,0.0,0.0,0.0,-7.613701336062206e-16,0.0,3.497202527569243e-16,2.5414943878070306,2.5786465778846916,-1.899939165742834,before_ekf,-7.613701336062206e-16,3.497202527569243e-16,2.5414943878070306,2.5786465778846916,-1.899939165742834,-0.00018350501534333992,3.497202527602205e-16,2.5122600882836004,2.6628712351565853,-1.8974871072278503,nan,nan,nan,nan,nan,nan,nan,nan,,0.05187300000034156,0.04158722200008924,0.03112128399880021,0.03112128399880021,0.020710505999886664,nan,nan,profile,1,1,2,2,7.27681303024292,2.72318696975708,0.0,0.0,
1785154975.1015954,17.359213800998987,0.0,0.0,0.0,0.0,0.0,-7.613701336062206e-16,0.0,3.497202527569243e-16,2.5414943878070306,2.5786465778846916,-1.899939165742834,before_ekf,-7.613701336062206e-16,3.497202527569243e-16,2.5414943878070306,2.5786465778846916,-1.899939165742834,-0.00017785017993050584,3.4972025275842067e-16,2.512260056430916,2.6628704159902092,-1.8974871072278503,nan,nan,nan,nan,nan,nan,nan,nan,,0.051444081000227015,0.04124077699816553,0.03089038799953414,0.03089038799953414,0.020538024000416044,nan,nan,profile,1,1,2,2,7.3593995571136475,2.6406004428863525,0.0,0.0,
1785154975.1845496,17.442167739998695,0.0,0.0,0.0,0.0,0.0,-7.613701336062206e-16,0.0,3.497202527569243e-16,2.5414943878070306,2.5786465778846916,-1.899939165742834,before_ekf,-7.613701336062206e-16,3.497202527569243e-16,2.5414943878070306,2.5786465778846916,-1.899939165742834,-0.0001813160567727891,3.497202527575123e-16,2.512263333724417,2.6628791292509137,-1.8974871072278503,nan,nan,nan,nan,nan,nan,nan,nan,,0.05180512600054499,0.04157158999805688,0.03110247099903063,0.03110247099903063,0.0206882799975574,nan,nan,profile,1,1,2,2,7.442369699478149,2.5576303005218506,0.0,0.0,
1785154975.2671611,17.52477994199944,0.0,0.0,0.0,0.0,0.0,-7.613701336062206e-16,0.0,3.497202527569243e-16,2.5414943878070306,2.5786465778846916,-1.899939165742834,before_ekf,-7.613701336062206e-16,3.497202527569243e-16,2.5414943878070306,2.5786465778846916,-1.899939165742834,-0.00016142605135615083,3.4972025275718295e-16,2.5122629185726937,2.662877294684132,-1.8974871072278503,nan,nan,nan,nan,nan,nan,nan,nan,,0.05152174099930562,0.04126802099926863,0.030923913000151515,0.030923913000151515,0.020565540999086807,nan,nan,profile,1,1,2,2,7.52495551109314,2.4750444889068604,0.0,0.0,
1785154975.3498678,17.607486376000452,0.0,0.0,0.0,0.0,0.0,-7.613701336062206e-16,0.0,3.497202527569243e-16,2.5414943878070306,2.5786465778846916,-1.899939165742834,before_ekf,-7.613701336062206e-16,3.497202527569243e-16,2.5414943878070306,2.5786465778846916,-1.899939165742834,-0.00015370517618482196,3.4972025275704046e-16,2.5122626227097316,2.6628758783118904,-1.8974871072278503,nan,nan,nan,nan,nan,nan,nan,nan,,0.051534531001379946,0.041289510001661256,0.030939538999518845,0.030939538999518845,0.020537954002065817,nan,nan,profile,1,1,2,2,7.6076765060424805,2.3923234939575195,0.0,0.0,
1785154975.4322186,17.689836999001272,0.0,0.0,0.0,0.0,0.0,-7.613701336062206e-16,0.0,3.497202527569243e-16,2.5414943878070306,2.5786465778846916,-1.899939165742834,before_ekf,-7.613701336062206e-16,3.497202527569243e-16,2.5414943878070306,2.5786465778846916,-1.899939165742834,-0.00014730023341952026,3.4972025275697666e-16,2.5122624059765393,2.662874739948946,-1.8974871072278503,nan,nan,nan,nan,nan,nan,nan,nan,,0.051360851000936236,0.041177374001563294,0.03085694100082037,0.03085694100082037,0.020511549002549145,nan,nan,profile,1,1,2,2,7.690005540847778,2.3099944591522217,0.0,0.0,
1785154975.5153868,17.773004563998256,0.0,0.0,0.0,0.0,0.0,-7.613701336062206e-16,0.0,3.497202527569243e-16,2.5414943878070306,2.5786465778846916,-1.899939165742834,before_ekf,-7.613701336062206e-16,3.497202527569243e-16,2.5414943878070306,2.5786465778846916,-1.899939165742834,-0.00011873323572241139,3.4972025275693687e-16,2.51226087059107,2.662869511678485,-1.8974871072278503,nan,nan,nan,nan,nan,nan,nan,nan,,0.05220105399712338,0.04202153199730674,0.03152326499912306,0.03152326499912306,0.021071224997285753,nan,nan,profile,1,1,2,2,7.7732627391815186,2.2267372608184814,0.0,0.0,
1785154975.5993826,17.856991904998722,0.0,0.0,0.0,0.0,0.0,-7.613701336062206e-16,0.0,3.497202527569243e-16,2.5414943878070306,2.5786465778846916,-1.899939165742834,before_ekf,-7.613701336062206e-16,3.497202527569243e-16,2.5414943878070306,2.5786465778846916,-1.899939165742834,-0.00013969379979963557,3.497202527569294e-16,2.512263599693058,2.662877010713023,-1.8974871072278503,nan,nan,nan,nan,nan,nan,nan,nan,,0.05229295199751505,0.04199430399967241,0.03155432799758273,0.03155432799758273,0.020639548998587998,nan,nan,profile,1,1,2,2,7.857155799865723,2.1428442001342773,0.0,0.0,
1785154975.6825097,17.940127844998642,0.0,0.0,0.0,0.0,0.0,-7.613701336062206e-16,0.0,3.497202527569243e-16,2.5414943878070306,2.5786465778846916,-1.899939165742834,before_ekf,-7.613701336062206e-16,3.497202527569243e-16,2.5414943878070306,2.5786465778846916,-1.899939165742834,-0.0001251983158485315,3.4972025275692657e-16,2.5122633719433507,2.662875972734822,-1.8974871072278503,nan,nan,nan,nan,nan,nan,nan,nan,,0.05210757399981958,0.04181230599715491,0.031277652000426315,0.031277652000426315,0.020751669999299338,nan,nan,profile,1,1,2,2,7.940358400344849,2.0596415996551514,0.0,0.0,
1785154975.76617,18.023786968999048,0.0,0.0,0.0,0.0,0.0,-7.613701336062206e-16,0.0,3.497202527569243e-16,2.5414943878070306,2.5786465778846916,-1.899939165742834,before_ekf,-7.613701336062206e-16,3.497202527569243e-16,2.5414943878070306,2.5786465778846916,-1.899939165742834,-0.00011932781755506381,3.4972025275692534e-16,2.512263168459454,2.6628750446363845,-1.8974871072278503,nan,nan,nan,nan,nan,nan,nan,nan,,0.052204367999365786,0.041858271000819514,0.03130241699909675,0.03130241699909675,0.02079573399896617,nan,nan,profile,1,1,2,2,8.024006843566895,1.9759931564331055,0.0,0.0,
1785154975.849742,18.107359509998787,0.0,0.0,0.0,0.0,0.0,-7.613701336062206e-16,0.0,3.497202527569243e-16,2.5414943878070306,2.5786465778846916,-1.899939165742834,before_ekf,-7.613701336062206e-16,3.497202527569243e-16,2.5414943878070306,2.5786465778846916,-1.899939165742834,-0.00011432014452564823,3.4972025275692474e-16,2.512262996727269,2.662874237549653,-1.8974871072278503,nan,nan,nan,nan,nan,nan,nan,nan,,0.05198541500067222,0.041733979000127874,0.031228452000505058,0.031228452000505058,0.020910388997435803,nan,nan,profile,1,1,2,2,8.107553958892822,1.8924460411071777,0.0,0.0,
1785154975.9323838,18.190001301998564,0.0,0.0,0.0,0.0,0.0,-7.613701336062206e-16,0.0,3.497202527569243e-16,2.5414943878070306,2.5786465778846916,-1.899939165742834,before_ekf,-7.613701336062206e-16,3.497202527569243e-16,2.5414943878070306,2.5786465778846916,-1.899939165742834,-9.216198451986301e-05,3.497202527569244e-16,2.512261797656871,2.6628702786645375,-1.8974871072278503,nan,nan,nan,nan,nan,nan,nan,nan,,0.0515801969995664,0.04138444999989588,0.031083373000001302,0.031083373000001302,0.020634917997085722,nan,nan,profile,1,1,2,2,8.19016408920288,1.8098359107971191,0.0,0.0,
1785154976.0166972,18.274315851998836,0.0,0.0,0.0,0.0,0.0,-7.613701336062206e-16,0.0,3.497202527569243e-16,2.5414943878070306,2.5786465778846916,-1.899939165742834,before_ekf,-7.613701336062206e-16,3.497202527569243e-16,2.5414943878070306,2.5786465778846916,-1.899939165742834,-0.00010146853472868758,3.4972025275692435e-16,2.5122618718776626,2.662870268672468,-1.8974871072278503,nan,nan,nan,nan,nan,nan,nan,nan,,0.05323086299904389,0.0423975679987052,0.03139804300008109,0.03139804300008109,0.021007351999287494,nan,nan,profile,1,1,2,2,8.27446961402893,1.7255303859710693,0.0,0.0,
1785154976.100446,18.358064035001007,0.0,0.0,0.0,0.0,0.0,-7.613701336062206e-16,0.0,3.497202527569243e-16,2.5414943878070306,2.5786465778846916,-1.899939165742834,before_ekf,-7.613701336062206e-16,3.497202527569243e-16,2.5414943878070306,2.5786465778846916,-1.899939165742834,-8.246770095457609e-05,3.497202527569243e-16,2.512262798351245,2.6628725653482577,-1.8974871072278503,nan,nan,nan,nan,nan,nan,nan,nan,,0.05223760700027924,0.041864255003019935,0.03130300500197336,0.03130300500197336,0.02075945900287479,nan,nan,profile,1,1,2,2,8.358299016952515,1.6417009830474854,0.0,0.0,
1785154976.1834273,18.441044381997926,0.0,0.0,0.0,0.0,0.0,-7.613701336062206e-16,0.0,3.497202527569243e-16,2.5414943878070306,2.5786465778846916,-1.899939165742834,before_ekf,-7.613701336062206e-16,3.497202527569243e-16,2.5414943878070306,2.5786465778846916,-1.899939165742834,-8.956206702524238e-05,3.497202527569243e-16,2.512262809628915,2.6628724195595423,-1.8974871072278503,nan,nan,nan,nan,nan,nan,nan,nan,,0.05154431299888529,0.04132196199861937,0.03093748899846105,0.03093748899846105,0.020571059998474084,nan,nan,profile,1,1,2,2,8.441227197647095,1.5587728023529053,0.0,0.0,
1785154976.2659688,18.523586457999045,0.0,0.0,0.0,0.0,0.0,-7.613701336062206e-16,0.0,3.497202527569243e-16,2.5414943878070306,2.5786465778846916,-1.899939165742834,before_ekf,-7.613701336062206e-16,3.497202527569243e-16,2.5414943878070306,2.5786465778846916,-1.899939165742834,-9.224422311961692e-05,3.497202527569243e-16,2.5122644684921256,2.662877067715015,-1.8974871072278503,nan,nan,nan,nan,nan,nan,nan,nan,,0.05143682199923205,0.04123845899812295,0.030887749999237712,0.030887749999237712,0.02057619699917268,nan,nan,profile,1,1,2,2,8.523759841918945,1.4762401580810547,0.0,0.0,
1785154976.3492074,18.60682538200126,0.0,0.0,0.0,0.0,0.0,-7.613701336062206e-16,0.0,3.497202527569243e-16,2.5414943878070306,2.5786465778846916,-1.899939165742834,before_ekf,-7.613701336062206e-16,3.497202527569243e-16,2.5414943878070306,2.5786465778846916,-1.899939165742834,-6.878089230211943e-05,3.497202527569243e-16,2.5122634058545286,2.6628736930382564,-1.8974871072278503,nan,nan,nan,nan,nan,nan,nan,nan,,0.052081126003031386,0.041723755002749385,0.031313180003053276,0.031313180003053276,0.02091128500251216,nan,nan,profile,1,1,2,2,8.607027292251587,1.392972707748413,0.0,0.0,
1785154976.432082,18.689699352999014,0.0,0.0,0.0,0.0,0.0,-7.613701336062206e-16,0.0,3.497202527569243e-16,2.5414943878070306,2.5786465778846916,-1.899939165742834,before_ekf,-7.613701336062206e-16,3.497202527569243e-16,2.5414943878070306,2.5786465778846916,-1.899939165742834,-7.555846109029454e-05,3.497202527569243e-16,2.512263410813822,2.662873580636444,-1.8974871072278503,nan,nan,nan,nan,nan,nan,nan,nan,,0.0516342419978173,0.04137337499923888,0.030969071998697473,0.030969071998697473,0.0206013940005505,nan,nan,profile,1,1,2,2,8.689861536026001,1.310138463973999,0.0,0.0,
1785154976.5170946,18.774713172999327,0.0,0.0,0.0,0.0,0.0,-7.613701336062206e-16,0.0,3.497202527569243e-16,2.5414943878070306,2.5786465778846916,-1.899939165742834,before_ekf,-7.613701336062206e-16,3.497202527569243e-16,2.5414943878070306,2.5786465778846916,-1.899939165742834,-7.793511160211709e-05,3.497202527569243e-16,2.5122648065903617,2.662877523118957,-1.8974871072278503,nan,nan,nan,nan,nan,nan,nan,nan,,0.05343526800061227,0.043196385999181075,0.0321885140001541,0.0321885140001541,0.021830494999449,nan,nan,profile,1,1,2,2,8.77488899230957,1.2251110076904297,0.0,0.0,
1785154976.6007507,18.858367824999732,0.0,0.0,0.0,0.0,0.0,-7.613701336062206e-16,0.0,3.497202527569243e-16,2.5414943878070306,2.5786465778846916,-1.899939165742834,before_ekf,-7.613701336062206e-16,3.497202527569243e-16,2.5414943878070306,2.5786465778846916,-1.899939165742834,-6.94629324963274e-05,3.497202527569243e-16,2.5122646084243634,2.662876825228835,-1.8974871072278503,nan,nan,nan,nan,nan,nan,nan,nan,,0.05219011399822193,0.04200103200128069,0.031476272000872996,0.031476272000872996,0.020953832001396222,nan,nan,profile,1,1,2,2,8.858540534973145,1.1414594650268555,0.0,0.0,
1785154976.6842308,18.94184852499893,0.0,0.0,0.0,0.0,0.0,-7.613701336062206e-16,0.0,3.497202527569243e-16,2.5414943878070306,2.5786465778846916,-1.899939165742834,before_ekf,-7.613701336062206e-16,3.497202527569243e-16,2.5414943878070306,2.5786465778846916,-1.899939165742834,-5.561341359449323e-05,3.497202527569243e-16,2.512263783005244,2.6628742364524873,-1.8974871072278503,nan,nan,nan,nan,nan,nan,nan,nan,,0.05198501099948771,0.041668455000035465,0.03124752399889985,0.03124752399889985,0.020789370999409584,nan,nan,profile,1,1,2,2,8.942079544067383,1.0579204559326172,0.0,0.0,
1785154976.7674146,19.02503187399998,0.0,0.0,0.0,0.0,0.0,-7.613701336062206e-16,0.0,3.497202527569243e-16,2.5414943878070306,2.5786465778846916,-1.899939165742834,before_ekf,-7.613701336062206e-16,3.497202527569243e-16,2.5414943878070306,2.5786465778846916,-1.899939165742834,-6.120133554090505e-05,3.497202527569243e-16,2.512263794149451,2.6628741859308125,-1.8974871072278503,nan,nan,nan,nan,nan,nan,nan,nan,,0.051775780000753,0.041468176001217216,0.031091106000531,0.031091106000531,0.020655180000176188,nan,nan,profile,1,1,2,2,9.025257110595703,0.9747428894042969,0.0,0.0,
1785154976.8503628,19.10798085499846,0.0,0.0,0.0,0.0,0.0,-7.613701336062206e-16,0.0,3.497202527569243e-16,2.5414943878070306,2.5786465778846916,-1.899939165742834,before_ekf,-7.613701336062206e-16,3.497202527569243e-16,2.5414943878070306,2.5786465778846916,-1.899939165742834,-5.9332285131852394e-05,3.497202527569243e-16,2.5122637518852624,2.6628739806371797,-1.8974871072278503,nan,nan,nan,nan,nan,nan,nan,nan,,0.05165894899982959,0.04143476999888662,0.03105897199930041,0.03105897199930041,0.020674401999713155,nan,nan,profile,1,1,2,2,9.108218908309937,0.8917810916900635,0.0,0.0,
1785154976.9333913,19.191009759000735,0.0,0.0,0.0,0.0,0.0,-7.613701336062206e-16,0.0,3.497202527569243e-16,2.5414943878070306,2.5786465778846916,-1.899939165742834,before_ekf,-7.613701336062206e-16,3.497202527569243e-16,2.5414943878070306,2.5786465778846916,-1.899939165742834,-4.7740994342528766e-05,3.497202527569243e-16,2.5122641903027985,2.66287512787343,-1.8974871072278503,nan,nan,nan,nan,nan,nan,nan,nan,,0.0515879490012594,0.04133499800082063,0.030995856002846267,0.030995856002846267,0.02060651000283542,nan,nan,profile,1,1,2,2,9.191209316253662,0.8087906837463379,0.0,0.0,
1785154977.016091,19.27370925300056,0.0,0.0,0.0,0.0,0.0,-7.613701336062206e-16,0.0,3.497202527569243e-16,2.5414943878070306,2.5786465778846916,-1.899939165742834,before_ekf,-7.613701336062206e-16,3.497202527569243e-16,2.5414943878070306,2.5786465778846916,-1.899939165742834,-5.1741962301501184e-05,3.497202527569243e-16,2.5122641680122624,2.662875002380291,-1.8974871072278503,nan,nan,nan,nan,nan,nan,nan,nan,,0.051461715000186814,0.041259112000261666,0.03092179300074349,0.03092179300074349,0.020537419000902446,nan,nan,profile,1,1,2,2,9.273876190185547,0.7261238098144531,0.0,0.0,
1785154977.0989258,19.356543287998647,0.0,0.0,0.0,0.0,0.0,-7.613701336062206e-16,0.0,3.497202527569243e-16,2.5414943878070306,2.5786465778846916,-1.899939165742834,before_ekf,-7.613701336062206e-16,3.497202527569243e-16,2.5414943878070306,2.5786465778846916,-1.899939165742834,-5.012798211881064e-05,3.497202527569243e-16,2.512264116759877,2.662874793616685,-1.8974871072278503,nan,nan,nan,nan,nan,nan,nan,nan,,0.05182403499929933,0.041463364999799524,0.031105341997317737,0.031105341997317737,0.02073215199925471,nan,nan,profile,1,1,2,2,9.356786012649536,0.6432139873504639,0.0,0.0,
1785154977.1820314,19.439650363998226,0.0,0.0,0.0,0.0,0.0,-7.613701336062206e-16,0.0,3.497202527569243e-16,2.5414943878070306,2.5786465778846916,-1.899939165742834,before_ekf,-7.613701336062206e-16,3.497202527569243e-16,2.5414943878070306,2.5786465778846916,-1.899939165742834,-5.114576233582229e-05,3.497202527569243e-16,2.5122649944417663,2.662877307604044,-1.8974871072278503,nan,nan,nan,nan,nan,nan,nan,nan,,0.051759853999101324,0.04155004199856194,0.03098325999962981,0.03098325999962981,0.020604549998097355,nan,nan,profile,1,1,2,2,9.439836740493774,0.5601632595062256,0.0,0.0,
1785154977.2659392,19.523556923999422,0.0,0.0,0.0,0.0,0.0,-7.613701336062206e-16,0.0,3.497202527569243e-16,2.5414943878070306,2.5786465778846916,-1.899939165742834,before_ekf,-7.613701336062206e-16,3.497202527569243e-16,2.5414943878070306,2.5786465778846916,-1.899939165742834,-4.5535888134640786e-05,3.497202527569243e-16,2.5122648465441277,2.6628768226154382,-1.8974871072278503,nan,nan,nan,nan,nan,nan,nan,nan,,0.052541535998898325,0.042173645000730176,0.03148001400040812,0.03148001400040812,0.020839503999013687,nan,nan,profile,1,1,2,2,9.523800611495972,0.4761993885040283,0.0,0.0,
1785154977.3495383,19.60715633899963,0.0,0.0,0.0,0.0,0.0,-7.613701336062206e-16,0.0,3.497202527569243e-16,2.5414943878070306,2.5786465778846916,-1.899939165742834,before_ekf,-7.613701336062206e-16,3.497202527569243e-16,2.5414943878070306,2.5786465778846916,-1.899939165742834,-4.336127884589609e-05,3.497202527569243e-16,2.5122647360288304,2.662876453200735,-1.8974871072278503,nan,nan,nan,nan,nan,nan,nan,nan,,0.051859115999832284,0.04152100899955258,0.031064058999618283,0.031064058999618283,0.020660494999901857,nan,nan,profile,1,1,2,2,9.60738229751587,0.39261770248413086,0.0,0.0,
1785154977.4322758,19.689893937000306,0.0,0.0,0.0,0.0,0.0,-7.613701336062206e-16,0.0,3.497202527569243e-16,2.5414943878070306,2.5786465778846916,-1.899939165742834,before_ekf,-7.613701336062206e-16,3.497202527569243e-16,2.5414943878070306,2.5786465778846916,-1.899939165742834,-4.155226903154312e-05,3.497202527569243e-16,2.5122646497104215,2.662876158747683,-1.8974871072278503,nan,nan,nan,nan,nan,nan,nan,nan,,0.05147137099993415,0.0412490999988222,0.03087760000198614,0.03087760000198614,0.02054430499993032,nan,nan,profile,1,1,2,2,9.690091371536255,0.3099086284637451,0.0,0.0,
1785154977.5148547,19.77247093400001,0.0,0.0,0.0,0.0,0.0,-7.613701336062206e-16,0.0,3.497202527569243e-16,2.5414943878070306,2.5786465778846916,-1.899939165742834,before_ekf,-7.613701336062206e-16,3.497202527569243e-16,2.5414943878070306,2.5786465778846916,-1.899939165742834,-3.350540506402957e-05,3.497202527569243e-16,2.51226417839787,2.662874712356452,-1.8974871072278503,nan,nan,nan,nan,nan,nan,nan,nan,,0.05151960000148392,0.0413141800017911,0.03096880900193355,0.03096880900193355,0.02062981800190755,nan,nan,profile,1,1,2,2,9.772667646408081,0.22733235359191895,0.0,0.0,
1785154977.5972383,19.85485654600052,0.0,0.0,0.0,0.0,0.0,-7.613701336062206e-16,0.0,3.497202527569243e-16,2.5414943878070306,2.5786465778846916,-1.899939165742834,before_ekf,-7.613701336062206e-16,3.497202527569243e-16,2.5414943878070306,2.5786465778846916,-1.899939165742834,-3.1229483930178355e-05,3.497202527569243e-16,2.5122645409448343,2.6628757211975644,-1.8974871072278503,nan,nan,nan,nan,nan,nan,nan,nan,,0.0513349829998333,0.04114019100234145,0.030853647000185447,0.030853647000185447,0.020508010002231458,nan,nan,profile,1,1,2,2,9.855026721954346,0.1449732780456543,0.0,0.0,
1785154977.6801794,19.937797537000733,0.0,0.0,0.0,0.0,0.0,-7.613701336062206e-16,0.0,3.497202527569243e-16,2.5414943878070306,2.5786465778846916,-1.899939165742834,before_ekf,-7.613701336062206e-16,3.497202527569243e-16,2.5414943878070306,2.5786465778846916,-1.899939165742834,-3.3923860551455636e-05,3.497202527569243e-16,2.512264534485577,2.6628756764868413,-1.8974871072278503,nan,nan,nan,nan,nan,nan,nan,nan,,0.051839927000401076,0.04162300100142602,0.031302535000577336,0.031302535000577336,0.02097458600110258,nan,nan,profile,1,1,2,2,9.938068151473999,0.06193184852600098,0.0,0.0,
