timestamp_ros,time_sec,left_wheel_setpoint,left_wheel_actual,right_wheel_setpoint,right_wheel_actual,cmd_linear_x,actual_linear_x,cmd_angular_z,actual_angular_z,odom_x,odom_y,odom_yaw,odom_source,odom_capture_mode,raw_actual_linear_x,raw_actual_angular_z,raw_odom_x,raw_odom_y,raw_odom_yaw,filtered_actual_linear_x,filtered_actual_angular_z,filtered_odom_x,filtered_odom_y,filtered_odom_yaw,map_x,map_y,map_yaw,imu_yaw,imu_angular_z,goal_x,goal_y,goal_yaw,nav_status,wheel_data_age_sec,cmd_vel_age_sec,odom_age_sec,raw_odom_age_sec,filtered_odom_age_sec,imu_age_sec,map_pose_age_sec,manual_mode,manual_repeat_index,manual_repeat_total,manual_step_index,manual_step_total,manual_step_elapsed_sec,manual_step_remaining_sec,manual_left_target_mps,manual_right_target_mps,note
1785159573.9385245,0.009420063001016388,0.0,0.0,0.0,0.0,0.0,-1.3877787807814458e-18,0.0,-2.6575963651964683e-16,0.04602853976215533,0.012560945952911354,0.1479077025230311,before_ekf,both,-1.3877787807814458e-18,-2.6575963651964683e-16,0.04602853976215533,0.012560945952911354,0.1479077025230311,-1.3877787807814458e-18,-1.5856275206084592e-16,0.04670043253936515,0.011474798264226975,0.12695133262904437,nan,nan,nan,nan,0.0,nan,nan,nan,,0.07046993000039947,0.05707789399821195,0.04513106900049024,0.04513106900049024,0.03383468699757941,0.022674625000945525,nan,profile,1,1,1,2,0.013434171676635742,99.98656582832336,0.8,-0.8,
1785159574.0944312,0.16533379400061676,0.0,0.0,0.0,0.0,0.0,-1.3877787807814458e-18,0.0,-2.6575963651964683e-16,0.04602853976215533,0.012560945952911354,0.1479077025230311,before_ekf,both,-1.3877787807814458e-18,-2.6575963651964683e-16,0.04602853976215533,0.012560945952911354,0.1479077025230311,-1.3877787807814458e-18,-1.2514938501075625e-16,0.04670043253936515,0.011474798264226975,0.12695133262904437,nan,nan,nan,nan,0.0,nan,nan,nan,,0.06862613900011638,0.05730539899741416,0.04549579399827053,0.04549579399827053,0.03323871499742381,0.022024195997801144,nan,profile,1,1,1,2,0.16608595848083496,99.83391404151917,0.8,-0.8,
1785159574.2000341,0.27093693900314975,8.888888888888891,0.0,-8.888888888888891,0.0,0.0,-1.3877787807814458e-18,-2.8055409433631424,-2.6575963651964683e-16,0.04602853976215533,0.012560945952911354,0.1479077025230311,before_ekf,both,-1.3877787807814458e-18,-2.6575963651964683e-16,0.04602853976215533,0.012560945952911354,0.1479077025230311,-1.3877787807814458e-18,-1.3186583422794659e-16,0.04670043253936515,0.011474798264226975,0.12695133262904437,nan,nan,nan,nan,0.0,nan,nan,nan,,0.06906703900313005,0.05808085100215976,0.04572472600193578,0.04572472600193578,0.033581024003069615,0.02205730800051242,nan,profile,1,1,1,2,0.27167391777038574,99.72832608222961,0.8,-0.8,
1785159574.3011239,0.3720273890030512,8.888888888888891,0.0,-8.888888888888891,0.0,0.0,-1.3877787807814458e-18,-2.8055409433631424,-2.6575963651964683e-16,0.04602853976215533,0.012560945952911354,0.1479077025230311,before_ekf,both,-1.3877787807814458e-18,-2.6575963651964683e-16,0.04602853976215533,0.012560945952911354,0.1479077025230311,-1.3877787807814458e-18,-1.4090444330661626e-16,0.04670043253936515,0.011474798264226975,0.12695133262904437,nan,nan,nan,nan,0.0,nan,nan,nan,,0.06718668900066405,0.05633502300042892,0.04491023900118307,0.04491023900118307,0.033165945002110675,0.022129000000859378,nan,profile,1,1,1,2,0.3728303909301758,99.62716960906982,0.8,-0.8,
1785159574.4050536,0.47595183000157704,8.888888888888891,0.0,-8.888888888888891,0.0,0.0,-1.3877787807814458e-18,-2.8055409433631424,-2.6575963651964683e-16,0.04602853976215533,0.012560945952911354,0.1479077025230311,before_ekf,both,-1.3877787807814458e-18,-2.6575963651964683e-16,0.04602853976215533,0.012560945952911354,0.1479077025230311,-1.3877787807814458e-18,-1.3787920761025927e-16,0.04670043253936515,0.011474798264226975,0.12695133262904437,nan,nan,nan,nan,0.0,nan,nan,nan,,0.06889500800025417,0.05783603999952902,0.04544211699976586,0.04544211699976586,0.03370846300094854,0.02235271199970157,nan,profile,1,1,1,2,0.4767568111419678,99.52324318885803,0.8,-0.8,
1785159574.5073452,0.578243479001685,8.888888888888891,0.0,-8.888888888888891,0.0,0.0,-1.3877787807814458e-18,-2.8055409433631424,-2.6575963651964683e-16,0.04602853976215533,0.012560945952911354,0.1479077025230311,before_ekf,both,-1.3877787807814458e-18,-2.6575963651964683e-16,0.04602853976215533,0.012560945952911354,0.1479077025230311,-1.3877787807814458e-18,-1.4093694738125877e-16,0.04670043253936515,0.011474798264226975,0.12695133262904437,nan,nan,nan,nan,0.0,nan,nan,nan,,0.06753337700138218,0.056554816001153085,0.04482716799975606,0.04482716799975606,0.03354020299957483,0.02256655300152488,nan,profile,1,1,1,2,0.5791769027709961,99.420823097229,0.8,-0.8,
1785159574.610341,0.6812446890035062,8.888888888888891,0.0,-8.888888888888891,0.0,0.0,-1.3877787807814458e-18,-2.8055409433631424,-2.6575963651964683e-16,0.04602853976215533,0.012560945952911354,0.1479077025230311,before_ekf,both,-1.3877787807814458e-18,-2.6575963651964683e-16,0.04602853976215533,0.012560945952911354,0.1479077025230311,-1.3877787807814458e-18,-1.342495936437475e-16,0.04670043253936515,0.011474798264226975,0.12695133262904437,nan,nan,nan,nan,0.0,nan,nan,nan,,0.06846626900005504,0.056891522002842976,0.044877052001538686,0.044877052001538686,0.03303788400080521,0.021964928000670625,nan,profile,1,1,1,2,0.6819117069244385,99.31808829307556,0.8,-0.8,
1785159574.711319,0.7822209670011944,8.888888888888891,0.0,-8.888888888888891,0.0,0.0,-1.3877787807814458e-18,-2.8055409433631424,-2.6575963651964683e-16,0.04602853976215533,0.012560945952911354,0.1479077025230311,before_ekf,both,-1.3877787807814458e-18,-2.6575963651964683e-16,0.04602853976215533,0.012560945952911354,0.1479077025230311,-1.3877787807814458e-18,-1.4064462671233467e-16,0.04670043253936515,0.011474798264226975,0.12695133262904437,nan,nan,nan,nan,0.0,nan,nan,nan,,0.06676475600033882,0.05600474799939548,0.044568458000867395,0.044568458000867395,0.03301199999987148,0.02195857100014109,nan,profile,1,1,1,2,0.7829136848449707,99.21708631515503,0.8,-0.8,
1785159574.8126264,0.8835087700026634,8.888888888888891,0.0,-8.888888888888891,0.0,0.0,-1.3877787807814458e-18,-2.8055409433631424,-2.6575963651964683e-16,0.04602853976215533,0.012560945952911354,0.1479077025230311,before_ekf,both,-1.3877787807814458e-18,-2.6575963651964683e-16,0.04602853976215533,0.012560945952911354,0.1479077025230311,-1.3877787807814458e-18,-1.451344541766487e-16,0.04670043253936515,0.011474798264226975,0.12695133262904437,nan,nan,nan,nan,0.0,nan,nan,nan,,0.06749948500146274,0.056521001999499276,0.04514927600030205,0.04514927600030205,0.033796061001339694,0.02258716500000446,nan,profile,1,1,1,2,0.8845059871673584,99.11549401283264,0.8,-0.8,
1785159574.9150717,0.985969509001734,8.888888888888891,0.0,-8.888888888888891,0.0,0.0,-1.3877787807814458e-18,-2.8055409433631424,-2.6575963651964683e-16,0.04602853976215533,0.012560945952911354,0.1479077025230311,before_ekf,both,-1.3877787807814458e-18,-2.6575963651964683e-16,0.04602853976215533,0.012560945952911354,0.1479077025230311,-1.3877787807814458e-18,-1.41145457235645e-16,0.04670043253936515,0.011474798264226975,0.12695133262904437,nan,nan,nan,nan,0.0,nan,nan,nan,,0.06756989100176725,0.056635107001056895,0.045319135999307036,0.045319135999307036,0.03413936599827139,0.023070021001331042,nan,profile,1,1,1,2,0.9870128631591797,99.01298713684082,0.8,-0.8,
1785159575.02202,1.0929197430014028,8.888888888888891,0.0,-8.888888888888891,0.0,0.0,-1.3877787807814458e-18,-2.8055409433631424,-2.6575963651964683e-16,0.04602853976215533,0.012560945952911354,0.1479077025230311,before_ekf,both,-1.3877787807814458e-18,-2.6575963651964683e-16,0.04602853976215533,0.012560945952911354,0.1479077025230311,-1.3877787807814458e-18,-1.4996928764541877e-16,0.04670043253936515,0.011474798264226975,0.12695133262904437,nan,nan,nan,nan,-0.0218,nan,nan,nan,,0.07155514999976731,0.060632283999439096,0.045766024999466026,0.045766024999466026,0.03357792499809875,0.022052311000152258,nan,profile,1,1,1,2,1.0937151908874512,98.90628480911255,0.8,-0.8,
1785159575.1381373,1.2088849090032454,8.888888888888891,0.0,-8.888888888888891,0.0,0.0,-1.3877787807814458e-18,-2.8055409433631424,-2.6575963651964683e-16,0.04602853976215533,0.012560945952911354,0.1479077025230311,before_ekf,both,-1.3877787807814458e-18,-2.6575963651964683e-16,0.04602853976215533,0.012560945952911354,0.1479077025230311,-1.3877787807814458e-18,-1.4342830743553614e-16,0.04670043253936515,0.011474798264226975,0.12695133262904437,nan,nan,nan,nan,-0.0355,nan,nan,nan,,0.08065203500154894,0.0695023719999881,0.05787603600037983,0.05787603600037983,0.04615484500027378,0.03464073500072118,nan,profile,1,1,1,2,1.2125332355499268,98.78746676445007,0.8,-0.8,
1785159575.253382,1.3242809050025244,8.888888888888891,0.0,-8.888888888888891,0.0,0.0,-1.3877787807814458e-18,-2.8055409433631424,-2.6575963651964683e-16,0.04602853976215533,0.012560945952911354,0.1479077025230311,before_ekf,both,-1.3877787807814458e-18,-2.6575963651964683e-16,0.04602853976215533,0.012560945952911354,0.1479077025230311,-1.3877787807814458e-18,-1.4483013958605005e-16,0.04670043253936515,0.011474798264226975,0.12695133262904437,nan,nan,nan,nan,-0.0425,nan,nan,nan,,0.06829099600145128,0.057361769999261014,0.04551397400064161,0.04551397400064161,0.033952436002437025,0.022931387000426184,nan,profile,1,1,1,2,1.3250913619995117,98.67490863800049,0.8,-0.8,
1785159575.3542767,1.4251794800002244,8.888888888888891,0.0,-8.888888888888891,0.0,0.0,-1.3877787807814458e-18,-2.8055409433631424,-2.6575963651964683e-16,0.04602853976215533,0.012560945952911354,0.1479077025230311,before_ekf,both,-1.3877787807814458e-18,-2.6575963651964683e-16,0.04602853976215533,0.012560945952911354,0.1479077025230311,-1.3877787807814458e-18,-1.373581547265544e-16,0.04670043253936515,0.011474798264226975,0.12695133262904437,nan,nan,nan,nan,-0.109,nan,nan,nan,,0.06618743299986818,0.05539675399995758,0.04419291500016698,0.04419291500016698,0.033148752998386044,0.02227360399774625,nan,profile,1,1,1,2,1.4258503913879395,98.57414960861206,0.8,-0.8,
1785159575.4559083,1.5268116920015018,8.888888888888891,0.0,-8.888888888888891,0.0,0.0,-1.3877787807814458e-18,-2.8055409433631424,-2.6575963651964683e-16,0.04602853976215533,0.012560945952911354,0.1479077025230311,before_ekf,both,-1.3877787807814458e-18,-2.6575963651964683e-16,0.04602853976215533,0.012560945952911354,0.1479077025230311,-1.3877787807814458e-18,-1.4433499669637335e-16,0.04670043253936515,0.011474798264226975,0.12695133262904437,nan,nan,nan,nan,-0.1867,nan,nan,nan,,0.06632260599872097,0.05561341800057562,0.04436617499959539,0.04436617499959539,0.03303824300019187,0.022023732999514323,nan,profile,1,1,1,2,1.5274364948272705,98.47256350517273,0.8,-0.8,
1785159575.5569794,1.6278828130016336,8.888888888888891,0.0,-8.888888888888891,0.0,0.0,-1.3877787807814458e-18,-2.8055409433631424,-2.6575963651964683e-16,0.04602853976215533,0.012560945952911354,0.1479077025230311,before_ekf,both,-1.3877787807814458e-18,-2.6575963651964683e-16,0.04602853976215533,0.012560945952911354,0.1479077025230311,-1.3877787807814458e-18,-1.3763943847717927e-16,0.04670043253936515,0.011474798264226975,0.12695133262904437,nan,nan,nan,nan,-0.3662,nan,nan,nan,,0.06723747299838578,0.05646571499892161,0.04486380299931625,0.04486380299931625,0.0332328869990306,0.02199423999991268,nan,profile,1,1,1,2,1.6285486221313477,98.37145137786865,0.8,-0.8,
1785159575.6595857,1.7304850079999596,8.888888888888891,0.0,-8.888888888888891,0.0,0.0,-1.3877787807814458e-18,-2.8055409433631424,-2.6575963651964683e-16,0.04602853976215533,0.012560945952911354,0.1479077025230311,before_ekf,both,-1.3877787807814458e-18,-2.6575963651964683e-16,0.04602853976215533,0.012560945952911354,0.1479077025230311,-1.3877787807814458e-18,-1.378724261601531e-16,0.04670043253936515,0.011474798264226975,0.12695133262904437,nan,nan,nan,nan,-0.4446,nan,nan,nan,,0.0674763709976105,0.05653811999945901,0.04508677499688929,0.04508677499688929,0.03384984099830035,0.022647228997811908,nan,profile,1,1,1,2,1.731382131576538,98.26861786842346,0.8,-0.8,
1785159575.7624846,1.833382001001155,8.888888888888891,0.0,-8.888888888888891,0.0,0.0,-1.3877787807814458e-18,-2.8055409433631424,-2.6575963651964683e-16,0.04602853976215533,0.012560945952911354,0.1479077025230311,before_ekf,both,-1.3877787807814458e-18,-2.6575963651964683e-16,0.04602853976215533,0.012560945952911354,0.1479077025230311,-1.3877787807814458e-18,-1.3836644328715178e-16,0.04670043253936515,0.011474798264226975,0.12695133262904437,nan,nan,nan,nan,-0.5303,nan,nan,nan,,0.06861022600060096,0.05756914800076629,0.04602811899894732,0.04602811899894732,0.034071469999616966,0.023049457999150036,nan,profile,1,1,1,2,1.8347532749176025,98.1652467250824,0.8,-0.8,
1785159575.8820693,1.9527389370014134,8.888888888888891,0.0,-8.888888888888891,0.0,0.0,-1.3877787807814458e-18,-2.8055409433631424,-2.6575963651964683e-16,0.04602853976215533,0.012560945952911354,0.1479077025230311,before_ekf,both,-1.3877787807814458e-18,-2.6575963651964683e-16,0.04602853976215533,0.012560945952911354,0.1479077025230311,-1.3877787807814458e-18,-1.3475340153407638e-16,0.04670043253936515,0.011474798264226975,0.12695133262904437,nan,nan,nan,nan,-0.5749,nan,nan,nan,,0.0832826229998318,0.07242573999974411,0.06071019199953298,0.06071019199953298,0.04893598000126076,0.03784817999985535,nan,profile,1,1,1,2,1.9660828113555908,98.03391718864441,0.8,-0.8,
1785159576.0130546,2.08395821400336,8.888888888888891,0.0,-8.888888888888891,0.0,0.0,-1.3877787807814458e-18,-2.8055409433631424,-2.6575963651964683e-16,0.04602853976215533,0.012560945952911354,0.1479077025230311,before_ekf,both,-1.3877787807814458e-18,-2.6575963651964683e-16,0.04602853976215533,0.012560945952911354,0.1479077025230311,-1.3877787807814458e-18,2.418170186264594e-05,0.04670043253936515,0.011474798264226975,0.12696811920979464,nan,nan,nan,nan,-0.6534,nan,nan,nan,,0.06763101200340316,0.05665035900165094,0.044968646001507295,0.044968646001507295,0.033335069001623197,0.022140588000183925,nan,profile,1,1,1,2,2.0846030712127686,97.91539692878723,0.8,-0.8,
1785159576.1138835,2.184785929002828,8.888888888888891,0.0,-8.888888888888891,0.0,0.0,-1.3877787807814458e-18,-2.8055409433631424,-2.6575963651964683e-16,0.04602853976215533,0.012560945952911354,0.1479077025230311,before_ekf,both,-1.3877787807814458e-18,-2.6575963651964683e-16,0.04602853976215533,0.012560945952911354,0.1479077025230311,-1.3877787807814458e-18,8.984544274654772e-06,0.04670043253936515,0.011474798264226975,0.12696808569607398,nan,nan,nan,nan,-0.6438,nan,nan,nan,,0.06675248000101419,0.05570745899967733,0.04437967100238893,0.04437967100238893,0.033026446002622833,0.02213058500274201,nan,profile,1,1,1,2,2.18552565574646,97.81447434425354,0.8,-0.8,
1785159576.2157927,2.286691523000627,8.888888888888891,0.5238285634742381,-8.888888888888891,-0.5238285634742381,0.0,-1.3877787807814458e-18,-2.8055409433631424,-2.6575963651964683e-16,0.04602853976215533,0.012560945952911354,0.1479077025230311,before_ekf,both,-1.3877787807814458e-18,-2.6575963651964683e-16,0.04602853976215533,0.012560945952911354,0.1479077025230311,-1.3877787807814458e-18,1.2337911576756108e-06,0.04670043253936515,0.011474798264226975,0.12696809882382093,nan,nan,nan,nan,-0.616,nan,nan,nan,,0.0675022289979097,0.0567524649995903,0.04548423400046886,0.04548423400046886,0.03408773800038034,0.022659203998045996,nan,profile,1,1,1,2,2.2876205444335938,97.7123794555664,0.8,-0.8,
1785159576.3178012,2.3886975460009126,8.888888888888891,0.7875421602992254,-8.888888888888891,-0.7875421602992254,0.0,-1.3877787807814458e-18,-2.8055409433631424,-2.6575963651964683e-16,0.04602853976215533,0.012560945952911354,0.1479077025230311,before_ekf,both,-1.3877787807814458e-18,-2.6575963651964683e-16,0.04602853976215533,0.012560945952911354,0.1479077025230311,-1.3877787807814458e-18,3.954165760361842e-07,0.04670043253936515,0.011474798264226975,0.1269681189304226,nan,nan,nan,nan,-0.5884,nan,nan,nan,,0.0673370820004493,0.05654827499893145,0.044974342999921646,0.044974342999921646,0.033830767999461386,0.022655793000012636,nan,profile,1,1,1,2,2.3894503116607666,97.61054968833923,0.8,-0.8,
1785159576.4185941,2.4894966760002717,8.888888888888891,0.7862097756109092,-8.888888888888891,-0.7862097756109092,0.0,-1.3877787807814458e-18,-2.8055409433631424,-2.6575963651964683e-16,0.04602853976215533,0.012560945952911354,0.1479077025230311,before_ekf,both,-1.3877787807814458e-18,-2.6575963651964683e-16,0.04602853976215533,0.012560945952911354,0.1479077025230311,-1.3877787807814458e-18,5.1137207997913774e-08,0.04670043253936515,0.011474798264226975,0.12696811947790332,nan,nan,nan,nan,-0.5568,nan,nan,nan,,0.06686844700016081,0.05592199599777814,0.04441111599953729,0.04441111599953729,0.032872217998374254,0.02182362299936358,nan,profile,1,1,1,2,2.490124464035034,97.50987553596497,0.8,-0.8,
1785159576.5199387,2.5908419030020013,8.888888888888891,0.5238185017452259,-8.888888888888891,-0.5238185017452259,0.0,-1.3877787807814458e-18,-2.8055409433631424,-2.6575963651964683e-16,0.04602853976215533,0.012560945952911354,0.1479077025230311,before_ekf,both,-1.3877787807814458e-18,-2.6575963651964683e-16,0.04602853976215533,0.012560945952911354,0.1479077025230311,-1.3877787807814458e-18,1.7673485612805833e-08,0.04670043253936515,0.011474798264226975,0.1269681197493662,nan,nan,nan,nan,-0.5307,nan,nan,nan,,0.06723043899910408,0.056454297999152914,0.045091459000104805,0.045091459000104805,0.03325293099987903,0.022084890999394702,nan,profile,1,1,1,2,2.59146785736084,97.40853214263916,0.8,-0.8,
1785159576.6211686,2.692072170000756,8.888888888888891,0.7953457998736663,-8.888888888888891,-0.5302305332491108,0.0,-1.3877787807814458e-18,-2.8055409433631424,-2.6575963651964683e-16,0.04602853976215533,0.012560945952911354,0.1479077025230311,before_ekf,both,-1.3877787807814458e-18,-2.6575963651964683e-16,0.04602853976215533,0.012560945952911354,0.1479077025230311,-1.3877787807814458e-18,2.106615240711948e-09,0.04670043253936515,0.011474798264226975,0.12696811978505051,nan,nan,nan,nan,-0.5059,nan,nan,nan,,0.06703531399762142,0.05593884399786475,0.044518897997477325,0.044518897997477325,0.03307436099930783,0.02208519099804107,nan,profile,1,1,1,2,2.692758798599243,97.30724120140076,0.8,-0.8,
1785159576.724473,2.7953706420012168,8.888888888888891,0.7858363378810875,-8.888888888888891,-0.7858363378810875,0.0,-1.3877787807814458e-18,-2.8055409433631424,-2.6575963651964683e-16,0.04602853976215533,0.012560945952911354,0.1479077025230311,before_ekf,both,-1.3877787807814458e-18,-2.6575963651964683e-16,0.04602853976215533,0.012560945952911354,0.1479077025230311,-1.3877787807814458e-18,7.843876227139897e-10,0.04670043253936515,0.011474798264226975,0.1269681197888493,nan,nan,nan,nan,-0.4769,nan,nan,nan,,0.06813169000088237,0.05696519100092701,0.04529883500072174,0.04529883500072174,0.03376429700074368,0.022608235998632153,nan,profile,1,1,1,2,2.796299934387207,97.2037000656128,0.8,-0.8,
1785159576.8287864,2.8996862359999795,8.888888888888891,1.5715385644588906,-8.888888888888891,-1.5715385644588906,0.0,-1.3877787807814458e-18,-2.8055409433631424,-2.6575963651964683e-16,0.04602853976215533,0.012560945952911354,0.1479077025230311,before_ekf,both,-1.3877787807814458e-18,-2.6575963651964683e-16,0.04602853976215533,0.012560945952911354,0.1479077025230311,-1.3877787807814458e-18,1.0119199450874055e-10,0.04670043253936515,0.011474798264226975,0.1269681197902988,nan,nan,nan,nan,-0.4661,nan,nan,nan,,0.06940291899809381,0.058599568998033646,0.046140675996866776,0.046140675996866776,0.034273876997758634,0.022998481999820797,nan,profile,1,1,1,2,2.9007043838500977,97.0992956161499,0.8,-0.8,
1785159576.9337258,3.0046204010031943,8.888888888888891,1.5707876246314563,-8.888888888888891,-1.8325855620700322,0.0,-1.3877787807814458e-18,-2.8055409433631424,-2.6575963651964683e-16,0.04602853976215533,0.012560945952911354,0.1479077025230311,before_ekf,both,-1.3877787807814458e-18,-2.6575963651964683e-16,0.04602853976215533,0.012560945952911354,0.1479077025230311,-1.3877787807814458e-18,3.6812099577635754e-11,0.04670043253936515,0.011474798264226975,0.1269681197909578,nan,nan,nan,nan,-0.4626,nan,nan,nan,,0.06749055399995996,0.05649147300209734,0.045209029001853196,0.045209029001853196,0.033905696000147145,0.022751797001546947,nan,profile,1,1,1,2,3.0055577754974365,96.99444222450256,0.8,-0.8,
1785159577.0369503,3.107849158001045,8.888888888888891,1.8326766639222916,-8.888888888888891,-1.8326766639222916,0.0,-1.3877787807814458e-18,-2.8055409433631424,-2.6575963651964683e-16,0.04602853976215533,0.012560945952911354,0.1479077025230311,before_ekf,both,-1.3877787807814458e-18,-2.6575963651964683e-16,0.04602853976215533,0.012560945952911354,0.1479077025230311,-1.3877787807814458e-18,4.457614819335245e-12,0.04670043253936515,0.011474798264226975,0.12696811979088718,nan,nan,nan,nan,-0.4608,nan,nan,nan,,0.06810371499886969,0.05692174399882788,0.04522236499906285,0.04522236499906285,0.0333670619984332,0.022250523998081917,nan,profile,1,1,1,2,3.1086764335632324,96.89132356643677,0.8,-0.8,
1785159577.1371162,3.208019512003375,8.888888888888891,1.8339731384594173,-8.888888888888891,-1.8339731384594173,0.0,-1.3877787807814458e-18,-2.8055409433631424,-2.6575963651964683e-16,0.04602853976215533,0.012560945952911354,0.1479077025230311,before_ekf,both,-1.3877787807814458e-18,-2.6575963651964683e-16,0.04602853976215533,0.012560945952911354,0.1479077025230311,-1.3877787807814458e-18,1.6281796699293988e-12,0.04670043253936515,0.011474798264226975,0.12696811979092312,nan,nan,nan,nan,-0.4658,nan,nan,nan,,0.06598662699980196,0.05523940100101754,0.04410038600326516,0.04410038600326516,0.03298963300039759,0.02204543100015144,nan,profile,1,1,1,2,3.2088088989257812,96.79119110107422,0.8,-0.8,
1785159577.2484322,3.319335423002485,8.888888888888891,2.094768788197322,-8.888888888888891,-1.8329226896726567,0.0,-1.3877787807814458e-18,-2.8055409433631424,-2.6575963651964683e-16,0.04602853976215533,0.012560945952911354,0.1479077025230311,before_ekf,both,-1.3877787807814458e-18,-2.6575963651964683e-16,0.04602853976215533,0.012560945952911354,0.1479077025230311,-1.3877787807814458e-18,2.26875943916487e-13,0.04670043253936515,0.011474798264226975,0.12696811979092848,nan,nan,nan,nan,-0.4802,nan,nan,nan,,0.06704697600071086,0.05598440100220614,0.04472752999936347,0.04472752999936347,0.03316514100151835,0.021990798999468097,nan,profile,1,1,1,2,3.3199751377105713,96.68002486228943,0.8,-0.8,
1785159577.3562896,3.4271867780007597,8.888888888888891,1.8531881935456702,-8.888888888888891,-2.1179293640521943,0.0,-1.3877787807814458e-18,-2.8055409433631424,-2.6575963651964683e-16,0.04602853976215533,0.012560945952911354,0.1479077025230311,before_ekf,both,-1.3877787807814458e-18,-2.6575963651964683e-16,0.04602853976215533,0.012560945952911354,0.1479077025230311,-1.3877787807814458e-18,2.354765200449235e-14,0.04670043253936515,0.011474798264226975,0.1269681197909267,nan,nan,nan,nan,-0.4874,nan,nan,nan,,0.07093763599914382,0.059705234998546075,0.046555778997571906,0.046555778997571906,0.03450422899913974,0.02302214899827959,nan,profile,1,1,1,2,3.428349256515503,96.5716507434845,0.8,-0.8,
1785159577.4711733,3.5420723400020506,8.888888888888891,1.833068114577854,-8.888888888888891,-1.833068114577854,0.0,-1.3877787807814458e-18,-2.8055409433631424,-2.6575963651964683e-16,0.04602853976215533,0.012560945952911354,0.1479077025230311,before_ekf,both,-1.3877787807814458e-18,-2.6575963651964683e-16,0.04602853976215533,0.012560945952911354,0.1479077025230311,-1.3877787807814458e-18,8.124515748385216e-15,0.04670043253936515,0.011474798264226975,0.12696811979092715,nan,nan,nan,nan,-0.4967,nan,nan,nan,,0.07112715399853187,0.058627309001167305,0.04671441599930404,0.04671441599930404,0.03456954200009932,0.02311497100163251,nan,profile,1,1,1,2,3.5430965423583984,96.4569034576416,0.8,-0.8,
1785159577.5887706,3.659666126000957,8.888888888888891,1.5999285946113049,-8.888888888888891,-1.5999285946113049,0.0,-1.3877787807814458e-18,-2.8055409433631424,-2.6575963651964683e-16,0.04602853976215533,0.012560945952911354,0.1479077025230311,before_ekf,both,-1.3877787807814458e-18,-2.6575963651964683e-16,0.04602853976215533,0.012560945952911354,0.1479077025230311,-1.3877787807814458e-18,9.25169266435482e-16,0.04670043253936515,0.011474798264226975,0.12696811979092715,nan,nan,nan,nan,-0.5119,nan,nan,nan,,0.07787963200098602,0.06668038799762144,0.051474544998200145,0.051474544998200145,0.0390620090001903,0.0263779209999484,nan,profile,1,1,1,2,3.6638991832733154,96.33610081672668,0.8,-0.8,
1785159577.701101,3.772004658003425,8.888888888888891,1.5695879324374717,-8.888888888888891,-1.5695879324374717,0.0,-1.3877787807814458e-18,-2.8055409433631424,-2.6575963651964683e-16,0.04602853976215533,0.012560945952911354,0.1479077025230311,before_ekf,both,-1.3877787807814458e-18,-2.6575963651964683e-16,0.04602853976215533,0.012560945952911354,0.1479077025230311,-1.3877787807814458e-18,-3.3007319676048752e-18,0.04670043253936515,0.011474798264226975,0.12696811979092715,nan,nan,nan,nan,-0.5208,nan,nan,nan,,0.06869007000204874,0.05678634200012311,0.0447239230015839,0.0447239230015839,0.03298192300280789,0.022002726000209805,nan,profile,1,1,1,2,3.7727291584014893,96.22727084159851,0.8,-0.8,
1785159577.8077264,3.878623991000495,8.888888888888891,1.570372436163203,-8.888888888888891,-1.570372436163203,0.0,-1.3877787807814458e-18,-2.8055409433631424,-0.01668489556913637,0.04602853976215533,0.012560945952911354,0.1423990357623961,before_ekf,both,-1.3877787807814458e-18,-0.01668489556913637,0.04602853976215533,0.012560945952911354,0.1423990357623961,-1.3877787807814458e-18,-9.04711192651465e-17,0.04670043253936515,0.011474798264226975,0.12696811979092715,nan,nan,nan,nan,-0.5208,nan,nan,nan,,0.07194083799913642,0.06093195599896717,0.04842705799819669,0.04842705799819669,0.03546799700052361,0.02402254199841991,nan,profile,1,1,1,2,3.8814198970794678,96.11858010292053,0.8,-0.8,
1785159577.9114208,3.982324286000221,8.888888888888891,1.570609047372088,-8.888888888888891,-1.570609047372088,0.0,0.0011791779392940484,-2.8055409433631424,-0.08698952497399404,0.04641767479172779,0.012613731160767493,0.1189872020297005,before_ekf,both,0.0011791779392940484,-0.08698952497399404,0.04641767479172779,0.012613731160767493,0.1189872020297005,0.0008641636817444353,-0.027639086799361,0.04678484430421023,0.011485448940722998,0.12355116632956961,nan,nan,nan,nan,-0.5242,nan,nan,nan,,0.06674475599720608,0.055860978998680366,0.044565012998646125,0.044565012998646125,0.03307956599746831,0.022050842999306042,nan,profile,1,1,1,2,3.9831972122192383,96.01680278778076,0.8,-0.8,
1785159578.0143905,4.085291532002884,8.888888888888891,1.3089489660161426,-8.888888888888891,-1.3089489660161426,0.0,0.0011819123864539797,-2.8055409433631424,-0.13644448141006343,0.04641731476113132,0.01261695597937051,0.10246120174779641,before_ekf,both,0.0011819123864539797,-0.13644448141006343,0.04641731476113132,0.01261695597937051,0.10246120174779641,0.0011997328348647685,-0.07355071356185641,0.04695058032261694,0.011505117721429843,0.11262188202719114,nan,nan,nan,nan,-0.5211,nan,nan,nan,,0.06832779999967897,0.057375579002837185,0.04559165099999518,0.04559165099999518,0.033792951002396876,0.022547340002347482,nan,profile,1,1,1,2,4.086130857467651,95.91386914253235,0.8,-0.8,
1785159578.1162171,4.187120190003043,8.888888888888891,1.3076303737210824,-8.888888888888891,-1.3076303737210824,0.0,0.002368232946782448,-2.8055409433631424,-0.19832752891145913,0.046808396942670985,0.012652546521957787,0.07629503463478415,before_ekf,both,0.002368232946782448,-0.19832752891145913,0.046808396942670985,0.012652546521957787,0.07629503463478415,0.0020857392462075765,-0.10391398484193182,0.04710568338066551,0.011522246116015879,0.10471505195249664,nan,nan,nan,nan,-0.5151,nan,nan,nan,,0.06720626600144897,0.05636236400096095,0.04485739700248814,0.04485739700248814,0.03334747600092669,0.022130493001895957,nan,profile,1,1,1,2,4.1879003047943115,95.81209969520569,0.8,-0.8,
1785159578.2242746,4.2951706610001565,8.888888888888891,1.5705616063628258,-8.888888888888891,-1.5705616063628258,0.0,0.0011890550074880627,-2.8055409433631424,-0.21840808477960758,0.046808396942670985,0.012652546521957787,0.05976903435288097,before_ekf,both,0.0011890550074880627,-0.21840808477960758,0.046808396942670985,0.012652546521957787,0.05976903435288097,0.001554419036382218,-0.16371072198896247,0.047334285753060125,0.011543637483669156,0.08293187091290033,nan,nan,nan,nan,-0.5123,nan,nan,nan,,0.07417097799771,0.06326956499833614,0.04606449599668849,0.04606449599668849,0.03474572099730722,0.023341890999290626,nan,profile,1,1,1,2,4.296205759048462,95.70379424095154,0.8,-0.8,
1785159578.3261886,4.397092090002843,8.888888888888891,1.571577903918073,-8.888888888888891,-1.571577903918073,0.0,0.002377419551654752,-2.8055409433631424,-0.22306175483681603,0.04720047246971618,0.012674653998785467,0.02809420047923375,before_ekf,both,0.002377419551654752,-0.22306175483681603,0.04720047246971618,0.012674653998785467,0.02809420047923375,0.0021948517523718326,-0.19893440112872096,0.047501934116409156,0.011556657552852923,0.068138849962998,nan,nan,nan,nan,-0.5013,nan,nan,nan,,0.06686488700142945,0.055974363000132143,0.044530880000820616,0.044530880000820616,0.033313502000964945,0.02227528400180745,nan,profile,1,1,1,2,4.397739887237549,95.60226011276245,0.8,-0.8,
1785159578.4275618,4.498464051001065,8.888888888888891,1.3088552030658072,-8.888888888888891,-1.5706262436789686,0.0,0.0011910989913262835,-2.8055409433631424,-0.25197731796760275,0.04720047246971618,0.012674653998785467,0.0033052000563789322,before_ekf,both,0.0011910989913262835,-0.25197731796760275,0.04720047246971618,0.012674653998785467,0.0033052000563789322,0.0015619933901106949,-0.29059456955423196,0.04772856964382445,0.011567847321379549,0.03182774223765562,nan,nan,nan,nan,-0.495,nan,nan,nan,,0.06741085599787766,0.0567028859986749,0.04487426799823879,0.04487426799823879,0.033232619000045815,0.022290779998002108,nan,profile,1,1,1,2,4.499191522598267,95.50080847740173,0.8,-0.8,
1785159578.5301702,4.6010637740000675,8.888888888888891,1.5718136517447152,-8.888888888888891,-1.5718136517447152,0.0,-0.0011746368823474086,-2.8055409433631424,-0.39277649448084445,0.04680871296249244,0.012701726831102308,-0.07794763466297792,before_ekf,both,-0.0011746368823474086,-0.39277649448084445,0.04680871296249244,0.012701726831102308,-0.07794763466297792,0.001321092500866511,-0.353816679473677,0.04781190683693764,0.011568882340582277,0.005782714116468579,nan,nan,nan,nan,-0.4941,nan,nan,nan,,0.06821675199898891,0.0573535229996196,0.04611413999737124,0.04611413999737124,0.03475372999673709,0.023392535997118102,nan,profile,1,1,1,2,4.602189064025879,95.39781093597412,0.8,-0.8,
1785159578.6405177,4.711414807999972,8.888888888888891,1.5707626496436884,-8.888888888888891,-1.5707626496436884,0.0,-0.0011746368823477408,-2.8055409433631424,-0.49159917211488136,0.04680871296249244,0.012701726831102307,-0.13578863564964003,before_ekf,both,-0.0011746368823477408,-0.49159917211488136,0.04680871296249244,0.012701726831102307,-0.13578863564964003,-0.001013628983182001,-0.47079609430413244,0.047663365706177865,0.011569262064920524,-0.05892317216678178,nan,nan,nan,nan,-0.4933,nan,nan,nan,,0.07532946999708656,0.06164113799968618,0.04620503899786854,0.04620503899786854,0.034597747999214334,0.023258110999449855,nan,profile,1,1,1,2,4.712396621704102,95.2876033782959,0.8,-0.8,
1785159578.745161,4.816059739001503,8.888888888888891,1.5709110504289097,-8.888888888888891,-1.5709110504289097,0.0,-0.002353688207118622,-2.8055409433631424,-0.5447113809208284,0.046420205455192584,0.012758902015049365,-0.17848080304455635,before_ekf,both,-0.002353688207118622,-0.5447113809208284,0.046420205455192584,0.012758902015049365,-0.17848080304455635,-0.0020880343370061156,-0.562430549156335,0.047423756092443745,0.011591017900743128,-0.13155136087904976,nan,nan,nan,nan,-0.4953,nan,nan,nan,,0.06986659899848746,0.05905623500075308,0.04727591800110531,0.04727591800110531,0.033399380001355894,0.022219966998818563,nan,profile,1,1,1,2,4.816864252090454,95.18313574790955,0.8,-0.8,
1785159578.8484757,4.919376220001141,8.888888888888891,1.5702591254454905,-8.888888888888891,-1.5702591254454905,0.0,-0.0023624844102902677,-2.8055409433631424,-0.6026834077702211,0.04641827366537281,0.01275102350026255,-0.2611108044540724,before_ekf,both,-0.0023624844102902677,-0.6026834077702211,0.04641827366537281,0.01275102350026255,-0.2611108044540724,-0.002352290372211511,-0.5937479320290072,0.04727149530795965,0.01161349194998856,-0.1705098511819978,nan,nan,nan,nan,-0.4929,nan,nan,nan,,0.06826793700020062,0.057246172000304796,0.045268522000696976,0.045268522000696976,0.03403353899921058,0.022639151000475977,nan,profile,1,1,1,2,4.92012882232666,95.07987117767334,0.8,-0.8,
1785159578.9494462,5.020349075002741,8.888888888888891,1.5665050272581753,-8.888888888888891,-1.8275891984678712,0.0,-0.0023694956584861164,-2.8055409433631424,-0.6185201109926185,0.046039959624632185,0.012856311540733129,-0.3038029718489887,before_ekf,both,-0.0023694956584861164,-0.6185201109926185,0.046039959624632185,0.012856311540733129,-0.3038029718489887,-0.00246153056256188,-0.6225885653432327,0.04696123812334038,0.011679362156919526,-0.2539130626460788,nan,nan,nan,nan,-0.4951,nan,nan,nan,,0.06691756200234522,0.05608570600088569,0.04450828500193893,0.04450828500193893,0.03309254200212308,0.022087697001552442,nan,profile,1,1,1,2,5.021003723144531,94.97899627685547,0.8,-0.8,
1785159579.0514963,5.122398168001382,8.888888888888891,1.5613842401399634,-8.888888888888891,-1.8216149468299572,0.0,-0.002387249654934634,-2.8055409433631424,-0.6199905023904024,0.04566922821826368,0.01298528336589097,-0.3850558065683465,before_ekf,both,-0.002387249654934634,-0.6199905023904024,0.04566922821826368,0.01298528336589097,-0.3850558065683465,-0.0024766146259632086,-0.6259481894224279,0.04681477451216808,0.011720360849579736,-0.2939269440290549,nan,nan,nan,nan,-0.4958,nan,nan,nan,,0.06764782299796934,0.05633287299860967,0.04460205600116751,0.04460205600116751,0.03327747699950123,0.02223907399820746,nan,profile,1,1,1,2,5.123064756393433,94.87693524360657,0.8,-0.8,
1785159579.1528294,5.223730811001587,8.888888888888891,1.6593637554693572,-8.888888888888891,-1.6593637554693572,0.0,-0.002387249654934967,-2.8055409433631424,-0.6113675649563531,0.04566922821826368,0.01298528336589097,-0.4236164738927878,before_ekf,both,-0.002387249654934967,-0.6113675649563531,0.04566922821826368,0.01298528336589097,-0.4236164738927878,-0.002482499323449257,-0.6135363300993185,0.046503156768449024,0.011827955626101146,-0.3786929956964875,nan,nan,nan,nan,-0.4977,nan,nan,nan,,0.06746623200160684,0.0565884499992535,0.04526749700016808,0.04526749700016808,0.033721088999300264,0.022502863001136575,nan,profile,1,1,1,2,5.224425792694092,94.77557420730591,0.8,-0.8,
1785159579.2568173,5.327719640001305,8.888888888888891,1.5462321712555327,-8.888888888888891,-1.5462321712555327,0.0,-0.0023553963352346942,-2.8055409433631424,-0.5873895418633162,0.045312933166549565,0.013150392181560151,-0.49936064185151147,before_ekf,both,-0.0023553963352346942,-0.5873895418633162,0.045312933166549565,0.013150392181560151,-0.49936064185151147,-0.0033295929315522543,-0.5940625343543765,0.0462676112602315,0.011924202533291179,-0.42014122731638137,nan,nan,nan,nan,-0.4937,nan,nan,nan,,0.06677720199877513,0.05596265799977118,0.04461573400112684,0.04461573400112684,0.033288370999798644,0.022249253001064062,nan,profile,1,1,1,2,5.328492164611816,94.67150783538818,0.8,-0.8,
1785159579.3662496,5.437147713000741,8.888888888888891,1.6585378344353032,-8.888888888888891,-1.6585378344353032,0.0,-0.0035119957505037234,-2.8055409433631424,-0.5654638138885529,0.04497309395100622,0.013347160464900545,-0.533789809105477,before_ekf,both,-0.0035119957505037234,-0.5654638138885529,0.04497309395100622,0.013347160464900545,-0.533789809105477,-0.003363752309322706,-0.5580016420400766,0.04592675211464541,0.012092924119799495,-0.493055039076586,nan,nan,nan,nan,-0.4965,nan,nan,nan,,0.0750249159973464,0.06416399699810427,0.052439773997321026,0.052439773997321026,0.03650625799855334,0.02496657599840546,nan,profile,1,1,1,2,5.438215732574463,94.56178426742554,0.8,-0.8,
1785159579.473781,5.544678883001325,8.888888888888891,1.574911539148461,-8.888888888888891,-1.574911539148461,0.0,-0.0023268596610817632,-2.8055409433631424,-0.5370505388511683,0.04497677877701548,0.013353147797511178,-0.6026481436134073,before_ekf,both,-0.0023268596610817632,-0.5370505388511683,0.04497677877701548,0.013353147797511178,-0.6026481436134073,-0.002691382172638104,-0.5417546170871399,0.04579044610297304,0.012171733526491608,-0.5307294965177696,nan,nan,nan,nan,-0.4943,nan,nan,nan,,0.06861568699969212,0.05765050599802635,0.04573203199834097,0.04573203199834097,0.033922556998732034,0.022834960000182036,nan,profile,1,1,1,2,5.545660495758057,94.45433950424194,0.8,-0.8,
1785159579.5767837,5.6476812480032095,8.888888888888891,1.5704393659270215,-8.888888888888891,-1.5704393659270215,0.0,-0.0011682686470661373,-2.8055409433631424,-0.5083203424117714,0.04497677877701557,0.013353147797511114,-0.6687521447410203,before_ekf,both,-0.0011682686470661373,-0.5083203424117714,0.04497677877701557,0.013353147797511114,-0.6687521447410203,-0.001570282706477514,-0.5094577227653576,0.04561166988581403,0.01228700028259745,-0.5972142954633625,nan,nan,nan,nan,-0.4987,nan,nan,nan,,0.06800346900126897,0.0569726490030007,0.045527526999649126,0.045527526999649126,0.034119298001314746,0.022944367003219668,nan,profile,1,1,1,2,5.648821592330933,94.35117840766907,0.8,-0.8,
1785159579.6801252,5.751023887001793,8.888888888888891,1.8329666337220463,-8.888888888888891,-1.5711142574760397,0.0,7.282036429076428e-06,-2.8055409433631424,-0.4961001878659079,0.04497677877701557,0.013353147797511115,-0.6990498119245091,before_ekf,both,7.282036429076428e-06,-0.4961001878659079,0.04497677877701557,0.013353147797511115,-0.6990498119245091,-0.0003558158734288288,-0.4874649798601657,0.045559629286169245,0.012327525295758476,-0.660753108240443,nan,nan,nan,nan,-0.4979,nan,nan,nan,,0.0682354700002179,0.0574665729982371,0.04582682099862723,0.04582682099862723,0.03409497599932365,0.022871211000165204,nan,profile,1,1,1,2,5.752136945724487,94.24786305427551,0.8,-0.8,
1785159579.7829733,5.853872389001481,8.888888888888891,1.571402448147196,-8.888888888888891,-1.571402448147196,0.0,-2.844377730725548e-18,-2.8055409433631424,-0.4703976415556297,0.04497677877701549,0.01335314779751119,-0.7596451462914879,before_ekf,both,-2.844377730725548e-18,-0.4703976415556297,0.04497677877701549,0.01335314779751119,-0.7596451462914879,-8.063169227107737e-05,-0.47618223835959084,0.045561084443601275,0.012327282598823744,-0.6941970356543959,nan,nan,nan,nan,-0.4942,nan,nan,nan,,0.06799081699864473,0.0571727140013536,0.045049308999296045,0.045049308999296045,0.03339019199847826,0.022488596998300636,nan,profile,1,1,1,2,5.8547751903533936,94.1452248096466,0.8,-0.8,
1785159579.8846438,5.955541756000457,8.888888888888891,1.567366724643702,-8.888888888888891,-1.567366724643702,0.0,-3.3124493444839644e-16,-2.8055409433631424,-0.4708804321168337,0.04497677877701557,0.013353147797511114,-0.7926971468552952,before_ekf,both,-3.3124493444839644e-16,-0.4708804321168337,0.04497677877701557,0.013353147797511114,-0.7926971468552952,2.0868329192386628e-05,-0.46967626995800116,0.04556190170633544,0.012326734580433624,-0.7548768104244729,nan,nan,nan,nan,-0.4946,nan,nan,nan,,0.06699690399909741,0.05615499799750978,0.04464704199926928,0.04464704199926928,0.03346179499931168,0.022364257998560788,nan,profile,1,1,1,2,5.956224679946899,94.0437753200531,0.8,-0.8,
1785159579.9859717,6.056872617002227,8.888888888888891,1.5706419326929129,-8.888888888888891,-1.5706419326929129,0.0,0.001178309066899299,-2.8055409433631424,-0.46680608681287855,0.04523680695693569,0.013058877572570439,-0.8546696479124313,before_ekf,both,0.001178309066899299,-0.46680608681287855,0.04523680695693569,0.013058877572570439,-0.8546696479124313,2.8674721088424696e-05,-0.4686654130603492,0.045561965831749464,0.01232656419320997,-0.7880197280712022,nan,nan,nan,nan,-0.5011,nan,nan,nan,,0.06726580400209059,0.05654634900201927,0.04526473000078113,0.04526473000078113,0.03393556200171588,0.02289206899877172,nan,profile,1,1,1,2,6.057684659957886,93.94231534004211,0.8,-0.8,
1785159580.087578,6.158476073000202,8.888888888888891,1.5714241421681756,-8.888888888888891,-1.5714241421681756,0.0,1.481715590591695e-06,-2.8055409433631424,-0.470869255705941,0.044986228610564165,0.013361235162137818,-0.8863444817860784,before_ekf,both,1.481715590591695e-06,-0.470869255705941,0.044986228610564165,0.013361235162137818,-0.8863444817860784,0.0002823281705159862,-0.4734828648807654,0.04561841377112118,0.01226935337848323,-0.8483402843393217,nan,nan,nan,nan,-0.5068,nan,nan,nan,,0.06745938999665668,0.05663186799938558,0.04479662299854681,0.04479662299854681,0.03312843599996995,0.02220370399663807,nan,profile,1,1,1,2,6.159185171127319,93.84081482887268,0.8,-0.8,
1785159580.1882966,6.259198510000715,8.888888888888891,1.5712502767123415,-8.888888888888891,-1.5712502767123415,0.0,0.0011811832835361897,-2.8055409433631424,-0.4749919053031051,0.04522710574037844,0.013051093536470122,-0.9510713162235331,before_ekf,both,0.0011811832835361897,-0.4749919053031051,0.04522710574037844,0.013051093536470122,-0.9510713162235331,0.000961362488551291,-0.476653672730744,0.045669936602569884,0.012212421151126267,-0.878387004265448,nan,nan,nan,nan,-0.5066,nan,nan,nan,,0.06660531599845854,0.05576854799801367,0.044609710999793606,0.044609710999793606,0.033375118000549264,0.022478226997918682,nan,profile,1,1,1,2,6.25998854637146,93.74001145362854,0.8,-0.8,
1785159580.2904768,6.361379482001212,8.888888888888891,1.5708869198435642,-8.888888888888891,-1.5708869198435642,0.0,0.0011811832835361897,-2.8055409433631424,-0.4833096639126948,0.04522710574037844,0.013051093536470122,-0.9841233167873412,before_ekf,both,0.0011811832835361897,-0.4833096639126948,0.04522710574037844,0.013051093536470122,-0.9841233167873412,0.0012245625920355916,-0.4836616958863878,0.04577090455703274,0.01208340544264389,-0.9451988872945164,nan,nan,nan,nan,-0.5038,nan,nan,nan,,0.0673552779990132,0.05640883600062807,0.04495953399964492,0.04495953399964492,0.033347635999234626,0.022112595001090085,nan,profile,1,1,1,2,6.362250328063965,93.63774967193604,0.8,-0.8,
1785159580.3936007,6.464503774001059,8.888888888888891,1.5715426209547358,-8.888888888888891,-1.5715426209547358,0.0,0.0011797015679459349,-2.8055409433631424,-0.491701127941411,0.04522710574037844,0.01305109353647012,-1.050227317914956,before_ekf,both,0.0011797015679459349,-0.491701127941411,0.04522710574037844,0.01305109353647012,-1.050227317914956,0.00037839164348412775,-0.4888427315380222,0.0457670015469187,0.012084042188053038,-0.9797512949659399,nan,nan,nan,nan,-0.5027,nan,nan,nan,,0.06821008199767675,0.057141746998240706,0.04532589899827144,0.04532589899827144,0.03375918899837416,0.022742887998902006,nan,profile,1,1,1,2,6.465263366699219,93.53473663330078,0.8,-0.8,
1785159580.5086884,6.579447286003415,8.888888888888891,1.5710927605769625,-8.888888888888891,-1.5710927605769625,0.0,0.0,-2.8055409433631424,-0.49559126593908437,0.04522710574037844,0.01305109353647012,-1.0832793184787624,before_ekf,both,0.0,-0.49559126593908437,0.04522710574037844,0.01305109353647012,-1.0832793184787624,0.00030272066034698096,-0.5009216259144326,0.04580951927265883,0.012018059317543952,-1.0467026428730577,nan,nan,nan,nan,-0.5027,nan,nan,nan,,0.07971566200285451,0.0662547980027739,0.05486353100059205,0.05486353100059205,0.04329153400249197,0.03212732200336177,nan,profile,1,1,1,2,6.582508087158203,93.4174919128418,0.8,-0.8,
1785159580.6135514,6.684450666001794,8.888888888888891,1.5663234864572646,-8.888888888888891,-1.5663234864572646,0.0,-0.0011942512120630402,-2.8055409433631424,-0.49842285350155946,0.04505788562286219,0.01340545634712828,-1.1507604862965353,before_ekf,both,-0.0011942512120630402,-0.49842285350155946,0.04505788562286219,0.01340545634712828,-1.1507604862965353,-0.0008424025540242644,-0.5102348195963475,0.04576260880524234,0.012100334952820141,-1.115518019544516,nan,nan,nan,nan,-0.5063,nan,nan,nan,,0.06750116100010928,0.05648916200152598,0.04494148099911399,0.04494148099911399,0.03368824499921175,0.022248564000619808,nan,profile,1,1,1,2,6.685225963592529,93.31477403640747,0.8,-0.8,
1785159580.7170937,6.787996937000571,8.888888888888891,1.5698731158129495,-8.888888888888891,-1.5698731158129495,0.0,-0.00031454846646349966,-2.8055409433631424,-0.5094841077911538,0.04520223228676821,0.013040514623112613,-1.2209959874946266,before_ekf,both,-0.00031454846646349966,-0.5094841077911538,0.04520223228676821,0.013040514623112613,-1.2209959874946266,-0.0012827282778890398,-0.5114875084669053,0.04572270322573609,0.012181238414851725,-1.1456940556524413,nan,nan,nan,nan,-0.5107,nan,nan,nan,,0.06919496399859781,0.05825850999826798,0.047163621999061434,0.047163621999061434,0.03362745899721631,0.022221851999347564,nan,profile,1,1,1,2,6.788700342178345,93.21129965782166,0.8,-0.8,
1785159580.8175483,6.88845045600101,8.888888888888891,1.5698283078671336,-8.888888888888891,-1.5698283078671336,0.0,-0.00031454846646349966,-2.8055409433631424,-0.512519978133023,0.04520223228676821,0.013040514623112613,-1.254047988058433,before_ekf,both,-0.00031454846646349966,-0.512519978133023,0.04520223228676821,0.013040514623112613,-1.254047988058433,-0.0003998073038549291,-0.5162170891859716,0.04571018633322971,0.012219144566906879,-1.2147200596281227,nan,nan,nan,nan,-0.5042,nan,nan,nan,,0.0666853849979816,0.05587948500033235,0.04446132199882413,0.04446132199882413,0.033232608999242075,0.022257951997744385,nan,profile,1,1,1,2,6.8891613483428955,93.1108386516571,0.8,-0.8,
1785159580.9179225,6.988824696003576,8.888888888888891,1.5730145289630595,-8.888888888888891,-1.5730145289630595,0.0,0.003164663686804779,-2.8055409433631424,-0.5176190904054936,0.045407481649958135,0.012282453489766287,-1.3256606559466806,before_ekf,both,0.003164663686804779,-0.5176190904054936,0.045407481649958135,0.012282453489766287,-1.3256606559466806,-0.0003385103946945496,-0.5165483994197753,0.04570323021260143,0.012239381406747917,-1.2500874087827605,nan,nan,nan,nan,-0.5011,nan,nan,nan,,0.06638863700209185,0.05563422000341234,0.044423836003261385,0.044423836003261385,0.03320864900160814,0.022158410003612516,nan,profile,1,1,1,2,6.989497423171997,93.010502576828,0.8,-0.8,
1785159581.01925,7.0901518810023845,8.888888888888891,1.5716798937975918,-8.888888888888891,-1.5716798937975918,0.0,0.0033931113291791855,-2.8055409433631424,-0.5094154176236999,0.045407481649958135,0.012282453489766287,-1.3559583231301695,before_ekf,both,0.0033931113291791855,-0.5094154176236999,0.045407481649958135,0.012282453489766287,-1.3559583231301695,0.0031543102795877787,-0.5130840600336511,0.045843890648158456,0.011800961176945417,-1.3214352523479813,nan,nan,nan,nan,-0.4973,nan,nan,nan,,0.0676647079999384,0.05670783700043103,0.04533800900026108,0.04533800900026108,0.03395635500055505,0.022694211998896208,nan,profile,1,1,1,2,7.090861558914185,92.90913844108582,0.8,-0.8,
1785159581.1199172,7.190821108000819,8.888888888888891,1.5713321824957713,-8.888888888888891,-1.5713321824957713,0.0,0.002284960941205238,-2.8055409433631424,-0.5148845412419356,0.045407481649958135,0.012282453489766287,-1.4248166576381025,before_ekf,both,0.002284960941205238,-0.5148845412419356,0.045407481649958135,0.012282453489766287,-1.4248166576381025,0.0026141016430409085,-0.512576410671323,0.04587250326741221,0.011672554406420588,-1.352540182103038,nan,nan,nan,nan,-0.4967,nan,nan,nan,,0.06658298299953458,0.05576970599940978,0.04450648700003512,0.04450648700003512,0.032808918000228005,0.021833253998920554,nan,profile,1,1,1,2,7.191426753997803,92.8085732460022,0.8,-0.8,
1785159581.2286863,7.299588223002502,8.888888888888891,1.5660874151550086,-8.888888888888891,-1.5660874151550086,0.0,0.002284960941205238,-2.8055409433631424,-0.5096239511855737,0.045407481649958135,0.012282453489766287,-1.4578686582019091,before_ekf,both,0.002284960941205238,-0.5096239511855737,0.045407481649958135,0.012282453489766287,-1.4578686582019091,0.002405595118974379,-0.5056444545651343,0.04592960613069356,0.011360333437441849,-1.4230385391720555,nan,nan,nan,nan,-0.5018,nan,nan,nan,,0.0744013100011216,0.06345512000189046,0.05184392299997853,0.05184392299997853,0.03745618500033743,0.023313288002100307,nan,profile,1,1,1,2,7.300259351730347,92.69974064826965,0.8,-0.8,
1785159581.3306537,7.401555268002994,8.888888888888891,1.571551111362662,-8.888888888888891,-1.571551111362662,0.0,0.001180928000835408,-2.8055409433631424,-0.5114416816733971,0.045435309756889385,0.011890746907980395,-1.525349826019682,before_ekf,both,0.001180928000835408,-0.5114416816733971,0.045435309756889385,0.011890746907980395,-1.525349826019682,0.0007060793618398677,-0.5033880751457769,0.045920254862497,0.011384146458900575,-1.4532390949833787,nan,nan,nan,nan,-0.5098,nan,nan,nan,,0.06758940500003519,0.05680908200156409,0.04510995400050888,0.04510995400050888,0.03337268700124696,0.022220549999474315,nan,profile,1,1,1,2,7.402393341064453,92.59760665893555,0.8,-0.8,
1785159581.432755,7.50365736599997,8.888888888888891,1.570806191457779,-8.888888888888891,-1.570806191457779,0.0,0.002364503613006829,-2.8055409433631424,-0.4960160293345114,0.045450178392352644,0.011498333168008374,-1.5570246598933302,before_ekf,both,0.002364503613006829,-0.4960160293345114,0.045450178392352644,0.011498333168008374,-1.5570246598933302,0.002048910660934771,-0.49768962523945165,0.045944775773638674,0.011127857391904873,-1.5232229750452515,nan,nan,nan,nan,-0.5147,nan,nan,nan,,0.06763998299720697,0.05666943499818444,0.04522366799938027,0.04522366799938027,0.03368600899921148,0.022281005996774184,nan,profile,1,1,1,2,7.504378318786621,92.49562168121338,0.8,-0.8,
1785159581.540063,7.610967445001734,8.888888888888891,1.5879712521889213,-8.888888888888891,-1.5879712521889213,0.0,0.0011780292325618137,-2.8055409433631424,-0.5004470378282322,0.045448285582630074,0.011891022443417214,-1.6245058277111033,before_ekf,both,0.0011780292325618137,-0.5004470378282322,0.045448285582630074,0.011891022443417214,-1.6245058277111033,0.0012857839293651692,-0.49733162903260286,0.045944265872030356,0.010987227721889427,-1.5866991454998216,nan,nan,nan,nan,-0.5194,nan,nan,nan,,0.06699432800087379,0.05598414699852583,0.044494775000202935,0.044494775000202935,0.03295720399910351,0.02189514500059886,nan,profile,1,1,1,2,7.611536502838135,92.38846349716187,0.8,-0.8,
1785159581.6425183,7.713414899000782,8.888888888888891,1.5704299454886141,-8.888888888888891,-1.5704299454886141,0.0,-2.898768274253995e-06,-2.8055409433631424,-0.496078312095269,0.045448285582630095,0.011891022443417436,-1.6906098288387168,before_ekf,both,-2.898768274253995e-06,-0.496078312095269,0.045448285582630095,0.011891022443417436,-1.6906098288387168,0.0012358866994622807,-0.49728212647604103,0.04594126365856379,0.010901686061429628,-1.6228509150626986,nan,nan,nan,nan,-0.5187,nan,nan,nan,,0.0687145089978003,0.0579097739973804,0.04553817700070795,0.04553817700070795,0.034168035999755375,0.022933241998543963,nan,profile,1,1,1,2,7.714464426040649,92.28553557395935,0.8,-0.8,
1785159581.743926,7.81482911400235,8.888888888888891,1.313328849138322,-8.888888888888891,-1.5759946189659864,0.0,-0.0011864743804456748,-2.8055409433631424,-0.5002160112514311,0.045448285582630095,0.011891022443417436,-1.7236618294025248,before_ekf,both,-0.0011864743804456748,-0.5002160112514311,0.045448285582630095,0.011891022443417436,-1.7236618294025248,-0.0007799096369840372,-0.49659000039089235,0.04594394798172888,0.011003272507474926,-1.687328216106793,nan,nan,nan,nan,-0.5126,nan,nan,nan,,0.06701272899954347,0.05605013099921052,0.04479089700180339,0.04479089700180339,0.033623101000557654,0.02257303200167371,nan,profile,1,1,1,2,7.815433979034424,92.18456602096558,0.8,-0.8,
1785159581.8442693,7.915171383003326,8.888888888888891,1.573786284667823,-8.888888888888891,-1.573786284667823,0.0,1.485401936585947e-17,-2.8055409433631424,-0.49566368051670173,0.0454482855826301,0.011891022443417436,-1.7567138299663314,before_ekf,both,1.485401936585947e-17,-0.49566368051670173,0.0454482855826301,0.011891022443417436,-1.7567138299663314,-0.00024010009343793044,-0.49587682622400103,0.045945040624353436,0.010996898326557787,-1.7175375018922798,nan,nan,nan,nan,-0.5019,nan,nan,nan,,0.06634543200198095,0.055628498001169646,0.044136375003290595,0.044136375003290595,0.03297716599990963,0.021995107003021985,nan,profile,1,1,1,2,7.915890455245972,92.08410954475403,0.8,-0.8,
1785159581.9442346,8.015137725000386,8.888888888888891,1.5711704067570416,-8.888888888888891,-1.5711704067570416,0.0,6.47739379120009e-18,-2.8055409433631424,-0.4960268132280918,0.0454482855826301,0.011891022443417436,-1.8228178310939442,before_ekf,both,6.47739379120009e-18,-0.4960268132280918,0.0454482855826301,0.011891022443417436,-1.8228178310939442,-3.493190372736127e-05,-0.49660077036988814,0.04594575108675809,0.010996366138447646,-1.7869482042645064,nan,nan,nan,nan,-0.5019,nan,nan,nan,,0.06607070099926204,0.05531197799791698,0.04413699999713572,0.04413699999713572,0.03303543299989542,0.02200314400033676,nan,profile,1,1,1,2,8.015828132629395,91.9841718673706,0.8,-0.8,
1785159582.047485,8.118388472001243,8.888888888888891,1.5704160505482565,-8.888888888888891,-1.5704160505482565,0.0,-4.334612253590077e-18,-2.8055409433631424,-0.4957111051798152,0.0454482855826301,0.011891022443417436,-1.888921832221557,before_ekf,both,-4.334612253590077e-18,-0.4957111051798152,0.0454482855826301,0.011891022443417436,-1.888921832221557,-1.897018841041383e-05,-0.4961899859296169,0.04594579375526095,0.010996126637419664,-1.8169287061462074,nan,nan,nan,nan,-0.5011,nan,nan,nan,,0.06875801899877843,0.0580470159984543,0.045996048000233714,0.045996048000233714,0.03406262700082152,0.022473781998996856,nan,profile,1,1,1,2,8.119103193283081,91.88089680671692,0.8,-0.8,
1785159582.149347,8.220249837002484,8.888888888888891,1.5995565942937882,-8.888888888888891,-1.5995565942937882,0.0,-8.259873720795662e-18,-2.8055409433631424,-0.4960501523975952,0.0454482855826301,0.011891022443417436,-1.9219738327853617,before_ekf,both,-8.259873720795662e-18,-0.4960501523975952,0.0454482855826301,0.011891022443417436,-1.9219738327853617,-1.358925024124934e-05,-0.4961426106122681,0.045945919562625726,0.010996172366978477,-1.8859130236030468,nan,nan,nan,nan,-0.4974,nan,nan,nan,,0.06703740200100583,0.05623276500045904,0.04496824099987862,0.04496824099987862,0.03361004500038689,0.022216237000975525,nan,profile,1,1,1,2,8.220983028411865,91.77901697158813,0.8,-0.8,
1785159582.2635152,8.334410817002208,8.888888888888891,1.5700899433293927,-8.888888888888891,-1.8317716005509581,0.0,-0.0011765919673439999,-2.8055409433631424,-0.49150892859865414,0.04560421590847003,0.012251432422639248,-1.986700667222816,before_ekf,both,-0.0011765919673439999,-0.49150892859865414,0.04560421590847003,0.012251432422639248,-1.986700667222816,-1.3212833945903326e-05,-0.495750789607534,0.045945975172190553,0.010996194506994393,-1.9204579967083257,nan,nan,nan,nan,-0.4906,nan,nan,nan,,0.07809816200096975,0.06341361500017229,0.04928900899903965,0.04928900899903965,0.03742899899953045,0.02613259500139975,nan,profile,1,1,1,2,8.336668491363525,91.66333150863647,0.8,-0.8,
1785159582.3673532,8.438254685002903,8.888888888888891,1.5708447402297907,-8.888888888888891,-1.5708447402297907,0.0,-0.00117659196734533,-2.8055409433631424,-0.49189576670173507,0.04560421590847013,0.012251432422639449,-2.0197526677866224,before_ekf,both,-0.00117659196734533,-0.49189576670173507,0.04560421590847013,0.012251432422639449,-2.0197526677866224,-0.0011306378013095238,-0.49484169268106887,0.04600458051017433,0.01115298753904489,-1.9849045135721093,nan,nan,nan,nan,-0.4897,nan,nan,nan,,0.06728858300266438,0.05638850900140824,0.04454854499999783,0.04454854499999783,0.03316964000259759,0.022159783002280165,nan,profile,1,1,1,2,8.439013004302979,91.56098699569702,0.8,-0.8,
1785159582.4688346,8.539737218001392,8.888888888888891,1.571806290927132,-8.888888888888891,-1.571806290927132,0.0,-0.0011765919673439958,-2.8055409433631424,-0.49167858951624777,0.04560421590847003,0.01225143242263925,-2.0528046683504293,before_ekf,both,-0.0011765919673439958,-0.49167858951624777,0.04560421590847003,0.01225143242263925,-2.0528046683504293,-0.001206382039002508,-0.4947967948856744,0.046038648311551446,0.011227617298421677,-2.019038753962849,nan,nan,nan,nan,-0.4941,nan,nan,nan,,0.06675459400139516,0.055703353998978855,0.04441059799864888,0.04441059799864888,0.03330821800045669,0.02235994099828531,nan,profile,1,1,1,2,8.540323734283447,91.45967626571655,0.8,-0.8,
1785159582.5709927,8.641891577000933,8.888888888888891,1.5715057830806682,-8.888888888888891,-1.5715057830806682,0.0,-0.0011765919673439958,-2.8055409433631424,-0.49132391837995193,0.04560421590847003,0.01225143242263925,-2.1189086694780404,before_ekf,both,-0.0011765919673439958,-0.49132391837995193,0.04560421590847003,0.01225143242263925,-2.1189086694780404,-0.001228558895867777,-0.493409405627604,0.04610969105608117,0.01136411223526174,-2.083462195126078,nan,nan,nan,nan,-0.5021,nan,nan,nan,,0.06810590899840463,0.05727991299863788,0.0455092890006199,0.0455092890006199,0.033749817997886566,0.02254130700021051,nan,profile,1,1,1,2,8.642788410186768,91.35721158981323,0.8,-0.8,
1785159582.6733284,8.74423162000312,8.888888888888891,1.5708956388171829,-8.888888888888891,-1.5708956388171829,0.0,6.56367915930193e-16,-2.8055409433631424,-0.49566498457526276,0.04560421590847003,0.012251432422639251,-2.185012670605653,before_ekf,both,6.56367915930193e-16,-0.49566498457526276,0.04560421590847003,0.012251432422639251,-2.185012670605653,-0.00010780688675240102,-0.49484523619805776,0.046107507398516,0.011353020148971913,-2.1466037703210787,nan,nan,nan,nan,-0.5051,nan,nan,nan,,0.06602824299989152,0.055178245002025506,0.04402860300251632,0.04402860300251632,0.03287732200260507,0.021975469000608427,nan,profile,1,1,1,2,8.744933843612671,91.25506615638733,0.8,-0.8,
1785159582.7741702,8.845069299000897,8.888888888888891,1.5705560474252012,-8.888888888888891,-1.5705560474252012,0.0,-8.967047146489463e-18,-2.8055409433631424,-0.4919287632189233,0.04560421590847003,0.012251432422639251,-2.2511166717332642,before_ekf,both,-8.967047146489463e-18,-0.4919287632189233,0.04560421590847003,0.012251432422639251,-2.2511166717332642,-3.1878786696689883e-05,-0.49603641535765064,0.04610768280513379,0.011352842325094368,-2.1823862394815423,nan,nan,nan,nan,-0.5049,nan,nan,nan,,0.06687844699990819,0.05612436999945203,0.044737342999724206,0.044737342999724206,0.03359035199900973,0.02268822100086254,nan,profile,1,1,1,2,8.846015453338623,91.15398454666138,0.8,-0.8,
1785159582.8895137,8.960416329002328,8.888888888888891,1.5701641002199431,-8.888888888888891,-1.5701641002199431,0.0,-8.967047146489463e-18,-2.8055409433631424,-0.4966462069879606,0.04560421590847003,0.012251432422639251,-2.284168672297069,before_ekf,both,-8.967047146489463e-18,-0.4966462069879606,0.04560421590847003,0.012251432422639251,-2.284168672297069,-2.5161714648526174e-06,-0.4989926287721871,0.046107623691091705,0.011352601348147803,-2.247373198822382,nan,nan,nan,nan,-0.5045,nan,nan,nan,,0.07971978000205127,0.06879341199964983,0.05328063200067845,0.05328063200067845,0.03873713500070153,0.023294725000596372,nan,profile,1,1,1,2,8.961291790008545,91.03870820999146,0.8,-0.8,
1785159582.994433,9.065329906003171,8.888888888888891,1.5933245497358026,-8.888888888888891,-1.5933245497358026,0.0,-0.0011825049567196183,-2.8055409433631424,-0.5004954298885373,0.04586867092943293,0.01254172880848875,-2.35164984011484,before_ekf,both,-0.0011825049567196183,-0.5004954298885373,0.04586867092943293,0.01254172880848875,-2.35164984011484,-0.0008682449900355192,-0.5026426962310626,0.04616092071876283,0.011421088844247978,-2.2829645418004145,nan,nan,nan,nan,-0.5006,nan,nan,nan,,0.06945613300194964,0.058397085002070526,0.04513238500294392,0.04513238500294392,0.033962369001528714,0.02269192800304154,nan,profile,1,1,1,2,9.06639051437378,90.93360948562622,0.8,-0.8,
1785159583.0984628,9.169360099000187,8.888888888888891,1.5710758840377024,-8.888888888888891,-1.5710758840377024,0.0,2.202897099832894e-06,-2.8055409433631424,-0.5048110974933527,0.04558977345284856,0.012265278727453094,-2.3860790073688043,before_ekf,both,2.202897099832894e-06,-0.5048110974933527,0.04558977345284856,0.012265278727453094,-2.3860790073688043,-0.0003288202185395855,-0.5042808509783044,0.04620993528151521,0.011473770616970174,-2.347839982884113,nan,nan,nan,nan,-0.4933,nan,nan,nan,,0.06885663399953046,0.05793962399911834,0.04621086499901139,0.04621086499901139,0.034142633998271776,0.023038736999296816,nan,profile,1,1,1,2,9.170411825180054,90.82958817481995,0.8,-0.8,
1785159583.207523,9.278423309002392,8.888888888888891,1.569944898578051,-8.888888888888891,-1.569944898578051,0.0,-0.0011627881762011714,-2.8055409433631424,-0.5084455752477095,0.045882389404198115,0.012527164875932854,-2.453560175186576,before_ekf,both,-0.0011627881762011714,-0.5084455752477095,0.045882389404198115,0.012527164875932854,-2.453560175186576,-0.0011321590729548568,-0.5064897841500322,0.046328315823872326,0.011589658082842125,-2.418488948522121,nan,nan,nan,nan,-0.4985,nan,nan,nan,,0.06726745500054676,0.056391547001112485,0.045079268002155004,0.045079268002155004,0.03377605200148537,0.02269883600092726,nan,profile,1,1,1,2,9.279396772384644,90.72060322761536,0.8,-0.8,
1785159583.308678,9.379581665001751,8.888888888888891,1.5722506586541518,-8.888888888888891,-1.5722506586541518,0.0,0.0011327044547139453,-2.8055409433631424,-0.5054994000110145,0.04556496701342782,0.012295969124268988,-2.5210413430043466,before_ekf,both,0.0011327044547139453,-0.5054994000110145,0.04556496701342782,0.012295969124268988,-2.5210413430043466,-0.00031494888578878136,-0.5038607457693579,0.04632108578901154,0.011579887597712528,-2.449274321574563,nan,nan,nan,nan,-0.4991,nan,nan,nan,,0.06700148399977479,0.055955274001462385,0.04427057900102227,0.04427057900102227,0.03310174400030519,0.0219507789988711,nan,profile,1,1,1,2,9.380154609680176,90.61984539031982,0.8,-0.8,
1785159583.4095616,9.48046327600241,8.888888888888891,1.5704110578500745,-8.888888888888891,-1.5704110578500745,0.0,-0.0012998910044461983,-2.8055409433631424,-0.4998025011227309,0.045886167845299954,0.012521888679075258,-2.552716176877995,before_ekf,both,-0.0012998910044461983,-0.4998025011227309,0.045886167845299954,0.012521888679075258,-2.552716176877995,-0.0007207884451986424,-0.5032183201205421,0.046336124455559194,0.011589352603081235,-2.5195927470261195,nan,nan,nan,nan,-0.5007,nan,nan,nan,,0.06704325499958941,0.05629075600154465,0.044426817999919876,0.044426817999919876,0.03320445500139613,0.022171712000272237,nan,profile,1,1,1,2,9.48119330406189,90.51880669593811,0.8,-0.8,
1785159583.5119965,9.582895917003043,8.888888888888891,1.5711036032376178,-8.888888888888891,-1.5711036032376178,0.0,-0.00013489993114585891,-2.8055409433631424,-0.5033446053999396,0.04588616784530014,0.012521888679075372,-2.621574511385926,before_ekf,both,-0.00013489993114585891,-0.5033446053999396,0.04588616784530014,0.012521888679075372,-2.621574511385926,-0.00030722095475118596,-0.5051525377972437,0.04633891819959748,0.011589625296177549,-2.550420174165728,nan,nan,nan,nan,-0.4906,nan,nan,nan,,0.06792636899990612,0.057091361999482615,0.0459246999998868,0.0459246999998868,0.03419818700058386,0.022884209000039846,nan,profile,1,1,1,2,9.583910703659058,90.41608929634094,0.8,-0.8,
1785159583.614162,9.685060734002036,8.888888888888891,1.5716490878734861,-8.888888888888891,-1.5716490878734861,0.0,-0.0013107359445127715,-2.8055409433631424,-0.508077201782159,0.046231811803228086,0.01270827189746556,-2.6560036786398906,before_ekf,both,-0.0013107359445127715,-0.508077201782159,0.046231811803228086,0.01270827189746556,-2.6560036786398906,-0.001010451814622473,-0.5067050367999175,0.046424486911517834,0.011644058465531772,-2.6183031443624163,nan,nan,nan,nan,-0.4918,nan,nan,nan,,0.06740593799986527,0.05637908700009575,0.045049285999994026,0.045049285999994026,0.03393570600019302,0.02296779400057858,nan,profile,1,1,1,2,9.685973167419434,90.31402683258057,0.8,-0.8,
1785159583.7151268,9.78603001600277,8.888888888888891,1.5537215638342,-8.888888888888891,-1.8126751578065665,0.0,-0.0011758360133682498,-2.8055409433631424,-0.5071165345954163,0.04623181180322828,0.012708271897465663,-2.722107679767502,before_ekf,both,-0.0011758360133682498,-0.5071165345954163,0.04623181180322828,0.012708271897465663,-2.722107679767502,-0.002069519217566549,-0.5052024683631517,0.046567299448393044,0.011727316600897956,-2.651278029179484,nan,nan,nan,nan,-0.4914,nan,nan,nan,,0.06629988500208128,0.05562497000209987,0.04434745000253315,0.04434745000253315,0.03300126000249293,0.021790122002130374,nan,profile,1,1,1,2,9.786654710769653,90.21334528923035,0.8,-0.8,
1785159583.817853,9.888748752000538,8.888888888888891,1.5711762057779295,-8.888888888888891,-1.5711762057779295,0.0,-0.0011758360133682498,-2.8055409433631424,-0.4999960568757601,0.04623181180322828,0.012708271897465663,-2.755159680331308,before_ekf,both,-0.0011758360133682498,-0.4999960568757601,0.04623181180322828,0.012708271897465663,-2.755159680331308,-0.0012895387065981192,-0.5014676280567459,0.04671062304550081,0.011794918842146286,-2.720437822655252,nan,nan,nan,nan,-0.4977,nan,nan,nan,,0.06840686199939228,0.05754647899811971,0.045917317998828366,0.045917317998828366,0.034275198999239365,0.023258698998688487,nan,profile,1,1,1,2,9.890093803405762,90.10990619659424,0.8,-0.8,
1785159583.92005,9.990953259002708,8.888888888888891,1.542905820019671,-8.888888888888891,-1.8000567900229494,0.0,-0.0023480819560649227,-2.8055409433631424,-0.5042895209978264,0.046599200385716494,0.012846958880297738,-2.789588847585273,before_ekf,both,-0.0023480819560649227,-0.5042895209978264,0.046599200385716494,0.012846958880297738,-2.789588847585273,-0.0020910096141666277,-0.5017430479063355,0.04685141343388076,0.011858331515557997,-2.7515463163118303,nan,nan,nan,nan,-0.5031,nan,nan,nan,,0.06660941600057413,0.05581112200161442,0.04457893899962073,0.04457893899962073,0.033274206001806306,0.022069976999773644,nan,profile,1,1,1,2,9.991613626480103,90.0083863735199,0.8,-0.8,
1785159584.0230234,10.093920044000697,8.888888888888891,1.5705693795195563,-8.888888888888891,-1.5705693795195563,0.0,-0.0023549801624882264,-2.8055409433631424,-0.49609218050575177,0.046970972770330716,0.012973429879651202,-2.854315682022728,before_ekf,both,-0.0023549801624882264,-0.49609218050575177,0.046970972770330716,0.012973429879651202,-2.854315682022728,-0.002409152719669984,-0.49840514833667904,0.04716130081291801,0.011974667984434664,-2.82105726275159,nan,nan,nan,nan,-0.5071,nan,nan,nan,,0.068268958999397,0.05725805499969283,0.045615995997650316,0.045615995997650316,0.03363139099747059,0.022275653998804046,nan,profile,1,1,1,2,10.094810962677002,89.905189037323,0.8,-0.8,
1785159584.125739,10.196636594002484,8.888888888888891,1.5700801033541494,-8.888888888888891,-1.5700801033541494,0.0,-0.0023549801624882256,-2.8055409433631424,-0.49586276861296136,0.046970972770330716,0.012973429879651213,-2.92041968315034,before_ekf,both,-0.0023549801624882256,-0.49586276861296136,0.046970972770330716,0.012973429879651213,-2.92041968315034,-0.00242135430378164,-0.49922684921726956,0.047298750719886734,0.012018161441212705,-2.851637389143232,nan,nan,nan,nan,-0.5128,nan,nan,nan,,0.06684097300239955,0.05603559800147195,0.04482153100252617,0.04482153100252617,0.03365727600248647,0.02266609100115602,nan,profile,1,1,1,2,10.197433471679688,89.80256652832031,0.8,-0.8,
1785159584.2287257,10.299627936001343,8.888888888888891,1.571240139284639,-8.888888888888891,-1.571240139284639,0.0,-0.0011827342197915538,-2.8055409433631424,-0.4918057370841769,0.04697097277033093,0.01297342987965126,-2.9534716837141466,before_ekf,both,-0.0011827342197915538,-0.4918057370841769,0.04697097277033093,0.01297342987965126,-2.9534716837141466,-0.0015626632332883558,-0.5015170892522363,0.047516827914000886,0.012074463271545287,-2.916678564978402,nan,nan,nan,nan,-0.5139,nan,nan,nan,,0.06894300400017528,0.058068046000698814,0.046464733000902925,0.046464733000902925,0.03499611200095387,0.022789398000895744,nan,profile,1,1,1,2,10.300654649734497,89.6993453502655,0.8,-0.8,
1785159584.331425,10.40232830000241,8.888888888888891,1.5704059709826894,-8.888888888888891,-1.5704059709826894,0.0,-6.678237538011601e-16,-2.8055409433631424,-0.4957572755856862,0.04697097277033094,0.012973429879651253,-3.01957568484176,before_ekf,both,-6.678237538011601e-16,-0.4957572755856862,0.04697097277033094,0.012973429879651253,-3.01957568484176,-0.0004413598667582542,-0.5041272718114336,0.04751592483511393,0.012070888667780806,-2.9517798284876378,nan,nan,nan,nan,-0.5045,nan,nan,nan,,0.06733414900008938,0.05641211699912674,0.045115649001672864,0.045115649001672864,0.03363528400223004,0.02237572000012733,nan,profile,1,1,1,2,10.402958869934082,89.59704113006592,0.8,-0.8,
1785159584.4330163,10.503913582000678,8.888888888888891,1.57005609244899,-8.888888888888891,-1.57005609244899,0.0,-0.0011748631043654795,-2.8055409433631424,-0.49995945841246014,0.047361159224285604,0.013017735419937275,-3.0540048520957224,before_ekf,both,-0.0011748631043654795,-0.49995945841246014,0.047361159224285604,0.013017735419937275,-3.0540048520957224,-0.0008720513803341448,-0.5079258419167924,0.04759322099488911,0.01208326904990702,-3.0178448542112575,nan,nan,nan,nan,-0.5025,nan,nan,nan,,0.06778188699900056,0.05682582599911257,0.04506568299984792,0.04506568299984792,0.03385566199722234,0.022732250999979442,nan,profile,1,1,1,2,10.504759311676025,89.49524068832397,0.8,-0.8,
1785159584.5358138,10.606717257000128,8.888888888888891,1.3082193595728042,-8.888888888888891,-1.5698632314873653,0.0,-0.0011748631043661472,-2.8055409433631424,-0.49982015400285773,0.047361159224285604,0.013017735419937275,-3.087056852659529,before_ekf,both,-0.0011748631043661472,-0.49982015400285773,0.047361159224285604,0.013017735419937275,-3.087056852659529,-0.0010982711509500724,-0.5087904534734932,0.047674571247256,0.012092768020876173,-3.0531019642466126,nan,nan,nan,nan,-0.501,nan,nan,nan,,0.06759059699834324,0.056737912997050444,0.04540529899895773,0.04540529899895773,0.03365192799901706,0.02213908799967612,nan,profile,1,1,1,2,10.607507705688477,89.39249229431152,0.8,-0.8,
1785159584.640442,10.71134402700045,8.888888888888891,1.5718158694404505,-8.888888888888891,-1.5718158694404505,0.0,0.0011540923268077042,-2.8055409433631424,-0.5081958018351072,0.04657622716553037,0.013021410786567796,3.0942181194483216,before_ekf,both,0.0011540923268077042,-0.5081958018351072,0.04657622716553037,0.013021410786567796,3.0942181194483216,-8.81285877853818e-05,-0.5053173607567644,0.04767347452436825,0.012089735524246985,-3.1239367970337466,nan,nan,nan,nan,-0.4942,nan,nan,nan,,0.0698645319971547,0.05905345999781275,0.04707650499767624,0.04707650499767624,0.03368753399990965,0.022191715997905703,nan,profile,1,1,1,2,10.712143659591675,89.28785634040833,0.8,-0.8,
1785159584.7422676,10.813164346000121,8.888888888888891,1.5723554272659106,-8.888888888888891,-1.5723554272659106,0.0,0.0023289554311725193,-2.8055409433631424,-0.5038619794908463,0.046576227165530594,0.01302141078656778,3.061166118884515,before_ekf,both,0.0023289554311725193,-0.5038619794908463,0.046576227165530594,0.01302141078656778,3.061166118884515,0.0019784349962481493,-0.504621243678408,0.047423703706555784,0.012088163220130534,3.0935574646112167,nan,nan,nan,nan,-0.4947,nan,nan,nan,,0.06753995799954282,0.05660781400001724,0.04498503599825199,0.04498503599825199,0.03371431999767083,0.022756462996767368,nan,profile,1,1,1,2,10.814229965209961,89.18577003479004,0.8,-0.8,
1785159584.845001,10.915904328001488,8.888888888888891,1.5716960284694337,-8.888888888888891,-1.5716960284694337,0.0,-8.060862483698709e-06,-2.8055409433631424,-0.5051500104703431,0.0469673535394308,0.012986359261787404,2.993684951066744,before_ekf,both,-8.060862483698709e-06,-0.5051500104703431,0.0469673535394308,0.012986359261787404,2.993684951066744,0.0014459708283114485,-0.5041008676687384,0.047347393836285584,0.012094947132309472,3.0582584031551994,nan,nan,nan,nan,-0.4907,nan,nan,nan,,0.06790499599810573,0.056708886000706116,0.04529689400078496,0.04529689400078496,0.03343076699820813,0.022175328998855548,nan,profile,1,1,1,2,10.916505813598633,89.08349418640137,0.8,-0.8,
1785159584.9458325,11.01673482300248,8.888888888888891,1.5702963287408624,-8.888888888888891,-1.5702963287408624,0.0,-8.060862482350903e-06,-2.8055409433631424,-0.5046862854079338,0.04696735353943058,0.012986359261787438,2.9606329505029376,before_ekf,both,-8.060862482350903e-06,-0.5046862854079338,0.04696735353943058,0.012986359261787438,2.9606329505029376,0.00013619459060343364,-0.5020979277411282,0.047364482549275035,0.012097536975513218,2.9927299869505575,nan,nan,nan,nan,-0.4873,nan,nan,nan,,0.06677353600025526,0.05603576400244492,0.044681246999971336,0.044681246999971336,0.033183060000737896,0.021890567000809824,nan,profile,1,1,1,2,11.017463445663452,88.98253655433655,0.8,-0.8,
1785159585.0476775,11.11857656400025,8.888888888888891,1.571030064647915,-8.888888888888891,-1.571030064647915,0.0,-0.002368411664173237,-2.8055409433631424,-0.5044229363098285,0.04735298712843473,0.012912229748221352,2.8931517826851665,before_ekf,both,-0.002368411664173237,-0.5044229363098285,0.04735298712843473,0.012912229748221352,2.8931517826851665,-0.0016880464650639898,-0.4995690713884658,0.04754166419458321,0.012073857428508411,2.9581389512576433,nan,nan,nan,nan,-0.4939,nan,nan,nan,,0.06773624099878361,0.05703972299670568,0.0457650289972662,0.0457650289972662,0.03375996799877612,0.02256591699915589,nan,profile,1,1,1,2,11.119426488876343,88.88057351112366,0.8,-0.8,
1785159585.151727,11.222630404001393,8.888888888888891,1.5729109010229048,-8.888888888888891,-1.5729109010229048,0.0,-0.0011834225427071027,-2.8055409433631424,-0.5002003002741425,0.04735298712843494,0.012912229748221296,2.843573781839457,before_ekf,both,-0.0011834225427071027,-0.5002003002741425,0.04735298712843494,0.012912229748221296,2.843573781839457,-0.0014350715519785583,-0.49757744098923956,0.047775302104845783,0.012023855864804877,2.8931891258914124,nan,nan,nan,nan,-0.4954,nan,nan,nan,,0.06788075599979493,0.057001127999683376,0.045243781998578925,0.045243781998578925,0.03347301299800165,0.022067744997912087,nan,profile,1,1,1,2,11.223296642303467,88.77670335769653,0.8,-0.8,
1785159585.2565346,11.327433999002096,8.888888888888891,1.5699159963999154,-8.888888888888891,-1.831568662466568,0.0,-0.0011834225427071027,-2.8055409433631424,-0.5001218095985168,0.04735298712843494,0.012912229748221296,2.8270477815575554,before_ekf,both,-0.0011834225427071027,-0.5001218095985168,0.04735298712843494,0.012912229748221296,2.8270477815575554,-0.0013031310720760122,-0.49621000233788815,0.04785678601787762,0.01200132929126072,2.8584633172657927,nan,nan,nan,nan,-0.4993,nan,nan,nan,,0.07030511300035869,0.059514497999771265,0.04572777499924996,0.04572777499924996,0.03436041700115311,0.022538584998983424,nan,profile,1,1,1,2,11.32837438583374,88.67162561416626,0.8,-0.8,
1785159585.3598177,11.430718296000123,8.888888888888891,1.571003479313679,-8.888888888888891,-1.571003479313679,0.0,-0.001170521500313466,-2.8055409433631424,-0.49959694684033257,0.04771866801606858,0.012769100652054947,2.7595666137397843,before_ekf,both,-0.001170521500313466,-0.49959694684033257,0.04771866801606858,0.012769100652054947,2.7595666137397843,-0.0012070980721273865,-0.49831858444895794,0.04800135124759147,0.011954061904593286,2.7937406475158237,nan,nan,nan,nan,-0.5035,nan,nan,nan,,0.06827937900015968,0.05720521599869244,0.04573979799897643,0.04573979799897643,0.03404352099823882,0.02268704599919147,nan,profile,1,1,1,2,11.431615829467773,88.56838417053223,0.8,-0.8,
1785159585.4631798,11.534080236000591,8.888888888888891,1.5713290702028582,-8.888888888888891,-1.5713290702028582,0.0,-0.001170521500312829,-2.8055409433631424,-0.49865267282756875,0.047718668016068375,0.012769100652055035,2.6934626126121715,before_ekf,both,-0.001170521500312829,-0.49865267282756875,0.047718668016068375,0.012769100652055035,2.6934626126121715,-0.0011960443115946956,-0.49970985041175076,0.04806951322096868,0.011928249631972192,2.7625134459802716,nan,nan,nan,nan,-0.5078,nan,nan,nan,,0.06875670999943395,0.05785573599860072,0.04563502199744107,0.04563502199744107,0.03387035699779517,0.022602762997848913,nan,profile,1,1,1,2,11.534953594207764,88.46504640579224,0.8,-0.8,
1785159585.5646904,11.635588907000056,8.888888888888891,1.5717946836240941,-8.888888888888891,-1.5717946836240941,0.0,-0.0023222828330903738,-2.8055409433631424,-0.5029884792914112,0.04806813751091682,0.012589993081248758,2.6590334453582067,before_ekf,both,-0.0023222828330903738,-0.5029884792914112,0.04806813751091682,0.012589993081248758,2.6590334453582067,-0.002037976879786663,-0.503161616729854,0.048295504770419675,0.01183054638069892,2.692857037592459,nan,nan,nan,nan,-0.5059,nan,nan,nan,,0.06656211099834763,0.055796656997699756,0.04455183999743895,0.04455183999743895,0.03295300799800316,0.021975508996547433,nan,profile,1,1,1,2,11.636385440826416,88.36361455917358,0.8,-0.8,
1785159585.6667144,11.73761494000064,8.888888888888891,1.5704632943486971,-8.888888888888891,-1.8322071767401467,0.0,-0.002324107398975315,-2.8055409433631424,-0.504286735506799,0.04840473439949504,0.012387728441854234,2.5915522775404356,before_ekf,both,-0.002324107398975315,-0.504286735506799,0.04840473439949504,0.012387728441854234,2.5915522775404356,-0.002288422152837702,-0.5042549247364436,0.04844063085062848,0.01175860891484144,2.6581716201004966,nan,nan,nan,nan,-0.5014,nan,nan,nan,,0.06752135199712939,0.05663663700033794,0.044652294000115944,0.044652294000115944,0.0334763569990173,0.022434999998949934,nan,profile,1,1,1,2,11.73849868774414,88.26150131225586,0.8,-0.8,
1785159585.7682726,11.839171370000258,8.888888888888891,1.5709325423556444,-8.888888888888891,-1.5709325423556444,0.0,-0.0023241073989753148,-2.8055409433631424,-0.5037977328390661,0.04840473439949504,0.012387728441854234,2.541974276694726,before_ekf,both,-0.0023241073989753148,-0.5037977328390661,0.04840473439949504,0.012387728441854234,2.541974276694726,-0.0023525846816585755,-0.5036444901466609,0.048704576420056905,0.011609486231027047,2.5923282333141984,nan,nan,nan,nan,-0.4926,nan,nan,nan,,0.06721401299728313,0.05638327499764273,0.04505599499680102,0.04505599499680102,0.03373210999779985,0.02248574099940015,nan,profile,1,1,1,2,11.840049743652344,88.15995025634766,0.8,-0.8,
1785159585.8737211,11.94462149100218,8.888888888888891,1.5710746112407858,-8.888888888888891,-1.5710746112407858,0.0,-0.0011723460661984206,-2.8055409433631424,-0.5008432515964173,0.04840473439949504,0.012387728441854234,2.492396275849018,before_ekf,both,-0.0011723460661984206,-0.5008432515964173,0.04840473439949504,0.012387728441854234,2.492396275849018,-0.0015449086946320975,-0.5004808625772655,0.04889124571840212,0.011485798283972126,2.527401320570638,nan,nan,nan,nan,-0.4954,nan,nan,nan,,0.0678217870008666,0.056483656000636984,0.045157716998801334,0.045157716998801334,0.03346462700210395,0.0225061570017715,nan,profile,1,1,1,2,11.945472478866577,88.05452752113342,0.8,-0.8,
1785159585.9758513,12.046747153002798,8.888888888888891,1.5695864267936672,-8.888888888888891,-1.5695864267936672,0.0,-2.0816681711721684e-18,-2.8055409433631424,-0.4957705141855227,0.04840473439949504,0.012387728441854234,2.426292274721407,before_ekf,both,-2.0816681711721684e-18,-0.4957705141855227,0.04840473439949504,0.012387728441854234,2.426292274721407,-0.0012885328268593206,-0.49836795303822123,0.04895677204495672,0.01143713532024251,2.4925053461320523,nan,nan,nan,nan,-0.491,nan,nan,nan,,0.06753304000085336,0.05659574300079839,0.04504495100263739,0.04504495100263739,0.03349025200077449,0.02233986300052493,nan,profile,1,1,1,2,12.047768592834473,87.95223140716553,0.8,-0.8,
1785159586.08298,12.15387810700122,8.888888888888891,1.5715824794986164,-8.888888888888891,-1.309652066248847,0.0,-2.0816681711721684e-18,-2.8055409433631424,-0.49538819418570074,0.04840473439949504,0.012387728441854234,2.3932402741576024,before_ekf,both,-2.0816681711721684e-18,-0.49538819418570074,0.04840473439949504,0.012387728441854234,2.3932402741576024,-7.573008170030937e-05,-0.4966527922320733,0.048946434239633164,0.011440934788128597,2.427983491472075,nan,nan,nan,nan,-0.4934,nan,nan,nan,,0.07073862600009306,0.05967643699841574,0.048106015998200746,0.048106015998200746,0.036800072997721145,0.025587780997739173,nan,profile,1,1,1,2,12.154902458190918,87.84509754180908,0.8,-0.8,
1785159586.1880033,12.258904613001505,8.888888888888891,1.5713277969956745,-8.888888888888891,-1.5713277969956745,0.0,-0.001170862653485537,-2.8055409433631424,-0.4918169095270061,0.048681415888621474,0.012109058434114259,2.3285134397201497,before_ekf,both,-0.001170862653485537,-0.4918169095270061,0.048681415888621474,0.012109058434114259,2.3285134397201497,7.466924268886163e-06,-0.49724696850403577,0.048945988153896995,0.011441172539327235,2.392887463751041,nan,nan,nan,nan,-0.4943,nan,nan,nan,,0.06993252000029315,0.05900473500150838,0.04768961199806654,0.04768961199806654,0.036529019998852164,0.02523606400063727,nan,profile,1,1,1,2,12.259735822677612,87.74026417732239,0.8,-0.8,
1785159586.2936816,12.364579937002418,8.888888888888891,1.5704276374984412,-8.888888888888891,-1.5704276374984412,0.0,-0.0011708626534862045,-2.8055409433631424,-0.4916409860292944,0.048681415888621626,0.012109058434114096,2.2954614391563433,before_ekf,both,-0.0011708626534862045,-0.4916409860292944,0.048681415888621626,0.012109058434114096,2.2954614391563433,-0.0010773685429776756,-0.49527330002245135,0.04906384975775133,0.011329685819502177,2.3286818077855216,nan,nan,nan,nan,-0.4875,nan,nan,nan,,0.06867069399959291,0.05785801000092761,0.046036341998842545,0.046036341998842545,0.03411261700239265,0.022866389001137577,nan,profile,1,1,1,2,12.36551570892334,87.63448429107666,0.8,-0.8,
1785159586.3953145,12.466217639001115,8.888888888888891,1.5721057808629508,-8.888888888888891,-1.5721057808629508,0.0,-0.0011708626534863184,-2.8055409433631424,-0.4939364716299967,0.04868141588862162,0.012109058434114093,2.2293574380287304,before_ekf,both,-0.0011708626534863184,-0.4939364716299967,0.04868141588862162,0.012109058434114093,2.2293574380287304,-0.0011515641938971315,-0.4907866169536579,0.049120446431045774,0.011268367243785904,2.2939209492127937,nan,nan,nan,nan,-0.4934,nan,nan,nan,,0.06649758999992628,0.05583414200009429,0.04472295799860149,0.04472295799860149,0.03325068000049214,0.021987550000631018,nan,profile,1,1,1,2,12.467121601104736,87.53287839889526,0.8,-0.8,
1785159586.4974408,12.56833996700152,8.888888888888891,1.5698137175965043,-8.888888888888891,-1.5698137175965043,0.0,-0.001170862653486293,-2.8055409433631424,-0.4922236447251295,0.04868141588862162,0.01210905843411409,2.196305437464924,before_ekf,both,-0.001170862653486293,-0.4922236447251295,0.04868141588862162,0.01210905843411409,2.196305437464924,-0.001177826830254524,-0.4918825658780181,0.04921681761453299,0.011152539256677422,2.230672206557072,nan,nan,nan,nan,-0.4975,nan,nan,nan,,0.06765837399871089,0.05691036400094163,0.045340743999986444,0.045340743999986444,0.03397752499950002,0.0227103969991731,nan,profile,1,1,1,2,12.5693199634552,87.4306800365448,0.8,-0.8,
1785159586.599176,12.670079505001922,8.888888888888891,1.5731469544371557,-8.888888888888891,-1.5731469544371557,0.0,-8.897108231596553e-17,-2.8055409433631424,-0.4979974641506041,0.04868141588862161,0.012109058434114087,2.130201436337311,before_ekf,both,-8.897108231596553e-17,-0.4979974641506041,0.04868141588862161,0.012109058434114087,2.130201436337311,-0.0003228561541578203,-0.4940947298733075,0.04921330243355728,0.011153159973171456,2.195568638477914,nan,nan,nan,nan,-0.5047,nan,nan,nan,,0.06674352700065356,0.05597825099903275,0.044723262999468716,0.044723262999468716,0.033494008999696234,0.022111075999418972,nan,profile,1,1,1,2,12.670753955841064,87.32924604415894,0.8,-0.8,
1785159586.7006319,12.771516461001738,8.888888888888891,1.5721121060220318,-8.888888888888891,-1.5721121060220318,0.0,-0.0011841882862056014,-2.8055409433631424,-0.5002247277845575,0.04888728526017529,0.011774652361359283,2.098526602463665,before_ekf,both,-0.0011841882862056014,-0.5002247277845575,0.04888728526017529,0.011774652361359283,2.098526602463665,-0.0008620357884973543,-0.4989632475463218,0.04925861321804391,0.011086784536440538,2.1311809093819942,nan,nan,nan,nan,-0.5095,nan,nan,nan,,0.0667833689985855,0.056070277001708746,0.044539557999087265,0.044539557999087265,0.03305229100078577,0.021971416001179023,nan,profile,1,1,1,2,12.772108793258667,87.22789120674133,0.8,-0.8,
1785159586.8025436,12.873441733001528,8.888888888888891,1.6161864713094094,-8.888888888888891,-1.6161864713094094,0.0,-5.525076479773562e-06,-2.8055409433631424,-0.4971008893725279,0.04869824195860421,0.012118848642398218,2.0310454346458937,before_ekf,both,-5.525076479773562e-06,-0.4971008893725279,0.04869824195860421,0.012118848642398218,2.0310454346458937,-0.00023245950274154337,-0.499439693356394,0.04925602880763017,0.011087614853888865,2.095994365901742,nan,nan,nan,nan,-0.5114,nan,nan,nan,,0.06765065299987327,0.05662872199900448,0.045064062000164995,0.045064062000164995,0.03340647599907243,0.022442704997956753,nan,profile,1,1,1,2,12.87439250946045,87.12560749053955,0.8,-0.8,
1785159586.9075103,12.97840737200022,8.888888888888891,1.5704696534022924,-8.888888888888891,-1.308724711168577,0.0,-0.0011819405676347793,-2.8055409433631424,-0.500021981851799,0.04886364585645722,0.011762688565571859,1.9635642668281243,before_ekf,both,-0.0011819405676347793,-0.500021981851799,0.04886364585645722,0.011762688565571859,1.9635642668281243,-0.0008557939257951712,-0.5033862774194857,0.04929524627203775,0.011016211426825897,2.030934990872252,nan,nan,nan,nan,-0.5115,nan,nan,nan,,0.0681644789983693,0.056774714998027775,0.04538502599825733,0.04538502599825733,0.033750284997950075,0.022475641999335494,nan,profile,1,1,1,2,12.979395866394043,87.02060413360596,0.8,-0.8,
1785159587.0096245,13.080509900002653,8.888888888888891,1.5745060046473862,-8.888888888888891,-1.5745060046473862,0.0,0.001176382197095593,-2.8055409433631424,-0.5080854153986551,0.04871659698588035,0.01212681090684171,1.929135099574158,before_ekf,both,0.001176382197095593,-0.5080854153986551,0.04871659698588035,0.01212681090684171,1.929135099574158,0.000567206105595615,-0.5091170587132775,0.04928965323826291,0.01102581412880012,1.9597361551208579,nan,nan,nan,nan,-0.5112,nan,nan,nan,,0.06679607600017334,0.05588742200052366,0.04442017800101894,0.04442017800101894,0.03318075700008194,0.022113793002063176,nan,profile,1,1,1,2,13.081212282180786,86.91878771781921,0.8,-0.8,
1785159587.1158926,13.186795718000212,8.888888888888891,1.5719959483429964,-8.888888888888891,-1.5719959483429964,0.0,-0.0011744518739239737,-2.8055409433631424,-0.5084973465565232,0.04884490910981766,0.011755671514429036,1.8616539317563887,before_ekf,both,-0.0011744518739239737,-0.5084973465565232,0.04884490910981766,0.011755671514429036,1.8616539317563887,-0.0006713349839403244,-0.5088078774510763,0.04932586860313071,0.010944669912446758,1.9291124025910005,nan,nan,nan,nan,-0.5076,nan,nan,nan,,0.06937801299864077,0.05821804999868618,0.04665750200001639,0.04665750200001639,0.03492007399836439,0.023410400997818215,nan,profile,1,1,1,2,13.1876220703125,86.8123779296875,0.8,-0.8,
1785159587.2179236,13.28882636000344,8.888888888888891,1.5714432899973887,-8.888888888888891,-1.5714432899973887,0.0,0.0011776737327007256,-2.8055409433631424,-0.508272195380212,0.048735666813774295,0.012132864529349911,1.8106987642205206,before_ekf,both,0.0011776737327007256,-0.508272195380212,0.048735666813774295,0.012132864529349911,1.8106987642205206,0.0006839752004040606,-0.5064667025211248,0.04933041412257089,0.010928984913567705,1.8626427983848384,nan,nan,nan,nan,-0.5037,nan,nan,nan,,0.06782052800190286,0.057017178001842694,0.04533993700169958,0.04533993700169958,0.034031849001621595,0.022860547000163933,nan,profile,1,1,1,2,13.289572954177856,86.71042704582214,0.8,-0.8,
1785159587.3185503,13.389454054002272,8.888888888888891,1.5708072753216058,-8.888888888888891,-1.5708072753216058,0.0,-0.0011791525027852487,-2.8055409433631424,-0.5058538667191173,0.048819226363804084,0.011749163797856283,1.7597435966846526,before_ekf,both,-0.0011791525027852487,-0.5058538667191173,0.048819226363804084,0.011749163797856283,1.7597435966846526,0.0010442636224931802,-0.5057116708193355,0.049308399149237334,0.01100327878526601,1.8279677129847327,nan,nan,nan,nan,-0.5018,nan,nan,nan,,0.0665222999996331,0.0557404380015214,0.04456210500211455,0.04456210500211455,0.0332261789990298,0.022113252001872752,nan,profile,1,1,1,2,13.390082120895386,86.60991787910461,0.8,-0.8,
1785159587.4204733,13.491371145002631,8.888888888888891,1.5710271421026143,-8.888888888888891,-1.5710271421026143,0.0,-6.981641490755482e-06,-2.8055409433631424,-0.5023590521213223,0.048819226363804084,0.011749163797856283,1.7266915961208482,before_ekf,both,-6.981641490755482e-06,-0.5023590521213223,0.048819226363804084,0.011749163797856283,1.7266915961208482,-0.00013987134181460618,-0.5009914552570339,0.04933090934892927,0.010926536342014155,1.7578209663734758,nan,nan,nan,nan,-0.4994,nan,nan,nan,,0.06812671200168552,0.057362415001989575,0.046106241999950726,0.046106241999950726,0.03446883600190631,0.023264251001819503,nan,profile,1,1,1,2,13.492839097976685,86.50716090202332,0.8,-0.8,
1785159587.521815,13.592717769002775,8.888888888888891,1.5759262187852376,-8.888888888888891,-1.5759262187852376,0.0,-0.0011826917569597857,-2.8055409433631424,-0.5002879567165778,0.048819226363804084,0.011749163797856283,1.6605875949932367,before_ekf,both,-0.0011826917569597857,-0.5002879567165778,0.048819226363804084,0.011749163797856283,1.6605875949932367,-2.836644293487018e-05,-0.50016216535477,0.04933048457668344,0.010927408763770567,1.7272187097846257,nan,nan,nan,nan,-0.4983,nan,nan,nan,,0.0663141490003909,0.05559892599922023,0.044121412000095006,0.044121412000095006,0.032870105002075434,0.021917763002420543,nan,profile,1,1,1,2,13.593304634094238,86.40669536590576,0.8,-0.8,
1785159587.6235597,13.694457707002584,8.888888888888891,1.5673484267053774,-8.888888888888891,-1.5673484267053774,0.0,-0.0011826917569597866,-2.8055409433631424,-0.5003608047766558,0.048819226363804084,0.011749163797856283,1.6275355944294305,before_ekf,both,-0.0011826917569597866,-0.5003608047766558,0.048819226363804084,0.011749163797856283,1.6275355944294305,-0.0011037407639964527,-0.4974342630409833,0.049354720297372166,0.010758720365936591,1.657987957835738,nan,nan,nan,nan,-0.4955,nan,nan,nan,,0.06772018500123522,0.05685105900192866,0.04549454600055469,0.04549454600055469,0.034188477002317086,0.023284601000341354,nan,profile,1,1,1,2,13.695483207702637,86.30451679229736,0.8,-0.8,
1785159587.7261076,13.797005237000121,8.888888888888891,1.589748513700983,-8.888888888888891,-1.589748513700983,0.0,0.0011805301881890901,-2.8055409433631424,-0.49400328843340746,0.04881289919658975,0.012141808149139035,1.5628087599919778,before_ekf,both,0.0011805301881890901,-0.49400328843340746,0.04881289919658975,0.012141808149139035,1.5628087599919778,-0.0003077119250520965,-0.49538186682290725,0.049351467285750183,0.010769950043536545,1.628172190506609,nan,nan,nan,nan,-0.4991,nan,nan,nan,,0.06689156199718127,0.05608010200012359,0.04488184299771092,0.04488184299771092,0.03373649700006354,0.022694643997965613,nan,profile,1,1,1,2,13.797996520996094,86.2020034790039,0.8,-0.8,
1785159587.8291073,13.900007186002767,8.888888888888891,1.5706335934482796,-8.888888888888891,-1.5706335934482796,0.0,0.0011805301881897532,-2.8055409433631424,-0.4915919778344093,0.048812899196589765,0.012141808149139257,1.5132307591462684,before_ekf,both,0.0011805301881897532,-0.4915919778344093,0.048812899196589765,0.012141808149139257,1.5132307591462684,0.0011181652398199117,-0.4920549158281428,0.04934338957096837,0.010936884528652473,1.5595579190931863,nan,nan,nan,nan,-0.5005,nan,nan,nan,,0.06774943799973698,0.056860036002035486,0.04554822800128022,0.04554822800128022,0.03424013200128684,0.02287281800090568,nan,profile,1,1,1,2,13.900914192199707,86.0990858078003,0.8,-0.8,
1785159587.9332561,14.004153115001827,8.888888888888891,1.8337455464014616,-8.888888888888891,-1.5717818969155384,0.0,0.0011805301881897593,-2.8055409433631424,-0.49173581508685793,0.04881289919658977,0.012141808149139255,1.4636527583005587,before_ekf,both,0.0011805301881897593,-0.49173581508685793,0.04881289919658977,0.012141808149139255,1.4636527583005587,0.0012057028248314051,-0.4923635723126338,0.04934501455643058,0.011008689605186308,1.5298549972915847,nan,nan,nan,nan,-0.5002,nan,nan,nan,,0.06837137000184157,0.05756114299947512,0.04612656500103185,0.04612656500103185,0.03425688599963905,0.023137446001783246,nan,profile,1,1,1,2,14.005346298217773,85.99465370178223,0.8,-0.8,
1785159588.0533319,14.124234314000205,8.888888888888891,1.572434473304841,-8.888888888888891,-1.572434473304841,0.0,6.632618413307045e-16,-2.8055409433631424,-0.49548629446271264,0.04881289919658978,0.012141808149139253,1.3975487571729457,before_ekf,both,6.632618413307045e-16,-0.49548629446271264,0.04881289919658978,0.012141808149139253,1.3975487571729457,0.001239598430872418,-0.4934233333199056,0.04935620485342552,0.011162520055702015,1.46555542506124,nan,nan,nan,nan,-0.4986,nan,nan,nan,,0.07211533499867073,0.059845023999514524,0.04847681899991585,0.04847681899991585,0.034156975998484995,0.02295147699987865,nan,profile,1,1,1,2,14.12498664855957,85.87501335144043,0.8,-0.8,
1785159588.1553874,14.226291304003098,8.888888888888891,1.5698577716275515,-8.888888888888891,-1.5698577716275515,0.0,-3.454393861637273e-18,-2.8055409433631424,-0.49553778750069855,0.04881289919658974,0.012141808149139035,1.3644967566091393,before_ekf,both,-3.454393861637273e-18,-0.49553778750069855,0.04881289919658974,0.012141808149139035,1.3644967566091393,0.00012180966715933042,-0.498067576332586,0.049359323849811856,0.011160754991320439,1.3951198841764123,nan,nan,nan,nan,-0.5014,nan,nan,nan,,0.06728340400150046,0.056253566002851585,0.04444513300040853,0.04444513300040853,0.03302566099955584,0.022042983000574168,nan,profile,1,1,1,2,14.226911783218384,85.77308821678162,0.8,-0.8,
1785159588.258092,14.328988800003572,8.888888888888891,1.8330093148158408,-8.888888888888891,-1.571150841270721,0.0,-6.780075247775167e-16,-2.8055409433631424,-0.4957909873806766,0.04881289919658973,0.012141808149139037,1.2983927554815264,before_ekf,both,-6.780075247775167e-16,-0.4957909873806766,0.04881289919658973,0.012141808149139037,1.2983927554815264,4.308207411278733e-05,-0.49894269040804856,0.04935937968028536,0.011159592985282442,1.36599009145191,nan,nan,nan,nan,-0.4977,nan,nan,nan,,0.06852591400092933,0.05772017500203219,0.04607574100009515,0.04607574100009515,0.03408452300209319,0.022847083000669954,nan,profile,1,1,1,2,14.329830408096313,85.67016959190369,0.8,-0.8,
1785159588.3594468,14.430348795001919,8.888888888888891,1.5702661421346662,-8.888888888888891,-1.5702661421346662,0.0,-1.5367480100821858e-17,-2.8055409433631424,-0.49622227860016277,0.04881289919658973,0.012141808149139038,1.26534075491772,before_ekf,both,-1.5367480100821858e-17,-0.49622227860016277,0.04881289919658973,0.012141808149139038,1.26534075491772,1.4141875418442207e-05,-0.5011221957258476,0.04935954479869926,0.011159614912806908,1.2954659001132898,nan,nan,nan,nan,-0.4923,nan,nan,nan,,0.06717460000072606,0.056305849000636954,0.04500636000011582,0.04500636000011582,0.033514581999043,0.022222137999051483,nan,profile,1,1,1,2,14.431052207946777,85.56894779205322,0.8,-0.8,
1785159588.4601178,14.531021273000079,8.888888888888891,1.5701987091661882,-8.888888888888891,-1.5701987091661882,0.0,2.79382081149835e-05,-2.8055409433631424,-0.504092006617177,0.04882560756771678,0.012137195889280063,1.1964824204097906,before_ekf,both,2.79382081149835e-05,-0.504092006617177,0.04882560756771678,0.012137195889280063,1.1964824204097906,-0.000832632736325958,-0.5015321667168128,0.049338547578217935,0.011080176034798285,1.263582588132705,nan,nan,nan,nan,-0.4981,nan,nan,nan,,0.06676266499925987,0.056007709998084465,0.044782673998270184,0.044782673998270184,0.03293099399888888,0.021887733997573378,nan,profile,1,1,1,2,14.531698226928711,85.46830177307129,0.8,-0.8,
1785159588.560819,14.631721549001668,8.888888888888891,1.5704720086203965,-8.888888888888891,-1.5704720086203965,0.0,0.0012125438158919121,-2.8055409433631424,-0.4997170402061018,0.04897795660546175,0.01249913426847933,1.1482815862542395,before_ekf,both,0.0012125438158919121,-0.4997170402061018,0.04897795660546175,0.01249913426847933,1.1482815862542395,0.0008992770478424897,-0.498922053424744,0.049362434565497965,0.011158098570923789,1.1955595112483017,nan,nan,nan,nan,-0.4962,nan,nan,nan,,0.06691326700092759,0.056062380001094425,0.044765431000996614,0.044765431000996614,0.0331542640014959,0.022251098998822272,nan,profile,1,1,1,2,14.632420539855957,85.36757946014404,0.8,-0.8,
1785159588.664768,14.735668411001825,8.888888888888891,1.572225589911918,-8.888888888888891,-1.572225589911918,0.0,0.0012125438158919098,-2.8055409433631424,-0.49975688439815347,0.04897795660546175,0.012499134268479328,1.0987035854085296,before_ekf,both,0.0012125438158919098,-0.49975688439815347,0.04897795660546175,0.012499134268479328,1.0987035854085296,0.0011382907055935796,-0.4977637670559334,0.04939345206940265,0.01123506283520573,1.1612348933210441,nan,nan,nan,nan,-0.4971,nan,nan,nan,,0.06954772799872444,0.05870843899901956,0.04646386300009908,0.04646386300009908,0.03459922600086429,0.023198172999400413,nan,profile,1,1,1,2,14.736636638641357,85.26336336135864,0.8,-0.8,
1785159588.769975,14.8408734500008,8.888888888888891,1.5924405236012003,-8.888888888888891,-1.5924405236012003,0.0,0.0012074276811356703,-2.8055409433631424,-0.5012958803291176,0.04879625511147907,0.012151006394222775,1.064274418154565,before_ekf,both,0.0012074276811356703,-0.5012958803291176,0.04879625511147907,0.012151006394222775,1.064274418154565,0.0012549472610126787,-0.4974478618928426,0.04946085314640573,0.011378489746037154,1.0965027488726777,nan,nan,nan,nan,-0.4977,nan,nan,nan,,0.0704363539989572,0.058567365998897,0.046624747999885585,0.046624747999885585,0.034957284999109106,0.023740167998766992,nan,profile,1,1,1,2,14.84422492980957,85.15577507019043,0.8,-0.8,
1785159588.8821783,14.953079853999952,8.888888888888891,1.5696707002390484,-8.888888888888891,-1.5696707002390484,0.0,2.847886620834143e-05,-2.8055409433631424,-0.49545181391972015,0.04899498651021198,0.012489703088621873,0.9995475837171105,before_ekf,both,2.847886620834143e-05,-0.49545181391972015,0.04899498651021198,0.012489703088621873,0.9995475837171105,0.00039498919859695236,-0.49428626206923065,0.0494980683037488,0.011443108110742483,1.0320744207985566,nan,nan,nan,nan,-0.505,nan,nan,nan,,0.07433944899821654,0.06067499699929613,0.04904618799992022,0.04904618799992022,0.033789118999266066,0.02272879099837155,nan,profile,1,1,1,2,14.95409083366394,85.04590916633606,0.8,-0.8,
1785159588.9853003,15.056203931002528,8.888888888888891,1.570650272026101,-8.888888888888891,-1.570650272026101,0.0,2.8478866209017153e-05,-2.8055409433631424,-0.49573072134227114,0.04899498651021211,0.012489703088622055,0.9334435825894976,before_ekf,both,2.8478866209017153e-05,-0.49573072134227114,0.04899498651021211,0.012489703088622055,0.9334435825894976,0.00013817572988131086,-0.4953673386164513,0.04949916732947659,0.011443407786543009,0.9976238241045737,nan,nan,nan,nan,-0.5034,nan,nan,nan,,0.06750993899913738,0.056502079001802485,0.04500144100165926,0.04500144100165926,0.033592220999707934,0.022260729001573054,nan,profile,1,1,1,2,15.056913137435913,84.94308686256409,0.8,-0.8,
1785159589.0885973,15.159500741003285,8.888888888888891,1.5704189237191484,-8.888888888888891,-1.5704189237191484,0.0,0.0011812074763458084,-2.8055409433631424,-0.49144862908098197,0.04899498651021211,0.012489703088622055,0.9003915820256913,before_ekf,both,0.0011812074763458084,-0.49144862908098197,0.04899498651021211,0.012489703088622055,0.9003915820256913,0.0008834201571495244,-0.4918410346176096,0.04954618013213761,0.0115130737208101,0.9336322407021429,nan,nan,nan,nan,-0.5003,nan,nan,nan,,0.06691140300245024,0.05586739900172688,0.0443541090025974,0.0443541090025974,0.033078974000090966,0.022053550001146505,nan,profile,1,1,1,2,15.1601881980896,84.8398118019104,0.8,-0.8,
1785159589.1903973,15.26130080800067,8.888888888888891,1.5718526746663795,-8.888888888888891,-1.5718526746663795,0.0,8.077239305959494e-18,-2.8055409433631424,-0.49595051334309376,0.04899498651021197,0.012489703088621885,0.8342875808980784,before_ekf,both,8.077239305959494e-18,-0.49595051334309376,0.04899498651021197,0.012489703088621885,0.8342875808980784,0.00026111838503126844,-0.4920665802884301,0.04954640951318892,0.011510318712541082,0.8987228406175641,nan,nan,nan,nan,-0.5039,nan,nan,nan,,0.06702793899967219,0.05620704399916576,0.04504920999897877,0.04504920999897877,0.033493323000584496,0.022463326997240074,nan,profile,1,1,1,2,15.262056589126587,84.73794341087341,0.8,-0.8,
1785159589.291208,15.362110595000559,8.888888888888891,1.572033469974763,-8.888888888888891,-1.572033469974763,0.0,4.457822463897697e-18,-2.8055409433631424,-0.4956161256332761,0.04899498651021212,0.012489703088622049,0.8012355803342719,before_ekf,both,4.457822463897697e-18,-0.4956161256332761,0.04899498651021212,0.012489703088622049,0.8012355803342719,2.0817272692421914e-05,-0.4951385394745269,0.04954548627550878,0.011508066488883072,0.8342641367545829,nan,nan,nan,nan,-0.5018,nan,nan,nan,,0.06665736399736488,0.05581996699766023,0.04451415799849201,0.04451415799849201,0.033017737998306984,0.02206020299854572,nan,profile,1,1,1,2,15.362794399261475,84.63720560073853,0.8,-0.8,
1785159589.3929307,15.463832573001127,8.888888888888891,1.5708926696423258,-8.888888888888891,-1.5708926696423258,0.0,2.0623288800137798e-17,-2.8055409433631424,-0.49339947349508495,0.04899498651021212,0.012489703088622045,0.7351315792066591,before_ekf,both,2.0623288800137798e-17,-0.49339947349508495,0.04899498651021212,0.012489703088622045,0.7351315792066591,4.4684781105751854e-06,-0.4966964308623019,0.0495454628711859,0.011507979441598766,0.7992524858333563,nan,nan,nan,nan,-0.5049,nan,nan,nan,,0.0673628459990141,0.056530810998083325,0.044983108000451466,0.044983108000451466,0.033795950999774504,0.02282263699817122,nan,profile,1,1,1,2,15.464507341384888,84.53549265861511,0.8,-0.8,
1785159589.4940462,15.564945947000524,8.888888888888891,1.8325636813808956,-8.888888888888891,-1.5707688697550535,0.0,-6.487225594734803e-16,-2.8055409433631424,-0.49607655581387056,0.04899498651021195,0.012489703088621901,0.7020795786428526,before_ekf,both,-6.487225594734803e-16,-0.49607655581387056,0.04899498651021195,0.012489703088621901,0.7020795786428526,-1.513768573392028e-06,-0.5001543909131155,0.04954542928767925,0.011507938622929634,0.7345110500719816,nan,nan,nan,nan,-0.5079,nan,nan,nan,,0.06677672299701953,0.055831434998253826,0.044254224998439895,0.044254224998439895,0.03296218899777159,0.02193616299700807,nan,profile,1,1,1,2,15.565789937973022,84.43421006202698,0.8,-0.8,
1785159589.5978684,15.668764494002971,8.888888888888891,1.5515285914060906,-8.888888888888891,-1.5515285914060906,0.0,-9.130172084306859e-06,-2.8055409433631424,-0.5041585003349635,0.049003444418057145,0.012479156078022137,0.6332212441349232,before_ekf,both,-9.130172084306859e-06,-0.5041585003349635,0.049003444418057145,0.012479156078022137,0.6332212441349232,-0.0008660968850617716,-0.5036808747796068,0.04948425936382441,0.011451025377121038,0.7011208032874988,nan,nan,nan,nan,-0.5066,nan,nan,nan,,0.06887419000122463,0.058074128999578534,0.04636930000197026,0.04636930000197026,0.03459372400175198,0.023373299001832493,nan,profile,1,1,1,2,15.669889450073242,84.33011054992676,0.8,-0.8,
1785159589.7074015,15.778304775001743,8.888888888888891,1.8318522939775812,-8.888888888888891,-1.570159109123641,0.0,-1.2988701270856897e-05,-2.8055409433631424,-0.5152466151687171,0.04899957829123763,0.012485027973621035,0.5643629096269939,before_ekf,both,-1.2988701270856897e-05,-0.5152466151687171,0.04899957829123763,0.012485027973621035,0.5643629096269939,-8.477256466698863e-05,-0.5074866801088451,0.04948524182917949,0.011454856975368306,0.6337605270831049,nan,nan,nan,nan,-0.5023,nan,nan,nan,,0.06869173299855902,0.05772402300135582,0.045843456999136833,0.045843456999136833,0.03391711600124836,0.02256034099991666,nan,profile,1,1,1,2,15.779075860977173,84.22092413902283,0.8,-0.8,
1785159589.8290184,15.89992178600005,8.888888888888891,1.5709020956329955,-8.888888888888891,-1.3090850796941629,0.0,-1.2988701270191327e-05,-2.8055409433631424,-0.5123644963713223,0.04899957829123763,0.012485027973621032,0.5313109090631873,before_ekf,both,-1.2988701270191327e-05,-0.5123644963713223,0.04899957829123763,0.012485027973621032,0.5313109090631873,-1.962957099182395e-05,-0.5120382795198739,0.049484022129540846,0.011454266637030891,0.5667285215862573,nan,nan,nan,nan,-0.4923,nan,nan,nan,,0.08526187799725449,0.07424186299977009,0.06299128299724543,0.06299128299724543,0.040427535997878294,0.028750931996910367,nan,profile,1,1,1,2,15.900678634643555,84.09932136535645,0.8,-0.8,
1785159589.9387524,16.009654802001023,8.888888888888891,1.5736805685409183,-8.888888888888891,-1.5736805685409183,0.0,0.0011700249085559136,-2.8055409433631424,-0.5085637722095168,0.04934309547250737,0.012675302501401932,0.4638297412454179,before_ekf,both,0.0011700249085559136,-0.5085637722095168,0.04934309547250737,0.012675302501401932,0.4638297412454179,0.0017105232333778195,-0.5111813403024535,0.04962391513959191,0.011545968846631359,0.5307215485952366,nan,nan,nan,nan,-0.4869,nan,nan,nan,,0.07384918000025209,0.0604052929993486,0.045562856998003554,0.045562856998003554,0.03341952199843945,0.022480270999949425,nan,profile,1,1,1,2,16.010292768478394,83.9897072315216,0.8,-0.8,
1785159590.0408366,16.11173735900229,8.888888888888891,1.5712571136560474,-8.888888888888891,-1.5712571136560474,0.0,0.0011700249085552434,-2.8055409433631424,-0.5082927398243022,0.04934309547250737,0.012675302501401932,0.4307777406816116,before_ekf,both,0.0011700249085552434,-0.5082927398243022,0.04934309547250737,0.012675302501401932,0.4307777406816116,0.0012620130132307663,-0.5069937619618575,0.04976530451477291,0.011620876318757427,0.4602919508301331,nan,nan,nan,nan,-0.4883,nan,nan,nan,,0.06780500800232403,0.057132562000333564,0.04590288699910161,0.04590288699910161,0.034681442000874085,0.02348252199954004,nan,profile,1,1,1,2,16.11250138282776,83.88749861717224,0.8,-0.8,
1785159590.1423764,16.213273086003028,8.888888888888891,1.5717962878752803,-8.888888888888891,-1.5717962878752803,0.0,0.0023483528043838067,-2.8055409433631424,-0.5039268865236277,0.049708894502863255,0.012818129386617727,0.36329657286384043,before_ekf,both,0.0023483528043838067,-0.5039268865236277,0.049708894502863255,0.012818129386617727,0.36329657286384043,0.002083478915728785,-0.5030183125322233,0.04998284339470513,0.011721495061380207,0.394595289622524,nan,nan,nan,nan,-0.4945,nan,nan,nan,,0.06703332400138606,0.056100388002960244,0.044383612999808975,0.044383612999808975,0.03314381500240415,0.022117079002782702,nan,profile,1,1,1,2,16.21403694152832,83.78596305847168,0.8,-0.8,
1785159590.2440145,16.31491542799995,8.888888888888891,1.5711403751142394,-8.888888888888891,-1.5711403751142394,0.0,0.0011744693666413649,-2.8055409433631424,-0.49979570170034265,0.049708894502863255,0.012818129386617732,0.29719257173622765,before_ekf,both,0.0011744693666413649,-0.49979570170034265,0.049708894502863255,0.012818129386617732,0.29719257173622765,0.001473456805129101,-0.5013482236219085,0.05005417890369664,0.011747735308594992,0.3600562485444083,nan,nan,nan,nan,-0.4975,nan,nan,nan,,0.06776003699997091,0.0568884349995642,0.04525269699661294,0.04525269699661294,0.03369919099714025,0.022625905996392248,nan,profile,1,1,1,2,16.316019773483276,83.68398022651672,0.8,-0.8,
1785159590.345947,16.41685035900082,8.888888888888891,1.5705156756436591,-8.888888888888891,-1.5705156756436591,0.0,0.0011744693666413636,-2.8055409433631424,-0.4999333995659817,0.049708894502863255,0.012818129386617735,0.2641405711724212,before_ekf,both,0.0011744693666413636,-0.4999333995659817,0.049708894502863255,0.012818129386617735,0.2641405711724212,0.0012319711245540833,-0.4993186028639462,0.05019417941892128,0.011794701552222548,0.29600453039300545,nan,nan,nan,nan,-0.4922,nan,nan,nan,,0.0667652599986468,0.05590764899898204,0.04472412500035716,0.04472412500035716,0.03312335499867913,0.021896113998082,nan,profile,1,1,1,2,16.41744899749756,83.58255100250244,0.8,-0.8,
1785159590.4484477,16.519341550003446,8.888888888888891,1.5704685700043368,-8.888888888888891,-1.5704685700043368,0.0,1.5520910768309243e-18,-2.8055409433631424,-0.4958152445381395,0.049708894502863255,0.012818129386617742,0.1980365700448084,before_ekf,both,1.5520910768309243e-18,-0.4958152445381395,0.049708894502863255,0.012818129386617742,0.1980365700448084,0.0012127156109242839,-0.4985946973046238,0.050265760949464194,0.011815332968708344,0.2643050916693474,nan,nan,nan,nan,-0.5038,nan,nan,nan,,0.06883233000189648,0.05795709400263149,0.04640489100347622,0.04640489100347622,0.03469884500009357,0.023437053001543973,nan,profile,1,1,1,2,16.520430088043213,83.47956991195679,0.8,-0.8,
1785159590.5643926,16.63529664700036,8.888888888888891,1.5701658424025384,-8.888888888888891,-1.5701658424025384,0.0,6.132285219762868e-18,-2.8055409433631424,-0.4959869263083799,0.04970889450286348,0.01281812938661778,0.16498456948100196,before_ekf,both,6.132285219762868e-18,-0.4959869263083799,0.04970889450286348,0.01281812938661778,0.16498456948100196,9.305073989056945e-05,-0.4969097221669741,0.05026225058921135,0.011811203264105981,0.20171945815611542,nan,nan,nan,nan,-0.5063,nan,nan,nan,,0.06922563899934175,0.05805591999887838,0.04620417099795304,0.04620417099795304,0.03315183299855562,0.02185692199782352,nan,profile,1,1,1,2,16.635884523391724,83.36411547660828,0.8,-0.8,
1785159590.6697307,16.74063400000159,8.888888888888891,1.5707672204783012,-8.888888888888891,-1.5707672204783012,0.0,6.643094262896341e-16,-2.8055409433631424,-0.4959459541303371,0.04970889450286348,0.012818129386617774,0.09888056835338913,before_ekf,both,6.643094262896341e-16,-0.4959459541303371,0.04970889450286348,0.012818129386617774,0.09888056835338913,1.5689878463098313e-05,-0.49743072169100233,0.05026265194176035,0.011811115347394412,0.1654987061830915,nan,nan,nan,nan,-0.5083,nan,nan,nan,,0.07057668400011607,0.0573413950005488,0.04550501400080975,0.04550501400080975,0.0337208790006116,0.022355010998580838,nan,profile,1,1,1,2,16.74127173423767,83.25872826576233,0.8,-0.8,
1785159590.801949,16.872851962001732,8.888888888888891,1.309899957828675,-8.888888888888891,-1.5718799493944102,0.0,-0.0011737663221107865,-2.8055409433631424,-0.5002120037453747,0.04931683567506198,0.012795806185842673,0.03139940053561978,before_ekf,both,-0.0011737663221107865,-0.5002120037453747,0.04931683567506198,0.012795806185842673,0.03139940053561978,-0.0009212143441294784,-0.4991948530140307,0.05019199431177133,0.011800629105960013,0.09740687755267574,nan,nan,nan,nan,-0.5064,nan,nan,nan,,0.09711286200035829,0.08617261199833592,0.0627790360013023,0.0627790360013023,0.04141454199998407,0.022371610000845976,nan,profile,1,1,1,2,16.873756885528564,83.12624311447144,0.8,-0.8,
1785159590.9039726,16.97487577600259,8.888888888888891,1.5702619509503686,-8.888888888888891,-1.5702619509503686,0.0,8.035482195620225e-07,-2.8055409433631424,-0.5040680559012298,0.0497091553614479,0.012778668116412015,-0.05260776756405278,before_ekf,both,8.035482195620225e-07,-0.5040680559012298,0.0497091553614479,0.012778668116412015,-0.05260776756405278,-0.0012006470337761926,-0.5003465630176601,0.05003645550117972,0.011789814888300365,0.030728727792855626,nan,nan,nan,nan,-0.505,nan,nan,nan,,0.06699829200078966,0.05578270000114571,0.04430872200100566,0.04430872200100566,0.0328851170015696,0.021976733001793036,nan,profile,1,1,1,2,16.975534200668335,83.02446579933167,0.8,-0.8,
1785159591.005254,17.076158090003446,8.888888888888891,1.5711671065203645,-8.888888888888891,-1.5711671065203645,0.0,8.035482195620225e-07,-2.8055409433631424,-0.5040971951812623,0.0497091553614479,0.012778668116412015,-0.06913376784595598,before_ekf,both,8.035482195620225e-07,-0.5040971951812623,0.0497091553614479,0.012778668116412015,-0.06913376784595598,-0.0002825459920048107,-0.5022741083893401,0.050029727508766254,0.011792070963104731,-0.002940030347081013,nan,nan,nan,nan,-0.5006,nan,nan,nan,,0.06716444700214197,0.05640280600346159,0.045073433000652585,0.045073433000652585,0.03385475100003532,0.022939362002944108,nan,profile,1,1,1,2,17.076902866363525,82.92309713363647,0.8,-0.8,
1785159591.1066427,17.177540502001648,8.888888888888891,1.5690809760902154,-8.888888888888891,-1.5690809760902154,0.0,0.0023950954940183825,-2.8055409433631424,-0.5044300851373595,0.05009865349380961,0.012728671570164668,-0.15314093594563036,before_ekf,both,0.0023950954940183825,-0.5044300851373595,0.05009865349380961,0.012728671570164668,-0.15314093594563036,-4.006281807429158e-05,-0.5015167499858845,0.05002823118817973,0.011792894203585752,-0.06985186069928505,nan,nan,nan,nan,-0.4991,nan,nan,nan,,0.06657999899834977,0.05563912100114976,0.04430867400151328,0.04430867400151328,0.0331014769981266,0.022258644999965327,nan,profile,1,1,1,2,17.17818284034729,82.82181715965271,0.8,-0.8,
1785159591.2075467,17.27844988900324,8.888888888888891,1.5709585596853555,-8.888888888888891,-1.5709585596853555,0.0,0.0023950954940183825,-2.8055409433631424,-0.5037392570629817,0.05009865349380961,0.012728671570164668,-0.16966693622753354,before_ekf,both,0.0023950954940183825,-0.5037392570629817,0.05009865349380961,0.012728671570164668,-0.16966693622753354,0.0022467319283245987,-0.49994226336716974,0.050320674802752395,0.011768958339221602,-0.134844417340362,nan,nan,nan,nan,-0.4957,nan,nan,nan,,0.06714984599966556,0.05616490800093743,0.04452031800246914,0.04452031800246914,0.033272651002334896,0.022352763000526465,nan,profile,1,1,1,2,17.279120206832886,82.72087979316711,0.8,-0.8,
1785159591.3082328,17.379136125000514,8.888888888888891,1.4677343541444936,-8.888888888888891,-1.7123567465019092,0.0,0.0023843395724778248,-2.8055409433631424,-0.5035980950206257,0.05048116712185149,0.012639835912278938,-0.2371481040453029,before_ekf,both,0.0023843395724778248,-0.5035980950206257,0.05048116712185149,0.012639835912278938,-0.2371481040453029,0.0024088622052154613,-0.500674416817603,0.05047899865228706,0.011745366433268796,-0.1683167724208907,nan,nan,nan,nan,-0.4977,nan,nan,nan,,0.06691312699695118,0.05600786399736535,0.04457961499792873,0.04457961499792873,0.03328694299852941,0.02229731799889123,nan,profile,1,1,1,2,17.37977886199951,82.62022113800049,0.8,-0.8,
1785159591.413102,17.48400006200245,8.888888888888891,1.5706355251298338,-8.888888888888891,-1.5706355251298338,0.0,0.0023843395724771578,-2.8055409433631424,-0.5006263133190405,0.05048116712185149,0.012639835912278938,-0.27020010460910754,before_ekf,both,0.0023843395724771578,-0.5006263133190405,0.05048116712185149,0.012639835912278938,-0.27020010460910754,0.0024646811981219037,-0.49886903293005697,0.05081275914743255,0.011676893975160701,-0.23952853964100296,nan,nan,nan,nan,-0.4983,nan,nan,nan,,0.07024697399901925,0.059367728001234354,0.04806648200246855,0.04806648200246855,0.034186368000518996,0.022814992000348866,nan,profile,1,1,1,2,17.484999895095825,82.51500010490417,0.8,-0.8,
1785159591.5166829,17.587578246002522,8.888888888888891,1.5708867784556004,-8.888888888888891,-1.5708867784556004,0.0,0.0025192505161497113,-2.8055409433631424,-0.496394158525615,0.05085687741126575,0.012525957252787281,-0.33492693904656207,before_ekf,both,0.0025192505161497113,-0.496394158525615,0.05085687741126575,0.012525957252787281,-0.33492693904656207,0.0016742150404314194,-0.49842545019239326,0.050874030073615954,0.011658525143904875,-0.2681318118889892,nan,nan,nan,nan,-0.4994,nan,nan,nan,,0.06796831300016493,0.05702138100241427,0.04561566900156322,0.04561566900156322,0.03396823500224855,0.022922241001651855,nan,profile,1,1,1,2,17.588711977005005,82.411288022995,0.8,-0.8,
1785159591.6224113,17.693313265001052,8.888888888888891,1.5707618956941432,-8.888888888888891,-1.5707618956941432,0.0,0.0025192505161503774,-2.8055409433631424,-0.4957407711219057,0.05085687741126596,0.012525957252787203,-0.3679789396103684,before_ekf,both,0.0025192505161503774,-0.4957407711219057,0.05085687741126596,0.012525957252787203,-0.3679789396103684,0.002512620959154222,-0.4975911790495297,0.05119763136265697,0.01156088331361587,-0.33450282653785945,nan,nan,nan,nan,-0.499,nan,nan,nan,,0.07056190000002971,0.05961152300005779,0.04514653499791166,0.04514653499791166,0.03366389499933575,0.02255616500042379,nan,profile,1,1,1,2,17.694110870361328,82.30588912963867,0.8,-0.8,
1785159591.7246032,17.795496689002903,8.888888888888891,1.5709195340139492,-8.888888888888891,-1.5709195340139492,0.0,0.002537703863644783,-2.8055409433631424,-0.5000231871087784,0.051222003666223974,0.012381419134319829,-0.43546010742813784,before_ekf,both,0.002537703863644783,-0.5000231871087784,0.051222003666223974,0.012381419134319829,-0.43546010742813784,0.0025836550731508745,-0.49877687197052345,0.05136317206637332,0.011500537456181898,-0.36906617757228544,nan,nan,nan,nan,-0.4917,nan,nan,nan,,0.06754071800241945,0.05652710700087482,0.04519966100269812,0.04519966100269812,0.03360586900089402,0.022568903001229046,nan,profile,1,1,1,2,17.796568393707275,82.20343160629272,0.8,-0.8,
1785159591.8264399,17.89734283800135,8.888888888888891,1.5709450795844824,-8.888888888888891,-1.5709450795844824,0.0,0.0023931916670871076,-2.8055409433631424,-0.4967684316497807,0.05122200366622377,0.012381419134319928,-0.46851210799194426,before_ekf,both,0.0023931916670871076,-0.4967684316497807,0.05122200366622377,0.012381419134319928,-0.46851210799194426,0.0025058514589842993,-0.49987325743736477,0.05168096402496828,0.011364911383458229,-0.43923211423935266,nan,nan,nan,nan,-0.4975,nan,nan,nan,,0.06719139699998777,0.05633234999913839,0.04472189199805143,0.04472189199805143,0.033207278000190854,0.022099858000729,nan,profile,1,1,1,2,17.898012399673462,82.10198760032654,0.8,-0.8,
1785159591.9323225,18.00322248000157,8.888888888888891,1.832600351072934,-8.888888888888891,-1.5708003009196578,0.0,0.0023520489283167132,-2.8055409433631424,-0.5040647255234318,0.0515646261499035,0.012189538224828562,-0.5359932758097153,before_ekf,both,0.0023520489283167132,-0.5040647255234318,0.0515646261499035,0.012189538224828562,-0.5359932758097153,0.002403761088297935,-0.5018057796213795,0.051806350334487404,0.011303567286813285,-0.4693630509423148,nan,nan,nan,nan,-0.4946,nan,nan,nan,,0.06783618199915509,0.05698661399947014,0.04544282300048508,0.04544282300048508,0.0338382689988066,0.022681876998831285,nan,profile,1,1,1,2,18.004090547561646,81.99590945243835,0.8,-0.8,
1785159592.0329773,18.1038803190022,8.888888888888891,1.570854542664248,-8.888888888888891,-1.8326636331082893,0.0,0.0011697816320311919,-2.8055409433631424,-0.5001395404708855,0.051564626149903314,0.012189538224828676,-0.5690452763735219,before_ekf,both,0.0011697816320311919,-0.5001395404708855,0.051564626149903314,0.012189538224828676,-0.5690452763735219,0.0015546371408644045,-0.5022002139920235,0.05201971908749522,0.011184926359840591,-0.5395864309103886,nan,nan,nan,nan,-0.4899,nan,nan,nan,,0.06633183899975847,0.05557418299940764,0.044390022001607576,0.044390022001607576,0.03314440900066984,0.022177685001224745,nan,profile,1,1,1,2,18.104549646377563,81.89545035362244,0.8,-0.8,
1785159592.134932,18.205833553001867,8.888888888888891,1.5865940597134038,-8.888888888888891,-1.5865940597134038,0.0,0.0011697816320318545,-2.8055409433631424,-0.5000561431212958,0.05156462614990332,0.012189538224828678,-0.6351492775011346,before_ekf,both,0.0011697816320318545,-0.5000561431212958,0.05156462614990332,0.012189538224828678,-0.6351492775011346,0.001284729086418259,-0.5011962962569922,0.05206163475475891,0.01115852301118711,-0.562863275516043,nan,nan,nan,nan,-0.4954,nan,nan,nan,,0.06728256000133115,0.05649240999991889,0.04512211600012961,0.04512211600012961,0.033537190000060946,0.02250970300156041,nan,profile,1,1,1,2,18.206482887268066,81.79351711273193,0.8,-0.8,
1785159592.2360399,18.30694324200158,8.888888888888891,1.576753728103177,-8.888888888888891,-1.576753728103177,0.0,0.001169781632031186,-2.8055409433631424,-0.4994965036871185,0.05156462614990332,0.012189538224828678,-0.6682012780649393,before_ekf,both,0.001169781632031186,-0.4994965036871185,0.05156462614990332,0.012189538224828678,-0.6682012780649393,0.0011833436800183133,-0.5021074447921641,0.05220825154756896,0.011058344649610048,-0.6384025701742186,nan,nan,nan,nan,-0.4925,nan,nan,nan,,0.06701235400032601,0.05621221700130263,0.04467357600151445,0.04467357600151445,0.03306280199831235,0.022051599000405986,nan,profile,1,1,1,2,18.30767297744751,81.69232702255249,0.8,-0.8,
1785159592.3392594,18.410162539003068,8.888888888888891,1.5895569615647778,-8.888888888888891,-1.5895569615647778,0.0,3.617963092936472e-18,-2.8055409433631424,-0.49550839487926934,0.05156462614990332,0.012189538224828681,-0.7343052791925523,before_ekf,both,3.617963092936472e-18,-0.49550839487926934,0.05156462614990332,0.012189538224828681,-0.7343052791925523,0.00031842835666536434,-0.5008693986163123,0.05219973167622569,0.01106166485190845,-0.6703422119790696,nan,nan,nan,nan,-0.4834,nan,nan,nan,,0.06788562400106457,0.05691275500066695,0.04519402000005357,0.04519402000005357,0.0336238490017422,0.022410949000914115,nan,profile,1,1,1,2,18.410844564437866,81.58915543556213,0.8,-0.8,
1785159592.4567006,18.527411323000706,8.888888888888891,1.344346793352851,-8.888888888888891,-1.6132161520234214,0.0,-0.0011773573097293576,-2.8055409433631424,-0.49177530824862414,0.05127955548084462,0.012459620311020334,-0.7990321136300067,before_ekf,both,-0.0011773573097293576,-0.49177530824862414,0.05127955548084462,0.012459620311020334,-0.7990321136300067,-0.0008731526299600989,-0.49943453153339273,0.05213390022667866,0.011114818766164464,-0.7364856719099593,nan,nan,nan,nan,-0.4911,nan,nan,nan,,0.08300598499772605,0.07224301499809371,0.06076820999805932,0.06076820999805932,0.04903349699816317,0.037778059999254765,nan,profile,1,1,1,2,18.531787157058716,81.46821284294128,0.8,-0.8,
1785159592.5658858,18.636789261003287,8.888888888888891,1.5709200995895434,-8.888888888888891,-1.5709200995895434,0.0,-2.1169749693741255e-06,-2.8055409433631424,-0.4960483582551715,0.051550890198561974,0.012175743716861588,-0.8334612808839714,before_ekf,both,-2.1169749693741255e-06,-0.4960483582551715,0.051550890198561974,0.012175743716861588,-0.8334612808839714,-0.0003673948779667402,-0.49761638799901564,0.05208002295397602,0.011167571171730176,-0.8029603766683664,nan,nan,nan,nan,-0.4939,nan,nan,nan,,0.06731628700072179,0.05638744200041401,0.044942471002286766,0.044942471002286766,0.03310316700299154,0.022144959002616815,nan,profile,1,1,1,2,18.637399673461914,81.36260032653809,0.8,-0.8,
1785159592.6687639,18.739658321002935,8.888888888888891,1.57177076179638,-8.888888888888891,-1.8337325554291102,0.0,-2.1169749693882472e-06,-2.8055409433631424,-0.49570454494679606,0.05155089019856197,0.01217574371686158,-0.8995652820115841,before_ekf,both,-2.1169749693882472e-06,-0.49570454494679606,0.05155089019856197,0.01217574371686158,-0.8995652820115841,-0.00013249571787791366,-0.4955615570366725,0.05208175861814289,0.011166911966506892,-0.8343782276980525,nan,nan,nan,nan,-0.4965,nan,nan,nan,,0.06803949300228851,0.057104540999716846,0.04552838500239886,0.04552838500239886,0.03438435000134632,0.02322184800141258,nan,profile,1,1,1,2,18.74070429801941,81.25929570198059,0.8,-0.8,
1785159592.7711396,18.842039905001002,8.888888888888891,1.570745403228924,-8.888888888888891,-1.570745403228924,0.0,0.0023513954101766297,-2.8055409433631424,-0.4956651053379173,0.051782436402972934,0.01185857503167669,-0.9642921164490389,before_ekf,both,0.0023513954101766297,-0.4956651053379173,0.051782436402972934,0.01185857503167669,-0.9642921164490389,0.0008195916819084376,-0.49363998684550403,0.052136982819105546,0.01110436676575821,-0.9018775965190029,nan,nan,nan,nan,-0.4983,nan,nan,nan,,0.06761194600039744,0.05690653999772621,0.04525105699940468,0.04525105699940468,0.033646503998170374,0.022370778999174945,nan,profile,1,1,1,2,18.842895030975342,81.15710496902466,0.8,-0.8,
1785159592.8739567,18.944856666003034,8.888888888888891,1.308628193743314,-8.888888888888891,-1.570353832491977,0.0,0.0011761550754173114,-2.8055409433631424,-0.4917314856157839,0.05178243640297306,0.011858575031676505,-0.9973441170128452,before_ekf,both,0.0011761550754173114,-0.4917314856157839,0.05178243640297306,0.011858575031676505,-0.9973441170128452,0.0019487523620710808,-0.4927115589746416,0.05224607246325086,0.010967320259946367,-0.9376052985217216,nan,nan,nan,nan,-0.4993,nan,nan,nan,,0.06851518400071654,0.057733435001864564,0.046192016001441516,0.046192016001441516,0.03450038000300992,0.02297477500178502,nan,profile,1,1,1,2,18.945797443389893,81.05420255661011,0.8,-0.8,
1785159592.9752452,19.04614879300061,8.888888888888891,1.5699371786738674,-8.888888888888891,-1.5699371786738674,0.0,0.0013424329634744033,-2.8055409433631424,-0.4912168254328015,0.051776870022859925,0.01185523882381782,-1.063448118140458,before_ekf,both,0.0013424329634744033,-0.4912168254328015,0.051776870022859925,0.01185523882381782,-1.063448118140458,0.0004450289982217174,-0.4930527484532459,0.052279488911603965,0.01091266738159377,-1.00044963855452,nan,nan,nan,nan,-0.51,nan,nan,nan,,0.06657633599752444,0.055880484000226716,0.04472588999851723,0.04472588999851723,0.03303187900019111,0.02187645499725477,nan,profile,1,1,1,2,19.046793937683105,80.9532060623169,0.8,-0.8,
1785159593.0758598,19.146763727003417,8.888888888888891,1.5696950287627167,-8.888888888888891,-1.5696950287627167,0.0,0.0013424329634743998,-2.8055409433631424,-0.4914324282924493,0.05177687002285982,0.011855238823818014,-1.0965001187042642,before_ekf,both,0.0013424329634743998,-0.4914324282924493,0.05177687002285982,0.011855238823818014,-1.0965001187042642,0.0012821769059887,-0.49375390435589994,0.052375374922729326,0.010757545865761605,-1.0658809792324078,nan,nan,nan,nan,-0.5139,nan,nan,nan,,0.06678068500332301,0.05597776700233226,0.044791250002163,0.044791250002163,0.033386937000614125,0.02221461200315389,nan,profile,1,1,1,2,19.14737105369568,80.85262894630432,0.8,-0.8,
1785159593.1772215,19.24811926700204,8.888888888888891,1.5716770631875658,-8.888888888888891,-1.5716770631875658,0.0,0.0013454980382358295,-2.8055409433631424,-0.4997434247653071,0.051953083845596826,0.011504301310254202,-1.1639812865220338,before_ekf,both,0.0013454980382358295,-0.4997434247653071,0.051953083845596826,0.011504301310254202,-1.1639812865220338,0.001343092895121694,-0.4958970743155254,0.05242088934075194,0.010672335695532931,-1.1014703205800265,nan,nan,nan,nan,-0.5188,nan,nan,nan,,0.06752027599941357,0.05652572400140343,0.045308723998459755,0.045308723998459755,0.03407407199847512,0.022831012000096962,nan,profile,1,1,1,2,19.2491295337677,80.7508704662323,0.8,-0.8,
1785159593.2825847,19.35348141200302,8.888888888888891,1.5712079361379265,-8.888888888888891,-1.5712079361379265,0.0,0.0024452652309379518,-2.8055409433631424,-0.49905805929327823,0.051953083845596826,0.011504301310254202,-1.1970332870858402,before_ekf,both,0.0024452652309379518,-0.49905805929327823,0.051953083845596826,0.011504301310254202,-1.1970332870858402,0.0021692595619529115,-0.5000238957647469,0.052528880555935825,0.010445179704580723,-1.165864914576771,nan,nan,nan,nan,-0.5179,nan,nan,nan,,0.07034675900285947,0.05956786400201963,0.0480323869996937,0.0480323869996937,0.03431797300072503,0.02290654500029632,nan,profile,1,1,1,2,19.354403257369995,80.64559674263,0.8,-0.8,
1785159593.3851478,19.456049959000666,8.888888888888891,1.5702324249264572,-8.888888888888891,-1.5702324249264572,0.0,-6.08171990407757e-07,-2.8055409433631424,-0.5040083793693444,0.05181298122246921,0.01187115237641391,-1.2645144549036111,before_ekf,both,-6.08171990407757e-07,-0.5040083793693444,0.05181298122246921,0.01187115237641391,-1.2645144549036111,0.0004927437811376442,-0.5031680561133456,0.052529978301744065,0.010430939392694741,-1.2016135600515354,nan,nan,nan,nan,-0.5207,nan,nan,nan,,0.0675346139978501,0.05650438099837629,0.04459910099831177,0.04459910099831177,0.03303994099769625,0.022025808997568674,nan,profile,1,1,1,2,19.456855535507202,80.5431444644928,0.8,-0.8,
1785159593.4875965,19.558498792001046,8.888888888888891,1.5720230392533476,-8.888888888888891,-1.5720230392533476,0.0,2.74455508204232e-06,-2.8055409433631424,-0.5038410914978114,0.05192802821902191,0.01149568914474674,-1.298943622157576,before_ekf,both,2.74455508204232e-06,-0.5038410914978114,0.05192802821902191,0.01149568914474674,-1.298943622157576,2.5996332921711666e-05,-0.5055332412711532,0.05252881950635066,0.010430356329441668,-1.2665956959807618,nan,nan,nan,nan,-0.5192,nan,nan,nan,,0.06780545500078006,0.05703255299886223,0.04527316600069753,0.04527316600069753,0.033828109997557476,0.022439838998252526,nan,profile,1,1,1,2,19.55929183959961,80.44070816040039,0.8,-0.8,
1785159593.5891235,19.66002390000358,8.888888888888891,1.5706163498673653,-8.888888888888891,-1.5706163498673653,0.0,-1.0813523747626814e-05,-2.8055409433631424,-0.512330957736304,0.051921195071251945,0.011494035607307626,-1.3678019566655037,before_ekf,both,-1.0813523747626814e-05,-0.512330957736304,0.051921195071251945,0.011494035607307626,-1.3678019566655037,-0.0008837301526085483,-0.5069890823371372,0.05250191907279736,0.010512068765905271,-1.3024199006882806,nan,nan,nan,nan,-0.519,nan,nan,nan,,0.06662721200336819,0.055953308001335245,0.044837139001174364,0.044837139001174364,0.03362113500043051,0.022559846001968253,nan,profile,1,1,1,2,19.66090726852417,80.33909273147583,0.8,-0.8,
1785159593.689865,19.7607697070016,8.888888888888891,1.5701558131340447,-8.888888888888891,-1.5701558131340447,0.0,-9.85087422378933e-06,-2.8055409433631424,-0.5122552784510762,0.05185185086485697,0.01188055835022092,-1.4022311239194702,before_ekf,both,-9.85087422378933e-06,-0.5122552784510762,0.05185185086485697,0.01188055835022092,-1.4022311239194702,-0.00011563663464195549,-0.5081932857582412,0.05250587196927878,0.010507282067608465,-1.3683364708520747,nan,nan,nan,nan,-0.5076,nan,nan,nan,,0.06639321599868708,0.05560802699983469,0.04449747900071088,0.04449747900071088,0.032989768998959335,0.021839152999746148,nan,profile,1,1,1,2,19.761323928833008,80.23867607116699,0.8,-0.8,
1785159593.7914782,19.862377089000802,8.888888888888891,1.5705243433891085,-8.888888888888891,-1.5705243433891085,0.0,-0.0011924237514756631,-2.8055409433631424,-0.5083545553814676,0.051851850864857,0.011880558350220699,-1.4683351250470849,before_ekf,both,-0.0011924237514756631,-0.5083545553814676,0.051851850864857,0.011880558350220699,-1.4683351250470849,-6.234903377488305e-05,-0.5081422140068841,0.0525060487747545,0.010507768522742175,-1.4024608499714313,nan,nan,nan,nan,-0.5018,nan,nan,nan,,0.06721972999730497,0.056390252997516654,0.044926267000846565,0.044926267000846565,0.033343078997859266,0.022413017999497242,nan,profile,1,1,1,2,19.86325478553772,80.13674521446228,0.8,-0.8,
1785159593.8968947,19.967793359002826,8.888888888888891,1.5708856002235576,-8.888888888888891,-1.5708856002235576,0.0,-1.080952908140945e-05,-2.8055409433631424,-0.5038915568072168,0.05185185086485699,0.011880558350220921,-1.5013871256108895,before_ekf,both,-1.080952908140945e-05,-0.5038915568072168,0.05185185086485699,0.011880558350220921,-1.5013871256108895,-0.00029481097400917367,-0.5036860837470736,0.05249314389343172,0.010587417788815116,-1.4682017833761272,nan,nan,nan,nan,-0.4971,nan,nan,nan,,0.07042328600073233,0.059595186001388356,0.04587851600081194,0.04587851600081194,0.03412518400000408,0.02285929500067141,nan,profile,1,1,1,2,19.96872639656067,80.03127360343933,0.8,-0.8,
1785159593.9992428,20.070142737000424,8.888888888888891,1.5715714415455815,-8.888888888888891,-1.5715714415455815,0.0,-2.7427687398027395e-06,-2.8055409433631424,-0.4950334904955761,0.05186482470114601,0.011880915485175739,-1.5674911267385039,before_ekf,both,-2.7427687398027395e-06,-0.4950334904955761,0.05186482470114601,0.011880915485175739,-1.5674911267385039,-0.00011842209096553004,-0.5020438576378239,0.05249365223798656,0.010588649929556661,-1.5031199653803387,nan,nan,nan,nan,-0.5009,nan,nan,nan,,0.06724572699749842,0.05633981799837784,0.04476215499744285,0.04476215499744285,0.033278085000347346,0.02218053099932149,nan,profile,1,1,1,2,20.07095694541931,79.92904305458069,0.8,-0.8,
1785159594.1045141,20.175416759000655,8.888888888888891,1.5706896612600005,-8.888888888888891,-1.5706896612600005,0.0,-4.8032306174168596e-05,-2.8055409433631424,-0.4962081070186589,0.05187131369102237,0.011880826711165613,-1.6005431273023087,before_ekf,both,-4.8032306174168596e-05,-0.4962081070186589,0.05187131369102237,0.011880826711165613,-1.6005431273023087,-6.549925451932126e-05,-0.49712237085675437,0.052493900637842546,0.010591618434050458,-1.5676600287091758,nan,nan,nan,nan,-0.4946,nan,nan,nan,,0.0707814729976235,0.0599554979999084,0.047847754998656455,0.047847754998656455,0.0356658749988128,0.024082059997454053,nan,profile,1,1,1,2,20.176197290420532,79.82380270957947,0.8,-0.8,
1785159594.2070036,20.277902827001526,8.888888888888891,1.5708334298805107,-8.888888888888891,-1.5708334298805107,0.0,-4.803230617216099e-05,-2.8055409433631424,-0.4956692438323397,0.05187131369102235,0.011880826711165169,-1.6666471284299198,before_ekf,both,-4.803230617216099e-05,-0.4956692438323397,0.05187131369102235,0.011880826711165169,-1.6666471284299198,-7.082711053411501e-05,-0.4966556492713125,0.052494008688365075,0.010595267919708015,-1.6036840143428024,nan,nan,nan,nan,-0.4879,nan,nan,nan,,0.06801019900012761,0.05708439299996826,0.04505048500141129,0.04505048500141129,0.03375911900002393,0.022569698998267995,nan,profile,1,1,1,2,20.278825283050537,79.72117471694946,0.8,-0.8,
1785159594.3134487,20.384348293002404,8.888888888888891,1.5714732860570644,-8.888888888888891,-1.5714732860570644,0.0,-0.002396072732874531,-2.8055409433631424,-0.49690171492439994,0.05192527696085242,0.01226979510995765,-1.750654296529594,before_ekf,both,-0.002396072732874531,-0.49690171492439994,0.05192527696085242,0.01226979510995765,-1.750654296529594,-0.0009172252380224429,-0.4958779342774873,0.05249828562603522,0.010680724322230512,-1.6669953929849028,nan,nan,nan,nan,-0.4871,nan,nan,nan,,0.0714987999999721,0.060437013999035116,0.04822549199889181,0.04822549199889181,0.036377690001245355,0.025012885002070107,nan,profile,1,1,1,2,20.385321140289307,79.6146788597107,0.8,-0.8,
1785159594.4171786,20.488075310000568,8.888888888888891,1.5735653139421875,-8.888888888888891,-1.5735653139421875,0.0,-0.0011860557413764295,-2.8055409433631424,-0.5000288407102506,0.05192527696085242,0.01226979510995765,-1.7671802968114956,before_ekf,both,-0.0011860557413764295,-0.5000288407102506,0.05192527696085242,0.01226979510995765,-1.7671802968114956,-0.0015911229450856787,-0.4992308940028384,0.052527824640074536,0.010923643783695576,-1.7373649800703412,nan,nan,nan,nan,-0.4902,nan,nan,nan,,0.06763295799828484,0.056830900997738354,0.045133702999009984,0.045133702999009984,0.03378862399767968,0.022625150999374455,nan,profile,1,1,1,2,20.489099740982056,79.51090025901794,0.8,-0.8,
1785159594.5196025,20.59050502300306,8.888888888888891,1.5712795581101981,-8.888888888888891,-1.5712795581101981,0.0,-0.0011790814579818035,-2.8055409433631424,-0.5002526084739077,0.05193159581872577,0.012268316290963808,-1.8498102982210114,before_ekf,both,-0.0011790814579818035,-0.5002526084739077,0.05193159581872577,0.012268316290963808,-1.8498102982210114,-0.0004967161342247889,-0.500451748930205,0.052529377533015745,0.010913131166446682,-1.7670238502112463,nan,nan,nan,nan,-0.4854,nan,nan,nan,,0.06715425299989874,0.05586925399984466,0.04453262400056701,0.04453262400056701,0.03324153500216198,0.022289415002887836,nan,profile,1,1,1,2,20.591174840927124,79.40882515907288,0.8,-0.8,
1785159594.6201522,20.69105489499998,8.888888888888891,1.5707726395434924,-8.888888888888891,-1.5707726395434924,0.0,-0.0011790814579818035,-2.8055409433631424,-0.5000493535929144,0.05193159581872577,0.012268316290963808,-1.8663362985029128,before_ekf,both,-0.0011790814579818035,-0.5000493535929144,0.05193159581872577,0.012268316290963808,-1.8663362985029128,-0.0011642395342225218,-0.49735236020361456,0.05256223631940763,0.011061220767969475,-1.8341871696041532,nan,nan,nan,nan,-0.4893,nan,nan,nan,,0.06667619099971489,0.05600336499992409,0.044816598998295376,0.044816598998295376,0.03305676699892501,0.021867273997486336,nan,profile,1,1,1,2,20.691730260849,79.308269739151,0.8,-0.8,
1785159594.7212343,20.79213802600134,8.888888888888891,1.5709757165119653,-8.888888888888891,-1.5709757165119653,0.0,6.974283395947145e-06,-2.8055409433631424,-0.4957835286169831,0.05193159581872578,0.012268316290963806,-1.9324402996305259,before_ekf,both,6.974283395947145e-06,-0.4957835286169831,0.05193159581872578,0.012268316290963806,-1.9324402996305259,-0.00035395917827056285,-0.49625087417680425,0.05256455502776268,0.011060629803562554,-1.8682191203173686,nan,nan,nan,nan,-0.495,nan,nan,nan,,0.06691824899826315,0.05606083100065007,0.04429729700132157,0.04429729700132157,0.032983198998408625,0.02209099199899356,nan,profile,1,1,1,2,20.794187307357788,79.20581269264221,0.8,-0.8,
1785159594.8240817,20.894981859000836,8.888888888888891,1.5713032763709525,-8.888888888888891,-1.5713032763709525,0.0,-0.001169432805450109,-2.8055409433631424,-0.49154863271846416,0.05193159581872578,0.012268316290963806,-1.9654923001943285,before_ekf,both,-0.001169432805450109,-0.49154863271846416,0.05193159581872578,0.012268316290963806,-1.9654923001943285,-0.0008928805123547238,-0.49327461424934715,0.05259134996212847,0.011139493940258913,-1.9359104023819986,nan,nan,nan,nan,-0.5002,nan,nan,nan,,0.06766150299881701,0.05673626999850967,0.045510620999266393,0.045510620999266393,0.0337497729997267,0.022467763999884482,nan,profile,1,1,1,2,20.895766496658325,79.10423350334167,0.8,-0.8,
1785159594.9272501,20.998151574000076,8.888888888888891,1.8324561547333014,-8.888888888888891,-1.5706767040571157,0.0,-6.245004513516506e-18,-2.8055409433631424,-0.49598444563592353,0.05193159581872578,0.012268316290963806,-2.0315963013219416,before_ekf,both,-6.245004513516506e-18,-0.49598444563592353,0.05193159581872578,0.012268316290963806,-2.0315963013219416,-0.0002659924716868967,-0.49354014682122105,0.052591063163027786,0.01113347047880477,-1.96755140543317,nan,nan,nan,nan,-0.5043,nan,nan,nan,,0.06775161899713567,0.05687540699727833,0.044917449999047676,0.044917449999047676,0.033441591996961506,0.022240933998546097,nan,profile,1,1,1,2,20.999128341674805,79.0008716583252,0.8,-0.8,
1785159595.0299404,21.10083966300226,8.888888888888891,1.5712742770044759,-8.888888888888891,-1.5712742770044759,0.0,1.327045294975527e-15,-2.8055409433631424,-0.49572289214116794,0.05193159581872557,0.012268316290963414,-2.064648301885746,before_ekf,both,1.327045294975527e-15,-0.49572289214116794,0.05193159581872557,0.012268316290963414,-2.064648301885746,-2.480769658620694e-05,-0.49527049219557434,0.05259103070006797,0.011131507815950965,-2.0343968486284325,nan,nan,nan,nan,-0.508,nan,nan,nan,,0.06789656700129854,0.056995983999513555,0.0455325430011726,0.0455325430011726,0.034148784001445165,0.02293634200032102,nan,profile,1,1,1,2,21.102027654647827,78.89797234535217,0.8,-0.8,
1785159595.136314,21.207212128003448,8.888888888888891,1.5711008218451785,-8.888888888888891,-1.5711008218451785,0.0,-1.366853460634566e-17,-2.8055409433631424,-0.4959237621036011,0.05193159581872579,0.0122683162909638,-2.1307523030133573,before_ekf,both,-1.366853460634566e-17,-0.4959237621036011,0.05193159581872579,0.0122683162909638,-2.1307523030133573,-8.203648344784863e-06,-0.49415252473379934,0.05259098794252471,0.01113130392461107,-2.0640895944497206,nan,nan,nan,nan,-0.5086,nan,nan,nan,,0.06985856400206103,0.05887834700115491,0.04582500500328024,0.04582500500328024,0.03397709600176313,0.022738194002158707,nan,profile,1,1,1,2,21.208222150802612,78.79177784919739,0.8,-0.8,
1785159595.2391424,21.310040234002372,8.888888888888891,1.570334193145196,-8.888888888888891,-1.570334193145196,0.0,-1.366853460634566e-17,-2.8055409433631424,-0.49579272873940533,0.05193159581872579,0.0122683162909638,-2.1968563041409666,before_ekf,both,-1.366853460634566e-17,-0.49579272873940533,0.05193159581872579,0.0122683162909638,-2.1968563041409666,-1.904159852926431e-06,-0.4918269083950964,0.052591009677972034,0.011131287282515539,-2.132095447102059,nan,nan,nan,nan,-0.5167,nan,nan,nan,,0.06744510700082174,0.056617835001816275,0.04528273799951421,0.04528273799951421,0.0340861570002744,0.022937857000215445,nan,profile,1,1,1,2,21.311058044433594,78.6889419555664,0.8,-0.8,
1785159595.3412104,21.41210979200332,8.888888888888891,1.5703703638337068,-8.888888888888891,-1.5703703638337068,0.0,-1.3437778266012878e-15,-2.8055409433631424,-0.4960229976969737,0.05193159581872579,0.0122683162909638,-2.229908304704773,before_ekf,both,-1.3437778266012878e-15,-0.4960229976969737,0.05193159581872579,0.0122683162909638,-2.229908304704773,-1.4000934825580952e-06,-0.49302857208530715,0.05259101174530015,0.011131280612439865,-2.164396597875041,nan,nan,nan,nan,-0.5147,nan,nan,nan,,0.06692371700046351,0.056026242000370985,0.0448418740015768,0.0448418740015768,0.033110875003330875,0.022105382002337137,nan,profile,1,1,1,2,21.412927389144897,78.5870726108551,0.8,-0.8,
1785159595.4427307,21.5136296410019,8.888888888888891,1.5707256598474602,-8.888888888888891,-1.5707256598474602,0.0,0.0011827087417270025,-2.8055409433631424,-0.49162237596102915,0.051678693125171773,0.011967900167507513,-2.2946351391422275,before_ekf,both,0.0011827087417270025,-0.49162237596102915,0.051678693125171773,0.011967900167507513,-2.2946351391422275,-1.1816932951514522e-06,-0.49448709482063646,0.05259102076544772,0.011131279288167182,-2.2318016675933783,nan,nan,nan,nan,-0.5075,nan,nan,nan,,0.06771515199943678,0.056914971999503905,0.045282707000296796,0.045282707000296796,0.033790430999943055,0.022607650000281865,nan,profile,1,1,1,2,21.51428508758545,78.48571491241455,0.8,-0.8,
1785159595.544693,21.61559507200218,8.888888888888891,1.570710251873094,-8.888888888888891,-1.570710251873094,0.0,0.0011827087417270025,-2.8055409433631424,-0.4917120269381017,0.051678693125171773,0.011967900167507513,-2.3276871397060304,before_ekf,both,0.0011827087417270025,-0.4917120269381017,0.051678693125171773,0.011967900167507513,-2.3276871397060304,0.0011215565063875212,-0.49401058990951424,0.052489000726490445,0.011002530483772385,-2.2959479307900525,nan,nan,nan,nan,-0.5013,nan,nan,nan,,0.0672221550012182,0.056337402002100134,0.04482847200051765,0.04482847200051765,0.033325414999126224,0.022163928999361815,nan,profile,1,1,1,2,21.616241455078125,78.38375854492188,0.8,-0.8,
1785159595.6473882,21.718284993999987,8.888888888888891,1.570669071186749,-8.888888888888891,-1.570669071186749,0.0,1.155470254433303e-05,-2.8055409433631424,-0.49562200654137883,0.05195088667607467,0.012250953379107058,-2.3951683075238033,before_ekf,both,1.155470254433303e-05,-0.49562200654137883,0.05195088667607467,0.012250953379107058,-2.3951683075238033,0.0003383158400661213,-0.4963469908257757,0.05248898893227388,0.01100614335164977,-2.330731953702713,nan,nan,nan,nan,-0.4983,nan,nan,nan,,0.0683876559996861,0.057647933997941436,0.04598263299703831,0.04598263299703831,0.03421099399929517,0.023062607997417217,nan,profile,1,1,1,2,21.71942639350891,78.28057360649109,0.8,-0.8,
1785159595.7484417,21.81934442000056,8.888888888888891,1.5706098954003127,-8.888888888888891,-1.5706098954003127,0.0,1.155470254433303e-05,-2.8055409433631424,-0.49562545977501415,0.05195088667607467,0.012250953379107058,-2.428220308087606,before_ekf,both,1.155470254433303e-05,-0.49562545977501415,0.05195088667607467,0.012250953379107058,-2.428220308087606,3.632300529573203e-05,-0.4998026902622397,0.05248913653462407,0.011007654539293385,-2.397300114426709,nan,nan,nan,nan,-0.4951,nan,nan,nan,,0.06619234000027063,0.0554394909995608,0.044176141997013474,0.044176141997013474,0.03302134799741907,0.02215306699872599,nan,profile,1,1,1,2,21.819960355758667,78.18003964424133,0.8,-0.8,
1785159595.850462,21.921365252001124,8.888888888888891,1.5709298558326426,-8.888888888888891,-1.5709298558326426,0.0,1.4440686906118903e-05,-2.8055409433631424,-0.5040165026130321,0.051647497556324,0.012001627303922664,-2.495701475905379,before_ekf,both,1.4440686906118903e-05,-0.5040165026130321,0.051647497556324,0.012001627303922664,-2.495701475905379,1.8095073286948134e-05,-0.5047977935589486,0.052488517003790924,0.011007165276647494,-2.4310718554697597,nan,nan,nan,nan,-0.4857,nan,nan,nan,,0.06766320099995937,0.05664801099919714,0.04516143699947861,0.04516143699947861,0.033715555000526365,0.022497631998703582,nan,profile,1,1,1,2,21.922144174575806,78.0778558254242,0.8,-0.8,
1785159595.9544249,22.02532706600323,8.888888888888891,1.5035835844766947,-8.888888888888891,-1.5035835844766947,0.0,9.322057841868597e-06,-2.8055409433631424,-0.5041385564627124,0.051963191852062274,0.012235177215907776,-2.530130643159342,before_ekf,both,9.322057841868597e-06,-0.5041385564627124,0.051963191852062274,0.012235177215907776,-2.530130643159342,7.744219028267783e-06,-0.5078597419640385,0.05248738323124151,0.01100625387559988,-2.497131956468617,nan,nan,nan,nan,-0.4919,nan,nan,nan,,0.0688690349998069,0.05797365900070872,0.04603260899966699,0.04603260899966699,0.03415953500007163,0.022768700000597164,nan,profile,1,1,1,2,22.02613663673401,77.97386336326599,0.8,-0.8,
1785159596.059255,22.130150932000106,8.888888888888891,1.3265841549618367,-8.888888888888891,-1.5919009859542044,0.0,-0.0011642101030970799,-2.8055409433631424,-0.5082934707056692,0.052297369641152745,0.012441414106468603,-2.597611810977113,before_ekf,both,-0.0011642101030970799,-0.5082934707056692,0.052297369641152745,0.012441414106468603,-2.597611810977113,6.142675377060326e-06,-0.5100836999309031,0.052486879693357316,0.011005878268464284,-2.53272447696989,nan,nan,nan,nan,-0.4859,nan,nan,nan,,0.06922865099841147,0.05822692199944868,0.04641549999723793,0.04641549999723793,0.03474649700001464,0.023501317999034654,nan,profile,1,1,1,2,22.13128972053528,77.86871027946472,0.8,-0.8,
1785159596.162434,22.233337602003303,8.888888888888891,1.5706142768940619,-8.888888888888891,-1.8323833230430722,0.0,-0.00352672467853644,-2.8055409433631424,-0.5081786699259287,0.052641617977962636,0.012630362597739551,-2.648566978512981,before_ekf,both,-0.00352672467853644,-0.5081786699259287,0.052641617977962636,0.012630362597739551,-2.648566978512981,-0.0029477270095962242,-0.5125002224544289,0.0527361033476987,0.011175298261471138,-2.5994303011998725,nan,nan,nan,nan,-0.4862,nan,nan,nan,,0.06784620500184246,0.057047247002628865,0.04528109100283473,0.04528109100283473,0.03362252200167859,0.0223739499997464,nan,profile,1,1,1,2,22.234009742736816,77.76599025726318,0.8,-0.8,
1785159596.2636545,22.33454514600089,8.888888888888891,1.8391718390299632,-8.888888888888891,-1.5764330048828257,0.0,-0.0011725389938368423,-2.8055409433631424,-0.5081355502670309,0.052288192716455024,0.012459192990979999,-2.699522146048849,before_ekf,both,-0.0011725389938368423,-0.5081355502670309,0.052288192716455024,0.012459192990979999,-2.699522146048849,-0.0034142583516415565,-0.5132953071417582,0.05294709702465885,0.011299147812406773,-2.6353764256920047,nan,nan,nan,nan,-0.4853,nan,nan,nan,,0.0674169689991686,0.05665642699750606,0.04509853199851932,0.04509853199851932,0.03382035399772576,0.022795711000071606,nan,profile,1,1,1,2,22.335541248321533,77.66445875167847,0.8,-0.8,
1785159596.3644664,22.43536908900205,8.888888888888891,1.8321298039848928,-8.888888888888891,-1.570396974844194,0.0,-0.0011725389938381753,-2.8055409433631424,-0.5083544850468387,0.052288192716455434,0.012459192990980179,-2.7325741466126536,before_ekf,both,-0.0011725389938381753,-0.5083544850468387,0.052288192716455434,0.012459192990980179,-2.7325741466126536,-0.0014114692577248845,-0.5137225478856904,0.05307504653411709,0.011357491808788587,-2.7022171465841427,nan,nan,nan,nan,-0.4915,nan,nan,nan,,0.06612974400195526,0.05543032300192863,0.0442446140004904,0.0442446140004904,0.03295338899988565,0.02194482000049902,nan,profile,1,1,1,2,22.435981512069702,77.5640184879303,0.8,-0.8,
1785159596.4658496,22.536752448002517,8.888888888888891,1.572161528980202,-8.888888888888891,-1.572161528980202,0.0,-0.001173116202512791,-2.8055409433631424,-0.5080399793861182,0.05264987745755972,0.012612139379632948,-2.8000553144304248,before_ekf,both,-0.001173116202512791,-0.5080399793861182,0.05264987745755972,0.012612139379632948,-2.8000553144304248,-0.0012729552992351535,-0.5130273649224052,0.053152467488094365,0.011391751096508905,-2.739280608320004,nan,nan,nan,nan,-0.4975,nan,nan,nan,,0.06730314400192583,0.05663317200014717,0.0453287000018463,0.0453287000018463,0.03400464399965131,0.022638897000433644,nan,profile,1,1,1,2,22.537484407424927,77.46251559257507,0.8,-0.8,
1785159596.5675552,22.638451871000143,8.888888888888891,1.5702832367472896,-8.888888888888891,-1.8319971095385044,0.0,3.803646835106947e-06,-2.8055409433631424,-0.504141070036232,0.05264987745756014,0.012612139379633087,-2.8331073149942294,before_ekf,both,3.803646835106947e-06,-0.504141070036232,0.05264987745756014,0.012612139379633087,-2.8331073149942294,-0.00035006215526696833,-0.5069626347925864,0.053214203959832264,0.011414055962246646,-2.80465033760998,nan,nan,nan,nan,-0.5002,nan,nan,nan,,0.0673051569974632,0.05647825799678685,0.04514039199784747,0.04514039199784747,0.0338699079984508,0.02278230599767994,nan,profile,1,1,1,2,22.639325380325317,77.36067461967468,0.8,-0.8,
1785159596.6707132,22.741615322000143,8.888888888888891,1.5705670240093914,-8.888888888888891,-1.5705670240093914,0.0,-0.001151193891305137,-2.8055409433631424,-0.5079670118208561,0.05265189172898315,0.012605403742681522,-2.9019656495021606,before_ekf,both,-0.001151193891305137,-0.5079670118208561,0.05265189172898315,0.012605403742681522,-2.9019656495021606,-0.0009388979348459534,-0.5059915953515031,0.053291475596427454,0.011441791794724623,-2.8391689711383696,nan,nan,nan,nan,-0.503,nan,nan,nan,,0.06837002099928213,0.057603645997005515,0.04617355599839357,0.04617355599839357,0.0346772829980182,0.023480463998566847,nan,profile,1,1,1,2,22.742429971694946,77.25757002830505,0.8,-0.8,
1785159596.7733927,22.84429059700051,8.888888888888891,1.5688616066615617,-8.888888888888891,-1.8303385411051554,0.0,2.291547830976287e-05,-2.8055409433631424,-0.5038965944763282,0.05265189172898315,0.012605403742681522,-2.96806965062977,before_ekf,both,2.291547830976287e-05,-0.5038965944763282,0.05265189172898315,0.012605403742681522,-2.96806965062977,-0.0003000593143784677,-0.5017519636431514,0.053358047906330815,0.011459695580335678,-2.9047322194392793,nan,nan,nan,nan,-0.5075,nan,nan,nan,,0.06830050499775098,0.057492789997922955,0.04624438599785208,0.04624438599785208,0.03443094199974439,0.023299929998756852,nan,profile,1,1,1,2,22.8450984954834,77.1549015045166,0.8,-0.8,
1785159596.8757114,22.94661489900318,8.888888888888891,1.5099590934465255,-8.888888888888891,-1.5099590934465255,0.0,2.2915478311085678e-05,-2.8055409433631424,-0.5038840721140827,0.05265189172898315,0.012605403742681529,-3.0011216511935763,before_ekf,both,2.2915478311085678e-05,-0.5038840721140827,0.05265189172898315,0.012605403742681529,-3.0011216511935763,9.767543896879832e-06,-0.5014093813555587,0.05335336763847036,0.011457820574722324,-2.9698261144101843,nan,nan,nan,nan,-0.5079,nan,nan,nan,,0.06765155300308834,0.05675110900119762,0.045205088001239346,0.045205088001239346,0.03359086000273237,0.022502659001474967,nan,profile,1,1,1,2,22.947603702545166,77.05239629745483,0.8,-0.8,
1785159596.9781098,23.04900859600093,8.888888888888891,1.3047156970959244,-8.888888888888891,-1.5656588365151094,0.0,0.0011786463409539463,-2.8055409433631424,-0.49992812490019733,0.05226051550528275,0.012573261849894215,-3.0686028190113457,before_ekf,both,0.0011786463409539463,-0.49992812490019733,0.05226051550528275,0.012573261849894215,-3.0686028190113457,1.428198319054662e-05,-0.4971019504545747,0.05335329041172381,0.01145784893440459,-3.004505722363858,nan,nan,nan,nan,-0.5096,nan,nan,nan,,0.06688177999967593,0.05604468199817347,0.04469498999969801,0.04469498999969801,0.03345993999755592,0.022557053998752963,nan,profile,1,1,1,2,23.049970149993896,76.9500298500061,0.8,-0.8,
1785159597.0804672,23.15137047600001,8.888888888888891,1.5715079527411364,-8.888888888888891,-1.5715079527411364,0.0,0.0011786463409539335,-2.8055409433631424,-0.499892522068477,0.05226051550528275,0.012573261849894223,-3.101654819575152,before_ekf,both,0.0011786463409539335,-0.499892522068477,0.05226051550528275,0.012573261849894223,-3.101654819575152,0.0011330052011930178,-0.4946378072494513,0.05319149315858147,0.011437382425960086,-3.0703020808801824,nan,nan,nan,nan,-0.5099,nan,nan,nan,,0.06744166499993298,0.056499386999348644,0.04518259799806401,0.04518259799806401,0.03374656199957826,0.02230446399698849,nan,profile,1,1,1,2,23.152132987976074,76.84786701202393,0.8,-0.8,
1785159597.181181,23.252077742999973,8.888888888888891,1.5694319724982448,-8.888888888888891,-1.5694319724982448,0.0,0.0011786463409526047,-2.8055409433631424,-0.5000662171877752,0.05226051550528319,0.012573261849894221,3.1154264864768235,before_ekf,both,0.0011786463409526047,-0.5000662171877752,0.05226051550528319,0.012573261849894221,3.1154264864768235,0.0012114043283696287,-0.49414155847276847,0.05310635541559025,0.01143255887019366,-3.1058363145661816,nan,nan,nan,nan,-0.5082,nan,nan,nan,,0.066452789997129,0.05565045099865529,0.04416410799967707,0.04416410799967707,0.03295370999694569,0.021997801999532385,nan,profile,1,1,1,2,23.252901077270508,76.74709892272949,0.8,-0.8,
1785159597.2849083,23.355811680001352,8.888888888888891,1.5707639690571342,-8.888888888888891,-1.5707639690571342,0.0,0.001178646340955266,-2.8055409433631424,-0.49998140011454684,0.05226051550528275,0.012573261849894244,3.082374485913019,before_ekf,both,0.001178646340955266,-0.49998140011454684,0.05226051550528275,0.012573261849894244,3.082374485913019,0.0012336527723012965,-0.49436852243979434,0.05295182239995537,0.01143188575415355,3.1125040650405786,nan,nan,nan,nan,-0.5059,nan,nan,nan,,0.06982956700085197,0.05906627600052161,0.047721168000862235,0.047721168000862235,0.03657896499862545,0.022391681999579305,nan,profile,1,1,1,2,23.356451988220215,76.64354801177979,0.8,-0.8,
1785159597.3859146,23.456815580000693,8.888888888888891,1.5675563445862715,-8.888888888888891,-1.5675563445862715,0.0,-1.3531602804280482e-15,-2.8055409433631424,-0.49585521389281,0.05226051550528319,0.012573261849894208,3.016270484785408,before_ekf,both,-1.3531602804280482e-15,-0.49585521389281,0.05226051550528319,0.012573261849894208,3.016270484785408,0.0003680005936613341,-0.4920348289112667,0.05295967459751219,0.01143430042920372,3.0808212239085115,nan,nan,nan,nan,-0.5041,nan,nan,nan,,0.06678619100057404,0.05591267699855962,0.044424140000046464,0.044424140000046464,0.03297647100043832,0.022070515999075724,nan,profile,1,1,1,2,23.457645654678345,76.54235434532166,0.8,-0.8,
1785159597.487451,23.5583512910016,8.888888888888891,1.5713313336873906,-8.888888888888891,-1.5713313336873906,0.0,-0.0010721348511757462,-2.8055409433631424,-0.49282201794309105,0.05264974813814551,0.012521227465549812,2.9845956509117615,before_ekf,both,-0.0010721348511757462,-0.49282201794309105,0.05264974813814551,0.012521227465549812,2.9845956509117615,-0.0007506184452790516,-0.49203033655125217,0.05303738776636413,0.011429339497665045,3.015536398271287,nan,nan,nan,nan,-0.5035,nan,nan,nan,,0.06730529999913415,0.05654877699998906,0.04493887499847915,0.04493887499847915,0.033601306000491604,0.02252045700151939,nan,profile,1,1,1,2,23.559228897094727,76.44077110290527,0.8,-0.8,
1785159597.5883753,23.659277597002074,8.888888888888891,1.5708404988297238,-8.888888888888891,-1.5708404988297238,0.0,-0.0034753999334417953,-2.8055409433631424,-0.4927555222208337,0.05342065708165369,0.012372376618093487,2.918491649784147,before_ekf,both,-0.0034753999334417953,-0.4927555222208337,0.05342065708165369,0.012372376618093487,2.918491649784147,-0.0018669965177317237,-0.49469011363671483,0.05319393643717326,0.01141040706902347,2.9819176484635666,nan,nan,nan,nan,-0.5021,nan,nan,nan,,0.06664276900119148,0.05587609299982432,0.04467413900056272,0.04467413900056272,0.033344210001814645,0.0222761859986349,nan,profile,1,1,1,2,23.6599702835083,76.3400297164917,0.8,-0.8,
1785159597.6903522,23.761250817002292,8.888888888888891,1.5700646138822432,-8.888888888888891,-1.5700646138822432,0.0,-0.004668189552498055,-2.8055409433631424,-0.49669621681927295,0.05380114875996894,0.012275239074518008,2.8840624825301804,before_ekf,both,-0.004668189552498055,-0.49669621681927295,0.05380114875996894,0.012275239074518008,2.8840624825301804,-0.004338561411189262,-0.4976876379359492,0.053756262755474404,0.011307286100115128,2.9141650331551805,nan,nan,nan,nan,-0.4959,nan,nan,nan,,0.06774195700199925,0.056841125999198994,0.04548480300218216,0.04548480300218216,0.034188476001872914,0.022566070001630578,nan,profile,1,1,1,2,23.762243032455444,76.23775696754456,0.8,-0.8,
1785159597.792979,23.86388096600058,8.888888888888891,1.5719852349479402,-8.888888888888891,-1.5719852349479402,0.0,-0.004764972952355704,-2.8055409433631424,-0.5036682112866802,0.05417439149569082,0.0121531804411454,2.8165813147124092,before_ekf,both,-0.004764972952355704,-0.5036682112866802,0.05417439149569082,0.0121531804411454,2.8165813147124092,-0.0046907227184927285,-0.49923532745035076,0.05404407289321562,0.011237262033639674,2.8827970271098655,nan,nan,nan,nan,-0.4983,nan,nan,nan,,0.06795444199815392,0.05720639399805805,0.045568707999336766,0.045568707999336766,0.03373321499748272,0.02270321099786088,nan,profile,1,1,1,2,23.86459970474243,76.13540029525757,0.8,-0.8,
1785159597.9002154,23.971117253000557,8.888888888888891,1.5712635734437317,-8.888888888888891,-1.5712635734437317,0.0,-0.003590235537644825,-2.8055409433631424,-0.49973703395706676,0.05417439149569082,0.0121531804411454,2.7835293141485993,before_ekf,both,-0.003590235537644825,-0.49973703395706676,0.05417439149569082,0.0121531804411454,2.7835293141485993,-0.004060379899834764,-0.504697700397815,0.05459510071525952,0.01107027370462959,2.8127232613024917,nan,nan,nan,nan,-0.4997,nan,nan,nan,,0.0722694819996832,0.06141568299790379,0.05005395999978646,0.05005395999978646,0.03474721199745545,0.023237997000251198,nan,profile,1,1,1,2,23.972190141677856,76.02780985832214,0.8,-0.8,
1785159598.0037177,24.074621306001063,8.888888888888891,1.569638561392014,-8.888888888888891,-1.569638561392014,0.0,-0.0011752957075258739,-2.8055409433631424,-0.5081933314969141,0.054174810283407,0.012153592382247043,2.71467097964067,before_ekf,both,-0.0011752957075258739,-0.5081933314969141,0.054174810283407,0.012153592382247043,2.71467097964067,-0.0036988085177754007,-0.5050832502321456,0.05480652446558627,0.010993410848577658,2.7802712631918673,nan,nan,nan,nan,-0.4953,nan,nan,nan,,0.06812073000037344,0.05720305499926326,0.045370512998488266,0.045370512998488266,0.03366677099984372,0.022376069999154424,nan,profile,1,1,1,2,24.075188875198364,75.92481112480164,0.8,-0.8,
1785159598.1118212,24.18272222700034,8.888888888888891,1.570046582450379,-8.888888888888891,-1.570046582450379,0.0,-0.0011741437536601832,-2.8055409433631424,-0.5079491330083833,0.0545221340333702,0.011970358481285897,2.647189811822895,before_ekf,both,-0.0011741437536601832,-0.5079491330083833,0.0545221340333702,0.011970358481285897,2.647189811822895,-0.0014798743595337783,-0.5108318780824117,0.05494817086584219,0.010927191312449111,2.7151990784819455,nan,nan,nan,nan,-0.4898,nan,nan,nan,,0.07094286099891178,0.057849138996971305,0.045710099999269005,0.045710099999269005,0.033277444999839645,0.02233748299840954,nan,profile,1,1,1,2,24.183379411697388,75.81662058830261,0.8,-0.8,
1785159598.2119534,24.28285597500144,8.888888888888891,1.570260491104912,-8.888888888888891,-1.570260491104912,0.0,-0.002360968651099519,-2.8055409433631424,-0.5124948434136157,0.05486294460615034,0.011775277464190782,2.6127606445689304,before_ekf,both,-0.002360968651099519,-0.5124948434136157,0.05486294460615034,0.011775277464190782,2.6127606445689304,-0.0020722279696326223,-0.5112635762941532,0.05516450753102453,0.010820710643777365,2.6460282784723557,nan,nan,nan,nan,-0.4838,nan,nan,nan,,0.06641837200004375,0.05554006400052458,0.04419606399824261,0.04419606399824261,0.032972487999359146,0.022051435000321362,nan,profile,1,1,1,2,24.28345012664795,75.71654987335205,0.8,-0.8,
1785159598.3157504,24.38665390800088,8.888888888888891,1.5685652779717734,-8.888888888888891,-1.5685652779717734,0.0,-0.0023545911946070332,-2.8055409433631424,-0.5041477121779011,0.05486294460615035,0.011775277464190789,2.546656643441314,before_ekf,both,-0.0023545911946070332,-0.5041477121779011,0.05486294460615035,0.011775277464190789,2.546656643441314,-0.002309335741057196,-0.5104451691205021,0.055313119747035,0.010738133932174999,2.6093028662972895,nan,nan,nan,nan,-0.4853,nan,nan,nan,,0.07005257700075163,0.05934463299854542,0.04703139900084352,0.04703139900084352,0.03568842099775793,0.02427916499800631,nan,profile,1,1,1,2,24.389471530914307,75.6105284690857,0.8,-0.8,
1785159598.433728,24.50463116800165,8.888888888888891,1.569524791979922,-8.888888888888891,-1.569524791979922,0.0,-0.0036370991595104144,-2.8055409433631424,-0.5090458748384152,0.055182455263672624,0.011546976370282715,2.512227476187349,before_ekf,both,-0.0036370991595104144,-0.5090458748384152,0.055182455263672624,0.011546976370282715,2.512227476187349,-0.003338064424815139,-0.5064402433070881,0.05565831555329614,0.010522300707464863,2.542086053409946,nan,nan,nan,nan,-0.4931,nan,nan,nan,,0.0742649989988422,0.06114122899816721,0.0447732239990728,0.0447732239990728,0.03307271199810202,0.022123683000245364,nan,profile,1,1,1,2,24.505260467529297,75.4947395324707,0.8,-0.8,
1785159598.539785,24.61068839800282,8.888888888888891,1.5732823804139553,-8.888888888888891,-1.8354961104829477,0.0,-0.0012825079649033868,-2.8055409433631424,-0.5010862594943296,0.055182455263672624,0.011546976370282715,2.4461234750597294,before_ekf,both,-0.0012825079649033868,-0.5010862594943296,0.055182455263672624,0.011546976370282715,2.4461234750597294,-0.0027639361268972074,-0.5025088989749227,0.05579493226132283,0.01042331499480842,2.5073335907190106,nan,nan,nan,nan,-0.4915,nan,nan,nan,,0.0680801810012781,0.05722278599932906,0.045820294002623996,0.045820294002623996,0.03418878000229597,0.02292437100186362,nan,profile,1,1,1,2,24.611374378204346,75.38862562179565,0.8,-0.8,
1785159598.640678,24.711580538001726,8.888888888888891,1.5697709367213208,-8.888888888888891,-1.5697709367213208,0.0,-0.0012837658732628365,-2.8055409433631424,-0.49267193304182405,0.055190799807824806,0.011556199894749724,2.3827738073124367,before_ekf,both,-0.0012837658732628365,-0.49267193304182405,0.055190799807824806,0.011556199894749724,2.3827738073124367,-0.002269891653340502,-0.49598210329032705,0.055979348660818384,0.010274601778304922,2.4424024636811126,nan,nan,nan,nan,-0.4911,nan,nan,nan,,0.06663894099983736,0.055835848001152044,0.044472115998360096,0.044472115998360096,0.03319929999997839,0.02211171000089962,nan,profile,1,1,1,2,24.71243691444397,75.28756308555603,0.8,-0.8,
1785159598.7422354,24.813137565000943,8.888888888888891,1.5714614478527003,-8.888888888888891,-1.5714614478527003,0.0,-1.2579083594553564e-06,-2.8055409433631424,-0.48793327189443625,0.055190799807824806,0.011556199894749724,2.3497218067486267,before_ekf,both,-1.2579083594553564e-06,-0.48793327189443625,0.055190799807824806,0.011556199894749724,2.3497218067486267,-0.0004257250858142105,-0.49061180818291983,0.05602617502217589,0.01022706992964392,2.378800857875939,nan,nan,nan,nan,-0.4926,nan,nan,nan,,0.06681867599763791,0.05606865200024913,0.04484295599831967,0.04484295599831967,0.03335323899955256,0.022276608000538545,nan,profile,1,1,1,2,24.813887357711792,75.18611264228821,0.8,-0.8,
1785159598.843112,24.914015787002427,8.888888888888891,1.5700547742244828,-8.888888888888891,-1.5700547742244828,0.0,-1.2579083594553564e-06,-2.8055409433631424,-0.4875430664393658,0.055190799807824806,0.011556199894749724,2.283617805621007,before_ekf,both,-1.2579083594553564e-06,-0.4875430664393658,0.055190799807824806,0.011556199894749724,2.283617805621007,-8.398798498364533e-05,-0.48944096220677813,0.05602435481812724,0.010227631808766407,2.344541972226459,nan,nan,nan,nan,-0.499,nan,nan,nan,,0.06689907799955108,0.05613407700002426,0.04437575699921581,0.04437575699921581,0.033127172999229515,0.02199721199940541,nan,profile,1,1,1,2,24.914650917053223,75.08534908294678,0.8,-0.8,
1785159598.9440284,25.0149326690007,8.888888888888891,1.5695869443583992,-8.888888888888891,-1.5695869443583992,0.0,0.0011707461398017063,-2.8055409433631424,-0.49171906482420696,0.055190799807824806,0.011556199894749724,2.2505658050572,before_ekf,both,0.0011707461398017063,-0.49171906482420696,0.055190799807824806,0.011556199894749724,2.2505658050572,0.0008995033169232848,-0.48858931450854926,0.05596616432213483,0.010288890919457176,2.2809832579321707,nan,nan,nan,nan,-0.5026,nan,nan,nan,,0.06711654899845598,0.05619101800039061,0.04428499300047406,0.04428499300047406,0.032975034999253694,0.021885128997382708,nan,profile,1,1,1,2,25.01554846763611,74.98445153236389,0.8,-0.8,
1785159599.0459726,25.116875868003262,8.888888888888891,1.571661825245441,-8.888888888888891,-1.571661825245441,0.0,0.0011748128252766445,-2.8055409433631424,-0.491599112321651,0.05496179436896162,0.01187520793322279,2.1858389706197423,before_ekf,both,0.0011748128252766445,-0.491599112321651,0.05496179436896162,0.01187520793322279,2.1858389706197423,0.00030438566055633577,-0.49025792667502716,0.05596931486495455,0.010288307952894994,2.2466693126812736,nan,nan,nan,nan,-0.5045,nan,nan,nan,,0.06773309100026381,0.05682460600291961,0.04546991500319564,0.04546991500319564,0.03370532000189996,0.02242081800068263,nan,profile,1,1,1,2,25.11755919456482,74.88244080543518,0.8,-0.8,
1785159599.148502,25.219404793002468,8.888888888888891,1.572096387623606,-8.888888888888891,-1.572096387623606,0.0,0.0011748128252753137,-2.8055409433631424,-0.4918459581632807,0.05496179436896187,0.01187520793322242,2.152786970055936,before_ekf,both,0.0011748128252753137,-0.4918459581632807,0.05496179436896187,0.01187520793322242,2.152786970055936,0.001183315008165355,-0.49006634117461795,0.05587046901905164,0.010415485255482986,2.1829589037645922,nan,nan,nan,nan,-0.5119,nan,nan,nan,,0.06640429700200912,0.05561711500195088,0.04425496900148573,0.04425496900148573,0.033044281000911724,0.022062628999265144,nan,profile,1,1,1,2,25.22003436088562,74.77996563911438,0.8,-0.8,
1785159599.2485642,25.319467824003368,8.888888888888891,1.5749675811846369,-8.888888888888891,-1.5749675811846369,0.0,0.0011748128252766468,-2.8055409433631424,-0.49167587707936,0.05496179436896163,0.011875207933222796,2.086682968928323,before_ekf,both,0.0011748128252766468,-0.49167587707936,0.05496179436896163,0.011875207933222796,2.086682968928323,0.0012442849218859825,-0.4918685110990476,0.055823917287048705,0.010484136897499429,2.148467022239954,nan,nan,nan,nan,-0.5178,nan,nan,nan,,0.06633742499980144,0.05551634700168506,0.04432459900272079,0.04432459900272079,0.033233363003091654,0.022160543001518818,nan,profile,1,1,1,2,25.320186614990234,74.67981338500977,0.8,-0.8,
1785159599.3515513,25.422447999000724,8.888888888888891,1.5707393246648045,-8.888888888888891,-1.5707393246648045,0.0,0.0011748128252766419,-2.8055409433631424,-0.4915971894321351,0.05496179436896164,0.0118752079332228,2.0536309683645166,before_ekf,both,0.0011748128252766419,-0.4915971894321351,0.05496179436896164,0.0118752079332228,2.0536309683645166,0.0012594409536328093,-0.4941380528904015,0.05574290942670327,0.010618012754106657,2.082802299792201,nan,nan,nan,nan,-0.5188,nan,nan,nan,,0.0683771349977178,0.05745057699823519,0.04608732499764301,0.04608732499764301,0.0344853909991798,0.023097580000467133,nan,profile,1,1,1,2,25.423483848571777,74.57651615142822,0.8,-0.8,
1785159599.4548771,25.525778951003304,8.888888888888891,1.5713864138210145,-8.888888888888891,-1.5713864138210145,0.0,0.0011666083486213338,-2.8055409433631424,-0.49972743065984365,0.05478838927454959,0.012227541756438596,1.9861498005467453,before_ekf,both,0.0011666083486213338,-0.49972743065984365,0.05478838927454959,0.012227541756438596,1.9861498005467453,0.0012515272828101261,-0.49823783122507875,0.05570582209398245,0.01068682403512323,2.0493497751649823,nan,nan,nan,nan,-0.5168,nan,nan,nan,,0.0679848950021551,0.0570246870011033,0.04565064800044638,0.04565064800044638,0.034166925001045456,0.02284567300011986,nan,profile,1,1,1,2,25.526670455932617,74.47332954406738,0.8,-0.8,
1785159599.5571575,25.628059769001993,8.888888888888891,1.5709134069711181,-8.888888888888891,-1.5709134069711181,0.0,0.0011666083486200033,-2.8055409433631424,-0.4998968673752017,0.054788389274549765,0.012227541756438188,1.9530977999829389,before_ekf,both,0.0011666083486200033,-0.4998968673752017,0.054788389274549765,0.012227541756438188,1.9530977999829389,0.0012396288316567736,-0.5010631460019601,0.05564067433718088,0.010823412966818036,1.984273278534622,nan,nan,nan,nan,-0.5126,nan,nan,nan,,0.06740554399948451,0.05664911300118547,0.04507637799906661,0.04507637799906661,0.03346793300079298,0.02237586800038116,nan,profile,1,1,1,2,25.629087924957275,74.37091207504272,0.8,-0.8,
1785159599.6610208,25.731918933000998,8.888888888888891,1.5700737003742993,-8.888888888888891,-1.5700737003742993,0.0,0.0011739713691319735,-2.8055409433631424,-0.508272211493323,0.05480113656342395,0.01223204533990779,1.8842394654750094,before_ekf,both,0.0011739713691319735,-0.508272211493323,0.05480113656342395,0.01223204533990779,1.8842394654750094,0.0003742218447355343,-0.503804671923042,0.05564504790609255,0.010820320273970133,1.9489289120237834,nan,nan,nan,nan,-0.5066,nan,nan,nan,,0.0682192229978682,0.05743581299975631,0.04602514100042754,0.04602514100042754,0.03460127699872828,0.023471825999877183,nan,profile,1,1,1,2,25.732876539230347,74.26712346076965,0.8,-0.8,
1785159599.7820275,25.85293037700103,8.888888888888891,1.5705983999845305,-8.888888888888891,-1.5705983999845305,0.0,7.363020511957708e-06,-2.8055409433631424,-0.5042224779712737,0.05480113656342407,0.012232045339907365,1.8016094640654934,before_ekf,both,7.363020511957708e-06,-0.5042224779712737,0.05480113656342407,0.012232045339907365,1.8016094640654934,0.00030894821938486663,-0.506632559354391,0.05561784252625181,0.010892555155895059,1.882932909304366,nan,nan,nan,nan,-0.5019,nan,nan,nan,,0.07831863899991731,0.06745017799767083,0.05442839099850971,0.05442839099850971,0.04128027299884707,0.028845647000707686,nan,profile,1,1,1,2,25.854383945465088,74.14561605453491,0.8,-0.8,
1785159599.889221,25.960118226001214,8.888888888888891,1.5712151499052556,-8.888888888888891,-1.5712151499052556,0.0,7.3630205132843784e-06,-2.8055409433631424,-0.5040580698673569,0.054801136563423974,0.012232045339907799,1.7850834637835902,before_ekf,both,7.3630205132843784e-06,-0.5040580698673569,0.054801136563423974,0.012232045339907799,1.7850834637835902,4.6735311359749e-05,-0.5058795204501914,0.05561792020471515,0.010895209513273217,1.8172613346651165,nan,nan,nan,nan,-0.4954,nan,nan,nan,,0.07218422299774829,0.05827958299778402,0.04673467199972947,0.04673467199972947,0.03550442499908968,0.024705678999453085,nan,profile,1,1,1,2,25.960962533950806,74.0390374660492,0.8,-0.8,
1785159599.9918206,26.062719981000555,8.888888888888891,1.5704262244465814,-8.888888888888891,-1.5704262244465814,0.0,7.728834141378167e-06,-2.8055409433631424,-0.5036445807917768,0.05478785562806473,0.012229517021554994,1.716225129275661,before_ekf,both,7.728834141378167e-06,-0.5036445807917768,0.05478785562806473,0.012229517021554994,1.716225129275661,0.001736842923065241,-0.5050481331292765,0.05557643079435322,0.01105093812681128,1.781799893748695,nan,nan,nan,nan,-0.4862,nan,nan,nan,,0.06771980399935273,0.05664666599841439,0.0451707020001777,0.0451707020001777,0.033366424999258015,0.022341468000377063,nan,profile,1,1,1,2,26.06350612640381,73.93649387359619,0.8,-0.8,
1785159600.0944698,26.165372914001637,8.888888888888891,1.5704029565583086,-8.888888888888891,-1.5704029565583086,0.0,0.001198096134019212,-2.8055409433631424,-0.4994074325161165,0.05473389215354114,0.012618486895782662,1.6845502954020126,before_ekf,both,0.001198096134019212,-0.4994074325161165,0.05473389215354114,0.012618486895782662,1.6845502954020126,0.0010384681108646355,-0.5017366584767586,0.05556668772359145,0.01112520043112304,1.7164699336216518,nan,nan,nan,nan,-0.4885,nan,nan,nan,,0.06840292400011094,0.05746278999868082,0.04575434800062794,0.04575434800062794,0.03407107699968037,0.02237829599835095,nan,profile,1,1,1,2,26.166056632995605,73.8339433670044,0.8,-0.8,
1785159600.1957245,26.266628080000373,8.888888888888891,1.5708400746909768,-8.888888888888891,-1.5708400746909768,0.0,-0.0011591273335469895,-2.8055409433631424,-0.5000996223041141,0.054783719254464944,0.011834706771052717,1.6184462942743998,before_ekf,both,-0.0011591273335469895,-0.5000996223041141,0.054783719254464944,0.011834706771052717,1.6184462942743998,0.0011952276054222155,-0.5023258372013897,0.05555482645761624,0.011213962530753147,1.6791026065539958,nan,nan,nan,nan,-0.4863,nan,nan,nan,,0.06737836899992544,0.05667429700042703,0.04526065599930007,0.04526065599930007,0.03391632899729302,0.022716421997756697,nan,profile,1,1,1,2,26.267441034317017,73.73255896568298,0.8,-0.8,
1785159600.2992945,26.37019017000057,8.888888888888891,1.5700283160435378,-8.888888888888891,-1.831699702050794,0.0,-0.002336762431078456,-2.8055409433631424,-0.49598376620584694,0.05478371925446492,0.011834706771053161,1.5853942937105936,before_ekf,both,-0.002336762431078456,-0.49598376620584694,0.05478371925446492,0.011834706771053161,1.5853942937105936,-0.00185440988129347,-0.5001590310585652,0.0555828874176596,0.01096537673678005,1.6147847929235655,nan,nan,nan,nan,-0.4875,nan,nan,nan,,0.06920033899950795,0.05811788999926648,0.046154493997164536,0.046154493997164536,0.034386346000246704,0.022908041999471607,nan,profile,1,1,1,2,26.37117624282837,73.62882375717163,0.8,-0.8,
1785159600.4008217,26.471723670001666,8.888888888888891,1.571311198335255,-8.888888888888891,-1.571311198335255,0.0,-0.0011785096486292266,-2.8055409433631424,-0.5005196642013219,0.05478150196627164,0.012227394348374665,1.5179131258928222,before_ekf,both,-0.0011785096486292266,-0.5005196642013219,0.05478150196627164,0.012227394348374665,1.5179131258928222,-0.0005350107882982715,-0.4996571644510168,0.05557877855984156,0.010970020480350137,1.581577686783966,nan,nan,nan,nan,-0.4954,nan,nan,nan,,0.06656766599917319,0.05586797700016177,0.04464427800121484,0.04464427800121484,0.03331751299992902,0.022104484000010416,nan,profile,1,1,1,2,26.472564935684204,73.5274350643158,0.8,-0.8,
1785159600.5029576,26.573854796002706,8.888888888888891,1.5708034111182807,-8.888888888888891,-1.5708034111182807,0.0,-0.0011785096486292249,-2.8055409433631424,-0.5000386724181132,0.054781501966271635,0.012227394348374667,1.484861125329016,before_ekf,both,-0.0011785096486292249,-0.5000386724181132,0.054781501966271635,0.012227394348374667,1.484861125329016,-0.0011580553577714998,-0.5016469083489913,0.05557721931821635,0.010809056548391961,1.5141914104908976,nan,nan,nan,nan,-0.4945,nan,nan,nan,,0.06788166399928741,0.057064399999944726,0.04538824600240332,0.04538824600240332,0.0337323470012052,0.02238418900014949,nan,profile,1,1,1,2,26.57480239868164,73.42519760131836,0.8,-0.8,
1785159600.618361,26.6892645730004,8.888888888888891,1.8328241394665479,-8.888888888888891,-1.5709921195427552,0.0,0.001178713818934317,-2.8055409433631424,-0.500025423367918,0.05478150196627163,0.012227394348374667,1.418757124201403,before_ekf,both,0.001178713818934317,-0.500025423367918,0.05478150196627163,0.012227394348374667,1.418757124201403,0.0010306164103641156,-0.49953585318848814,0.05558611834873667,0.01098569993981283,1.4463537547530922,nan,nan,nan,nan,-0.4985,nan,nan,nan,,0.07753806199980318,0.06389690699870698,0.04894839599728584,0.04894839599728584,0.03556450599717209,0.022257675998844206,nan,profile,1,1,1,2,26.689919233322144,73.31008076667786,0.8,-0.8,
1785159600.7344224,26.805326538000372,8.888888888888891,1.5744603163755468,-8.888888888888891,-1.5744603163755468,0.0,0.0011798874834640241,-2.8055409433631424,-0.4999143776073306,0.05485722408783702,0.012612718380918157,1.3512759563836318,before_ekf,both,0.0011798874834640241,-0.4999143776073306,0.05485722408783702,0.012612718380918157,1.3512759563836318,0.00030958973584976066,-0.4981074880370728,0.055587172085357,0.010976011629087823,1.416527033623587,nan,nan,nan,nan,-0.4974,nan,nan,nan,,0.08176175299740862,0.07095299099819385,0.05158430200026487,0.05158430200026487,0.0380044919984357,0.025522300999000436,nan,profile,1,1,1,2,26.806673288345337,73.19332671165466,0.8,-0.8,
1785159600.8359401,26.906843489003222,8.888888888888891,1.57034055115333,-8.888888888888891,-1.57034055115333,0.0,0.0011798874834640226,-2.8055409433631424,-0.49999771027779827,0.05485722408783702,0.012612718380918157,1.3182239558198219,before_ekf,both,0.0011798874834640226,-0.49999771027779827,0.05485722408783702,0.012612718380918157,1.3182239558198219,0.0011564541541201144,-0.49796402003005713,0.05561603720632811,0.011141089764487206,1.3467682698917967,nan,nan,nan,nan,-0.5033,nan,nan,nan,,0.06635722300052294,0.05564639700241969,0.04406177400232991,0.04406177400232991,0.032831391003128374,0.02187532600146369,nan,profile,1,1,1,2,26.907488346099854,73.09251165390015,0.8,-0.8,
1785159600.937956,27.00885486700281,8.888888888888891,1.57233427411844,-8.888888888888891,-1.57233427411844,0.0,0.0011798874834640259,-2.8055409433631424,-0.49987069466490064,0.05485722408783702,0.012612718380918157,1.252119954692202,before_ekf,both,0.0011798874834640259,-0.49987069466490064,0.05485722408783702,0.012612718380918157,1.252119954692202,0.001206545210439888,-0.49731463711322366,0.055632652508336565,0.0112100320363978,1.317022896702757,nan,nan,nan,nan,-0.5031,nan,nan,nan,,0.06766505500127096,0.05663568499949179,0.04513232400131528,0.04513232400131528,0.033569360999536,0.02260970399947837,nan,profile,1,1,1,2,27.009835720062256,72.99016427993774,0.8,-0.8,
1785159601.0401075,27.11100605500178,8.888888888888891,1.5704812882484742,-8.888888888888891,-1.5704812882484742,0.0,-4.5102810375396986e-18,-2.8055409433631424,-0.49578302968389043,0.05485722408783702,0.012612718380918157,1.1860159535645858,before_ekf,both,-4.5102810375396986e-18,-0.49578302968389043,0.05485722408783702,0.012612718380918157,1.1860159535645858,0.0012246405805374418,-0.49726275084395993,0.055676758903612816,0.011361775949052765,1.2505033413707656,nan,nan,nan,nan,-0.5079,nan,nan,nan,,0.06741437000164296,0.05656636799903936,0.04508527299913112,0.04508527299913112,0.03378207499918062,0.02262092200180632,nan,profile,1,1,1,2,27.112041473388672,72.88795852661133,0.8,-0.8,
1785159601.1448193,27.21572101300262,8.888888888888891,1.5726447820187859,-8.888888888888891,-1.5726447820187859,0.0,-4.5102810375396986e-18,-2.8055409433631424,-0.49575879520469446,0.05485722408783702,0.012612718380918157,1.1529639530007758,before_ekf,both,-4.5102810375396986e-18,-0.49575879520469446,0.05485722408783702,0.012612718380918157,1.1529639530007758,0.0001054941843993821,-0.49245712041906875,0.05568119169840912,0.01136425329007065,1.181241677049762,nan,nan,nan,nan,-0.5088,nan,nan,nan,,0.06992728100158274,0.05850911200104747,0.04634938800154487,0.04634938800154487,0.03461162700114073,0.023163090001617093,nan,profile,1,1,1,2,27.216460466384888,72.78353953361511,0.8,-0.8,
1785159601.2640543,27.334956702001364,8.888888888888891,1.570415862143975,-8.888888888888891,-1.570415862143975,0.0,-0.0011806740469261074,-2.8055409433631424,-0.4916509795657326,0.054683430261588124,0.012260574481926835,1.088237118563321,before_ekf,both,-0.0011806740469261074,-0.4916509795657326,0.054683430261588124,0.012260574481926835,1.088237118563321,2.895817234600401e-05,-0.4906415764145721,0.05568113495265087,0.011363506648988322,1.149108860928501,nan,nan,nan,nan,-0.5055,nan,nan,nan,,0.08479321100094239,0.06765967499813996,0.05124668099961127,0.05124668099961127,0.03982167399954051,0.02683057399917743,nan,profile,1,1,1,2,27.335702657699585,72.66429734230042,0.8,-0.8,
1785159601.371601,27.44249997500083,8.888888888888891,1.5713501019978429,-8.888888888888891,-1.5713501019978429,0.0,-0.001180674046927396,-2.8055409433631424,-0.49150531704543693,0.05468343026158791,0.012260574481926446,1.0221331174357082,before_ekf,both,-0.001180674046927396,-0.49150531704543693,0.05468343026158791,0.012260574481926446,1.0221331174357082,-0.0011206359155441436,-0.491989702735716,0.05561196302492907,0.01121273206093142,1.0850927755421083,nan,nan,nan,nan,-0.5099,nan,nan,nan,,0.06828793999738991,0.05742434299827437,0.04600589999972726,0.04600589999972726,0.034156335997977294,0.022693517999869073,nan,profile,1,1,1,2,27.443536043167114,72.55646395683289,0.8,-0.8,
1785159601.4740286,27.544931836000615,8.888888888888891,1.5718318181600643,-8.888888888888891,-1.5718318181600643,0.0,-0.0011806740469260666,-2.8055409433631424,-0.4916381007560232,0.05468343026158815,0.01226057448192682,0.9890811168719018,before_ekf,both,-0.0011806740469260666,-0.4916381007560232,0.05468343026158815,0.01226057448192682,0.9890811168719018,-0.0012161421678024518,-0.491183967266114,0.055535976312670834,0.011078560698980344,1.0211794513342403,nan,nan,nan,nan,-0.5154,nan,nan,nan,,0.06755775499914307,0.056665675998374354,0.04521276999730617,0.04521276999730617,0.03352642299796571,0.022177694998390507,nan,profile,1,1,1,2,27.545519828796387,72.45448017120361,0.8,-0.8,
1785159601.5749722,27.645875275000435,8.888888888888891,1.5702922786763642,-8.888888888888891,-1.5702922786763642,0.0,-1.2999243365680642e-15,-2.8055409433631424,-0.4957697009440657,0.054683430261587895,0.012260574481926455,0.922977115744289,before_ekf,both,-1.2999243365680642e-15,-0.4957697009440657,0.054683430261587895,0.012260574481926455,0.922977115744289,-0.0012234259429951362,-0.49192514849013835,0.05549157323967265,0.011008674352913401,0.9867444945159454,nan,nan,nan,nan,-0.5142,nan,nan,nan,,0.06708201199944597,0.05632797999714967,0.04480958099884447,0.04480958099884447,0.03316923300008057,0.021944153999356786,nan,profile,1,1,1,2,27.646541595458984,72.35345840454102,0.8,-0.8,
1785159601.6754322,27.746335736002948,8.888888888888891,1.5704199128459866,-8.888888888888891,-1.5704199128459866,0.0,-3.2146056972010525e-18,-2.8055409433631424,-0.4958088147458035,0.05468343026158789,0.01226057448192646,0.8899251151804826,before_ekf,both,-3.2146056972010525e-18,-0.4958088147458035,0.05468343026158789,0.01226057448192646,0.8899251151804826,-0.0001018289182027274,-0.49640579893460157,0.05549274067798081,0.01101673981841513,0.9221781027931755,nan,nan,nan,nan,-0.5115,nan,nan,nan,,0.06642606300010812,0.05550233300164109,0.04423344899987569,0.04423344899987569,0.03287098700093338,0.021835818002728047,nan,profile,1,1,1,2,27.74694299697876,72.25305700302124,0.8,-0.8,
1785159601.775271,27.846174006001092,8.888888888888891,1.567252721374288,-8.888888888888891,-1.567252721374288,0.0,-1.3295207508115413e-15,-2.8055409433631424,-0.4956804497123143,0.05468343026158789,0.012260574481926466,0.8238211140528698,before_ekf,both,-1.3295207508115413e-15,-0.4956804497123143,0.05468343026158789,0.012260574481926466,0.8238211140528698,-2.56699818071992e-05,-0.4979743357829107,0.055492647673977526,0.0110169842508058,0.887271977513098,nan,nan,nan,nan,-0.506,nan,nan,nan,,0.06610533599814516,0.055369639998389175,0.044173556998430286,0.044173556998430286,0.032938293999905,0.022029001000191784,nan,profile,1,1,1,2,27.846806287765503,72.1531937122345,0.8,-0.8,
1785159601.875187,27.946090318000643,8.888888888888891,1.5710037149953133,-8.888888888888891,-1.3091697624960943,0.0,1.60396980877111e-16,-2.8055409433631424,-0.49014154364996027,0.05468343026158788,0.01226057448192647,0.7907691134890634,before_ekf,both,1.60396980877111e-16,-0.49014154364996027,0.05468343026158788,0.01226057448192647,0.7907691134890634,2.647129800784241e-06,-0.49747947639210716,0.055492703869481734,0.011017133747366266,0.8226216977650679,nan,nan,nan,nan,-0.4986,nan,nan,nan,,0.06614369599992642,0.055428908999601845,0.04415684999912628,0.04415684999912628,0.0328167219995521,0.021907667000050424,nan,profile,1,1,1,2,27.94673800468445,72.05326199531555,0.8,-0.8,
1785159601.97692,28.047818432001804,8.888888888888891,1.573374757613927,-8.888888888888891,-1.573374757613927,0.0,-0.0010994662064135001,-2.8055409433631424,-0.5016520786122989,0.05440022715058614,0.011988536896896664,0.7232879456712923,before_ekf,both,-0.0010994662064135001,-0.5016520786122989,0.05440022715058614,0.011988536896896664,0.7232879456712923,-0.0007957409827018311,-0.501499002418627,0.055442003121137194,0.010960681412604163,0.787457471037026,nan,nan,nan,nan,-0.4955,nan,nan,nan,,0.06709993399999803,0.05624422999972012,0.04485698899952695,0.04485698899952695,0.033492123999167234,0.0226428930000111,nan,profile,1,1,1,2,28.04876685142517,71.95123314857483,0.8,-0.8,
1785159602.0801594,28.151062481003464,8.888888888888891,1.5706329809648765,-8.888888888888891,-1.5706329809648765,0.0,7.610125735754478e-05,-2.8055409433631424,-0.5058125207481824,0.05470112917881991,0.012240858951332496,0.6888587784173275,before_ekf,both,7.610125735754478e-05,-0.5058125207481824,0.05470112917881991,0.012240858951332496,0.6888587784173275,-0.0002459470751293546,-0.5090342612735214,0.055395201284451946,0.010917177487900644,0.7214255542325451,nan,nan,nan,nan,-0.4891,nan,nan,nan,,0.06827465000242228,0.05716547400152194,0.045394388002023334,0.045394388002023334,0.03408413200304494,0.022941799001273466,nan,profile,1,1,1,2,28.151750326156616,71.84824967384338,0.8,-0.8,
1785159602.1881108,28.259009514000354,8.888888888888891,1.5702211233929755,-8.888888888888891,-1.5702211233929755,0.0,-0.0011162738868224847,-2.8055409433631424,-0.5158748650481416,0.05438776615194746,0.012004190273347263,0.6213776105995563,before_ekf,both,-0.0011162738868224847,-0.5158748650481416,0.05438776615194746,0.012004190273347263,0.6213776105995563,-1.11453805117876e-05,-0.5107273676584688,0.055399004845492775,0.010921367784726847,0.6857108399910556,nan,nan,nan,nan,-0.4815,nan,nan,nan,,0.07309001499743317,0.062058084997261176,0.05035427599796094,0.05035427599796094,0.038739069997973274,0.027193369998713024,nan,profile,1,1,1,2,28.26017189025879,71.73982810974121,0.8,-0.8,
1785159602.292134,28.363029133000964,8.888888888888891,1.8324626961269341,-8.888888888888891,-1.5706823109659436,0.0,0.0011483729429401656,-2.8055409433631424,-0.5117498581891813,0.05470909016778669,0.012229931998766461,0.5869484433455916,before_ekf,both,0.0011483729429401656,-0.5117498581891813,0.05470909016778669,0.012229931998766461,0.5869484433455916,0.0006053273659156642,-0.5140106464546239,0.05540283065786963,0.010923355590977077,0.618705908850885,nan,nan,nan,nan,-0.4779,nan,nan,nan,,0.06860316399979638,0.05744354700073018,0.04589646900058142,0.04589646900058142,0.03416435599865508,0.023114862000511494,nan,profile,1,1,1,2,28.363889455795288,71.63611054420471,0.8,-0.8,
1785159602.3934186,28.464321212002687,8.888888888888891,1.5708100085500711,-8.888888888888891,-1.5708100085500711,0.0,-3.090565967382997e-05,-2.8055409433631424,-0.512210753774397,0.054719590830951584,0.012212901415850007,0.5180901088376623,before_ekf,both,-3.090565967382997e-05,-0.512210753774397,0.054719590830951584,0.012212901415850007,0.5180901088376623,0.00016193593318954597,-0.5135970109516773,0.05540143661489649,0.01092061574648535,0.5827741218753872,nan,nan,nan,nan,-0.4767,nan,nan,nan,,0.06640650299959816,0.0554000560005079,0.04417705100058811,0.04417705100058811,0.033077041000069585,0.02210169899990433,nan,profile,1,1,1,2,28.465065479278564,71.53493452072144,0.8,-0.8,
1785159602.513049,28.583890628000518,8.888888888888891,1.570148373665536,-8.888888888888891,-1.3084569780546131,0.0,-3.0905659675153156e-05,-2.8055409433631424,-0.5128113462378117,0.054719590830951584,0.01221290141585,0.48503810827385585,before_ekf,both,-3.0905659675153156e-05,-0.5128113462378117,0.054719590830951584,0.01221290141585,0.48503810827385585,-9.254266367932062e-06,-0.5107518287536605,0.0553974263274611,0.01091742569528641,0.5163799188749943,nan,nan,nan,nan,-0.4806,nan,nan,nan,,0.08280053199996473,0.07080049199794303,0.059448858999530785,0.059448858999530785,0.04712367899992387,0.03159776699976646,nan,profile,1,1,1,2,28.585105657577515,71.41489434242249,0.8,-0.8,
1785159602.6185815,28.689484637001442,8.888888888888891,1.8334869726114325,-8.888888888888891,-1.5715602622383706,0.0,-0.0011818095074618612,-2.8055409433631424,-0.508401912478487,0.054370566399147995,0.012032928096288127,0.41755694045608466,before_ekf,both,-0.0011818095074618612,-0.508401912478487,0.054370566399147995,0.012032928096288127,0.41755694045608466,-0.0008618748306279021,-0.5069214021629781,0.05532680028332227,0.010878685026414009,0.4495649946083185,nan,nan,nan,nan,-0.4855,nan,nan,nan,,0.06934371899842517,0.058539058998576365,0.04736835199946654,0.04736835199946654,0.03491465399929439,0.02299345999927027,nan,profile,1,1,1,2,28.690147876739502,71.3098521232605,0.8,-0.8,
1785159602.726754,28.797655136000685,8.888888888888891,1.5705503471995184,-8.888888888888891,-1.832308738399438,0.0,-1.2962415234088746e-06,-2.8055409433631424,-0.5038305915266021,0.054370566399147995,0.01203292809628812,0.3845049398922783,before_ekf,both,-1.2962415234088746e-06,-0.5038305915266021,0.054370566399147995,0.01203292809628812,0.3845049398922783,-0.0002518626067865356,-0.5028922927398836,0.05532291312348132,0.010878987870763324,0.4109838071219384,nan,nan,nan,nan,-0.4898,nan,nan,nan,,0.0713309639977524,0.059559151999565074,0.04603954999765847,0.04603954999765847,0.03334460399855743,0.022326785998302512,nan,profile,1,1,1,2,28.798373460769653,71.20162653923035,0.8,-0.8,
1785159602.826822,28.89772441000241,8.888888888888891,1.8340668012346484,-8.888888888888891,-1.5720572582011272,0.0,-4.541123450645113e-06,-2.8055409433631424,-0.5039969607043946,0.05474258052179683,0.012158681594449243,0.31702377207450716,before_ekf,both,-4.541123450645113e-06,-0.5039969607043946,0.05474258052179683,0.012158681594449243,0.31702377207450716,-0.00027368302380352137,-0.49715509159896193,0.05525035388190603,0.010848354395464369,0.3455149466947667,nan,nan,nan,nan,-0.4959,nan,nan,nan,,0.06622047500059125,0.05541101400012849,0.044165335999423405,0.044165335999423405,0.033041246999346185,0.022158423002110794,nan,profile,1,1,1,2,28.898441076278687,71.10155892372131,0.8,-0.8,
1785159602.9424648,29.013362873000005,8.888888888888891,1.8302092315686345,-8.888888888888891,-1.5687507699159724,0.0,0.00235086406210291,-2.8055409433631424,-0.49571521138444263,0.055116623372023166,0.012278270748780209,0.2522969376370491,before_ekf,both,0.00235086406210291,-0.49571521138444263,0.055116623372023166,0.012278270748780209,0.2522969376370491,0.0016431544769058947,-0.49461667468107207,0.055402699472913416,0.01090743882655167,0.3160483671384605,nan,nan,nan,nan,-0.506,nan,nan,nan,,0.07635942299748422,0.059110391997819534,0.04602363300000434,0.04602363300000434,0.03380641099647619,0.022340843999700155,nan,profile,1,1,1,2,29.014033317565918,70.98596668243408,0.8,-0.8,
1785159603.044442,29.115338343002804,8.888888888888891,1.5668204103262653,-8.888888888888891,-1.5668204103262653,0.0,0.0023508640621042478,-2.8055409433631424,-0.49596791009583674,0.055116623372023166,0.012278270748780209,0.18619293650942909,before_ekf,both,0.0023508640621042478,-0.49596791009583674,0.055116623372023166,0.012278270748780209,0.18619293650942909,0.0023853050341876617,-0.4916596832857397,0.05572010193382012,0.011001817532572157,0.24712207420063326,nan,nan,nan,nan,-0.5146,nan,nan,nan,,0.06809388700276031,0.05712478300119983,0.04525710300003993,0.04525710300003993,0.03388351300236536,0.022956493001402123,nan,profile,1,1,1,2,29.11618971824646,70.88381028175354,0.8,-0.8,
1785159603.147273,29.218175331003295,8.888888888888891,1.5654084102041514,-8.888888888888891,-1.5654084102041514,0.0,-4.5102810375396986e-18,-2.8055409433631424,-0.49598761203808994,0.055116623372023166,0.012278270748780209,0.13661493566371594,before_ekf,both,-4.5102810375396986e-18,-0.49598761203808994,0.055116623372023166,0.012278270748780209,0.13661493566371594,0.000563693098044748,-0.4934000510336231,0.0558780921891976,0.011033542379195706,0.18307874059572526,nan,nan,nan,nan,-0.5207,nan,nan,nan,,0.06809354800134315,0.0571106220013462,0.04489509000268299,0.04489509000268299,0.033361583002260886,0.02203738800017163,nan,profile,1,1,1,2,29.21900486946106,70.78099513053894,0.8,-0.8,
1785159603.249819,29.320721350002714,8.888888888888891,1.5706450893792403,-8.888888888888891,-1.5706450893792403,0.0,-4.5102810375396986e-18,-2.8055409433631424,-0.49536806331498723,0.055116623372023166,0.012278270748780209,0.08703693481800275,before_ekf,both,-4.5102810375396986e-18,-0.49536806331498723,0.055116623372023166,0.012278270748780209,0.08703693481800275,0.0002145752104350744,-0.4945657067913856,0.05588219705193138,0.011033048238849399,0.1484501791191235,nan,nan,nan,nan,-0.5212,nan,nan,nan,,0.067980414001795,0.056998528001713566,0.04552376400170033,0.04552376400170033,0.033869587001390755,0.022469450999778928,nan,profile,1,1,1,2,29.3215115070343,70.6784884929657,0.8,-0.8,
1785159603.3513505,29.422249467002985,8.888888888888891,1.5707558641238368,-8.888888888888891,-1.5707558641238368,0.0,0.0011811058335839115,-2.8055409433631424,-0.4917116947684482,0.055508541221313074,0.012302969312449579,0.055362100944354634,before_ekf,both,0.0011811058335839115,-0.4917116947684482,0.055508541221313074,0.012302969312449579,0.055362100944354634,0.0008764365577279516,-0.4939058029635838,0.055963160426376446,0.011043350820543895,0.08404465709618238,nan,nan,nan,nan,-0.5223,nan,nan,nan,,0.06721482099965215,0.05628791600247496,0.04491007999968133,0.04491007999968133,0.03332873900217237,0.022162192999530816,nan,profile,1,1,1,2,29.423036336898804,70.5769636631012,0.8,-0.8,
1785159603.452204,29.52310613300142,8.888888888888891,1.8320513388592177,-8.888888888888891,-1.5703297190221865,0.0,0.0011811058335825758,-2.8055409433631424,-0.4913802078508951,0.05550854122131263,0.012302969312449565,0.022310100380548217,before_ekf,both,0.0011811058335825758,-0.4913802078508951,0.05550854122131263,0.012302969312449565,0.022310100380548217,0.001121028088058231,-0.4942799916033659,0.056046553721279695,0.011049784748348043,0.04958717283863078,nan,nan,nan,nan,-0.5154,nan,nan,nan,,0.066821248998167,0.05610989599881577,0.044415231997845694,0.044415231997845694,0.03298293899933924,0.02203825099786627,nan,profile,1,1,1,2,29.523791551589966,70.47620844841003,0.8,-0.8,
1785159603.5527499,29.623652477002906,8.888888888888891,1.5714333387274166,-8.888888888888891,-1.5714333387274166,0.0,0.0011859886742339113,-2.8055409433631424,-0.49977719236652424,0.05550873304645663,0.012309456073856815,-0.046548234127381224,before_ekf,both,0.0011859886742339113,-0.49977719236652424,0.05550873304645663,0.012309456073856815,-0.046548234127381224,0.001213457899392332,-0.4990392317231018,0.05620107352261152,0.011052847900427192,-0.015330491049395434,nan,nan,nan,nan,-0.5084,nan,nan,nan,,0.06714291699972819,0.056184824999945704,0.04455527400205028,0.04455527400205028,0.03335807000257773,0.022139467000670265,nan,profile,1,1,1,2,29.624287366867065,70.37571263313293,0.8,-0.8,
1785159603.6558838,29.72674004900182,8.888888888888891,1.5691460088629954,-8.888888888888891,-1.5691460088629954,0.0,0.0011801399468291602,-2.8055409433631424,-0.5080181286016634,0.0558992609429912,0.012268268554162796,-0.11402940194515236,before_ekf,both,0.0011801399468291602,-0.5080181286016634,0.0558992609429912,0.012268268554162796,-0.11402940194515236,0.0012212102508714969,-0.49981870119507477,0.05628422992548048,0.011050206888242178,-0.050332912930346925,nan,nan,nan,nan,-0.5023,nan,nan,nan,,0.0688129599984677,0.05803630000082194,0.046766759998718044,0.046766759998718044,0.0354320779988484,0.02414181000131066,nan,profile,1,1,1,2,29.730135917663574,70.26986408233643,0.8,-0.8,
1785159603.7708604,29.84176367100008,8.888888888888891,1.3476583460004734,-8.888888888888891,-1.6171900152005683,0.0,0.0011801399468291628,-2.8055409433631424,-0.5083202252887395,0.05589926094299076,0.012268268554162857,-0.14708140250895876,before_ekf,both,0.0011801399468291628,-0.5083202252887395,0.05589926094299076,0.012268268554162857,-0.14708140250895876,0.001213938594039475,-0.5056425162782625,0.05643720278237754,0.011037533466203014,-0.11627976929171305,nan,nan,nan,nan,-0.4957,nan,nan,nan,,0.07131357699836371,0.059442364999995334,0.045114355998521205,0.045114355998521205,0.033205245999852195,0.02216123600010178,nan,profile,1,1,1,2,29.842675924301147,70.15732407569885,0.8,-0.8,
1785159603.8741028,29.94500486800098,8.888888888888891,1.5714043817204033,-8.888888888888891,-1.5714043817204033,0.0,0.0023530690460294573,-2.8055409433631424,-0.496393559837551,0.05628726929663363,0.012207777752029742,-0.21180823694641684,before_ekf,both,0.0023530690460294573,-0.496393559837551,0.05628726929663363,0.012207777752029742,-0.21180823694641684,0.002080027558067798,-0.5022565678601381,0.05660524681175479,0.011017868578619208,-0.1512877406162665,nan,nan,nan,nan,-0.4927,nan,nan,nan,,0.06895241500023985,0.05796671699863509,0.04623502300091786,0.04623502300091786,0.034260307998920325,0.023015107999526663,nan,profile,1,1,1,2,29.94572687149048,70.05427312850952,0.8,-0.8,
1785159603.9775443,30.04844611200315,8.888888888888891,1.5669073411196048,-8.888888888888891,-1.5669073411196048,0.0,0.0023468961266980815,-2.8055409433631424,-0.4959299778942423,0.05667043298541919,0.012121789163564854,-0.279289404764188,before_ekf,both,0.0023468961266980815,-0.4959299778942423,0.05667043298541919,0.012121789163564854,-0.279289404764188,0.0032541590963618616,-0.5030434103384418,0.05699087205630537,0.010948977916654319,-0.21653706342652823,nan,nan,nan,nan,-0.4893,nan,nan,nan,,0.068228051000915,0.057259861001512036,0.04516969500036794,0.04516969500036794,0.03360792300009052,0.02235388600092847,nan,profile,1,1,1,2,30.04924488067627,69.95075511932373,0.8,-0.8,
1785159604.0789816,30.149882012003218,8.888888888888891,1.5702287048203911,-8.888888888888891,-1.5702287048203911,0.0,0.002346896126699415,-2.8055409433631424,-0.4957065914200328,0.05667043298541919,0.012121789163564854,-0.312341405327998,before_ekf,both,0.002346896126699415,-0.4957065914200328,0.05667043298541919,0.012121789163564854,-0.312341405327998,0.0024872697993607363,-0.5013735140133202,0.05728757344452449,0.01087107302103223,-0.2829405268268719,nan,nan,nan,nan,-0.4835,nan,nan,nan,,0.06683191300180624,0.05575021900222055,0.044469153002864914,0.044469153002864914,0.0332079630024964,0.02204516400161083,nan,profile,1,1,1,2,30.150715827941895,69.8492841720581,0.8,-0.8,
1785159604.1813354,30.252235131003545,8.888888888888891,1.5695763578749748,-8.888888888888891,-1.5695763578749748,0.0,0.0011578069313088525,-2.8055409433631424,-0.4997182858330933,0.05666833421232177,0.012115648314932476,-0.37844540645561076,before_ekf,both,0.0011578069313088525,-0.4997182858330933,0.05666833421232177,0.012115648314932476,-0.37844540645561076,0.0015621531132373433,-0.5027148494587546,0.05735796835172573,0.01084640008874636,-0.3170889603461591,nan,nan,nan,nan,-0.4839,nan,nan,nan,,0.06674103300247225,0.05588130700198235,0.04449095600284636,0.04449095600284636,0.033153316002426436,0.021999811000569025,nan,profile,1,1,1,2,30.252941846847534,69.74705815315247,0.8,-0.8,
1785159604.288162,30.35906030300248,8.888888888888891,1.5704270251756562,-8.888888888888891,-1.5704270251756562,0.0,0.0011722728423041073,-2.8055409433631424,-0.5000856603852337,0.05703192769242784,0.011967296601177896,-0.41287457370957553,before_ekf,both,0.0011722728423041073,-0.5000856603852337,0.05703192769242784,0.011967296601177896,-0.41287457370957553,0.0012146703256572392,-0.5053771590458815,0.05749736853064901,0.010794638533865144,-0.3824382853064208,nan,nan,nan,nan,-0.4801,nan,nan,nan,,0.07304375099920435,0.062240262999694096,0.050871005001681624,0.050871005001681624,0.039631039999221684,0.023893401001259917,nan,profile,1,1,1,2,30.360087156295776,69.63991284370422,0.8,-0.8,
1785159604.3907666,30.461667253002815,8.888888888888891,1.57010557454843,-8.888888888888891,-1.57010557454843,0.0,5.424821530043153e-06,-2.8055409433631424,-0.5038681964771323,0.05667636214820681,0.012133974714655313,-0.48035574152734667,before_ekf,both,5.424821530043153e-06,-0.5038681964771323,0.05667636214820681,0.012133974714655313,-0.48035574152734667,0.00033766014231052647,-0.5085020504732645,0.057495868372821335,0.010792462763411576,-0.41807496197779725,nan,nan,nan,nan,-0.4887,nan,nan,nan,,0.06676787600008538,0.05587303699940094,0.04466093900191481,0.04466093900191481,0.032920171001023846,0.02202240100086783,nan,profile,1,1,1,2,30.46246600151062,69.53753399848938,0.8,-0.8,
1785159604.4919896,30.562892540001485,8.888888888888891,1.5701262911014322,-8.888888888888891,-1.8318140062850041,0.0,0.0011902425992981057,-2.8055409433631424,-0.5080490044767332,0.05701987932947633,0.01194370018687452,-0.5147849087813113,before_ekf,both,0.0011902425992981057,-0.5080490044767332,0.05701987932947633,0.01194370018687452,-0.5147849087813113,0.0008714813006318935,-0.5089055124667367,0.057568281005378016,0.01075796304238089,-0.4844657362954559,nan,nan,nan,nan,-0.4899,nan,nan,nan,,0.06677854399822536,0.055992140998569084,0.04447057099969243,0.04447057099969243,0.033161258998006815,0.02237579099892173,nan,profile,1,1,1,2,30.56352996826172,69.43647003173828,0.8,-0.8,
1785159604.5929034,30.663805244003015,8.888888888888891,1.8319552447209393,-8.888888888888891,-1.570247352617948,0.0,0.0011813126300821285,-2.8055409433631424,-0.5083899700660843,0.05735325937284171,0.011736176220943815,-0.5822660765990826,before_ekf,both,0.0011813126300821285,-0.5083899700660843,0.05735325937284171,0.011736176220943815,-0.5822660765990826,0.0011063612707649514,-0.5088397505207063,0.05764179790955594,0.010718602913326842,-0.5199471404872362,nan,nan,nan,nan,-0.4915,nan,nan,nan,,0.06658829300067737,0.05571878699993249,0.04437440400215564,0.04437440400215564,0.03312654100227519,0.022118354001577245,nan,profile,1,1,1,2,30.6644127368927,69.3355872631073,0.8,-0.8,
1785159604.6949227,30.765825654001674,8.888888888888891,1.570549970326551,-8.888888888888891,-1.8323082987143096,0.0,0.0023481606508561825,-2.8055409433631424,-0.5047294973379751,0.05735325937284171,0.011736176220943815,-0.6153180771628927,before_ekf,both,0.0023481606508561825,-0.5047294973379751,0.05735325937284171,0.011736176220943815,-0.6153180771628927,0.002040320454174061,-0.5035353511648785,0.05784155387839074,0.010597626863398133,-0.5853472173336902,nan,nan,nan,nan,-0.4978,nan,nan,nan,,0.06842180600142456,0.05742690600163769,0.045908124000561656,0.045908124000561656,0.03405096999995294,0.022684519000904402,nan,profile,1,1,1,2,30.76661252975464,69.23338747024536,0.8,-0.8,
1785159604.7972078,30.868103589000384,8.888888888888891,1.5707122308620565,-8.888888888888891,-1.5707122308620565,0.0,0.001174620128627063,-2.8055409433631424,-0.5003863286430499,0.05735325937284171,0.011736176220943815,-0.6814220782905088,before_ekf,both,0.001174620128627063,-0.5003863286430499,0.05735325937284171,0.011736176220943815,-0.6814220782905088,0.0022949290972493516,-0.5027983776181295,0.05797441547586311,0.01050722275531484,-0.620550450945228,nan,nan,nan,nan,-0.4947,nan,nan,nan,,0.06744607599830488,0.056518920999224065,0.04512097999759135,0.04512097999759135,0.033704207999107894,0.02252413099995465,nan,profile,1,1,1,2,30.869046449661255,69.13095355033875,0.8,-0.8,
1785159604.9027333,30.97363112400126,8.888888888888891,1.5712225523366692,-8.888888888888891,-1.5712225523366692,0.0,0.0011746201286258022,-2.8055409433631424,-0.4998748302635379,0.05735325937284171,0.011736176220943815,-0.7144740788543189,before_ekf,both,0.0011746201286258022,-0.4998748302635379,0.05735325937284171,0.011736176220943815,-0.7144740788543189,0.0013159152322364017,-0.4968692339420192,0.05809980701155616,0.010407927248010382,-0.6857505129644171,nan,nan,nan,nan,-0.4926,nan,nan,nan,,0.0705174659997283,0.059569805998762604,0.04794807799771661,0.04794807799771661,0.036533096001221566,0.02526148999822908,nan,profile,1,1,1,2,30.97484803199768,69.02515196800232,0.8,-0.8,
1785159605.0067527,31.077651505001995,8.888888888888891,1.5701373087636625,-8.888888888888891,-1.5701373087636625,0.0,0.002355623879701921,-2.8055409433631424,-0.4958923233003659,0.0579336347224092,0.0112070253068564,-0.7805780799819316,before_ekf,both,0.002355623879701921,-0.4958923233003659,0.0579336347224092,0.0112070253068564,-0.7805780799819316,0.002086524764476332,-0.49285718780604076,0.05822634929489122,0.010304054923446276,-0.719646894364979,nan,nan,nan,nan,-0.4958,nan,nan,nan,,0.0681819439996616,0.057154802001605276,0.04528295099953539,0.04528295099953539,0.03367189500204404,0.022583649999432964,nan,profile,1,1,1,2,31.078663110733032,68.92133688926697,0.8,-0.8,
1785159605.1080763,31.17897284800347,8.888888888888891,1.5708889935366255,-8.888888888888891,-1.5708889935366255,0.0,0.002348977129256618,-2.8055409433631424,-0.49595358604555156,0.057928994565600786,0.011202488367884612,-0.8466820811095443,before_ekf,both,0.002348977129256618,-0.49595358604555156,0.057928994565600786,0.011202488367884612,-0.8466820811095443,0.0023757238802087524,-0.48820725718972013,0.058457568296323294,0.010089533343156976,-0.7848956847286046,nan,nan,nan,nan,-0.5045,nan,nan,nan,,0.06699485800345428,0.05629918200065731,0.044959619001019746,0.044959619001019746,0.033801930003392044,0.022791408002376556,nan,profile,1,1,1,2,31.179765224456787,68.82023477554321,0.8,-0.8,
1785159605.2094204,31.280319011002575,8.888888888888891,1.5707178380245308,-8.888888888888891,-1.5707178380245308,0.0,0.002348977129253958,-2.8055409433631424,-0.48746322105640705,0.057928994565600495,0.01120248836788495,-0.8935057485749376,before_ekf,both,0.002348977129253958,-0.48746322105640705,0.057928994565600495,0.01120248836788495,-0.8935057485749376,0.0023741238224239836,-0.4850143357647239,0.05867290775004796,0.009860622185325468,-0.8500158047236122,nan,nan,nan,nan,-0.508,nan,nan,nan,,0.0665231210005004,0.05580647800161387,0.04466161399977864,0.04466161399977864,0.03357789300207514,0.022423940001317533,nan,profile,1,1,1,2,31.28119158744812,68.71880841255188,0.8,-0.8,
1785159605.3115985,31.38249871300286,8.888888888888891,1.571133303465824,-8.888888888888891,-1.571133303465824,0.0,-6.646750446640243e-06,-2.8055409433631424,-0.48742674083593657,0.05792899456560077,0.011202488367884601,-0.9100317488568407,before_ekf,both,-6.646750446640243e-06,-0.48742674083593657,0.05792899456560077,0.011202488367884601,-0.9100317488568407,0.0008876834252870943,-0.4838710463800884,0.058674721418339126,0.009851458082230029,-0.8803251826256071,nan,nan,nan,nan,-0.508,nan,nan,nan,,0.06760835900058737,0.056878529001551215,0.04568121600095765,0.04568121600095765,0.034238194002682576,0.023196404999907827,nan,profile,1,1,1,2,31.38370132446289,68.61629867553711,0.8,-0.8,
1785159605.4150996,31.48600071600231,8.888888888888891,1.5758882739501534,-8.888888888888891,-1.5758882739501534,0.0,-0.0012153472268322141,-2.8055409433631424,-0.4834003435057313,0.0577060928333179,0.011525790760985302,-0.9747585832942917,before_ekf,both,-0.0012153472268322141,-0.4834003435057313,0.0577060928333179,0.011525790760985302,-0.9747585832942917,-0.0008602889851280476,-0.4836831441074418,0.058618490475915865,0.00991898591024498,-0.9479903337048804,nan,nan,nan,nan,-0.515,nan,nan,nan,,0.06761526899936143,0.056451741002092604,0.04522862100202474,0.04522862100202474,0.033376498002326116,0.022014259000570746,nan,profile,1,1,1,2,31.48678708076477,68.51321291923523,0.8,-0.8,
1785159605.515845,31.586748178000562,8.888888888888891,1.5674515575906693,-8.888888888888891,-1.5674515575906693,0.0,-0.0010099905330997019,-2.8055409433631424,-0.4913611235684959,0.05770066116108394,0.01152223945035637,-1.0408625844219046,before_ekf,both,-0.0010099905330997019,-0.4913611235684959,0.05770066116108394,0.01152223945035637,-1.0408625844219046,-0.0010219995085921764,-0.4844955477005964,0.05858267879335651,0.00996974577945966,-0.9770939547617603,nan,nan,nan,nan,-0.5228,nan,nan,nan,,0.06647557599717402,0.055700925000564894,0.044315402999927755,0.044315402999927755,0.03314471599878743,0.022143612997751916,nan,profile,1,1,1,2,31.587425470352173,68.41257452964783,0.8,-0.8,
1785159605.6208043,31.691701017000014,8.888888888888891,1.5713642964198378,-8.888888888888891,-1.5713642964198378,0.0,-0.0010099905331010278,-2.8055409433631424,-0.491391723351274,0.05770066116108372,0.011522239450356759,-1.0739145849857108,before_ekf,both,-0.0010099905331010278,-0.491391723351274,0.05770066116108372,0.011522239450356759,-1.0739145849857108,-0.0010891363079227189,-0.49093791360867917,0.05850717988199869,0.010089895530863813,-1.0455515919775413,nan,nan,nan,nan,-0.519,nan,nan,nan,,0.07074892599848681,0.05986207999740145,0.046355951999430545,0.046355951999430545,0.0337965919970884,0.02256661399951554,nan,profile,1,1,1,2,31.69273352622986,68.30726647377014,0.8,-0.8,
1785159605.7234943,31.79439608100074,8.888888888888891,1.8334365102432784,-8.888888888888891,-1.3095975073166273,0.0,9.030986389728864e-05,-2.8055409433631424,-0.5003174186325605,0.05751018264901122,0.011866156129705707,-1.1579217530853851,before_ekf,both,9.030986389728864e-05,-0.5003174186325605,0.05751018264901122,0.011866156129705707,-1.1579217530853851,-0.002824541244343806,-0.49361674689231116,0.05839425726847915,0.010281009019208316,-1.0754353380436559,nan,nan,nan,nan,-0.5188,nan,nan,nan,,0.0681045319979603,0.05733477999820025,0.04548600999987684,0.04548600999987684,0.03414688100019703,0.022365344000718324,nan,profile,1,1,1,2,31.795238256454468,68.20476174354553,0.8,-0.8,
1785159605.827363,31.898260240002855,8.888888888888891,1.5716017255311798,-8.888888888888891,-1.5716017255311798,0.0,-0.0011997923739970181,-2.8055409433631424,-0.4999550882002601,0.05751018264901139,0.0118661561297053,-1.1744477533672883,before_ekf,both,-0.0011997923739970181,-0.4999550882002601,0.05751018264901139,0.0118661561297053,-1.1744477533672883,-0.0010243449671718775,-0.5030641430080929,0.05835554229370387,0.010371503959723874,-1.1457330324822228,nan,nan,nan,nan,-0.5172,nan,nan,nan,,0.06853063100061263,0.05776653700013412,0.04609561300094356,0.04609561300094356,0.03419517200018163,0.02263956400202005,nan,profile,1,1,1,2,31.899245262145996,68.100754737854,0.8,-0.8,
1785159605.9297347,32.00063700700048,8.888888888888891,1.5709788274052765,-8.888888888888891,-1.5709788274052765,0.0,-0.0011997923739983378,-2.8055409433631424,-0.5084883580033716,0.05751018264901108,0.01186615612970613,-1.2433060878752216,before_ekf,both,-0.0011997923739983378,-0.5084883580033716,0.05751018264901108,0.01186615612970613,-1.2433060878752216,-0.0011929875864915569,-0.5055039843435124,0.05832616435170566,0.01043792190665403,-1.1758255097644992,nan,nan,nan,nan,-0.515,nan,nan,nan,,0.06733260699911625,0.0566343999998935,0.04535987399867736,0.04535987399867736,0.034081731999322074,0.02273223599695484,nan,profile,1,1,1,2,32.00136065483093,67.99863934516907,0.8,-0.8,
1785159606.0304992,32.101402695003344,8.888888888888891,1.5716135186762028,-8.888888888888891,-1.5716135186762028,0.0,0.0011822333525876836,-2.8055409433631424,-0.5081600190580875,0.057510182649010824,0.01186615612970698,-1.2928840887209276,before_ekf,both,0.0011822333525876836,-0.5081600190580875,0.057510182649010824,0.01186615612970698,-1.2928840887209276,0.0006257963334536042,-0.5127155961760287,0.05832240268568578,0.010453994337087038,-1.2488938311281224,nan,nan,nan,nan,-0.5062,nan,nan,nan,,0.06674126400321256,0.05601308000041172,0.04473311699985061,0.04473311699985061,0.033123486002295977,0.022012119999999413,nan,profile,1,1,1,2,32.1020565032959,67.8979434967041,0.8,-0.8,
1785159606.1322286,32.203131752001354,8.888888888888891,1.5692200766123412,-8.888888888888891,-1.5692200766123412,0.0,3.5569235574597208e-06,-2.8055409433631424,-0.5119374398783503,0.05751700565172736,0.011867851042223555,-1.3452164229469539,before_ekf,both,3.5569235574597208e-06,-0.5119374398783503,0.05751700565172736,0.011867851042223555,-1.3452164229469539,0.0002316555967948657,-0.5131784180993417,0.05832174858616679,0.010451728052760527,-1.2837678527976129,nan,nan,nan,nan,-0.4935,nan,nan,nan,,0.06776814499971806,0.057069875998422503,0.04587383499892894,0.04587383499892894,0.03411787399818422,0.0222758950003481,nan,profile,1,1,1,2,32.203853368759155,67.79614663124084,0.8,-0.8,
1785159606.232326,32.30322985900057,8.888888888888891,1.5709184971264183,-8.888888888888891,-1.5709184971264183,0.0,-0.001145825384676184,-2.8055409433631424,-0.5149729964429997,0.05743895005076739,0.01225270916271657,-1.3796455902009186,before_ekf,both,-0.001145825384676184,-0.5149729964429997,0.05743895005076739,0.01225270916271657,-1.3796455902009186,-0.0008359303291449859,-0.5163230206843279,0.058298553703412984,0.01053343471944502,-1.351150507815743,nan,nan,nan,nan,-0.4914,nan,nan,nan,,0.06626728599803755,0.05550363899965305,0.04424151099738083,0.04424151099738083,0.032939684999291785,0.022045551999326563,nan,profile,1,1,1,2,32.30385160446167,67.69614839553833,0.8,-0.8,
1785159606.3339665,32.40487005500108,8.888888888888891,1.5708149566602827,-8.888888888888891,-1.5708149566602827,0.0,-0.0011154192310516204,-2.8055409433631424,-0.5163442229634134,0.05745871245883177,0.01225583196736505,-1.4485039247088445,before_ekf,both,-0.0011154192310516204,-0.5163442229634134,0.05745871245883177,0.01225583196736505,-1.4485039247088445,-0.00021052874772382218,-0.5144534551391444,0.058302816020331716,0.010522840523250419,-1.3815456850514327,nan,nan,nan,nan,-0.4826,nan,nan,nan,,0.0675811569999496,0.05670604899933096,0.044935951998922974,0.044935951998922974,0.033702380998875014,0.022141427998576546,nan,profile,1,1,1,2,32.40550184249878,67.59449815750122,0.8,-0.8,
1785159606.4350781,32.505976392003504,8.888888888888891,1.570254651750229,-8.888888888888891,-1.8319637603752672,0.0,-0.0011154192310529579,-2.8055409433631424,-0.5163067523347816,0.05745871245883169,0.012255831967365934,-1.4815559252726507,before_ekf,both,-0.0011154192310529579,-0.5163067523347816,0.05745871245883169,0.012255831967365934,-1.4815559252726507,-0.0010935766559527522,-0.5127986398574356,0.058275697827085186,0.010680941755269999,-1.4548642114411545,nan,nan,nan,nan,-0.4841,nan,nan,nan,,0.06697755200002575,0.056191324001702014,0.04505531000177143,0.04505531000177143,0.0335489260032773,0.022514954001962906,nan,profile,1,1,1,2,32.50687503814697,67.49312496185303,0.8,-0.8,
1785159606.540371,32.61127015900274,8.888888888888891,1.5187504645623693,-8.888888888888891,-1.5187504645623693,0.0,3.0406153620584725e-05,-2.8055409433631424,-0.5055751613242216,0.05745871245883172,0.012255831967365492,-1.5476599264002528,before_ekf,both,3.0406153620584725e-05,-0.5055751613242216,0.05745871245883172,0.012255831967365492,-1.5476599264002528,-0.0011541162517232659,-0.5078302480749348,0.05826803036526175,0.010756337436464446,-1.488753160728925,nan,nan,nan,nan,-0.4862,nan,nan,nan,,0.07044244200005778,0.059411558002466336,0.046091971002169885,0.046091971002169885,0.0343801090020861,0.02304789499976323,nan,profile,1,1,1,2,32.612234354019165,67.38776564598083,0.8,-0.8,
1785159606.644783,32.715685741000925,8.888888888888891,1.5715503094868792,-8.888888888888891,-1.5715503094868792,0.0,-0.0011697400941473655,-2.8055409433631424,-0.49977590450395953,0.05745314235544725,0.012648486298423009,-1.615141094218017,before_ekf,both,-0.0011697400941473655,-0.49977590450395953,0.05745314235544725,0.012648486298423009,-1.615141094218017,-0.0018253415383387872,-0.5009841667327597,0.05826108722488358,0.010913279542544379,-1.554047813224519,nan,nan,nan,nan,-0.4877,nan,nan,nan,,0.06786054499752936,0.05695408999963547,0.04546169400055078,0.04546169400055078,0.03403135999906226,0.022190543000760954,nan,profile,1,1,1,2,32.71631932258606,67.28368067741394,0.8,-0.8,
1785159606.747036,32.81793927400213,8.888888888888891,1.571836914268881,-8.888888888888891,-1.571836914268881,0.0,1.2832783103837475e-05,-2.8055409433631424,-0.49599530486791005,0.05743276309304581,0.012256320127900065,-1.6633419283735649,before_ekf,both,1.2832783103837475e-05,-0.49599530486791005,0.05743276309304581,0.012256320127900065,-1.6633419283735649,-0.00031644399508634825,-0.49625875938392366,0.058265387175605435,0.01098922609147238,-1.6185241485205766,nan,nan,nan,nan,-0.4895,nan,nan,nan,,0.06762248299855855,0.05682241199974669,0.04558525600077701,0.04558525600077701,0.033668433999991976,0.022365445998730138,nan,profile,1,1,1,2,32.818697929382324,67.18130207061768,0.8,-0.8,
1785159606.8478436,32.918745523002144,8.888888888888891,1.8316777875875745,-8.888888888888891,-1.8316777875875745,0.0,0.0011974128321282922,-2.8055409433631424,-0.4997785514116031,0.05738008573400509,0.011867175494640834,-1.7142970959094292,before_ekf,both,0.0011974128321282922,-0.4997785514116031,0.05738008573400509,0.011867175494640834,-1.7142970959094292,-0.00011545220827291636,-0.4939100514145112,0.05826613244487706,0.010990757939454487,-1.6532859146162238,nan,nan,nan,nan,-0.4942,nan,nan,nan,,0.06650591699872166,0.0554347469987988,0.04429423100009444,0.04429423100009444,0.033039172001736006,0.021907759000896476,nan,profile,1,1,1,2,32.91938257217407,67.08061742782593,0.8,-0.8,
1785159606.9490216,33.01992108200284,8.888888888888891,1.569694746415757,-8.888888888888891,-1.8313105374850496,0.0,0.002367152926274344,-2.8055409433631424,-0.49560673050227144,0.05738008573400509,0.011867175494640834,-1.7473490964732319,before_ekf,both,0.002367152926274344,-0.49560673050227144,0.05738008573400509,0.011867175494640834,-1.7473490964732319,0.001979999621276522,-0.4914767000591311,0.05824342238669834,0.01074711079523394,-1.7171387650341066,nan,nan,nan,nan,-0.5021,nan,nan,nan,,0.06698576100097853,0.05621631000030902,0.04508646500107716,0.04508646500107716,0.033885842000017874,0.02287674000035622,nan,profile,1,1,1,2,33.02095055580139,66.97904944419861,0.8,-0.8,
1785159607.050344,33.12124681300338,8.888888888888891,1.569176904845558,-8.888888888888891,-1.830706388986484,0.0,0.0023608611176562937,-2.8055409433631424,-0.49568980481369007,0.05728914394958288,0.011485155584839314,-1.812075930910683,before_ekf,both,0.0023608611176562937,-0.49568980481369007,0.05728914394958288,0.011485155584839314,-1.812075930910683,0.00232287329674944,-0.49033990128514854,0.05821729488134143,0.010581873619982751,-1.7514738444777262,nan,nan,nan,nan,-0.5066,nan,nan,nan,,0.06643539300057455,0.055691894001938635,0.0445079370001622,0.0445079370001622,0.03314470600162167,0.022030829000868835,nan,profile,1,1,1,2,33.12196373939514,66.87803626060486,0.8,-0.8,
1785159607.1516862,33.22258688100192,8.888888888888891,1.5703533144213655,-8.888888888888891,-1.5703533144213655,0.0,0.0023608611176562937,-2.8055409433631424,-0.49569200026325905,0.05728914394958288,0.011485155584839314,-1.8451279314744857,before_ekf,both,0.0023608611176562937,-0.49569200026325905,0.05728914394958288,0.011485155584839314,-1.8451279314744857,0.002437295467128547,-0.4895131310626776,0.05815269804641845,0.010280050033785801,-1.815315451342597,nan,nan,nan,nan,-0.5136,nan,nan,nan,,0.06755432700083475,0.056821588001184864,0.04551958600131911,0.04551958600131911,0.033477091001259396,0.022519931000715587,nan,profile,1,1,1,2,33.223268032073975,66.77673196792603,0.8,-0.8,
1785159607.252723,33.32362498100338,8.888888888888891,1.8319602442245295,-8.888888888888891,-1.5702516379067397,0.0,-1.977423806367091e-06,-2.8055409433631424,-0.48774497731809674,0.05739838666000411,0.011862350030528615,-1.9098547659119331,before_ekf,both,-1.977423806367091e-06,-0.48774497731809674,0.05739838666000411,0.011862350030528615,-1.9098547659119331,0.0007082040995489168,-0.4883149520145178,0.0581520494158634,0.010297481188903106,-1.8431216915298603,nan,nan,nan,nan,-0.5174,nan,nan,nan,,0.06681381500311545,0.05590834600297967,0.0442822580007487,0.0442822580007487,0.033167019002576126,0.02211816500130226,nan,profile,1,1,1,2,33.32425618171692,66.67574381828308,0.8,-0.8,
1785159607.3914773,33.462373866001144,8.888888888888891,1.6535023307562478,-8.888888888888891,-1.6535023307562478,0.0,0.0011794222295170814,-2.8055409433631424,-0.49152909848179666,0.05711888829275397,0.011128376666591172,-1.975958767039539,before_ekf,both,0.0011794222295170814,-0.49152909848179666,0.05711888829275397,0.011128376666591172,-1.975958767039539,0.0017743681994055835,-0.4883506877486296,0.05810138676651061,0.010135987289772727,-1.9127869416429422,nan,nan,nan,nan,-0.5102,nan,nan,nan,,0.10488673299914808,0.09395101699919906,0.0629537140011962,0.0629537140011962,0.05065011999977287,0.034017147998383734,nan,profile,1,1,1,2,33.463271617889404,66.5367283821106,0.8,-0.8,
1785159607.4939387,33.56484149600146,8.888888888888891,1.5709579469484787,-8.888888888888891,-1.5709579469484787,0.0,0.0011794222295170814,-2.8055409433631424,-0.4914287328881876,0.05711888829275397,0.011128376666591172,-2.009010767603342,before_ekf,both,0.0011794222295170814,-0.4914287328881876,0.05711888829275397,0.011128376666591172,-2.009010767603342,0.0012623221241068881,-0.49277195479547653,0.058040292137806496,0.009985318418181332,-1.9815743193983784,nan,nan,nan,nan,-0.5078,nan,nan,nan,,0.067634883998835,0.05662021700118203,0.04526649699982954,0.04526649699982954,0.03352846599955228,0.022361979998095194,nan,profile,1,1,1,2,33.565534591674805,66.4344654083252,0.8,-0.8,
1785159607.5988715,33.669771154000045,8.888888888888891,1.5714421109303836,-8.888888888888891,-1.5714421109303836,0.0,0.0023576807219539307,-2.8055409433631424,-0.4958821007369313,0.05711888829275418,0.011128376666591562,-2.0751147687309475,before_ekf,both,0.0023576807219539307,-0.4958821007369313,0.05711888829275418,0.011128376666591562,-2.0751147687309475,0.002085936560758138,-0.4949179910230312,0.05797941343541873,0.009844383544322481,-2.0114511717360988,nan,nan,nan,nan,-0.5071,nan,nan,nan,,0.07014589099708246,0.059323402998415986,0.045345983999141026,0.045345983999141026,0.03395224199994118,0.022772168998926645,nan,profile,1,1,1,2,33.67079210281372,66.32920789718628,0.8,-0.8,
1785159607.7012327,33.772132579000754,8.888888888888891,1.5712489564817902,-8.888888888888891,-1.5712489564817902,0.0,1.3065937221057312e-15,-2.8055409433631424,-0.4955358941144574,0.057118888292753967,0.011128376666591175,-2.1081667692947503,before_ekf,both,1.3065937221057312e-15,-0.4955358941144574,0.057118888292753967,0.011128376666591175,-2.1081667692947503,0.0006715270864995717,-0.4944643732017718,0.05790799978177014,0.009708326430678224,-2.0806063705511413,nan,nan,nan,nan,-0.5066,nan,nan,nan,,0.06731794999723206,0.05637322699840297,0.04470048800067161,0.04470048800067161,0.03314734399828012,0.022167803999764146,nan,profile,1,1,1,2,33.7727997303009,66.2272002696991,0.8,-0.8,
1785159607.8041787,33.87508006700227,8.888888888888891,1.5712486735755324,-8.888888888888891,-1.5712486735755324,0.0,0.0011778961691451101,-2.8055409433631424,-0.49189677709935326,0.05690980480673762,0.010795970716713708,-2.172893603732198,before_ekf,both,0.0011778961691451101,-0.49189677709935326,0.05690980480673762,0.010795970716713708,-2.172893603732198,0.0010442031316064125,-0.4938916662442565,0.05787005642245303,0.009640198671127946,-2.111150357928502,nan,nan,nan,nan,-0.5083,nan,nan,nan,,0.06767057400065823,0.05672636600138503,0.04498128300110693,0.04498128300110693,0.0337352140013536,0.022713910999300424,nan,profile,1,1,1,2,33.87581491470337,66.12418508529663,0.8,-0.8,
1785159607.905727,33.97662311200111,8.888888888888891,1.5712526342724156,-8.888888888888891,-1.5712526342724156,0.0,0.001177896169146442,-2.8055409433631424,-0.4916554271783721,0.05690980480673762,0.010795970716713708,-2.2389976048598075,before_ekf,both,0.001177896169146442,-0.4916554271783721,0.05690980480673762,0.010795970716713708,-2.2389976048598075,0.0011863689325392955,-0.4965666609927235,0.05778488222072184,0.00950699240376826,-2.177281712578043,nan,nan,nan,nan,-0.5039,nan,nan,nan,,0.06718445899969083,0.05644393399779801,0.04503086000113399,0.04503086000113399,0.033577071997569874,0.022514205000334186,nan,profile,1,1,1,2,33.97764539718628,66.02235460281372,0.8,-0.8,
1785159608.0072706,34.07817380400229,8.888888888888891,1.5715784227970016,-8.888888888888891,-1.5715784227970016,0.0,0.0011778961691451025,-2.8055409433631424,-0.49184137015759843,0.05690980480673763,0.010795970716713702,-2.272049605423607,before_ekf,both,0.0011778961691451025,-0.49184137015759843,0.05690980480673763,0.010795970716713702,-2.272049605423607,0.0011983314682833105,-0.49790999401710634,0.05768867897652035,0.009377276112396278,-2.24536318584949,nan,nan,nan,nan,-0.5006,nan,nan,nan,,0.0667949230009981,0.05596381600116729,0.04444103200148675,0.04444103200148675,0.033212239999556914,0.022276855001109652,nan,profile,1,1,1,2,34.07882213592529,65.9211778640747,0.8,-0.8,
1785159608.1083136,34.179213154002355,8.888888888888891,1.5703949495497413,-8.888888888888891,-1.8321274411413648,0.0,-0.0012247639695471802,-2.8055409433631424,-0.500359933866332,0.05717072237225321,0.01108945065428245,-2.3064787726775675,before_ekf,both,-0.0012247639695471802,-0.500359933866332,0.05717072237225321,0.01108945065428245,-2.3064787726775675,-0.0005653154247456057,-0.5014556183826111,0.057744939113338875,0.009454218833151317,-2.277666564194347,nan,nan,nan,nan,-0.4917,nan,nan,nan,,0.0672038100019563,0.05633014599879971,0.045065607999276835,0.045065607999276835,0.03387356500024907,0.022967234999669017,nan,profile,1,1,1,2,34.18014860153198,65.81985139846802,0.8,-0.8,
1785159608.2105355,34.28143900700161,8.888888888888891,1.5698388977495483,-8.888888888888891,-1.5698388977495483,0.0,-0.0012247639695469954,-2.8055409433631424,-0.5009631527065784,0.057170722372253215,0.011089450654282447,-2.3725827738051732,before_ekf,both,-0.0012247639695469954,-0.5009631527065784,0.057170722372253215,0.011089450654282447,-2.3725827738051732,-0.0012230712653931363,-0.5038065286127213,0.057844477514635395,0.00956702062384449,-2.3374998324080205,nan,nan,nan,nan,-0.4803,nan,nan,nan,,0.0671908500007703,0.05641791200105217,0.04512499499833211,0.04512499499833211,0.033655528000963386,0.022376151999196736,nan,profile,1,1,1,2,34.28218603134155,65.71781396865845,0.8,-0.8,
1785159608.3178635,34.3887600220005,8.888888888888891,1.631864668106589,-8.888888888888891,-1.631864668106589,0.0,-0.0024036802687920373,-2.8055409433631424,-0.5054597547810745,0.05746840343119553,0.011345564763414685,-2.4400639416229373,before_ekf,both,-0.0024036802687920373,-0.5054597547810745,0.05746840343119553,0.011345564763414685,-2.4400639416229373,-0.0012848053291170877,-0.5059890681897543,0.057917581824626065,0.009640151576018262,-2.379899749219759,nan,nan,nan,nan,-0.4855,nan,nan,nan,,0.07234624400007306,0.06142995499976678,0.04952575399875059,0.04952575399875059,0.03749546799735981,0.023906225000246195,nan,profile,1,1,1,2,34.38987922668457,65.61012077331543,0.8,-0.8,
1785159608.4223228,34.49321988400334,8.888888888888891,1.57045877238636,-8.888888888888891,-1.57045877238636,0.0,-0.0011789162992448677,-2.8055409433631424,-0.5009431202735665,0.057468403431195525,0.011345564763414692,-2.4731159421867366,before_ekf,both,-0.0011789162992448677,-0.5009431202735665,0.057468403431195525,0.011345564763414692,-2.4731159421867366,-0.0015149751074029663,-0.5127420495195215,0.058092227732172826,0.009798885755823545,-2.4465725784023626,nan,nan,nan,nan,-0.487,nan,nan,nan,,0.068470119000267,0.05753472200012766,0.04611397700136877,0.04611397700136877,0.03452138300053775,0.023119404002500232,nan,profile,1,1,1,2,34.49430227279663,65.50569772720337,0.8,-0.8,
1785159608.5261643,34.59706261800238,8.888888888888891,1.571420888026843,-8.888888888888891,-1.571420888026843,0.0,-0.002355096571148377,-2.8055409433631424,-0.5123349998630008,0.057794562961680916,0.011564261837980148,-2.559877443666717,before_ekf,both,-0.002355096571148377,-0.5123349998630008,0.057794562961680916,0.011564261837980148,-2.559877443666717,-0.001326196404656375,-0.5140270749410091,0.05815651742399714,0.009849674553027186,-2.4828730375636168,nan,nan,nan,nan,-0.4889,nan,nan,nan,,0.06794595199971809,0.057117555999866454,0.04595703300219611,0.04595703300219611,0.034204427000076976,0.022764863999327645,nan,profile,1,1,1,2,34.597946882247925,65.40205311775208,0.8,-0.8,
1785159608.6274645,34.69836312500047,8.888888888888891,1.571685649402755,-8.888888888888891,-1.8336332576365473,0.0,-0.0011747271247720624,-2.8055409433631424,-0.5165382118482587,0.057464540539593864,0.011351438787842878,-2.594306610920678,before_ekf,both,-0.0011747271247720624,-0.5165382118482587,0.057464540539593864,0.011351438787842878,-2.594306610920678,-0.0014789235647579954,-0.5161542986303521,0.05834857561178674,0.009990396481984593,-2.5500296009256185,nan,nan,nan,nan,-0.4879,nan,nan,nan,,0.06687214599878644,0.05602663999889046,0.04478670999742462,0.04478670999742462,0.03353165699809324,0.022617529997660313,nan,profile,1,1,1,2,34.699318647384644,65.30068135261536,0.8,-0.8,
1785159608.7291641,34.80006784700163,8.888888888888891,1.57177288500608,-8.888888888888891,-1.57177288500608,0.0,-0.0011725625074346393,-2.8055409433631424,-0.5165111106067851,0.057801693254945115,0.011552775561138798,-2.6452617784565424,before_ekf,both,-0.0011725625074346393,-0.5165111106067851,0.057801693254945115,0.011552775561138798,-2.6452617784565424,-0.0013367145860445292,-0.5165300241100415,0.058420403080136275,0.0100362698300347,-2.586014515847815,nan,nan,nan,nan,-0.4898,nan,nan,nan,,0.06681920000119135,0.05601038899840205,0.04486475700105075,0.04486475700105075,0.03346750600030646,0.022285309998551384,nan,profile,1,1,1,2,34.80073666572571,65.19926333427429,0.8,-0.8,
1785159608.8296833,34.900583096001355,8.888888888888891,1.5701896212271507,-8.888888888888891,-1.5701896212271507,0.0,-0.0023454929684362516,-2.8055409433631424,-0.5120759451169461,0.05815165474553242,0.011730919898281055,-2.6796909457105036,before_ekf,both,-0.0023454929684362516,-0.5120759451169461,0.05815165474553242,0.011730919898281055,-2.6796909457105036,-0.0020927447531946253,-0.5122280451462118,0.05862564052871509,0.010155631962917784,-2.6530561349483865,nan,nan,nan,nan,-0.4927,nan,nan,nan,,0.06638919000033638,0.05562929100051406,0.04444689699812443,0.04444689699812443,0.03309312900091754,0.022114983999927063,nan,profile,1,1,1,2,34.901190996170044,65.09880900382996,0.8,-0.8,
1785159608.9306867,35.00158503000057,8.888888888888891,1.5721645501596095,-8.888888888888891,-1.5721645501596095,0.0,-0.0011638484166021008,-2.8055409433631424,-0.5057254137579804,0.0577957685014198,0.011564927636409048,-2.7471721135282676,before_ekf,both,-0.0011638484166021008,-0.5057254137579804,0.0577957685014198,0.011564927636409048,-2.7471721135282676,-0.001462365421341893,-0.5100468716573048,0.058681706795412625,0.010182141169319902,-2.683566328568049,nan,nan,nan,nan,-0.4997,nan,nan,nan,,0.06712913400042453,0.056366658998740604,0.04506766600025003,0.04506766600025003,0.033683816000120714,0.022751475000404753,nan,profile,1,1,1,2,35.002360820770264,64.99763917922974,0.8,-0.8,
1785159609.0321379,35.10303773800115,8.888888888888891,1.5707739589737209,-8.888888888888891,-1.8325696188026743,0.0,1.2903265305532451e-05,-2.8055409433631424,-0.5041029824835668,0.0577957685014198,0.011564927636409048,-2.7802241140920705,before_ekf,both,1.2903265305532451e-05,-0.5041029824835668,0.0577957685014198,0.011564927636409048,-2.7802241140920705,-0.0003677958508386451,-0.4994621734827379,0.058756040940117576,0.010213820508573368,-2.753667284624004,nan,nan,nan,nan,-0.5037,nan,nan,nan,,0.06713324600059423,0.05624806299965712,0.04472021499896073,0.04472021499896073,0.033369177999702515,0.022380144000635482,nan,profile,1,1,1,2,35.10375642776489,64.89624357223511,0.8,-0.8,
1785159609.1452913,35.216188386002614,8.888888888888891,1.5702285635508881,-8.888888888888891,-1.5702285635508881,0.0,0.0011858337263071378,-2.8055409433631424,-0.5003968104293467,0.0577957685014198,0.011564927636409048,-2.8463281152196798,before_ekf,both,0.0011858337263071378,-0.5003968104293467,0.0577957685014198,0.011564927636409048,-2.8463281152196798,-9.2801787173954e-05,-0.4981946228262395,0.05875315922849151,0.010211793670317762,-2.785441436986323,nan,nan,nan,nan,-0.5064,nan,nan,nan,,0.07841503800227656,0.06735641900013434,0.05557507000048645,0.05557507000048645,0.04372567199970945,0.023173518002295168,nan,profile,1,1,1,2,35.21755242347717,64.78244757652283,0.8,-0.8,
1785159609.252945,35.32384428200021,8.888888888888891,1.5718387073520643,-8.888888888888891,-1.5718387073520643,0.0,-0.001174745793183217,-2.8055409433631424,-0.4942034206814,0.058177383928520836,0.011657552068593705,-2.9110549496571307,before_ekf,both,-0.001174745793183217,-0.4942034206814,0.058177383928520836,0.011657552068593705,-2.9110549496571307,0.0002557608437603512,-0.49139695870432537,0.058677291545587935,0.010183667198895147,-2.8504075918289633,nan,nan,nan,nan,-0.5144,nan,nan,nan,,0.07152645199676044,0.06046910799705074,0.048979939998389455,0.048979939998389455,0.03772554099850822,0.026427666998642962,nan,profile,1,1,1,2,35.32486581802368,64.67513418197632,0.8,-0.8,
1785159609.3546016,35.42550548800136,8.888888888888891,1.5712542845686772,-8.888888888888891,-1.5712542845686772,0.0,-0.0011747457931818805,-2.8055409433631424,-0.4915752152234563,0.058177383928520406,0.011657552068593608,-2.9606329505028333,before_ekf,both,-0.0011747457931818805,-0.4915752152234563,0.058177383928520406,0.011657552068593608,-2.9606329505028333,-0.0010933580674163247,-0.48977506050827657,0.0588270911332985,0.010227669889821761,-2.915086555606076,nan,nan,nan,nan,-0.5166,nan,nan,nan,,0.06656116600061068,0.05583625700091943,0.04446897899833857,0.04446897899833857,0.033168535999720916,0.022075988999858964,nan,profile,1,1,1,2,35.426308155059814,64.57369184494019,0.8,-0.8,
1785159609.4641814,35.53508399200291,8.888888888888891,1.568746962825071,-8.888888888888891,-1.568746962825071,0.0,-0.0011747457931818798,-2.8055409433631424,-0.49157249083667703,0.058177383928520406,0.011657552068593615,-3.010210951348536,before_ekf,both,-0.0011747457931818798,-0.49157249083667703,0.058177383928520406,0.011657552068593615,-3.010210951348536,-0.0011752684813022842,-0.48941402069944756,0.05891163180509691,0.010245921602842774,-2.9512710728788822,nan,nan,nan,nan,-0.521,nan,nan,nan,,0.06848336800248944,0.05721608100066078,0.04589014300290728,0.04589014300290728,0.03452871000263258,0.023233292002259986,nan,profile,1,1,1,2,35.535728931427,64.464271068573,0.8,-0.8,
1785159609.5667448,35.637646537001274,8.888888888888891,1.5704867053409386,-8.888888888888891,-1.3087389211174487,0.0,-0.0011747457931832147,-2.8055409433631424,-0.4921756841724053,0.05817738392852085,0.011657552068593662,-3.0432629519123386,before_ekf,both,-0.0011747457931832147,-0.4921756841724053,0.05817738392852085,0.011657552068593662,-3.0432629519123386,-0.0012079050651663042,-0.4899653231196124,0.059060614509593455,0.010270074234466882,-3.014091817718944,nan,nan,nan,nan,-0.5051,nan,nan,nan,,0.0681312960005016,0.05717875600021216,0.045830966999346856,0.045830966999346856,0.03369204399859882,0.02256479599964223,nan,profile,1,1,1,2,35.63830208778381,64.36169791221619,0.8,-0.8,
1785159609.668061,35.73896023400084,8.888888888888891,1.5696150345199171,-8.888888888888891,-1.5696150345199171,0.0,-2.1400453421368622e-17,-2.8055409433631424,-0.4955291242364884,0.058177383928520406,0.01165755206859363,-3.109366953039941,before_ekf,both,-2.1400453421368622e-17,-0.4955291242364884,0.058177383928520406,0.01165755206859363,-3.109366953039941,-0.00034804176295474837,-0.49208345234780065,0.059056866726239506,0.010266987780835285,-3.0484843424228747,nan,nan,nan,nan,-0.5092,nan,nan,nan,,0.06691513300029328,0.05606486000033328,0.044802215998061,0.044802215998061,0.03365140599998995,0.022697865999361966,nan,profile,1,1,1,2,35.73988342285156,64.26011657714844,0.8,-0.8,
1785159609.7692301,35.84013305100234,8.888888888888891,1.5703639584862068,-8.888888888888891,-1.5703639584862068,0.0,-0.0011801072773666237,-2.8055409433631424,-0.49988458998787655,0.058570068824657234,0.011660201992354643,3.1393891868856842,before_ekf,both,-0.0011801072773666237,-0.49988458998787655,0.058570068824657234,0.011660201992354643,3.1393891868856842,-0.0008825979523062902,-0.49757558675642016,0.059137330028123325,0.010272321085700595,-3.1132379495405376,nan,nan,nan,nan,-0.5019,nan,nan,nan,,0.06682011800148757,0.056133525002223905,0.04487933500058716,0.04487933500058716,0.03342691199941328,0.022154452999529894,nan,profile,1,1,1,2,35.840816497802734,64.15918350219727,0.8,-0.8,
1785159609.8694751,35.94037831600144,8.888888888888891,1.5711757814578766,-8.888888888888891,-1.5711757814578766,0.0,-0.0011801072773652897,-2.8055409433631424,-0.4994262760940968,0.058570068824657234,0.011660201992354643,3.073285185758075,before_ekf,both,-0.0011801072773652897,-0.4994262760940968,0.058570068824657234,0.011660201992354643,3.073285185758075,-0.0011175756596167462,-0.5005626993418283,0.05922093974591318,0.010274045941761753,3.134876866297427,nan,nan,nan,nan,-0.5025,nan,nan,nan,,0.0664934419983183,0.05578893900019466,0.0444399420011905,0.0444399420011905,0.033268480001424905,0.022225597000215203,nan,profile,1,1,1,2,35.941006898880005,64.05899310112,0.8,-0.8,
1785159609.971643,36.04253995900217,8.888888888888891,1.7382548444864105,-8.888888888888891,-1.4485457037386753,0.0,-0.002318857237036495,-2.8055409433631424,-0.5041438350877865,0.058961591257570056,0.011629893012234022,3.0058040179403145,before_ekf,both,-0.002318857237036495,-0.5041438350877865,0.058961591257570056,0.011629893012234022,3.0058040179403145,-0.0020370422168765226,-0.5059709792546087,0.059455058355189265,0.010266659335424236,3.0693120927941635,nan,nan,nan,nan,-0.4979,nan,nan,nan,,0.06848715800151695,0.05766913900151849,0.046397190999414306,0.046397190999414306,0.03465028299979167,0.023133532999054296,nan,profile,1,1,1,2,36.04352903366089,63.95647096633911,0.8,-0.8,
1785159610.0749931,36.14589603100103,8.888888888888891,1.5704483625512062,-8.888888888888891,-1.5704483625512062,0.0,-0.002297944364036317,-2.8055409433631424,-0.5033123223432434,0.05934918979803519,0.01156683889913333,2.9713748506863498,before_ekf,both,-0.002297944364036317,-0.5033123223432434,0.05934918979803519,0.01156683889913333,2.9713748506863498,-0.0023520533130717797,-0.5093344883176648,0.059777174049529765,0.010233562979677927,2.9984296125430374,nan,nan,nan,nan,-0.4959,nan,nan,nan,,0.06821961099922191,0.05714120599805028,0.04514679699786939,0.04514679699786939,0.033270484000240685,0.022052517997508403,nan,profile,1,1,1,2,36.14660882949829,63.85339117050171,0.8,-0.8,
1785159610.1837282,36.25463108000258,8.888888888888891,1.5705977404165983,-8.888888888888891,-1.5705977404165983,0.0,-0.0034762197141469447,-2.8055409433631424,-0.5085343489167319,0.05973307371858211,0.011484125023057493,2.9038936828685893,before_ekf,both,-0.0034762197141469447,-0.5085343489167319,0.05973307371858211,0.011484125023057493,2.9038936828685893,-0.0023612169853290494,-0.5084355486116612,0.05991541553988971,0.010211540230361995,2.9674780326156522,nan,nan,nan,nan,-0.4882,nan,nan,nan,,0.07391021200237446,0.06320933900133241,0.04807718700249097,0.04807718700249097,0.033651854002528125,0.022162683002534322,nan,profile,1,1,1,2,36.2552490234375,63.7447509765625,0.8,-0.8,
1785159610.285182,36.356085289000475,8.888888888888891,1.5708424781469046,-8.888888888888891,-1.5708424781469046,0.0,-0.00351801686540461,-2.8055409433631424,-0.5081968780951316,0.06011224650747088,0.011381966098257729,2.869464515614628,before_ekf,both,-0.00351801686540461,-0.5081968780951316,0.06011224650747088,0.011381966098257729,2.869464515614628,-0.0035211160320233453,-0.5081559645244871,0.06039963067834198,0.010112752480042612,2.8966157280785945,nan,nan,nan,nan,-0.4899,nan,nan,nan,,0.06686867099779192,0.055995018999965396,0.04467456899874378,0.04467456899874378,0.033018449998053256,0.021916688998317113,nan,profile,1,1,1,2,36.356740951538086,63.643259048461914,0.8,-0.8,
1785159610.389296,36.460199105000356,8.888888888888891,1.5815359522785177,-8.888888888888891,-1.5815359522785177,0.0,-0.0035347843992694543,-2.8055409433631424,-0.5087374967844323,0.06048366773015769,0.011254472078447176,2.801983347796864,before_ekf,both,-0.0035347843992694543,-0.5087374967844323,0.06048366773015769,0.011254472078447176,2.801983347796864,-0.003592014878519081,-0.5081052053591044,0.06060549020048679,0.010058370743738727,2.8659466356802987,nan,nan,nan,nan,-0.4902,nan,nan,nan,,0.0694020629998704,0.05811820499729947,0.04491505599798984,0.04491505599798984,0.03375372699883883,0.022702464997564675,nan,profile,1,1,1,2,36.46105599403381,63.53894400596619,0.8,-0.8,
1785159610.4907646,36.56166213300094,8.888888888888891,1.5710107854772222,-8.888888888888891,-1.8328459163900925,0.0,-0.0035347843992707567,-2.8055409433631424,-0.5080235295586383,0.060483667730158105,0.011254472078447018,2.7689313472330612,before_ekf,both,-0.0035347843992707567,-0.5080235295586383,0.060483667730158105,0.011254472078447018,2.7689313472330612,-0.00364202246924922,-0.5084830384365261,0.06107772862904094,0.00990709605040749,2.794776147325896,nan,nan,nan,nan,-0.4918,nan,nan,nan,,0.06689650999760488,0.05624889300088398,0.04518972599908011,0.04518972599908011,0.03391218699835008,0.022587242998270085,nan,profile,1,1,1,2,36.5626494884491,63.4373505115509,0.8,-0.8,
1785159610.59403,36.664931612001965,8.888888888888891,1.5711989308089271,-8.888888888888891,-1.5711989308089271,0.0,-0.002349335257292707,-2.8055409433631424,-0.5039414278948707,0.06084564668457286,0.011102223313885882,2.701450179415297,before_ekf,both,-0.002349335257292707,-0.5039414278948707,0.06084564668457286,0.011102223313885882,2.701450179415297,-0.003627547462614983,-0.5082228765589216,0.06127516667767083,0.009832516005422539,2.764301318226087,nan,nan,nan,nan,-0.4895,nan,nan,nan,,0.0679783999985375,0.05666690900034155,0.04479387600076734,0.04479387600076734,0.033249839001655346,0.02221442100199056,nan,profile,1,1,1,2,36.665611028671265,63.334388971328735,0.8,-0.8,
1785159610.6945314,36.76543468300224,8.888888888888891,1.5661419877286653,-8.888888888888891,-1.5661419877286653,0.0,-0.0035234613660642482,-2.8055409433631424,-0.5078472532173537,0.06119653564966424,0.01092591283794347,2.667021012161336,before_ekf,both,-0.0035234613660642482,-0.5078472532173537,0.06119653564966424,0.01092591283794347,2.667021012161336,-0.003365547278878934,-0.5059600219311625,0.06164697248461851,0.009668064167079006,2.694425319021743,nan,nan,nan,nan,-0.4902,nan,nan,nan,,0.06606657600059407,0.05541358100163052,0.04428353700131993,0.04428353700131993,0.03254159100106335,0.021676292999472935,nan,profile,1,1,1,2,36.76607632637024,63.23392367362976,0.8,-0.8,
1785159610.796136,36.86703824900178,8.888888888888891,1.5705300905339492,-8.888888888888891,-1.5705300905339492,0.0,-0.002347499427829073,-2.8055409433631424,-0.5041727830219513,0.061196535649663854,0.010925912837943688,2.600917011033734,before_ekf,both,-0.002347499427829073,-0.5041727830219513,0.061196535649663854,0.010925912837943688,2.600917011033734,-0.0026766899847277628,-0.5047782600277909,0.06177558437550801,0.00960162390617891,2.66179860798799,nan,nan,nan,nan,-0.4902,nan,nan,nan,,0.06724962500084075,0.05615871500049252,0.04432491500119795,0.04432491500119795,0.03290289000142366,0.021966167998471064,nan,profile,1,1,1,2,36.86780881881714,63.13219118118286,0.8,-0.8,
1785159610.897762,36.96866062900153,8.888888888888891,1.5591230323307634,-8.888888888888891,-1.8189768710525573,0.0,-0.0011741261087703048,-2.8055409433631424,-0.5000864921228299,0.061196535649664235,0.010925912837943455,2.5678650104699314,before_ekf,both,-0.0011741261087703048,-0.5000864921228299,0.061196535649664235,0.010925912837943455,2.5678650104699314,-0.0015479781612289308,-0.5002513820027662,0.06197095300486793,0.009490042899650738,2.596135358416727,nan,nan,nan,nan,-0.4887,nan,nan,nan,,0.06772012899818947,0.056723417998000514,0.04531567400044878,0.04531567400044878,0.033980682001129026,0.02290779100076179,nan,profile,1,1,1,2,36.97065734863281,63.02934265136719,0.8,-0.8,
1785159611.0041783,37.075081702001626,8.888888888888891,1.5658752974737848,-8.888888888888891,-1.5658752974737848,0.0,0.0011759199602796437,-2.8055409433631424,-0.49199775369906795,0.060879430752053244,0.011157546392399964,2.5031381760324836,before_ekf,both,0.0011759199602796437,-0.49199775369906795,0.060879430752053244,0.011157546392399964,2.5031381760324836,-0.0012565784237386214,-0.49838658906298866,0.06204116492894573,0.009445208810566187,2.562108714943646,nan,nan,nan,nan,-0.4978,nan,nan,nan,,0.06802228100059438,0.057204274999094196,0.0449488049998763,0.0449488049998763,0.0330722059989057,0.022013996000168845,nan,profile,1,1,1,2,37.07570147514343,62.92429852485657,0.8,-0.8,
1785159611.106738,37.17763446200115,8.888888888888891,1.5702290344493306,-8.888888888888891,-1.5702290344493306,0.0,0.0011759199602797172,-2.8055409433631424,-0.4915704626938825,0.060879430752053265,0.011157546392399981,2.4205081746229817,before_ekf,both,0.0011759199602797172,-0.4915704626938825,0.060879430752053265,0.011157546392399981,2.4205081746229817,0.0009965445344255457,-0.4873052041043405,0.06191289112111508,0.00952715940217825,2.4950487426203676,nan,nan,nan,nan,-0.5018,nan,nan,nan,,0.06796584599942435,0.05712030299764592,0.04531882399896858,0.04531882399896858,0.03396492300089449,0.022997907999524614,nan,profile,1,1,1,2,37.1784086227417,62.8215913772583,0.8,-0.8,
1785159611.2114935,37.28238955500274,8.888888888888891,1.5712344340921547,-8.888888888888891,-1.5712344340921547,0.0,0.002360116760308854,-2.8055409433631424,-0.48764156730206576,0.06058645330610604,0.011419030303577292,2.405359341031237,before_ekf,both,0.002360116760308854,-0.48764156730206576,0.06058645330610604,0.011419030303577292,2.405359341031237,0.002010901825257181,-0.48729688469275456,0.061732236630209825,0.009670579983043909,2.430770435655268,nan,nan,nan,nan,-0.5055,nan,nan,nan,,0.06787533299939241,0.057028532999538584,0.045612059999257326,0.045612059999257326,0.03392004600027576,0.02283254800204304,nan,profile,1,1,1,2,37.28346037864685,62.71653962135315,0.8,-0.8,
1785159611.3132677,37.38417214100264,8.888888888888891,1.571487341208573,-8.888888888888891,-1.571487341208573,0.0,0.0011841968000304486,-2.8055409433631424,-0.4918747979218325,0.060586453306105716,0.011419030303577592,2.339255339903631,before_ekf,both,0.0011841968000304486,-0.4918747979218325,0.060586453306105716,0.011419030303577592,2.339255339903631,0.002359100185673721,-0.48735164242792683,0.06161493300891657,0.009773279099101431,2.399173714757091,nan,nan,nan,nan,-0.513,nan,nan,nan,,0.06743402999927639,0.05649540100057493,0.044707790002576075,0.044707790002576075,0.03332932500052266,0.022138303000247106,nan,profile,1,1,1,2,37.38472080230713,62.61527919769287,0.8,-0.8,
1785159611.4152758,37.48617942900091,8.888888888888891,1.5706443355425461,-8.888888888888891,-1.5706443355425461,0.0,0.0011841968000317889,-2.8055409433631424,-0.49176858504924753,0.060586453306105716,0.011419030303577592,2.289677339057925,before_ekf,both,0.0011841968000317889,-0.49176858504924753,0.060586453306105716,0.011419030303577592,2.289677339057925,0.0013090842849896418,-0.49004765036292686,0.06150897515162066,0.009882032931892973,2.333952599166251,nan,nan,nan,nan,-0.5104,nan,nan,nan,,0.06691889699868625,0.0558266049993108,0.04430900299848872,0.04430900299848872,0.03304570099862758,0.021811963997606654,nan,profile,1,1,1,2,37.486817836761475,62.513182163238525,0.8,-0.8,
1785159611.516605,37.58750233000319,8.888888888888891,1.5704255179216051,-8.888888888888891,-1.5704255179216051,0.0,0.001179541051686308,-2.8055409433631424,-0.4915993266611226,0.0603400625579422,0.01172480999364559,2.241476504902381,before_ekf,both,0.001179541051686308,-0.4915993266611226,0.0603400625579422,0.01172480999364559,2.241476504902381,0.0012932549029783355,-0.48978885460789723,0.06145625178734225,0.009939127029460825,2.302307049780145,nan,nan,nan,nan,-0.5087,nan,nan,nan,,0.06725598100092611,0.05651937100265059,0.04482198900223011,0.04482198900223011,0.03324591900309315,0.0221845050000411,nan,profile,1,1,1,2,37.58852934837341,62.41147065162659,0.8,-0.8,
1785159611.6190898,37.689993285002856,8.888888888888891,1.5688980856231396,-8.888888888888891,-1.5688980856231396,0.0,0.0014150355232825803,-2.8055409433631424,-0.4918064585922666,0.06034521427354555,0.011728756472681704,2.2084245043385784,before_ekf,both,0.0014150355232825803,-0.4918064585922666,0.06034521427354555,0.011728756472681704,2.2084245043385784,0.0014394314412560295,-0.49168657602621374,0.06133890128656839,0.010079155716271,2.233914054610322,nan,nan,nan,nan,-0.5041,nan,nan,nan,,0.06672546200206853,0.055934146999788936,0.04463784400286386,0.04463784400286386,0.03332460599995102,0.02201062099993578,nan,profile,1,1,1,2,37.69062781333923,62.30937218666077,0.8,-0.8,
1785159611.7196505,37.79054838200318,8.888888888888891,1.5709413089683013,-8.888888888888891,-1.5709413089683013,0.0,0.0014150355232825957,-2.8055409433631424,-0.49167298526904657,0.060345214273545555,0.01172875647268171,2.1423205032109722,before_ekf,both,0.0014150355232825957,-0.49167298526904657,0.060345214273545555,0.01172875647268171,2.1423205032109722,0.0014843837024886087,-0.49272276239764745,0.061281923049118565,0.010154482908198929,2.201217221708383,nan,nan,nan,nan,-0.5058,nan,nan,nan,,0.06633893400066881,0.055446600999857765,0.044178863001434365,0.044178863001434365,0.033063700000639074,0.02203557000029832,nan,profile,1,1,1,2,37.791157960891724,62.208842039108276,0.8,-0.8,
1785159611.8269885,37.89789161000226,8.888888888888891,1.3090571948984282,-8.888888888888891,-1.8326800728577997,0.0,0.0014150355232840704,-2.8055409433631424,-0.49190971188647864,0.06034521427354556,0.011728756472681715,2.109268502647173,before_ekf,both,0.0014150355232840704,-0.49190971188647864,0.06034521427354556,0.011728756472681715,2.109268502647173,0.0014876409656896723,-0.49454047499180653,0.061181540708858805,0.01030100333052442,2.1391862724444124,nan,nan,nan,nan,-0.5075,nan,nan,nan,,0.07214090599882184,0.06126620500072022,0.04722275600215653,0.04722275600215653,0.03435825999986264,0.022116101001302013,nan,profile,1,1,1,2,37.898815631866455,62.101184368133545,0.8,-0.8,
1785159611.933045,38.00394319000043,8.888888888888891,1.570783100801188,-8.888888888888891,-1.570783100801188,0.0,-1.1669390572405527e-15,-2.8055409433631424,-0.49573004434775847,0.06034521427354577,0.011728756472681325,2.0431645015195707,before_ekf,both,-1.1669390572405527e-15,-0.49573004434775847,0.06034521427354577,0.011728756472681325,2.0431645015195707,0.000624255582780526,-0.4974085495544538,0.061175685754195346,0.0103157877730053,2.1045254777615963,nan,nan,nan,nan,-0.5088,nan,nan,nan,,0.06897634499910055,0.058198039998387685,0.04628243199840654,0.04628243199840654,0.034263949997694,0.022871249999298016,nan,profile,1,1,1,2,38.00482153892517,61.99517846107483,0.8,-0.8,
1785159612.0352037,38.106106026003545,8.888888888888891,1.5707824410781177,-8.888888888888891,-1.5707824410781177,0.0,1.4944335322032805e-15,-2.8055409433631424,-0.4964210156684031,0.06034521427354557,0.011728756472681722,2.010112500955768,before_ekf,both,1.4944335322032805e-15,-0.4964210156684031,0.06034521427354557,0.011728756472681722,2.010112500955768,6.525139854688183e-05,-0.5011749476196072,0.06117924466658388,0.010313348939628401,2.0374700310884686,nan,nan,nan,nan,-0.5067,nan,nan,nan,,0.06683847400199738,0.05592215400247369,0.04455313100334024,0.04455313100334024,0.0331669770021108,0.02214240900138975,nan,profile,1,1,1,2,38.10685467720032,61.89314532279968,0.8,-0.8,
1785159612.1369686,38.207871551003336,8.888888888888891,1.5702401006440454,-8.888888888888891,-1.5702401006440454,0.0,-1.9083020782613496e-06,-2.8055409433631424,-0.5041519023987775,0.06033283233753971,0.01172332846213862,1.9412541664478455,before_ekf,both,-1.9083020782613496e-06,-0.5041519023987775,0.06033283233753971,0.01172332846213862,1.9412541664478455,0.000891551361707793,-0.5044772972273338,0.06113955293011318,0.010389267067434817,2.003519807420447,nan,nan,nan,nan,-0.4966,nan,nan,nan,,0.06664826999985962,0.05576800300332252,0.04449106200263486,0.04449106200263486,0.03336852800202905,0.022047105001547607,nan,profile,1,1,1,2,38.20846700668335,61.79153299331665,0.8,-0.8,
1785159612.2393844,38.31028005800181,8.888888888888891,1.3084732225884061,-8.888888888888891,-1.5701678671060875,0.0,-1.908302076939312e-06,-2.8055409433631424,-0.5043950851231885,0.060332832337539714,0.011723328462138622,1.87515016532024,before_ekf,both,-1.908302076939312e-06,-0.5043950851231885,0.060332832337539714,0.011723328462138622,1.87515016532024,8.415257652763053e-05,-0.5109547539761208,0.061144947838449974,0.010383818173093712,1.9350819395147303,nan,nan,nan,nan,-0.4923,nan,nan,nan,,0.06768110600023647,0.056834299000911415,0.04523798200170859,0.04523798200170859,0.03393571600099676,0.02266558499832172,nan,profile,1,1,1,2,38.31128287315369,61.68871712684631,0.8,-0.8,
1785159612.3401713,38.4110743750025,8.888888888888891,1.571592149627625,-8.888888888888891,-1.571592149627625,0.0,-1.908302079604898e-06,-2.8055409433631424,-0.5124191548816734,0.06033283233753983,0.011723328462138196,1.8393438313761241,before_ekf,both,-1.908302079604898e-06,-0.5124191548816734,0.06033283233753983,0.011723328462138196,1.8393438313761241,1.1916056474567963e-05,-0.5110941846917378,0.061145533623784304,0.010383033914755927,1.868556470545759,nan,nan,nan,nan,-0.4886,nan,nan,nan,,0.06641732199932449,0.055801433001761325,0.0446704169989971,0.0446704169989971,0.03312329800246516,0.022065148001274792,nan,profile,1,1,1,2,38.41170382499695,61.58829617500305,0.8,-0.8,
1785159612.442198,38.513101153002935,8.888888888888891,1.57341589117796,-8.888888888888891,-1.57341589117796,0.0,-0.0011802679477804958,-2.8055409433631424,-0.5083922589904292,0.06033283233753973,0.011723328462138626,1.806291830812321,before_ekf,both,-0.0011802679477804958,-0.5083922589904292,0.06033283233753973,0.011723328462138626,1.806291830812321,-0.0008575531352039158,-0.5086290896224447,0.061172157894345276,0.010301075637887167,1.8332797643113745,nan,nan,nan,nan,-0.4891,nan,nan,nan,,0.06703101200037054,0.05621148499994888,0.04445055800169939,0.04445055800169939,0.03330941500098561,0.02233596500082058,nan,profile,1,1,1,2,38.51375460624695,61.48624539375305,0.8,-0.8,
1785159612.5445135,38.61541437000051,8.888888888888891,1.8326634131805288,-8.888888888888891,-1.570854354154739,0.0,1.0987524046180384e-05,-2.8055409433631424,-0.511934968478479,0.06032592133884628,0.011722038426647693,1.7374334963043987,before_ekf,both,1.0987524046180384e-05,-0.511934968478479,0.06032592133884628,0.011722038426647693,1.7374334963043987,-5.993604636830525e-05,-0.5082739313676334,0.06116783771405218,0.010307841627994344,1.7673205765841917,nan,nan,nan,nan,-0.4922,nan,nan,nan,,0.06822441899930709,0.05736459399849991,0.0455367029971967,0.0455367029971967,0.034202364997327095,0.022701898000377696,nan,profile,1,1,1,2,38.61643195152283,61.38356804847717,0.8,-0.8,
1785159612.647209,38.71810748900316,8.888888888888891,1.5702627044200537,-8.888888888888891,-1.8319731551567293,0.0,1.0987524046173216e-05,-2.8055409433631424,-0.5039115557602936,0.06032592133884629,0.011722038426647695,1.6713294951767932,before_ekf,both,1.0987524046173216e-05,-0.5039115557602936,0.06032592133884629,0.011722038426647695,1.6713294951767932,-5.7309199526703055e-06,-0.5088978781595358,0.061167517996413005,0.010308756894916934,1.739595814676946,nan,nan,nan,nan,-0.4946,nan,nan,nan,,0.06763079400116112,0.05680743999982951,0.04518233199996757,0.04518233199996757,0.033746086999599356,0.022516017001180444,nan,profile,1,1,1,2,38.719141244888306,61.280858755111694,0.8,-0.8,
1785159612.7520597,38.82295627900021,8.888888888888891,1.5401189741698234,-8.888888888888891,-1.5401189741698234,0.0,1.0987524044841104e-05,-2.8055409433631424,-0.503956088333515,0.060325921338846296,0.011722038426647695,1.6382774946129939,before_ekf,both,1.0987524044841104e-05,-0.503956088333515,0.060325921338846296,0.011722038426647695,1.6382774946129939,1.6521675480223005e-05,-0.502653067438047,0.061167307405093796,0.010310246812331779,1.6661253349074059,nan,nan,nan,nan,-0.4935,nan,nan,nan,,0.06962518499858561,0.05891365599745768,0.04777251799896476,0.04777251799896476,0.0360460099982447,0.023188305996882264,nan,profile,1,1,1,2,38.824283599853516,61.175716400146484,0.8,-0.8,
1785159612.8579092,38.92880685900309,8.888888888888891,1.5715936591219157,-8.888888888888891,-1.5715936591219157,0.0,0.001177626677794643,-2.8055409433631424,-0.5002515096032994,0.06032240615412455,0.01211471653047574,1.5707963267952296,before_ekf,both,0.001177626677794643,-0.5002515096032994,0.06032240615412455,0.01211471653047574,1.5707963267952296,1.799866793501287e-05,-0.5012609134513956,0.061167264067407634,0.010311044054427858,1.6311033982458731,nan,nan,nan,nan,-0.5005,nan,nan,nan,,0.06917533200248727,0.05808738199993968,0.045403635002003284,0.045403635002003284,0.033844958001282066,0.022795196000515716,nan,profile,1,1,1,2,38.92976212501526,61.07023787498474,0.8,-0.8,
1785159612.9612741,39.03217243100153,8.888888888888891,1.5702374164888717,-8.888888888888891,-1.5702374164888717,0.0,0.0011776266777959524,-2.8055409433631424,-0.4999461355737564,0.06032240615412454,0.01211471653047574,1.5377443262314305,before_ekf,both,0.0011776266777959524,-0.4999461355737564,0.06032240615412454,0.01211471653047574,1.5377443262314305,0.0011243850747186595,-0.49704786382561655,0.06115889764441153,0.010473927098791453,1.5665141895925103,nan,nan,nan,nan,-0.4995,nan,nan,nan,,0.06842388500081142,0.05749932600156171,0.04617050500019104,0.04617050500019104,0.03414859099939349,0.02259185900038574,nan,profile,1,1,1,2,39.03325128555298,60.96674871444702,0.8,-0.8,
1785159613.0674195,39.138316131000465,8.888888888888891,1.5709707673889077,-8.888888888888891,-1.5709707673889077,0.0,0.0011776266777946466,-2.8055409433631424,-0.4997585871560111,0.060322406154124535,0.012114716530475743,1.4716403251038246,before_ekf,both,0.0011776266777946466,-0.4997585871560111,0.060322406154124535,0.012114716530475743,1.4716403251038246,0.0012028732832770849,-0.49531435604097485,0.061160563905971806,0.010560831234656608,1.5302051794593794,nan,nan,nan,nan,-0.5076,nan,nan,nan,,0.0697213949970319,0.05863413899714942,0.046599674999015406,0.046599674999015406,0.034588888000143925,0.023343602999375435,nan,profile,1,1,1,2,39.13945913314819,60.86054086685181,0.8,-0.8,
1785159613.1741798,39.2450773260025,8.888888888888891,1.5755228638760674,-8.888888888888891,-1.5755228638760674,0.0,-0.0011803356115678725,-2.8055409433631424,-0.4915920427782992,0.06028057314587467,0.011724255752599892,1.4069134906663772,before_ekf,both,-0.0011803356115678725,-0.4915920427782992,0.06028057314587467,0.011724255752599892,1.4069134906663772,0.0003586639311670602,-0.49430385933736726,0.06116677375767925,0.010626317048183552,1.467567357628752,nan,nan,nan,nan,-0.5135,nan,nan,nan,,0.07083914100076072,0.059783929002151126,0.04841068300083862,0.04841068300083862,0.03530217899970012,0.023690161000558874,nan,profile,1,1,1,2,39.24584102630615,60.75415897369385,0.8,-0.8,
1785159613.2759764,39.346878346001176,8.888888888888891,1.5665088234752214,-8.888888888888891,-1.5665088234752214,0.0,-0.0011803356115665208,-2.8055409433631424,-0.4917612314273936,0.060280573145874754,0.011724255752600327,1.3738614901025745,before_ekf,both,-0.0011803356115665208,-0.4917612314273936,0.060280573145874754,0.011724255752600327,1.3738614901025745,-0.0010918897733150884,-0.4912376734274358,0.061148715825876755,0.010459647709561008,1.4008151253548051,nan,nan,nan,nan,-0.519,nan,nan,nan,,0.06726876199900289,0.05644054100048379,0.045068266001180746,0.045068266001180746,0.0330989670001145,0.0220795850000286,nan,profile,1,1,1,2,39.347644567489624,60.652355432510376,0.8,-0.8,
1785159613.3765173,39.44741873000021,8.888888888888891,1.5700335416989974,-8.888888888888891,-1.5700335416989974,0.0,-0.001208927593380385,-2.8055409433631424,-0.4920620783297733,0.06028686583005176,0.011722669248175827,1.3077574889749686,before_ekf,both,-0.001208927593380385,-0.4920620783297733,0.06028686583005176,0.011722669248175827,1.3077574889749686,-0.0011888800162435029,-0.490797804966457,0.06113423549056153,0.010380676567286602,1.3677383462187427,nan,nan,nan,nan,-0.5203,nan,nan,nan,,0.06656095499783987,0.055744367997249356,0.044365371999447234,0.044365371999447234,0.033267859998886706,0.02228092299992568,nan,profile,1,1,1,2,39.44824504852295,60.55175495147705,0.8,-0.8,
1785159613.477415,39.548313738003344,8.888888888888891,1.5706221919124794,-8.888888888888891,-1.5706221919124794,0.0,-0.0023844011672898343,-2.8055409433631424,-0.495848999606065,0.0600763926041671,0.01096600733063924,1.2747054884111657,before_ekf,both,-0.0023844011672898343,-0.495848999606065,0.0600763926041671,0.01096600733063924,1.2747054884111657,-0.0021169484940656473,-0.4920302311336305,0.06107643777476398,0.010133514550888845,1.3004396650197556,nan,nan,nan,nan,-0.5166,nan,nan,nan,,0.06666545600091922,0.05580234300214215,0.04463685100199655,0.04463685100199655,0.0333924360020319,0.02246764300070936,nan,profile,1,1,1,2,39.549102544784546,60.450897455215454,0.8,-0.8,
1785159613.580652,39.65155380900251,8.888888888888891,1.8327380816882315,-8.888888888888891,-1.57091835573277,0.0,-0.002384401167291163,-2.8055409433631424,-0.4959060598104158,0.060076392604167105,0.010966007330639238,1.20860148728356,before_ekf,both,-0.002384401167291163,-0.4959060598104158,0.060076392604167105,0.010966007330639238,1.20860148728356,-0.002365877678555921,-0.49264864936626146,0.06103612721294139,0.009992973740391283,1.2708636790582828,nan,nan,nan,nan,-0.5053,nan,nan,nan,,0.06856758000139962,0.05771586400078377,0.04653427599987481,0.04653427599987481,0.03407284100103425,0.022633185999438865,nan,profile,1,1,1,2,39.652453660964966,60.347546339035034,0.8,-0.8,
1785159613.682587,39.75349030000143,8.888888888888891,1.5700043067222844,-8.888888888888891,-1.5700043067222844,0.0,-0.0023844011672898347,-2.8055409433631424,-0.49721018973098935,0.06007639260416711,0.010966007330639235,1.175549486719761,before_ekf,both,-0.0023844011672898347,-0.49721018973098935,0.06007639260416711,0.010966007330639235,1.175549486719761,-0.0024672659189496817,-0.4934255618630721,0.06092658644018569,0.009676367045887268,1.2016709973609192,nan,nan,nan,nan,-0.4971,nan,nan,nan,,0.06716459499875782,0.05614797299858765,0.04474117499921704,0.04474117499921704,0.03352501399785979,0.022323630000755657,nan,profile,1,1,1,2,39.7541778087616,60.2458221912384,0.8,-0.8,
1785159613.7870061,39.85790274900137,8.888888888888891,1.5716524373105485,-8.888888888888891,-1.5716524373105485,0.0,0.0011765667532161726,-2.8055409433631424,-0.4910188307733903,0.06023033519569623,0.011327270805338734,1.1108226522823097,before_ekf,both,0.0011765667532161726,-0.4910188307733903,0.06023033519569623,0.011327270805338734,1.1108226522823097,-0.0015796865935856683,-0.49176146696652784,0.060902400112997634,0.00962426046403927,1.1722899318491846,nan,nan,nan,nan,-0.4935,nan,nan,nan,,0.0701856499981659,0.0592107689990371,0.047561753999616485,0.047561753999616485,0.03552608799873269,0.023899734998849453,nan,profile,1,1,1,2,39.858941316604614,60.141058683395386,0.8,-0.8,
1785159613.8913665,39.96226960200147,8.888888888888891,1.570327222943587,-8.888888888888891,-1.570327222943587,0.0,2.691681654365223e-06,-2.8055409433631424,-0.4874514162356503,0.06004757909781524,0.010979693722771472,1.0791478184086651,before_ekf,both,2.691681654365223e-06,-0.4874514162356503,0.06004757909781524,0.010979693722771472,1.0791478184086651,0.00013972881352209386,-0.49332941058686725,0.06093299119609797,0.009707078104368123,1.10320343471669,nan,nan,nan,nan,-0.499,nan,nan,nan,,0.06987870300145005,0.058915541998430854,0.044813140000769636,0.044813140000769636,0.0332458470002166,0.022216549998120172,nan,profile,1,1,1,2,39.9630024433136,60.0369975566864,0.8,-0.8,
1785159613.9948912,40.065793706002296,8.888888888888891,1.5715601207291723,-8.888888888888891,-1.5715601207291723,0.0,2.6916816530371816e-06,-2.8055409433631424,-0.48752109691933676,0.060047579097815246,0.010979693722771465,1.0130438172810667,before_ekf,both,2.6916816530371816e-06,-0.48752109691933676,0.060047579097815246,0.010979693722771465,1.0130438172810667,5.581192668982823e-05,-0.4933596193396152,0.060932789161140505,0.009705960715262738,1.0731083839453852,nan,nan,nan,nan,-0.5023,nan,nan,nan,,0.06810501799918711,0.057053926000662614,0.045379307000985136,0.045379307000985136,0.03337253399877227,0.022079557998949895,nan,profile,1,1,1,2,40.066471576690674,59.933528423309326,0.8,-0.8,
1785159614.1048172,40.175719892002235,8.888888888888891,1.5704972570022455,-8.888888888888891,-1.5704972570022455,0.0,-0.0011738750715644655,-2.8055409433631424,-0.49149224849071305,0.060047579097815,0.010979693722771093,0.9799918167172638,before_ekf,both,-0.0011738750715644655,-0.49149224849071305,0.060047579097815,0.010979693722771093,0.9799918167172638,-0.0008409779224661106,-0.49915423312806156,0.06088938557053087,0.009629039136222211,1.0041097337002771,nan,nan,nan,nan,-0.4982,nan,nan,nan,,0.07586529800028075,0.06508400999882724,0.05360837999978685,0.05360837999978685,0.03962509200209752,0.024735352999414317,nan,profile,1,1,1,2,40.17954230308533,59.82045769691467,0.8,-0.8,
1785159614.215124,40.28602729100021,8.888888888888891,1.5713946667421521,-8.888888888888891,-1.5713946667421521,0.0,-1.7023605384868663e-06,-2.8055409433631424,-0.5039281359814995,0.06005860603585923,0.010971871812833094,0.9111334822093379,before_ekf,both,-1.7023605384868663e-06,-0.5039281359814995,0.06005860603585923,0.010971871812833094,0.9111334822093379,-0.0005671004900365249,-0.505555276857962,0.06080497990707647,0.009501566791834035,0.9374371411128033,nan,nan,nan,nan,-0.4951,nan,nan,nan,,0.06733368499772041,0.0558754229969054,0.044576081996638095,0.044576081996638095,0.033268441999098286,0.021979312998155365,nan,profile,1,1,1,2,40.286606550216675,59.713393449783325,0.8,-0.8,
1785159614.3160455,40.38694555600159,8.888888888888891,1.5675558283598365,-8.888888888888891,-1.5675558283598365,0.0,-0.0011881169173101557,-2.8055409433631424,-0.5082546604574565,0.05981011654013527,0.010667797117626767,0.8436523143915738,before_ekf,both,-0.0011881169173101557,-0.5082546604574565,0.05981011654013527,0.010667797117626767,0.8436523143915738,-0.0010230946235805925,-0.5073716378155739,0.06076064712563836,0.009440391055296262,0.9077438397621513,nan,nan,nan,nan,-0.4942,nan,nan,nan,,0.06692302800001926,0.05605447500056471,0.044358740000461694,0.044358740000461694,0.032799870998132974,0.022048150000046007,nan,profile,1,1,1,2,40.38787508010864,59.61212491989136,0.8,-0.8,
1785159614.4187002,40.48960343300132,8.888888888888891,1.5704645661552965,-8.888888888888891,-1.5704645661552965,0.0,-0.001188116917308829,-2.8055409433631424,-0.5084994948831907,0.05981011654013527,0.010667797117626767,0.8106003138277709,before_ekf,both,-0.001188116917308829,-0.5084994948831907,0.05981011654013527,0.010667797117626767,0.8106003138277709,-0.001199878498992546,-0.5065905570746844,0.06065432158412408,0.009312558012485324,0.8369713293554791,nan,nan,nan,nan,-0.4902,nan,nan,nan,,0.06787590200110571,0.056494086999009596,0.0448855270005879,0.0448855270005879,0.0336324070012779,0.022388241999578895,nan,profile,1,1,1,2,40.490161418914795,59.509838581085205,0.8,-0.8,
1785159614.5198565,40.590760233000765,8.888888888888891,1.5706009911496273,-8.888888888888891,-1.5706009911496273,0.0,-0.002274348484898345,-2.8055409433631424,-0.5047871641043493,0.05953698893021202,0.010385645104613301,0.743119146010007,before_ekf,both,-0.002274348484898345,-0.5047871641043493,0.05953698893021202,0.010385645104613301,0.743119146010007,-0.0011471555991072538,-0.5064055458326071,0.06060181416061029,0.009256492693968292,0.8014641835987849,nan,nan,nan,nan,-0.4871,nan,nan,nan,,0.06667066699810675,0.055894820998219075,0.04475047999949311,0.04475047999949311,0.03303925499858451,0.021772255000541918,nan,profile,1,1,1,2,40.59147262573242,59.40852737426758,0.8,-0.8,
1785159614.623518,40.694419854000444,8.888888888888891,1.5714844641268932,-8.888888888888891,-1.5714844641268932,0.0,-0.0010879339281266854,-2.8055409433631424,-0.5003462116985624,0.05953698893021201,0.010385645104613308,0.7100671454462076,before_ekf,both,-0.0010879339281266854,-0.5003462116985624,0.05953698893021201,0.010385645104613308,0.7100671454462076,-0.0013694077324168444,-0.5048326911640326,0.06044395100168082,0.009100208831238457,0.7359251452750991,nan,nan,nan,nan,-0.4858,nan,nan,nan,,0.06891394999911427,0.05792298599772039,0.045791188000293914,0.045791188000293914,0.033613921998039586,0.022419389999413397,nan,profile,1,1,1,2,40.695276498794556,59.304723501205444,0.8,-0.8,
1785159614.7270823,40.7979842670029,8.888888888888891,1.8325020004417436,-8.888888888888891,-1.8325020004417436,0.0,8.930557182050598e-05,-2.8055409433631424,-0.5042658902998868,0.05983705534151794,0.010638960320413548,0.6425859776284399,before_ekf,both,8.930557182050598e-05,-0.5042658902998868,0.05983705534151794,0.010638960320413548,0.6425859776284399,-0.00032101255871520075,-0.5053422464760745,0.060454438880659635,0.009113868668646446,0.7055481808431381,nan,nan,nan,nan,-0.4853,nan,nan,nan,,0.06698959200002719,0.056101533002220094,0.04472630600139382,0.04472630600139382,0.033380840002791956,0.02240866600186564,nan,profile,1,1,1,2,40.798803091049194,59.201196908950806,0.8,-0.8,
1785159614.8317864,40.90268648300116,8.888888888888891,1.570671474119419,-8.888888888888891,-1.570671474119419,0.0,0.0023545799782632997,-2.8055409433631424,-0.5042257708599763,0.06015351984065739,0.010871465525805486,0.6081568103744789,before_ekf,both,0.0023545799782632997,-0.5042257708599763,0.06015351984065739,0.010871465525805486,0.6081568103744789,0.001744101317167155,-0.5048282794407303,0.06059205722346652,0.009227500159871206,0.6348291339733612,nan,nan,nan,nan,-0.4842,nan,nan,nan,,0.0688040489985724,0.05772370300110197,0.04581675900044502,0.04581675900044502,0.03398011199897155,0.02271178099908866,nan,profile,1,1,1,2,40.90368986129761,59.09631013870239,0.8,-0.8,
1785159614.9563673,41.02726505300234,8.888888888888891,1.832999524389269,-8.888888888888891,-1.5711424494765165,0.0,0.002353177012852465,-2.8055409433631424,-0.5119604905930938,0.060164379306115644,0.01085466145810337,0.5392984758665565,before_ekf,both,0.002353177012852465,-0.5119604905930938,0.060164379306115644,0.01085466145810337,0.5392984758665565,0.0021547783570228765,-0.5050370623089632,0.06078837771490646,0.009361946194674335,0.5675927826764564,nan,nan,nan,nan,-0.4841,nan,nan,nan,,0.08265537300030701,0.07101158400109853,0.05538822100061225,0.05538822100061225,0.04185374599910574,0.02317277000111062,nan,profile,1,1,1,2,41.02811861038208,58.97188138961792,0.8,-0.8,
1785159615.0590491,41.129944999000145,8.888888888888891,1.5713003056549324,-8.888888888888891,-1.5713003056549324,0.0,0.002353185427052392,-2.8055409433631424,-0.5040384017307455,0.06051230810229289,0.011036747076506637,0.4745716414291127,before_ekf,both,0.002353185427052392,-0.5040384017307455,0.06051230810229289,0.011036747076506637,0.4745716414291127,0.0015068309877511842,-0.5029340831730319,0.060845334657694684,0.009394557655202434,0.5367303965561878,nan,nan,nan,nan,-0.4869,nan,nan,nan,,0.06725345499944524,0.0564598009987094,0.045095199999195756,0.045095199999195756,0.03376332699917839,0.022639818998868577,nan,profile,1,1,1,2,41.130802631378174,58.869197368621826,0.8,-0.8,
1785159615.1597311,41.230634238003404,8.888888888888891,1.571187568211257,-8.888888888888891,-1.571187568211257,0.0,0.0011758449487349408,-2.8055409433631424,-0.4995041011256468,0.06051230810229289,0.011036747076506637,0.4415196408653062,before_ekf,both,0.0011758449487349408,-0.4995041011256468,0.06051230810229289,0.011036747076506637,0.4415196408653062,0.0015015960258662688,-0.4971975785254545,0.061040236422726414,0.009503980391823704,0.47427326224311855,nan,nan,nan,nan,-0.4985,nan,nan,nan,,0.06648194500303362,0.055673577000561636,0.04450742700282717,0.04450742700282717,0.0333819660008885,0.022273078000580426,nan,profile,1,1,1,2,41.231435775756836,58.768564224243164,0.8,-0.8,
1785159615.2611356,41.33203824100201,8.888888888888891,1.570599860458352,-8.888888888888891,-1.570599860458352,0.0,0.0023531678744282067,-2.8055409433631424,-0.4961055842119973,0.06087150345745182,0.011195451665546119,0.3740384730475457,before_ekf,both,0.0023531678744282067,-0.4961055842119973,0.06087150345745182,0.011195451665546119,0.3740384730475457,0.0030175531458901676,-0.49618295893668923,0.06124201811222147,0.00960844101054646,0.44088677842501056,nan,nan,nan,nan,-0.5031,nan,nan,nan,,0.0666570879984647,0.055934045998583315,0.044693512998492224,0.044693512998492224,0.03331830100069055,0.02205286599928513,nan,profile,1,1,1,2,41.33290386199951,58.66709613800049,0.8,-0.8,
1785159615.386419,41.457321738002065,8.888888888888891,1.570768963999544,-8.888888888888891,-1.570768963999544,0.0,0.002353167874426943,-2.8055409433631424,-0.49607393147139617,0.060871503457451404,0.011195451665545959,0.3409864724837429,before_ekf,both,0.002353167874426943,-0.49607393147139617,0.060871503457451404,0.011195451665545959,0.3409864724837429,0.0025025618280984153,-0.49398119660921896,0.061564047985591494,0.009745959491886872,0.3686922161789083,nan,nan,nan,nan,-0.5114,nan,nan,nan,,0.0912167499991483,0.07637768399945344,0.060456474999227794,0.060456474999227794,0.04222844399919268,0.03032051400077762,nan,profile,1,1,1,2,41.46091365814209,58.53908634185791,0.8,-0.8,
1785159615.4911063,41.56200472600176,8.888888888888891,1.5703366892459545,-8.888888888888891,-1.5703366892459545,0.0,0.002353479284503219,-2.8055409433631424,-0.4962528925222024,0.06124257351822021,0.011323968705817155,0.2762596380462955,before_ekf,both,0.002353479284503219,-0.4962528925222024,0.06124257351822021,0.011323968705817155,0.2762596380462955,0.0024479692203709384,-0.49398012454014606,0.06186008318953897,0.009849113064440362,0.3028894321319511,nan,nan,nan,nan,-0.5096,nan,nan,nan,,0.06755116199929034,0.056826674001058564,0.04563998899902799,0.04563998899902799,0.033869301001686836,0.022226002998650074,nan,profile,1,1,1,2,41.564414501190186,58.435585498809814,0.8,-0.8,
1785159615.594558,41.66546192000169,8.888888888888891,1.5703885440016756,-8.888888888888891,-1.5703885440016756,0.0,0.001177559324222127,-2.8055409433631424,-0.4918429052797868,0.06124257351822021,0.011323968705817155,0.21015563691868977,before_ekf,both,0.001177559324222127,-0.4918429052797868,0.06124257351822021,0.011323968705817155,0.21015563691868977,0.0015781627934655091,-0.49314976752829826,0.06192842312726933,0.009866379786099107,0.2702969236390152,nan,nan,nan,nan,-0.5175,nan,nan,nan,,0.06708967799931997,0.0562466539995512,0.04492983900127001,0.04492983900127001,0.03349420700033079,0.022092349001468392,nan,profile,1,1,1,2,41.666078329086304,58.333921670913696,0.8,-0.8,
1785159615.697141,41.76803786000164,8.888888888888891,1.5707476179112654,-8.888888888888891,-1.5707476179112654,0.0,0.0023548745563229632,-2.8055409433631424,-0.48753034915629156,0.061628491551688216,0.011396610918636065,0.1784808030450416,before_ekf,both,0.0023548745563229632,-0.48753034915629156,0.061628491551688216,0.011396610918636065,0.1784808030450416,0.0021030365488142137,-0.4926937480823492,0.06215843794486166,0.009922632122238971,0.20535553170303533,nan,nan,nan,nan,-0.5176,nan,nan,nan,,0.06782518500040169,0.05700844999955734,0.045038109998131404,0.045038109998131404,0.03347680799925001,0.022354067001288058,nan,profile,1,1,1,2,41.76907753944397,58.23092246055603,0.8,-0.8,
1785159615.8034163,41.874319140002626,8.888888888888891,1.5701624051270746,-8.888888888888891,-1.5701624051270746,0.0,0.001177315232098228,-2.8055409433631424,-0.4917419724591123,0.06162849155168778,0.01139661091863599,0.11237680191743593,before_ekf,both,0.001177315232098228,-0.4917419724591123,0.06162849155168778,0.01139661091863599,0.11237680191743593,0.001401900771497248,-0.49356296863829796,0.062241135724027064,0.00993656468994854,0.17176492011502106,nan,nan,nan,nan,-0.5158,nan,nan,nan,,0.06877170900042984,0.05802987900096923,0.04587456000081147,0.04587456000081147,0.0340657340020698,0.02295948400205816,nan,profile,1,1,1,2,41.87505102157593,58.12494897842407,0.8,-0.8,
1785159615.9042,41.975104463002936,8.888888888888891,1.5696722060445378,-8.888888888888891,-1.5696722060445378,0.0,0.001177315232098228,-2.8055409433631424,-0.4915283955896671,0.06162849155168778,0.01139661091863599,0.04627280078982663,before_ekf,both,0.001177315232098228,-0.4915283955896671,0.06162849155168778,0.01139661091863599,0.04627280078982663,0.001228732397411763,-0.49777491391974754,0.06240286780318143,0.009958603560080258,0.10350045342935442,nan,nan,nan,nan,-0.509,nan,nan,nan,,0.06666922600197722,0.055836740000813734,0.04456902300080401,0.04456902300080401,0.033188159999554045,0.022157456001878018,nan,profile,1,1,1,2,41.97566771507263,58.02433228492737,0.8,-0.8,
1785159616.0059123,42.07681356300236,8.888888888888891,1.5696300916368104,-8.888888888888891,-1.5696300916368104,0.0,0.001180073457588877,-2.8055409433631424,-0.49991664254846624,0.062021100483448,0.011404776483652453,0.011843633535865462,before_ekf,both,0.001180073457588877,-0.49991664254846624,0.062021100483448,0.011404776483652453,0.011843633535865462,0.0012078714149677677,-0.49909643119453423,0.06247332769388147,0.00996489171706244,0.07339874524952306,nan,nan,nan,nan,-0.5053,nan,nan,nan,,0.06764081800065469,0.056829847999324556,0.04509243999928003,0.04509243999928003,0.03353924900147831,0.022326336002151947,nan,profile,1,1,1,2,42.07766675949097,57.92233324050903,0.8,-0.8,
1785159616.1075714,42.17847119600265,8.888888888888891,1.5673710880613128,-8.888888888888891,-1.5673710880613128,0.0,-6.767640406017683e-07,-2.8055409433631424,-0.5023298895917964,0.06162844314358258,0.011410130286016345,-0.05563753428189857,before_ekf,both,-6.767640406017683e-07,-0.5023298895917964,0.06162844314358258,0.011410130286016345,-0.05563753428189857,0.0003375360716660384,-0.5077450683339417,0.06254593318599012,0.009966612916939227,0.00746932199434891,nan,nan,nan,nan,-0.495,nan,nan,nan,,0.06679990600241581,0.056055600001855055,0.04472137600168935,0.04472137600168935,0.03365474599922891,0.022628918999544112,nan,profile,1,1,1,2,42.17933678627014,57.82066321372986,0.8,-0.8,
1785159616.2097945,42.28069322200099,8.888888888888891,1.569285920482151,-8.888888888888891,-1.569285920482151,0.0,0.0012235865141157845,-2.8055409433631424,-0.508562028767259,0.062020318154402815,0.011384784169063049,-0.09006670153585974,before_ekf,both,0.0012235865141157845,-0.508562028767259,0.062020318154402815,0.011384784169063049,-0.09006670153585974,0.0008991484908875887,-0.5127789703002008,0.06263390017538083,0.009964606096379027,-0.06398469760968117,nan,nan,nan,nan,-0.4889,nan,nan,nan,,0.06780875500044203,0.056849495998903876,0.04485670999929425,0.04485670999929425,0.03354317100092885,0.022553689999767812,nan,profile,1,1,1,2,42.281633138656616,57.718366861343384,0.8,-0.8,
1785159616.3105388,42.38143851700079,8.888888888888891,1.5231975015729433,-8.888888888888891,-1.5231975015729433,0.0,0.0012487576611781288,-2.8055409433631424,-0.5085212747029437,0.062408684455275996,0.011326645833210571,-0.15754786935362375,before_ekf,both,0.0012487576611781288,-0.5085212747029437,0.062408684455275996,0.011326645833210571,-0.15754786935362375,0.0011459676578044363,-0.5132103290823405,0.06272136468845238,0.009958381368977547,-0.10000054193244343,nan,nan,nan,nan,-0.491,nan,nan,nan,,0.0664113870006986,0.055585859998245724,0.044234967997908825,0.044234967997908825,0.0328325570008019,0.021956077998765977,nan,profile,1,1,1,2,42.382264852523804,57.617735147476196,0.8,-0.8,
1785159616.4124691,42.48337172600077,8.888888888888891,1.5717463217066625,-8.888888888888891,-1.5717463217066625,0.0,0.0036083988682095976,-2.8055409433631424,-0.5084200319551619,0.06279472201022424,0.011254641487450904,-0.19197703660758852,before_ekf,both,0.0036083988682095976,-0.5084200319551619,0.06279472201022424,0.011254641487450904,-0.19197703660758852,0.002993863710059791,-0.5077831600531899,0.06305425736143795,0.009917554342715044,-0.16592722861457254,nan,nan,nan,nan,-0.4885,nan,nan,nan,,0.06781006500023068,0.05705562799994368,0.04497378099767957,0.04497378099767957,0.033476149998023175,0.02241705299820751,nan,profile,1,1,1,2,42.4840304851532,57.5159695148468,0.8,-0.8,
1785159616.5153344,42.58623781700226,8.888888888888891,1.5699242338829746,-8.888888888888891,-1.5699242338829746,0.0,0.002384135590054571,-2.8055409433631424,-0.5042814297426953,0.06279472201022467,0.011254641487450808,-0.25808103773519064,before_ekf,both,0.002384135590054571,-0.5042814297426953,0.06279472201022467,0.011254641487450808,-0.25808103773519064,0.0035175670116554757,-0.5051156816922328,0.0633071961926667,0.009872554332296144,-0.20130145148046855,nan,nan,nan,nan,-0.4925,nan,nan,nan,,0.06776592399910442,0.05677784200088354,0.045319463999476284,0.045319463999476284,0.033447961999627296,0.022034694000467425,nan,profile,1,1,1,2,42.58691930770874,57.41308069229126,0.8,-0.8,
1785159616.6160853,42.686988431003556,8.888888888888891,1.8327218608397278,-8.888888888888891,-1.5709044521483382,0.0,0.0035651397983691067,-2.8055409433631424,-0.508577150983819,0.0631734980494543,0.011151021210209893,-0.29251020498915187,before_ekf,both,0.0035651397983691067,-0.508577150983819,0.0631734980494543,0.011151021210209893,-0.29251020498915187,0.0034107114284938106,-0.502453593602875,0.06368932751652745,0.009779629332951756,-0.2678954268603633,nan,nan,nan,nan,-0.4953,nan,nan,nan,,0.06701482400239911,0.055797636003262596,0.044428955003240844,0.044428955003240844,0.03293758000290836,0.02197059000172885,nan,profile,1,1,1,2,42.68780326843262,57.31219673156738,0.8,-0.8,
1785159616.7446296,42.81550744700144,8.888888888888891,1.5709432885395394,-8.888888888888891,-1.5709432885395394,0.0,0.0011810042083132296,-2.8055409433631424,-0.5001259941349335,0.06317349804945387,0.011151021210210032,-0.3586142061167541,before_ekf,both,0.0011810042083132296,-0.5001259941349335,0.06317349804945387,0.011151021210210032,-0.3586142061167541,0.001635518708729299,-0.501781123288258,0.06388887566477267,0.009713366709135671,-0.3329839197757227,nan,nan,nan,nan,-0.4998,nan,nan,nan,,0.09351035399959073,0.08261462099835626,0.051085431998217246,0.051085431998217246,0.03489879900007509,0.02287755399811431,nan,profile,1,1,1,2,42.81651186943054,57.18348813056946,0.8,-0.8,
1785159616.8474448,42.91834131400174,8.888888888888891,1.8360182177936528,-8.888888888888891,-1.5737299009659882,0.0,0.0023586477257045617,-2.8055409433631424,-0.5038349169596865,0.06353509848261685,0.01099787560470237,-0.4260953739345217,before_ekf,both,0.0023586477257045617,-0.5038349169596865,0.06353509848261685,0.01099787560470237,-0.4260953739345217,0.0013168572204215762,-0.50075325039463,0.06396102271196018,0.009686146414688927,-0.36666013716644574,nan,nan,nan,nan,-0.5002,nan,nan,nan,,0.06784455600063666,0.05688747200110811,0.04514138699960313,0.04514138699960313,0.0337481310016301,0.022488290000183042,nan,profile,1,1,1,2,42.91941833496094,57.08058166503906,0.8,-0.8,
1785159616.9493241,43.02022713700353,8.888888888888891,1.5705188789297448,-8.888888888888891,-1.5705188789297448,0.0,0.0011776435173913489,-2.8055409433631424,-0.5001252456979848,0.06353509848261685,0.01099787560470237,-0.45914737449832443,before_ekf,both,0.0011776435173913489,-0.5001252456979848,0.06353509848261685,0.01099787560470237,-0.45914737449832443,0.001446932149574612,-0.5004487246333293,0.06417781918335046,0.009597173450252214,-0.4325922495721533,nan,nan,nan,nan,-0.5051,nan,nan,nan,,0.06684885499998927,0.05611430000135442,0.04483169800005271,0.04483169800005271,0.03372690500327735,0.02265547000206425,nan,profile,1,1,1,2,43.020928144454956,56.979071855545044,0.8,-0.8,
1785159617.0522382,43.12313917200299,8.888888888888891,1.5690194279829002,-8.888888888888891,-1.8305226659800502,0.0,0.00117764351739269,-2.8055409433631424,-0.49970772517805895,0.06353509848261686,0.010997875604702377,-0.49219937506212375,before_ekf,both,0.00117764351739269,-0.49970772517805895,0.06353509848261686,0.010997875604702377,-0.49219937506212375,0.0012565806218199685,-0.499506354047163,0.06424245058371335,0.009565643101683405,-0.46365354801722036,nan,nan,nan,nan,-0.505,nan,nan,nan,,0.0673721020029916,0.056150219999835826,0.044684081000013975,0.044684081000013975,0.03350973000124213,0.022436237002693815,nan,profile,1,1,1,2,43.123889684677124,56.876110315322876,0.8,-0.8,
1785159617.1525886,43.223491429002024,8.888888888888891,1.5700766664540609,-8.888888888888891,-1.5700766664540609,0.0,0.0023632211757210284,-2.8055409433631424,-0.5042910677528507,0.06387950283002825,0.010809211630309387,-0.5596805428798877,before_ekf,both,0.0023632211757210284,-0.5042910677528507,0.06387950283002825,0.010809211630309387,-0.5596805428798877,0.0023022002438908644,-0.5000866876051336,0.06450884461858006,0.009426076196445586,-0.527048712612995,nan,nan,nan,nan,-0.5007,nan,nan,nan,,0.06675288000042201,0.05575508100082516,0.04438491000109934,0.04438491000109934,0.03315191499859793,0.022195638000994222,nan,profile,1,1,1,2,43.22413229942322,56.77586770057678,0.8,-0.8,
1785159617.2535088,43.32441253200159,8.888888888888891,1.5705099286043165,-8.888888888888891,-1.5705099286043165,0.0,0.001185577658331167,-2.8055409433631424,-0.5001428187038257,0.06387950283002862,0.010809211630309143,-0.6257845440074901,before_ekf,both,0.001185577658331167,-0.5001428187038257,0.06387950283002862,0.010809211630309143,-0.6257845440074901,0.0015136218240725178,-0.4986415576014476,0.06457549112460176,0.009383725714645704,-0.5584032180495679,nan,nan,nan,nan,-0.5067,nan,nan,nan,,0.06702788899929146,0.05596535799850244,0.04459627100004582,0.04459627100004582,0.03331771100056358,0.022105195999756688,nan,profile,1,1,1,2,43.324992418289185,56.675007581710815,0.8,-0.8,
1785159617.3533719,43.424275303001195,8.888888888888891,1.5704945248620539,-8.888888888888891,-1.5704945248620539,0.0,0.0011855776583298149,-2.8055409433631424,-0.5006099865795183,0.06387950283002827,0.010809211630309411,-0.6588365445712927,before_ekf,both,0.0011855776583298149,-0.5006099865795183,0.06387950283002827,0.010809211630309411,-0.6588365445712927,0.0012108125930344437,-0.49306071556292985,0.06472236132163932,0.00928393453681732,-0.6310792869684354,nan,nan,nan,nan,-0.5056,nan,nan,nan,,0.06608249199780403,0.05532006299836212,0.0441513740006485,0.0441513740006485,0.03302946899930248,0.02203597499828902,nan,profile,1,1,1,2,43.42488217353821,56.57511782646179,0.8,-0.8,
1785159617.5081937,43.57909240200024,8.888888888888891,1.5705665057981033,-8.888888888888891,-1.5705665057981033,0.0,-0.0011722209144908852,-2.8055409433631424,-0.4919824905598329,0.06357488017962674,0.01105703144489391,-0.7235633790087402,before_ekf,both,-0.0011722209144908852,-0.4919824905598329,0.06357488017962674,0.01105703144489391,-0.7235633790087402,-0.001061694167555036,-0.4895304054411798,0.06457855433580581,0.009387902866337351,-0.6994621204292812,nan,nan,nan,nan,-0.4989,nan,nan,nan,,0.10301106199767673,0.0870691079981043,0.07279833799839253,0.07279833799839253,0.03669381299914676,0.02292378899801406,nan,profile,1,1,1,2,43.57983613014221,56.42016386985779,0.8,-0.8,
1785159617.6153743,43.686277483000595,8.888888888888891,1.571804828208772,-8.888888888888891,-1.571804828208772,0.0,-0.0011722209144937323,-2.8055409433631424,-0.4918789352108366,0.06357488017962641,0.011057031444894212,-0.7896673801363424,before_ekf,both,-0.0011722209144937323,-0.4918789352108366,0.06357488017962641,0.011057031444894212,-0.7896673801363424,-0.0012494496828763934,-0.4887455002968556,0.06446333930914576,0.009490753688932246,-0.7630490680894294,nan,nan,nan,nan,-0.5006,nan,nan,nan,,0.0708943379977427,0.06004000599932624,0.04840057999899727,0.04840057999899727,0.036475333999987924,0.0222727929976827,nan,profile,1,1,1,2,43.686997413635254,56.313002586364746,0.8,-0.8,
1785159617.7191887,43.79009150500133,8.888888888888891,1.571450788904952,-8.888888888888891,-1.571450788904952,0.0,-0.0011758611961809324,-2.8055409433631424,-0.49162919819338774,0.0633051909392579,0.011342473791556633,-0.85439421457379,before_ekf,both,-0.0011758611961809324,-0.49162919819338774,0.0633051909392579,0.011342473791556633,-0.85439421457379,-0.0021286779800334904,-0.4870678784439742,0.06433940401904323,0.009609513539288366,-0.797225452286746,nan,nan,nan,nan,-0.503,nan,nan,nan,,0.0693231109980843,0.058338210998044815,0.0447020049978164,0.0447020049978164,0.033384049998858245,0.02241679099824978,nan,profile,1,1,1,2,43.7907178401947,56.2092821598053,0.8,-0.8,
1785159617.8229227,43.89382614400165,8.888888888888891,1.571740282573805,-8.888888888888891,-1.571740282573805,0.0,-0.0011758611961809444,-2.8055409433631424,-0.491625187984981,0.06330519093925818,0.011342473791556291,-0.8874462151375927,before_ekf,both,-0.0011758611961809444,-0.491625187984981,0.06330519093925818,0.011342473791556291,-0.8874462151375927,-0.0013345397044845911,-0.487956656817256,0.06424499443494441,0.009716812177756485,-0.8606795215848275,nan,nan,nan,nan,-0.4962,nan,nan,nan,,0.06921825400058879,0.05837163999967743,0.04673858499882044,0.04673858499882044,0.03480508199936594,0.023621252999873832,nan,profile,1,1,1,2,43.89448094367981,56.10551905632019,0.8,-0.8,
1785159617.9238622,43.99476219600183,8.888888888888891,1.5704935827469508,-8.888888888888891,-1.5704935827469508,0.0,-0.0023525960639847704,-2.8055409433631424,-0.485961127600088,0.06306465564893803,0.011652880611309991,-0.9521730495750401,before_ekf,both,-0.0023525960639847704,-0.485961127600088,0.06306465564893803,0.011652880611309991,-0.9521730495750401,-0.002146983229549431,-0.48766732461898155,0.06413392737278398,0.009846520585575141,-0.8947656815134835,nan,nan,nan,nan,-0.5001,nan,nan,nan,,0.06697848399926443,0.05607357400003821,0.044709899000736186,0.044709899000736186,0.03334913499929826,0.022101577000285033,nan,profile,1,1,1,2,43.995633363723755,56.004366636276245,0.8,-0.8,
1785159618.0254915,44.0963947090022,8.888888888888891,1.5701653715419963,-8.888888888888891,-1.5701653715419963,0.0,-0.0011767348678038494,-2.8055409433631424,-0.4906836007332778,0.06306465564893803,0.011652880611309991,-0.985225050138843,before_ekf,both,-0.0011767348678038494,-0.4906836007332778,0.06306465564893803,0.011652880611309991,-0.985225050138843,-0.0015808306304660295,-0.4932127789949906,0.06399984316324457,0.01002595104833812,-0.9587180805337195,nan,nan,nan,nan,-0.4986,nan,nan,nan,,0.06724100000064936,0.05631074299890315,0.0445104190002894,0.0445104190002894,0.03297247600130504,0.021960385998681886,nan,profile,1,1,1,2,44.09704613685608,55.90295386314392,0.8,-0.8,
1785159618.1344588,44.205334793001384,8.888888888888891,1.570407713702064,-8.888888888888891,-1.570407713702064,0.0,-0.0011767348678051793,-2.8055409433631424,-0.49183098124510705,0.06306465564893803,0.011652880611309991,-1.0513290512664522,before_ekf,both,-0.0011767348678051793,-0.49183098124510705,0.06306465564893803,0.011652880611309991,-1.0513290512664522,-0.0013470534999086147,-0.4959201640170105,0.06395476455562658,0.010094044081651578,-0.9936702905272297,nan,nan,nan,nan,-0.4995,nan,nan,nan,,0.07470113599993056,0.06390179699883447,0.05269265899914899,0.05269265899914899,0.039460609998059226,0.02528373400127748,nan,profile,1,1,1,2,44.20777750015259,55.79222249984741,0.8,-0.8,
1785159618.2467344,44.317636661002325,8.888888888888891,1.6054963529553357,-8.888888888888891,-1.6054963529553357,0.0,1.9955140500983218e-05,-2.8055409433631424,-0.5055801301378389,0.06305274805900862,0.011646478663185982,-1.1201873857743745,before_ekf,both,1.9955140500983218e-05,-0.5055801301378389,0.06305274805900862,0.011646478663185982,-1.1201873857743745,-0.0012471139262947245,-0.5021165124754597,0.0638765464666934,0.010223695253107828,-1.0584924957358801,nan,nan,nan,nan,-0.5011,nan,nan,nan,,0.07283261200063862,0.06154399799925159,0.04658758200093871,0.04658758200093871,0.033388539999577915,0.02221487499991781,nan,profile,1,1,1,2,44.31835174560547,55.68164825439453,0.8,-0.8,
1785159618.348083,44.41897945000164,8.888888888888891,1.573834015304516,-8.888888888888891,-1.573834015304516,0.0,1.9955140500983218e-05,-2.8055409433631424,-0.5052130048695986,0.06305274805900862,0.011646478663185982,-1.1532393863381776,before_ekf,both,1.9955140500983218e-05,-0.5052130048695986,0.06305274805900862,0.011646478663185982,-1.1532393863381776,-9.669855109814427e-05,-0.5071356681793543,0.06388541954259441,0.010214986474348308,-1.126296345362392,nan,nan,nan,nan,-0.5025,nan,nan,nan,,0.06722938800157863,0.05630315099915606,0.045099516999471234,0.045099516999471234,0.03386885999861988,0.022711079000146128,nan,profile,1,1,1,2,44.42007875442505,55.57992124557495,0.8,-0.8,
1785159618.46442,44.53531831000146,8.888888888888891,1.5705169475350997,-8.888888888888891,-1.5705169475350997,0.0,2.7600364765619985e-05,-2.8055409433631424,-0.5125253132345966,0.06303419099675807,0.011638999350249264,-1.2220977208460997,before_ekf,both,2.7600364765619985e-05,-0.5125253132345966,0.06303419099675807,0.011638999350249264,-1.2220977208460997,-0.0008809570135055708,-0.5095302429489218,0.06385119226129465,0.010283693210055215,-1.1561437471503564,nan,nan,nan,nan,-0.5056,nan,nan,nan,,0.06897770499926992,0.058109126999625005,0.04628763299842831,0.04628763299842831,0.03427894299966283,0.02303056500022649,nan,profile,1,1,1,2,44.5362434387207,55.4637565612793,0.8,-0.8,
1785159618.5669515,44.63784842400128,8.888888888888891,1.5709575227463055,-8.888888888888891,-1.5709575227463055,0.0,2.9956798573547126e-05,-2.8055409433631424,-0.513396890107617,0.06290946262522197,0.01201135842840353,-1.256526888100061,before_ekf,both,2.9956798573547126e-05,-0.513396890107617,0.06290946262522197,0.01201135842840353,-1.256526888100061,-5.2986972335829464e-05,-0.5154093597271767,0.06385484526678888,0.010281352741407644,-1.2289035736262592,nan,nan,nan,nan,-0.5009,nan,nan,nan,,0.06790589899901533,0.056912760999694,0.04514953699981561,0.04514953699981561,0.033736907000275096,0.022739019001164706,nan,profile,1,1,1,2,44.63897085189819,55.36102914810181,0.8,-0.8,
1785159618.6710937,44.74199085900182,8.888888888888891,1.5712864424620296,-8.888888888888891,-1.5712864424620296,0.0,-0.0011765421431007904,-2.8055409433631424,-0.5165230389727202,0.06292248657762113,0.012014985038613429,-1.3253852226079834,before_ekf,both,-0.0011765421431007904,-0.5165230389727202,0.06292248657762113,0.012014985038613429,-1.3253852226079834,-1.6689456892585003e-05,-0.5145660912453491,0.06385508904797439,0.01028102827058999,-1.2632039593019477,nan,nan,nan,nan,-0.5026,nan,nan,nan,,0.06804985900089378,0.05728602499948465,0.045256784000230255,0.045256784000230255,0.03329037799994694,0.022202639000170166,nan,profile,1,1,1,2,44.74302005767822,55.25697994232178,0.8,-0.8,
1785159618.7730572,44.84395557800235,8.888888888888891,1.832523549816654,-8.888888888888891,-1.570734471271418,0.0,1.8101244185217587e-05,-2.8055409433631424,-0.5123092865399717,0.06300815852860557,0.011631750428270773,-1.3928663904257472,before_ekf,both,1.8101244185217587e-05,-0.5123092865399717,0.06300815852860557,0.011631750428270773,-1.3928663904257472,0.000626508318398405,-0.5134914183363237,0.06385570410912862,0.010275643217230731,-1.3299659355745053,nan,nan,nan,nan,-0.4989,nan,nan,nan,,0.06777131700073369,0.056726826001977315,0.04500770500089857,0.04500770500089857,0.03352371000073617,0.02243892499973299,nan,profile,1,1,1,2,44.84464073181152,55.15535926818848,0.8,-0.8,
1785159618.8747208,44.945624425999995,8.888888888888891,1.5715167729442852,-8.888888888888891,-1.5715167729442852,0.0,0.0011942815160872115,-2.8055409433631424,-0.5048659517283303,0.06300815852860557,0.011631750428270773,-1.4259183909895536,before_ekf,both,0.0011942815160872115,-0.5048659517283303,0.06300815852860557,0.011631750428270773,-1.4259183909895536,0.0009396264049535141,-0.5059589095092811,0.0638731541859909,0.010189474897529157,-1.4009446183048857,nan,nan,nan,nan,-0.4935,nan,nan,nan,,0.06711966499642585,0.05612739399657585,0.044715131996781565,0.044715131996781565,0.03329750399643672,0.022040495998226106,nan,profile,1,1,1,2,44.94630312919617,55.05369687080383,0.8,-0.8,
1785159618.9755638,45.046466897001665,8.888888888888891,1.5703400330914812,-8.888888888888891,-1.5703400330914812,0.0,0.0024195849496578604,-2.8055409433631424,-0.5047104366667874,0.06305493498155293,0.011241852475981199,-1.4933995588073141,before_ekf,both,0.0024195849496578604,-0.5047104366667874,0.06305493498155293,0.011241852475981199,-1.4933995588073141,0.0011829434316064774,-0.503566326028263,0.06388601582672698,0.010112465656497625,-1.4313755643453876,nan,nan,nan,nan,-0.4966,nan,nan,nan,,0.0665643469983479,0.05574335400160635,0.04449010100142914,0.04449010100142914,0.03323106899915729,0.02207502699820907,nan,profile,1,1,1,2,45.047080278396606,54.952919721603394,0.8,-0.8,
1785159619.0761113,45.147014432001015,8.888888888888891,1.5719333218859501,-8.888888888888891,-1.5719333218859501,0.0,4.1535866714768194e-05,-2.8055409433631424,-0.4964223563136284,0.06303401566046041,0.01163399020898335,-1.5250743926809622,before_ekf,both,4.1535866714768194e-05,-0.4964223563136284,0.06303401566046041,0.01163399020898335,-1.5250743926809622,0.0006540435184394806,-0.49582532112744754,0.06390471612132341,0.009948432582757415,-1.5006713734906434,nan,nan,nan,nan,-0.4975,nan,nan,nan,,0.06620870500046294,0.055271880999498535,0.04402000299887732,0.04402000299887732,0.03287568999803625,0.021987296000588685,nan,profile,1,1,1,2,45.14770436286926,54.85229563713074,0.8,-0.8,
1785159619.1769772,45.24787947700315,8.888888888888891,1.5702304942362988,-8.888888888888891,-1.5702304942362988,0.0,4.153586671609275e-05,-2.8055409433631424,-0.4999241416984301,0.06303401566046041,0.011633990208982906,-1.5911783938085646,before_ekf,both,4.153586671609275e-05,-0.4999241416984301,0.06303401566046041,0.011633990208982906,-1.5911783938085646,0.0002172039820960615,-0.4944838416107741,0.06390312799824927,0.009952026957028485,-1.5303573270663489,nan,nan,nan,nan,-0.4962,nan,nan,nan,,0.06673604200113914,0.055730826999933925,0.04423590599981253,0.04423590599981253,0.03307302200119011,0.022303832000034163,nan,profile,1,1,1,2,45.24889016151428,54.75110983848572,0.8,-0.8,
1785159619.2791293,45.35002919100225,8.888888888888891,1.5970325370162535,-8.888888888888891,-1.5970325370162535,0.0,2.48959239105874e-06,-2.8055409433631424,-0.4874332563722998,0.06301655335691746,0.011241683329622294,-1.622853227682209,before_ekf,both,2.48959239105874e-06,-0.4874332563722998,0.06301655335691746,0.011241683329622294,-1.622853227682209,2.07128037240139e-05,-0.4908676244108162,0.06390263781120986,0.009949930349904176,-1.5991422769289674,nan,nan,nan,nan,-0.5006,nan,nan,nan,,0.0674577310019231,0.0564773209989653,0.045251889001519885,0.045251889001519885,0.03413836199979414,0.022825064999778988,nan,profile,1,1,1,2,45.350994348526,54.649005651474,0.8,-0.8,
1785159619.380977,45.45187669000006,8.888888888888891,1.6351291761262428,-8.888888888888891,-1.6351291761262428,0.0,0.0011782500637821888,-2.8055409433631424,-0.49150131705183175,0.06301655335691751,0.011241683329622736,-1.6889572288098111,before_ekf,both,0.0011782500637821888,-0.49150131705183175,0.06301655335691751,0.011241683329622736,-1.6889572288098111,4.317547581442103e-06,-0.48962505874909534,0.0639026022147126,0.00994960795449345,-1.6287148606516695,nan,nan,nan,nan,-0.5067,nan,nan,nan,,0.06682946199725848,0.05603953099853243,0.044393450996722095,0.044393450996722095,0.03312093899876345,0.022191458996530855,nan,profile,1,1,1,2,45.45280456542969,54.54719543457031,0.8,-0.8,
1785159619.4840496,45.554953209000814,8.888888888888891,1.5706465499398945,-8.888888888888891,-1.5706465499398945,0.0,0.002353792357318983,-2.8055409433631424,-0.4957299896724427,0.0629603411701689,0.010853033564653163,-1.7233863960637725,before_ekf,both,0.002353792357318983,-0.4957299896724427,0.0629603411701689,0.010853033564653163,-1.7233863960637725,0.001932539916188285,-0.4942943465171453,0.06388473525865013,0.009707349882135142,-1.6977757569933687,nan,nan,nan,nan,-0.5116,nan,nan,nan,,0.06844674799867789,0.057524990999809233,0.046129605998430634,0.046129605998430634,0.03487182699973346,0.02368351199766039,nan,profile,1,1,1,2,45.555612087249756,54.444387912750244,0.8,-0.8,
1785159619.618194,45.68909405500017,8.888888888888891,1.5703665488777998,-8.888888888888891,-1.5703665488777998,0.0,0.001175416293122101,-2.8055409433631424,-0.500035204232139,0.06294756474990804,0.010855316339006226,-1.789490397191378,before_ekf,both,0.001175416293122101,-0.500035204232139,0.06294756474990804,0.010855316339006226,-1.789490397191378,0.001425354394515234,-0.4944027961048626,0.06387418946894136,0.009644338586445889,-1.7274295382015026,nan,nan,nan,nan,-0.5091,nan,nan,nan,,0.09728681599881384,0.08244325899795513,0.06842990199947963,0.06842990199947963,0.056984503997227876,0.0435239559992624,nan,profile,1,1,1,2,45.69004559516907,54.30995440483093,0.8,-0.8,
1785159619.7233016,45.794199944000866,8.888888888888891,1.56757338024937,-8.888888888888891,-1.56757338024937,0.0,0.0023571407241177707,-2.8055409433631424,-0.4959470172397172,0.06284060965343352,0.01047746686239268,-1.8542172316288255,before_ekf,both,0.0023571407241177707,-0.4959470172397172,0.06284060965343352,0.01047746686239268,-1.8542172316288255,0.0012260603062188942,-0.499500981631669,0.06384515475946025,0.009495240836797645,-1.792463605932002,nan,nan,nan,nan,-0.5122,nan,nan,nan,,0.06846423999741091,0.05761035099931178,0.045969954000611324,0.045969954000611324,0.03411303399843746,0.023013085999991745,nan,profile,1,1,1,2,45.79515981674194,54.20484018325806,0.8,-0.8,
1785159619.8251832,45.896086465003464,8.888888888888891,1.5753424974342676,-8.888888888888891,-1.5753424974342676,0.0,0.0011815984305809895,-2.8055409433631424,-0.4916481240919457,0.06284060965343354,0.010477466862392678,-1.8872692321926248,before_ekf,both,0.0011815984305809895,-0.4916481240919457,0.06284060965343354,0.010477466862392678,-1.8872692321926248,0.001469727191888347,-0.49881395742077467,0.06378516078832056,0.009257079792018034,-1.8620524499919104,nan,nan,nan,nan,-0.509,nan,nan,nan,,0.06731012200179975,0.056543431001045974,0.045033139002043754,0.045033139002043754,0.03324737000002642,0.022154315000079805,nan,profile,1,1,1,2,45.89671206474304,54.10328793525696,0.8,-0.8,
1785159619.9283488,45.99924553500023,8.888888888888891,1.5887651333518957,-8.888888888888891,-1.5887651333518957,0.0,0.0011817244309943516,-2.8055409433631424,-0.4915473526457119,0.06284060965343354,0.010477466862392678,-1.953373233320234,before_ekf,both,0.0011817244309943516,-0.4915473526457119,0.06284060965343354,0.010477466862392678,-1.953373233320234,0.0021536813809092496,-0.4992882340707884,0.0637357436145317,0.009094546716759922,-1.8969566233359152,nan,nan,nan,nan,-0.5017,nan,nan,nan,,0.06845904799774871,0.057552684000256704,0.045956169997225516,0.045956169997225516,0.03420021499914583,0.023083853997377446,nan,profile,1,1,1,2,46.000285387039185,53.999714612960815,0.8,-0.8,
1785159620.0343268,46.1052256810035,8.888888888888891,1.5808257811136253,-8.888888888888891,-1.5808257811136253,0.0,0.001181724430993022,-2.8055409433631424,-0.4917110689983327,0.06284060965343354,0.010477466862392678,-1.986425233884037,before_ekf,both,0.001181724430993022,-0.4917110689983327,0.06284060965343354,0.010477466862392678,-1.986425233884037,0.0012894751807808855,-0.4970548287500968,0.06368275365055726,0.00896066856683239,-1.961587485335061,nan,nan,nan,nan,-0.4934,nan,nan,nan,,0.07060010800341843,0.05982877200221992,0.046608116001152666,0.046608116001152666,0.03459372900033486,0.023163605001172982,nan,profile,1,1,1,2,46.106175661087036,53.893824338912964,0.8,-0.8,
1785159620.1448746,46.21577768300267,8.888888888888891,1.5702354857864385,-8.888888888888891,-1.5702354857864385,0.0,-5.585919515053698e-18,-2.8055409433631424,-0.4956607034948745,0.06284060965343354,0.010477466862392678,-2.0525292350116464,before_ekf,both,-5.585919515053698e-18,-0.4956607034948745,0.06284060965343354,0.010477466862392678,-2.0525292350116464,0.0003622269966876563,-0.49889832955034347,0.06368267676647546,0.008967691858229019,-1.9963798448747,nan,nan,nan,nan,-0.4911,nan,nan,nan,,0.0749024200013082,0.0640909220019239,0.05232531699948595,0.05232531699948595,0.03837731400199118,0.02349013200000627,nan,profile,1,1,1,2,46.21643257141113,53.78356742858887,0.8,-0.8,
1785159620.249057,46.31995459300015,8.888888888888891,1.3051347190783145,-8.888888888888891,-1.5661616628939776,0.0,-5.585919515053698e-18,-2.8055409433631424,-0.49617337364430386,0.06284060965343354,0.010477466862392678,-2.118633236139252,before_ekf,both,-5.585919515053698e-18,-0.49617337364430386,0.06284060965343354,0.010477466862392678,-2.118633236139252,7.794012670950439e-06,-0.5006302416791529,0.06368356131087499,0.008971790726977104,-2.061305702802759,nan,nan,nan,nan,-0.4963,nan,nan,nan,,0.06983460199990077,0.05870015099935699,0.04681284899925231,0.04681284899925231,0.034825925999030005,0.023838224999053637,nan,profile,1,1,1,2,46.322471141815186,53.677528858184814,0.8,-0.8,
1785159620.359588,46.43048574700151,8.888888888888891,1.5674368706986659,-8.888888888888891,-1.5674368706986659,0.0,-5.585919515053698e-18,-2.8055409433631424,-0.4967361345451975,0.06284060965343354,0.010477466862392678,-2.168211236984958,before_ekf,both,-5.585919515053698e-18,-0.4967361345451975,0.06284060965343354,0.010477466862392678,-2.168211236984958,-1.0987035401025419e-05,-0.49852597135849985,0.06368351770243857,0.008971574285964321,-2.1275727221694227,nan,nan,nan,nan,-0.4934,nan,nan,nan,,0.07372325899996213,0.05845603099805885,0.04678650699861464,0.04678650699861464,0.034323017000133405,0.023043706998578273,nan,profile,1,1,1,2,46.43142914772034,53.56857085227966,0.8,-0.8,
1785159620.4666946,46.537594528002955,8.888888888888891,1.5718588562259397,-8.888888888888891,-1.5718588562259397,0.0,0.0011808856675982957,-2.8055409433631424,-0.5003472577025367,0.06261681913409088,0.010154780864552187,-2.2191664045208226,before_ekf,both,0.0011808856675982957,-0.5003472577025367,0.06261681913409088,0.010154780864552187,-2.2191664045208226,0.0008442112494110003,-0.5009786752139119,0.06365050888337669,0.008916314298682807,-2.1624092663149748,nan,nan,nan,nan,-0.4895,nan,nan,nan,,0.06908388100055163,0.05788996000046609,0.04641606299992418,0.04641606299992418,0.03451280300214421,0.023100325000996236,nan,profile,1,1,1,2,46.53861904144287,53.46138095855713,0.8,-0.8,
1785159620.5697231,46.64062695500252,8.888888888888891,1.5699738488949375,-8.888888888888891,-1.8316361570440938,0.0,0.001180885667598292,-2.8055409433631424,-0.4999491349477231,0.06261681913409088,0.010154780864552192,-2.252218405084622,before_ekf,both,0.001180885667598292,-0.4999491349477231,0.06261681913409088,0.010154780864552192,-2.252218405084622,0.0011636674025447332,-0.5007489775992308,0.0635642056590595,0.008794388707328387,-2.226383340300988,nan,nan,nan,nan,-0.4861,nan,nan,nan,,0.06814267700247001,0.05721350500243716,0.04582140799902845,0.04582140799902845,0.033924585000931984,0.022567709002032643,nan,profile,1,1,1,2,46.64139676094055,53.35860323905945,0.8,-0.8,
1785159620.6774619,46.74835870900279,8.888888888888891,1.5700259621560455,-8.888888888888891,-1.8316969558487197,0.0,0.0011808856675969588,-2.8055409433631424,-0.4997955664470246,0.06261681913409119,0.01015478086455252,-2.3183224062122276,before_ekf,both,0.0011808856675969588,-0.4997955664470246,0.06261681913409119,0.01015478086455252,-2.3183224062122276,0.0012035544137532206,-0.49857007952544463,0.06345868559640262,0.008666127928159684,-2.2963411580422726,nan,nan,nan,nan,-0.4937,nan,nan,nan,,0.07009911600107444,0.057963594001193997,0.04608013600227423,0.04608013600227423,0.03407622899976559,0.022780586001317715,nan,profile,1,1,1,2,46.74943137168884,53.25056862831116,0.8,-0.8,
1785159620.7802553,46.85115544800283,8.888888888888891,1.565034932397563,-8.888888888888891,-1.8258740877971569,0.0,-3.694534067836641e-17,-2.8055409433631424,-0.495513012731189,0.06261681913409088,0.010154780864552203,-2.38442640733983,before_ekf,both,-3.694534067836641e-17,-0.495513012731189,0.06261681913409088,0.010154780864552203,-2.38442640733983,0.0003377500251059391,-0.49742880145840856,0.06346497176442475,0.008676944802975551,-2.326159057445583,nan,nan,nan,nan,-0.4979,nan,nan,nan,,0.06802579299983336,0.05715342999974382,0.045306415002414724,0.045306415002414724,0.033889832000568276,0.022593691002839478,nan,profile,1,1,1,2,46.852046966552734,53.147953033447266,0.8,-0.8,
1785159620.8821716,46.95307465700171,8.888888888888891,1.5710428862654673,-8.888888888888891,-1.5710428862654673,0.0,-2.45648360229854e-05,-2.8055409433631424,-0.5031878027385581,0.06261208246812415,0.010159976063299934,-2.4202327412839493,before_ekf,both,-2.45648360229854e-05,-0.5031878027385581,0.06261208246812415,0.010159976063299934,-2.4202327412839493,-1.3263427211105394e-05,-0.4994988224897959,0.06346680760467564,0.008680003817979736,-2.396021652731245,nan,nan,nan,nan,-0.4975,nan,nan,nan,,0.06633483200130286,0.055566013001225656,0.044207908998942,0.044207908998942,0.03300867700090748,0.02200515200092923,nan,profile,1,1,1,2,46.953694105148315,53.046305894851685,0.8,-0.8,
1785159620.9878538,47.058752150001965,8.888888888888891,1.5714464499056873,-8.888888888888891,-1.5714464499056873,0.0,-0.0012227428199494588,-2.8055409433631424,-0.5083177827024186,0.06291758935691362,0.01040670261365913,-2.487713909101717,before_ekf,both,-0.0012227428199494588,-0.5083177827024186,0.06291758935691362,0.01040670261365913,-2.487713909101717,-3.7313196180018926e-05,-0.5001035795292051,0.06346804692044805,0.008681125286415979,-2.426018516668781,nan,nan,nan,nan,-0.4979,nan,nan,nan,,0.07161704000100144,0.060604629001318244,0.048886708998907125,0.048886708998907125,0.0370458260003943,0.023103059000277426,nan,profile,1,1,1,2,47.06077790260315,52.93922209739685,0.8,-0.8,
1785159621.106016,47.17691547499999,8.888888888888891,1.5700624011254907,-8.888888888888891,-1.5700624011254907,0.0,-0.0012227428199507809,-2.8055409433631424,-0.5083874799620214,0.06291758935691362,0.01040670261365913,-2.5207659096655197,before_ekf,both,-0.0012227428199507809,-0.5083874799620214,0.06291758935691362,0.01040670261365913,-2.5207659096655197,-0.0011883334894592537,-0.5045363406637882,0.0636025679833024,0.008794419245011228,-2.496624449381431,nan,nan,nan,nan,-0.5007,nan,nan,nan,,0.07648568399963551,0.0651760739965539,0.04953183799807448,0.04953183799807448,0.03752806699776556,0.0259144749979896,nan,profile,1,1,1,2,47.17791295051575,52.82208704948425,0.8,-0.8,
1785159621.2199059,47.29080318600245,8.888888888888891,1.5715836116051305,-8.888888888888891,-1.5715836116051305,0.0,-0.0023793431069968696,-2.8055409433631424,-0.5049155507084001,0.06324272129578593,0.010626924483769881,-2.58824707748328,before_ekf,both,-0.0023793431069968696,-0.5049155507084001,0.06324272129578593,0.010626924483769881,-2.58824707748328,-0.0023865568077249817,-0.5053181625695858,0.06386588330297552,0.008984203930304802,-2.5624424819628104,nan,nan,nan,nan,-0.5056,nan,nan,nan,,0.07355152699892642,0.06256339399988065,0.05121419200077071,0.05121419200077071,0.039931813000293914,0.028674394001427572,nan,profile,1,1,1,2,47.292598485946655,52.707401514053345,0.8,-0.8,
1785159621.3273635,47.39825961600218,8.888888888888891,1.5721433549428452,-8.888888888888891,-1.5721433549428452,0.0,-0.002380852894686364,-2.8055409433631424,-0.5041971658949201,0.06358196279047132,0.0108247214959648,-2.6557282453010442,before_ekf,both,-0.002380852894686364,-0.5041971658949201,0.06358196279047132,0.0108247214959648,-2.6557282453010442,-0.0033261062435320154,-0.5072918098394836,0.06405381819738981,0.009106518373011078,-2.5929587840055417,nan,nan,nan,nan,-0.5034,nan,nan,nan,,0.06846592000147211,0.0575663359995815,0.045625671999005135,0.045625671999005135,0.03383647200098494,0.022489124999992782,nan,profile,1,1,1,2,47.39933943748474,52.60066056251526,0.8,-0.8,
1785159621.4310253,47.50192118400082,8.888888888888891,1.568698976263632,-8.888888888888891,-1.568698976263632,0.0,-0.003552715189011758,-2.8055409433631424,-0.508139958396509,0.06393376962038641,0.01099919328215107,-2.6901574125550054,before_ekf,both,-0.003552715189011758,-0.508139958396509,0.06393376962038641,0.01099919328215107,-2.6901574125550054,-0.003418439980867968,-0.5052653711260173,0.06441953430057057,0.009311576075155524,-2.6637596265747203,nan,nan,nan,nan,-0.4995,nan,nan,nan,,0.06852469699879293,0.05766148700058693,0.04635102499742061,0.04635102499742061,0.034922364000522066,0.023503144999267533,nan,profile,1,1,1,2,47.5030460357666,52.4969539642334,0.8,-0.8,
1785159621.5363014,47.60719476400118,8.888888888888891,1.3119683242154803,-8.888888888888891,-1.5743619890585763,0.0,-0.0023715500659427006,-2.8055409433631424,-0.5034308407284713,0.06393376962038641,0.01099919328215107,-2.7562614136826147,before_ekf,both,-0.0023715500659427006,-0.5034308407284713,0.06393376962038641,0.01099919328215107,-2.7562614136826147,-0.0027541585588456018,-0.5036478700132122,0.06456537008079734,0.009381627442242055,-2.698956812361043,nan,nan,nan,nan,-0.5025,nan,nan,nan,,0.06851771099900361,0.05748889000096824,0.046243746000982355,0.046243746000982355,0.034580137999000726,0.023254259998793714,nan,profile,1,1,1,2,47.60822677612305,52.39177322387695,0.8,-0.8,
1785159621.6388667,47.7097650120013,8.888888888888891,1.5711151531929342,-8.888888888888891,-1.5711151531929342,0.0,-0.002342067781358868,-2.8055409433631424,-0.5041120559214824,0.06430131077594677,0.011137475416640497,-2.8237425815003787,before_ekf,both,-0.002342067781358868,-0.5041120559214824,0.06430131077594677,0.011137475416640497,-2.8237425815003787,-0.0024627288132508056,-0.501287183976273,0.0648437158378763,0.009501822313663727,-2.764216806611536,nan,nan,nan,nan,-0.4959,nan,nan,nan,,0.06780293599877041,0.05675454800075386,0.04518990100041265,0.04518990100041265,0.033805823000875534,0.022725529997842386,nan,profile,1,1,1,2,47.710784673690796,52.289215326309204,0.8,-0.8,
1785159621.7406723,47.81157268100287,8.888888888888891,1.667955891696207,-8.888888888888891,-1.667955891696207,0.0,-0.001170205487034808,-2.8055409433631424,-0.4994126433055383,0.06430131077594718,0.011137475416640633,-2.856794582064178,before_ekf,both,-0.001170205487034808,-0.4994126433055383,0.06430131077594718,0.011137475416640633,-2.856794582064178,-0.0015612043860235827,-0.4984700524772014,0.06505281758409152,0.009575713642392882,-2.829096905486384,nan,nan,nan,nan,-0.5006,nan,nan,nan,,0.0673517270006414,0.056602718999783974,0.04526588500084472,0.04526588500084472,0.033621021000726614,0.02239712400114513,nan,profile,1,1,1,2,47.81247878074646,52.18752121925354,0.8,-0.8,
1785159621.8428473,47.913745138001104,8.888888888888891,1.5702845553554607,-8.888888888888891,-1.5702845553554607,0.0,-0.0023530756083770614,-2.8055409433631424,-0.49657983989199694,0.06468387473368863,0.011226100683219843,-2.9215214165016254,before_ekf,both,-0.0023530756083770614,-0.49657983989199694,0.06468387473368863,0.011226100683219843,-2.9215214165016254,-0.001305457139474744,-0.49848647608570423,0.0651303218673292,0.009598578225883102,-2.863865812830681,nan,nan,nan,nan,-0.4954,nan,nan,nan,,0.06774051799948211,0.057027722999919206,0.04558868700041785,0.04558868700041785,0.033848205999674974,0.022580565000680508,nan,profile,1,1,1,2,47.914400815963745,52.085599184036255,0.8,-0.8,
1785159621.9429636,48.01386648600237,8.888888888888891,1.5723851276232523,-8.888888888888891,-1.5723851276232523,0.0,-0.0011828701213409116,-2.8055409433631424,-0.4909743527175416,0.0646838747336882,0.01122610068321975,-2.9545734170654283,before_ekf,both,-0.0011828701213409116,-0.4909743527175416,0.0646838747336882,0.01122610068321975,-2.9545734170654283,-0.001466568102204438,-0.4948456275494161,0.0653560888468402,0.009657411941994785,-2.92855439687878,nan,nan,nan,nan,-0.5047,nan,nan,nan,,0.066607347001991,0.05589047200191999,0.04458789899945259,0.04458789899945259,0.033354959999996936,0.022238377001485787,nan,profile,1,1,1,2,48.01452040672302,51.98547959327698,0.8,-0.8,
1785159622.0444527,48.1153570030001,8.888888888888891,1.570628552252945,-8.888888888888891,-1.570628552252945,0.0,-0.001182870121342238,-2.8055409433631424,-0.4924464743446667,0.06468387473368864,0.011226100683219806,-3.0206774181930305,before_ekf,both,-0.001182870121342238,-0.4924464743446667,0.06468387473368864,0.011226100683219806,-3.0206774181930305,-0.0012828199209731638,-0.49450248146005765,0.06543591503192286,0.00967281884324253,-2.9627744383748142,nan,nan,nan,nan,-0.5042,nan,nan,nan,,0.06748268299998017,0.056447059996571625,0.0447340799983067,0.0447340799983067,0.033199524998053676,0.02187869899717043,nan,profile,1,1,1,2,48.11596322059631,51.88403677940369,0.8,-0.8,
1785159622.145368,48.21627249800076,8.888888888888891,1.5705959501635747,-8.888888888888891,-1.5705959501635747,0.0,-0.0011828701213408928,-2.8055409433631424,-0.49087838788940763,0.0646838747336882,0.01122610068321975,-3.0537294187568333,before_ekf,both,-0.0011828701213408928,-0.49087838788940763,0.0646838747336882,0.01122610068321975,-3.0537294187568333,-0.0012085420608124251,-0.49602312052462133,0.06558763551143136,0.009695232515571868,-3.027287401639923,nan,nan,nan,nan,-0.5063,nan,nan,nan,,0.06656978799946955,0.05567082500056131,0.0442747960005363,0.0442747960005363,0.03291210399765987,0.022054278997529764,nan,profile,1,1,1,2,48.216888666152954,51.783111333847046,0.8,-0.8,
1785159622.2572246,48.328123659000994,8.888888888888891,1.5708643452210447,-8.888888888888891,-1.5708643452210447,0.0,-0.0011759535424025122,-2.8055409433631424,-0.5009502049614435,0.06507580464245973,0.011250583255802681,-3.1212105865745974,before_ekf,both,-0.0011759535424025122,-0.5009502049614435,0.06507580464245973,0.011250583255802681,-3.1212105865745974,-0.0011994024703116085,-0.5009236115429977,0.06567200913597929,0.009703464219237744,-3.0634719207941457,nan,nan,nan,nan,-0.5042,nan,nan,nan,,0.0777195410009881,0.06681331000072532,0.05176877299891203,0.05176877299891203,0.03954708799938089,0.022966560998611385,nan,profile,1,1,1,2,48.32909631729126,51.67090368270874,0.8,-0.8,
1785159622.3613963,48.43229230200086,8.888888888888891,1.7011208632250108,-8.888888888888891,-1.7011208632250108,0.0,-0.002347049292845514,-2.8055409433631424,-0.5040510551070967,0.06546847282601341,0.01125507183849559,3.1275455533510246,before_ekf,both,-0.002347049292845514,-0.5040510551070967,0.06546847282601341,0.01125507183849559,3.1275455533510246,-0.002050508681346772,-0.5057900957022133,0.06590439646742931,0.009715676258957235,-3.128197518188034,nan,nan,nan,nan,-0.5051,nan,nan,nan,,0.0691979609982809,0.05805078199773561,0.04664184899957036,0.04664184899957036,0.03466038199985633,0.02322277699931874,nan,profile,1,1,1,2,48.43349504470825,51.56650495529175,0.8,-0.8,
1785159622.4660451,48.536947563003196,8.888888888888891,1.5703920293669362,-8.888888888888891,-1.5703920293669362,0.0,-0.0035149894805829745,-2.8055409433631424,-0.5076959248469439,0.06586085996982727,0.011239554779533223,3.0931163860970634,before_ekf,both,-0.0035149894805829745,-0.5076959248469439,0.06586085996982727,0.011239554779533223,3.0931163860970634,-0.003163596923645871,-0.5078222583320001,0.06615481270058922,0.009718176536229094,3.119457213700338,nan,nan,nan,nan,-0.5007,nan,nan,nan,,0.06869985700177494,0.057587835002777865,0.04568468300203676,0.04568468300203676,0.033589360002224566,0.02222990500013111,nan,profile,1,1,1,2,48.53769254684448,51.46230745315552,0.8,-0.8,
1785159622.5665283,48.6374315710018,8.888888888888891,1.575979297188941,-8.888888888888891,-1.575979297188941,0.0,-0.002339035938184424,-2.8055409433631424,-0.5122866794176251,0.06586085996982727,0.011239554779533239,3.024258051589141,before_ekf,both,-0.002339035938184424,-0.5122866794176251,0.06586085996982727,0.011239554779533239,3.024258051589141,-0.0027164503784378406,-0.5109336282134072,0.06653147206432368,0.009697772061171998,3.0531139631655844,nan,nan,nan,nan,-0.5015,nan,nan,nan,,0.06634786300128326,0.055605298999580555,0.04422161099864752,0.04422161099864752,0.032941159999609226,0.02192217500123661,nan,profile,1,1,1,2,48.63809156417847,51.36190843582153,0.8,-0.8,
1785159622.6680527,48.73895202300264,8.888888888888891,1.5625390578926817,-8.888888888888891,-1.5625390578926817,0.0,-0.0023457689724872633,-2.8055409433631424,-0.5121370632459477,0.0662485793602392,0.011177248086084399,2.956776883771377,before_ekf,both,-0.0023457689724872633,-0.5121370632459477,0.0662485793602392,0.011177248086084399,2.956776883771377,-0.002489388132409165,-0.5108069373749186,0.06669337234990529,0.009680020234835012,3.017405951656176,nan,nan,nan,nan,-0.4977,nan,nan,nan,,0.06744126999910804,0.056612338001286844,0.04482200200072839,0.04482200200072839,0.03345805999924778,0.022372491999703925,nan,profile,1,1,1,2,48.73994541168213,51.26005458831787,0.8,-0.8,
1785159622.7681584,48.839061788003164,8.888888888888891,1.570746628371575,-8.888888888888891,-1.570746628371575,0.0,-0.001177828784747151,-2.8055409433631424,-0.5082944347575309,0.0662485793602392,0.011177248086084415,2.9237248832075706,before_ekf,both,-0.001177828784747151,-0.5082944347575309,0.0662485793602392,0.011177248086084415,2.9237248832075706,-0.0015456654619661666,-0.5064364311455924,0.06691312939697709,0.009644047025478383,2.951316447835482,nan,nan,nan,nan,-0.5021,nan,nan,nan,,0.06591243400180247,0.055259242002648534,0.04419553499974427,0.04419553499974427,0.033034849002433475,0.022066819001338445,nan,profile,1,1,1,2,48.83967971801758,51.16032028198242,0.8,-0.8,
1785159622.870317,48.94121704400095,8.888888888888891,1.5714242364913138,-8.888888888888891,-1.5714242364913138,0.0,-0.0023509513883711052,-2.8055409433631424,-0.5038984811297859,0.06662636842849794,0.011070085267653174,2.8562437153898066,before_ekf,both,-0.0023509513883711052,-0.5038984811297859,0.06662636842849794,0.011070085267653174,2.8562437153898066,-0.0012860703527340818,-0.5036000218269465,0.0669929903106895,0.009626612160833471,2.9160241745721507,nan,nan,nan,nan,-0.499,nan,nan,nan,,0.06798288199934177,0.05702490899784607,0.04518891100087785,0.04518891100087785,0.03390327399756643,0.022664906999125378,nan,profile,1,1,1,2,48.942200899124146,51.057799100875854,0.8,-0.8,
1785159622.9722803,49.04317922800328,8.888888888888891,1.8693911728538335,-8.888888888888891,-1.8693911728538335,0.0,-0.0011731226036239431,-2.8055409433631424,-0.4998761558650228,0.06662636842849794,0.011070085267653174,2.790139714262201,before_ekf,both,-0.0011731226036239431,-0.4998761558650228,0.06662636842849794,0.011070085267653174,2.790139714262201,-0.0022989509976115265,-0.4984308289166006,0.06729790800144164,0.009549972757291048,2.8511647400617584,nan,nan,nan,nan,-0.4943,nan,nan,nan,,0.06762231500033522,0.05685035600254196,0.045627757001057034,0.045627757001057034,0.03393857300034142,0.02274282800135552,nan,profile,1,1,1,2,49.04414677619934,50.95585322380066,0.8,-0.8,
1785159623.0787106,49.14960712300308,8.888888888888891,1.571183042077043,-8.888888888888891,-1.571183042077043,0.0,-0.0011731226036239303,-2.8055409433631424,-0.500199727608312,0.06662636842849794,0.011070085267653174,2.7570877136983944,before_ekf,both,-0.0011731226036239303,-0.500199727608312,0.06662636842849794,0.011070085267653174,2.7570877136983944,-0.0012673771207831503,-0.4979058950505185,0.06744827910181747,0.009496405871549074,2.7815161243202837,nan,nan,nan,nan,-0.5005,nan,nan,nan,,0.06936676199984504,0.05835591399954865,0.04662213700066786,0.04662213700066786,0.03417824800271774,0.022987174001173116,nan,profile,1,1,1,2,49.150717973709106,50.849282026290894,0.8,-0.8,
1785159623.1821349,49.253036928002984,8.888888888888891,1.5702402419156245,-8.888888888888891,-1.5702402419156245,0.0,2.4346993251767035e-06,-2.8055409433631424,-0.49594764343784686,0.06662909511086156,0.011075974246658767,2.6909837125707887,before_ekf,both,2.4346993251767035e-06,-0.49594764343784686,0.06662909511086156,0.011075974246658767,2.6909837125707887,-0.0011974532180685036,-0.49735836435844655,0.0675128496949159,0.009470957750663018,2.7516678814437636,nan,nan,nan,nan,-0.4942,nan,nan,nan,,0.06822289599949727,0.05723935100104427,0.04600367700186325,0.04600367700186325,0.03425799600154278,0.023121526999602793,nan,profile,1,1,1,2,49.253724336624146,50.746275663375854,0.8,-0.8,
1785159623.2843177,49.35522214100274,8.888888888888891,1.5559413193554408,-8.888888888888891,-1.8152648725813474,0.0,2.4346993225076603e-06,-2.8055409433631424,-0.4960262728813589,0.06662909511086235,0.011075974246658373,2.657931712006986,before_ekf,both,2.4346993225076603e-06,-0.4960262728813589,0.06662909511086235,0.011075974246658373,2.657931712006986,-5.072817907570006e-05,-0.49403518399539303,0.06750694918255704,0.009470219133502296,2.6823934673049923,nan,nan,nan,nan,-0.4935,nan,nan,nan,,0.06825528199988184,0.05721330000233138,0.045267239001987036,0.045267239001987036,0.033145446999697015,0.021904061002715025,nan,profile,1,1,1,2,49.35580039024353,50.64419960975647,0.8,-0.8,
1785159623.3883193,49.459221596000134,8.888888888888891,1.5712770590111014,-8.888888888888891,-1.5712770590111014,0.0,-6.183409661236378e-05,-2.8055409433631424,-0.49584309663729337,0.0666322048395743,0.01108167025032568,2.59182771087938,before_ekf,both,-6.183409661236378e-05,-0.49584309663729337,0.0666322048395743,0.01108167025032568,2.59182771087938,-2.7924256491125186e-05,-0.4914892646126992,0.06751025438865613,0.00946860851659132,2.6528955718214613,nan,nan,nan,nan,-0.4949,nan,nan,nan,,0.06922815999860177,0.05686297699867282,0.04495745899839676,0.04495745899839676,0.033613453997531906,0.022561681998922722,nan,profile,1,1,1,2,49.46001601219177,50.53998398780823,0.8,-0.8,
1785159623.490273,49.56117175700274,8.888888888888891,1.5707436597599849,-8.888888888888891,-1.8325342697199822,0.0,-6.183409660968751e-05,-2.8055409433631424,-0.49603772745366836,0.0666322048395743,0.01108167025032568,2.5587757103155737,before_ekf,both,-6.183409660968751e-05,-0.49603772745366836,0.0666322048395743,0.01108167025032568,2.5587757103155737,-2.089548026246234e-05,-0.4933114200624154,0.06751732089275664,0.009464854513869329,2.588788742888916,nan,nan,nan,nan,-0.4933,nan,nan,nan,,0.06721599000229617,0.05641821899916977,0.04502116100047715,0.04502116100047715,0.033482172002550215,0.022261873000388732,nan,profile,1,1,1,2,49.562087059020996,50.437912940979004,0.8,-0.8,
1785159623.5931637,49.66406316800203,8.888888888888891,1.5709607749688206,-8.888888888888891,-1.5709607749688206,0.0,0.0011196981737110969,-2.8055409433631424,-0.4917032145857144,0.06630964094588306,0.0113056393422232,2.4940488758781263,before_ekf,both,0.0011196981737110969,-0.4917032145857144,0.06630964094588306,0.0113056393422232,2.4940488758781263,0.0008518531076051758,-0.4930078448734217,0.06744803135884317,0.009506436011079158,2.5518221870987308,nan,nan,nan,nan,-0.4967,nan,nan,nan,,0.0682317509999848,0.05743711200193502,0.04574669499925221,0.04574669499925221,0.03406642000118154,0.022865314000227954,nan,profile,1,1,1,2,49.66469740867615,50.33530259132385,0.8,-0.8,
1785159623.6947925,49.76569595000183,8.888888888888891,1.5704841616580838,-8.888888888888891,-1.832231521934431,0.0,0.0011839669696459244,-2.8055409433631424,-0.49500514025331876,0.06630964094588304,0.011305639342223188,2.46099687531432,before_ekf,both,0.0011839669696459244,-0.49500514025331876,0.06630964094588304,0.011305639342223188,2.46099687531432,0.001227716907423335,-0.4952960716466807,0.06731836580433596,0.009598400662714094,2.485182570854387,nan,nan,nan,nan,-0.4986,nan,nan,nan,,0.06768676499996218,0.05662252600086504,0.04481469800157356,0.04481469800157356,0.03300772700094967,0.021808987999975216,nan,profile,1,1,1,2,49.7663094997406,50.2336905002594,0.8,-0.8,
1785159623.7961385,49.86704170400117,8.888888888888891,1.5709980586556087,-8.888888888888891,-1.5709980586556087,0.0,0.0011839669696460365,-2.8055409433631424,-0.49079514461527723,0.06630964094588303,0.011305639342223178,2.394892874186714,before_ekf,both,0.0011839669696460365,-0.49079514461527723,0.06630964094588303,0.011305639342223178,2.394892874186714,0.0012526154892468751,-0.49419713200623344,0.06726253961475516,0.009642707497926973,2.455497644864674,nan,nan,nan,nan,-0.5014,nan,nan,nan,,0.06676917299773777,0.05586499700075365,0.04452883599878987,0.04452883599878987,0.033257185998081695,0.022015451999322977,nan,profile,1,1,1,2,49.86769485473633,50.13230514526367,0.8,-0.8,
1785159623.89699,49.96789221200015,8.888888888888891,1.5699631159699892,-8.888888888888891,-1.5699631159699892,0.0,-2.8015079703969982e-15,-2.8055409433631424,-0.49633355319549544,0.06630964094588301,0.011305639342223167,2.3618408736229077,before_ekf,both,-2.8015079703969982e-15,-0.49633355319549544,0.06630964094588301,0.011305639342223167,2.3618408736229077,0.0003983105516898393,-0.4965041339789813,0.06720539486878617,0.009694659369160932,2.386228677865361,nan,nan,nan,nan,-0.5015,nan,nan,nan,,0.06643576399801532,0.05552671299665235,0.04421220999938669,0.04421220999938669,0.03302799099765252,0.02212245400005486,nan,profile,1,1,1,2,49.96883487701416,50.03116512298584,0.8,-0.8,
1785159623.9988673,50.06976548900275,8.888888888888891,1.5752617369933692,-8.888888888888891,-1.5752617369933692,0.0,1.8026030930961835e-17,-2.8055409433631424,-0.496178214602932,0.06630964094588301,0.011305639342223157,2.2957368724953016,before_ekf,both,1.8026030930961835e-17,-0.496178214602932,0.06630964094588301,0.011305639342223157,2.2957368724953016,0.00013517488251618237,-0.49723792597591815,0.06720848872886352,0.009692935232203544,2.3548822670732825,nan,nan,nan,nan,-0.4989,nan,nan,nan,,0.06753608800136135,0.05658021999988705,0.04530152400184306,0.04530152400184306,0.03417852600250626,0.023329799001658102,nan,profile,1,1,1,2,50.070687770843506,49.929312229156494,0.8,-0.8,
1785159624.1053038,50.17619655300223,8.888888888888891,1.571256312080258,-8.888888888888891,-1.571256312080258,0.0,2.6756195462804825e-15,-2.8055409433631424,-0.4973814068983449,0.06630964094588243,0.011305639342223835,2.2296328713676927,before_ekf,both,2.6756195462804825e-15,-0.4973814068983449,0.06630964094588243,0.011305639342223835,2.2296328713676927,3.571323252334307e-05,-0.499721650316097,0.06720922353272674,0.009692855303975944,2.286375041402307,nan,nan,nan,nan,-0.4955,nan,nan,nan,,0.06774550100089982,0.05679471899929922,0.04547048300082679,0.04547048300082679,0.03397003099962603,0.022854177001136122,nan,profile,1,1,1,2,50.17724275588989,49.82275724411011,0.8,-0.8,
1785159624.2094846,50.28038401100275,8.888888888888891,1.5713874513263366,-8.888888888888891,-1.5713874513263366,0.0,2.0449985006744881e-16,-2.8055409433631424,-0.49614970049850954,0.06630964094588296,0.01130563934222312,2.19658087080389,before_ekf,both,2.0449985006744881e-16,-0.49614970049850954,0.06630964094588296,0.01130563934222312,2.19658087080389,2.368562795370552e-05,-0.49943412184210834,0.06720946999863821,0.009692841306780142,2.2214493175844687,nan,nan,nan,nan,-0.4947,nan,nan,nan,,0.06863398800123832,0.057648587000585394,0.046254840002802666,0.046254840002802666,0.03427379800268682,0.022919955001270864,nan,profile,1,1,1,2,50.28136229515076,49.71863770484924,0.8,-0.8,
1785159624.3139832,50.38488659300128,8.888888888888891,1.5723920688860056,-8.888888888888891,-1.5723920688860056,0.0,0.0011802002917480378,-2.8055409433631424,-0.5001978506758581,0.06608248536357537,0.011625965412308639,2.129099702986126,before_ekf,both,0.0011802002917480378,-0.5001978506758581,0.06608248536357537,0.011625965412308639,2.129099702986126,0.0008846668594620172,-0.5000324193886311,0.06715839843401179,0.009757657273730902,2.1901090870617494,nan,nan,nan,nan,-0.4954,nan,nan,nan,,0.06723285000043688,0.05618041900015669,0.04475128600097378,0.04475128600097378,0.03337713400105713,0.02199276999817812,nan,profile,1,1,1,2,50.38569164276123,49.61430835723877,0.8,-0.8,
1785159624.4168203,50.48772304000158,8.888888888888891,1.571186106644233,-8.888888888888891,-1.571186106644233,0.0,0.0011802002917453943,-2.8055409433631424,-0.49988032273333927,0.06608248536357537,0.01162596541230863,2.0960477024223194,before_ekf,both,0.0011802002917453943,-0.49988032273333927,0.06608248536357537,0.01162596541230863,2.0960477024223194,0.001218199918050252,-0.49939147837799014,0.0670659600530745,0.009895570805888378,2.120463783805688,nan,nan,nan,nan,-0.4983,nan,nan,nan,,0.06870535200141603,0.057928586000343785,0.04666326000005938,0.04666326000005938,0.03540429100030451,0.02440705999833881,nan,profile,1,1,1,2,50.488569498062134,49.511430501937866,0.8,-0.8,
1785159624.5184698,50.589368666001974,8.888888888888891,1.5698335792574096,-8.888888888888891,-1.5698335792574096,0.0,0.0011802002917476882,-2.8055409433631424,-0.4963026886274295,0.06608248536357536,0.011625965412308623,2.0299437012947137,before_ekf,both,0.0011802002917476882,-0.4963026886274295,0.06608248536357536,0.011625965412308623,2.0299437012947137,0.001231197465271496,-0.49732917562903883,0.06702936389829102,0.009957296152075763,2.0902271203903986,nan,nan,nan,nan,-0.5005,nan,nan,nan,,0.0668160249988432,0.05602779599939822,0.04488498800128582,0.04488498800128582,0.033740824001142755,0.022628624999924796,nan,profile,1,1,1,2,50.590301752090454,49.409698247909546,0.8,-0.8,
1785159624.6197083,50.690610929003014,8.888888888888891,1.5717250905854254,-8.888888888888891,-1.5717250905854254,0.0,0.0008707393855820674,-2.8055409433631424,-0.5126702980696392,0.06591209568656235,0.011979765416343843,1.995514534040749,before_ekf,both,0.0008707393855820674,-0.5126702980696392,0.06591209568656235,0.011979765416343843,1.995514534040749,0.00101447142842554,-0.503380216021856,0.06696422133189552,0.01008150269683415,2.0213421225704735,nan,nan,nan,nan,-0.4961,nan,nan,nan,,0.06683922999945935,0.05619371800275985,0.04516952999983914,0.04516952999983914,0.03370195600291481,0.02262946300106705,nan,profile,1,1,1,2,50.691344261169434,49.308655738830566,0.8,-0.8,
1785159624.721194,50.792097581001144,8.888888888888891,1.5702984950630068,-8.888888888888891,-1.5702984950630068,0.0,0.0008707393855845548,-2.8055409433631424,-0.5130467717251964,0.06591209568656235,0.011979765416343843,1.9294105329131361,before_ekf,both,0.0008707393855845548,-0.5130467717251964,0.06591209568656235,0.011979765416343843,1.9294105329131361,0.0009465416376899412,-0.5044078103651228,0.0669390716458548,0.010136470961155008,1.9860710291056647,nan,nan,nan,nan,-0.5034,nan,nan,nan,,0.06701446900115116,0.056309904997760896,0.0449752169988642,0.0449752169988642,0.03326390299844206,0.02216009499898064,nan,profile,1,1,1,2,50.79287242889404,49.20712757110596,0.8,-0.8,
1785159624.8218777,50.892781065002055,8.888888888888891,1.5640701525886,-8.888888888888891,-1.5640701525886,0.0,0.000870739385581979,-2.8055409433631424,-0.5156729740906276,0.06591209568656235,0.011979765416343843,1.8963585323493368,before_ekf,both,0.000870739385581979,-0.5156729740906276,0.06591209568656235,0.011979765416343843,1.8963585323493368,0.0009143783330045733,-0.50896038401811,0.06689703073181998,0.010241401540910966,1.9196419688680326,nan,nan,nan,nan,-0.5068,nan,nan,nan,,0.06675428499875125,0.05597865100207855,0.044584685001609614,0.044584685001609614,0.03317902900016634,0.022267824999289587,nan,profile,1,1,1,2,50.89341974258423,49.10658025741577,0.8,-0.8,
1785159624.9244666,50.99536684800114,8.888888888888891,1.5699901839351516,-8.888888888888891,-1.5699901839351516,0.0,-0.0011703135776341806,-2.8055409433631424,-0.49995792242707315,0.06602196118233414,0.011602753450236593,1.8288773645315692,before_ekf,both,-0.0011703135776341806,-0.49995792242707315,0.06602196118233414,0.011602753450236593,1.8288773645315692,0.0009125434980423476,-0.5099380476252625,0.06687724046315903,0.010298993033433092,1.8839573320497944,nan,nan,nan,nan,-0.507,nan,nan,nan,,0.0687656660011271,0.05792751499757287,0.04632769899762934,0.04632769899762934,0.03490345300087938,0.023798604001058266,nan,profile,1,1,1,2,50.99626398086548,49.00373601913452,0.8,-0.8,
1785159625.0275538,51.09845097700236,8.888888888888891,1.5697090521228534,-8.888888888888891,-1.5697090521228534,0.0,-0.0011703135776368705,-2.8055409433631424,-0.49968425781984704,0.06602196118233436,0.011602753450235733,1.7958253639677664,before_ekf,both,-0.0011703135776368705,-0.49968425781984704,0.06602196118233436,0.011602753450235733,1.7958253639677664,-0.0010328994479729277,-0.5034001660647117,0.06693212474708607,0.010132634862924804,1.8186179511151295,nan,nan,nan,nan,-0.5084,nan,nan,nan,,0.06821035200118786,0.05748947800020687,0.04602393000095617,0.04602393000095617,0.03466428600222571,0.023564867002278334,nan,profile,1,1,1,2,51.099844217300415,48.900155782699585,0.8,-0.8,
1785159625.1314456,51.20234242600054,8.888888888888891,1.5702958107081915,-8.888888888888891,-1.8320117791595567,0.0,-0.001154967755891374,-2.8055409433631424,-0.5081259919588685,0.0660288853043591,0.011603971082649557,1.726967029459844,before_ekf,both,-0.001154967755891374,-0.5081259919588685,0.0660288853043591,0.011603971082649557,1.726967029459844,-0.0011655931382886845,-0.5027814916112026,0.06695151136916273,0.01005195505846567,1.783494276457635,nan,nan,nan,nan,-0.5087,nan,nan,nan,,0.06815007099794457,0.057275834999018116,0.04603595699882135,0.04603595699882135,0.0343116160001955,0.023100111000530887,nan,profile,1,1,1,2,51.2034068107605,48.7965931892395,0.8,-0.8,
1785159625.2338371,51.30474154500189,8.888888888888891,1.571513046750128,-8.888888888888891,-1.571513046750128,0.0,-0.0011549677558913474,-2.8055409433631424,-0.508417152788023,0.06602888530435909,0.011603971082649553,1.6939150288960374,before_ekf,both,-0.0011549677558913474,-0.508417152788023,0.06602888530435909,0.011603971082649553,1.6939150288960374,-0.0011957605071711128,-0.5050498972267324,0.06697853795447671,0.0099042760665642,1.7178281383301728,nan,nan,nan,nan,-0.5131,nan,nan,nan,,0.06747570600055042,0.05659158100024797,0.04466084800151293,0.04466084800151293,0.03331349099971703,0.02203264399940963,nan,profile,1,1,1,2,51.30530858039856,48.69469141960144,0.8,-0.8,
1785159625.3343332,51.40523754100286,8.888888888888891,1.5693830032375011,-8.888888888888891,-1.5693830032375011,0.0,1.5345821745498087e-05,-2.8055409433631424,-0.5044996543559166,0.066028885304359,0.011603971082650438,1.6608630283322348,before_ekf,both,1.5345821745498087e-05,-0.5044996543559166,0.066028885304359,0.011603971082650438,1.6608630283322348,-0.00033845505069437923,-0.5033313909752576,0.06697493532089344,0.009910700511063256,1.6826096726580924,nan,nan,nan,nan,-0.5146,nan,nan,nan,,0.06632044800062431,0.05560614199930569,0.044327269999485,0.044327269999485,0.03311062300053891,0.02203135700256098,nan,profile,1,1,1,2,51.40584468841553,48.59415531158447,0.8,-0.8,
1785159625.43449,51.50539463200039,8.888888888888891,1.569117747393445,-8.888888888888891,-1.569117747393445,0.0,-0.0011673204589797183,-2.8055409433631424,-0.5082008736211168,0.06605423142131292,0.011212096071829401,1.593381860514467,before_ekf,both,-0.0011673204589797183,-0.5082008736211168,0.06605423142131292,0.011212096071829401,1.593381860514467,-0.001130794348730701,-0.5031470918562103,0.06699035821317936,0.00975310045871258,1.6181187092441711,nan,nan,nan,nan,-0.4978,nan,nan,nan,,0.06597046899696579,0.0552362689995789,0.044070438998460304,0.044070438998460304,0.032782350997877074,0.021914785997068975,nan,profile,1,1,1,2,51.505993604660034,48.494006395339966,0.8,-0.8,
1785159625.5362468,51.607145319001575,8.888888888888891,1.570361462298757,-8.888888888888891,-1.570361462298757,0.0,-0.0011826662807252924,-2.8055409433631424,-0.5000890934765572,0.06605423142131289,0.011212096071829401,1.5272778593868612,before_ekf,both,-0.0011826662807252924,-0.5000890934765572,0.06605423142131289,0.011212096071829401,1.5272778593868612,-0.001197573737337713,-0.49985147484650033,0.06699314570620366,0.009667229051166635,1.5821055253779566,nan,nan,nan,nan,-0.4986,nan,nan,nan,,0.0671081629989203,0.05620101599924965,0.04481871900134138,0.04481871900134138,0.03348488900155644,0.02243793800153071,nan,profile,1,1,1,2,51.60807824134827,48.39192175865173,0.8,-0.8,
1785159625.6372325,51.70813481500227,8.888888888888891,1.571021485594212,-8.888888888888891,-1.571021485594212,0.0,-7.580741590018647e-17,-2.8055409433631424,-0.4957309714281501,0.06605423142131286,0.011212096071829403,1.4611738582592557,before_ekf,both,-7.580741590018647e-17,-0.4957309714281501,0.06605423142131286,0.011212096071829403,1.4611738582592557,-0.0012097182929378353,-0.49939980706920306,0.06699097869079886,0.009531129050570962,1.5245295575487015,nan,nan,nan,nan,-0.4945,nan,nan,nan,,0.06694975400023395,0.056098183998983586,0.04455975599921658,0.04455975599921658,0.03317856799912988,0.022248705001402413,nan,profile,1,1,1,2,51.70899319648743,48.29100680351257,0.8,-0.8,
1785159625.7391405,51.810038431001885,8.888888888888891,1.57092834761323,-8.888888888888891,-1.57092834761323,0.0,-9.195103289444084e-17,-2.8055409433631424,-0.4940645646997364,0.06605423142131285,0.011212096071829405,1.4115958574135494,before_ekf,both,-9.195103289444084e-17,-0.4940645646997364,0.06605423142131285,0.011212096071829405,1.4115958574135494,-0.0003510393161228957,-0.4976185863359267,0.06698794852406142,0.009519955664147834,1.4847717123896196,nan,nan,nan,nan,-0.4974,nan,nan,nan,,0.06725377700058743,0.056552567999460734,0.045112634001270635,0.045112634001270635,0.03383429500172497,0.02285107400166453,nan,profile,1,1,1,2,51.811025857925415,48.188974142074585,0.8,-0.8,
1785159625.8428562,51.913754736000556,8.888888888888891,1.570576775867398,-8.888888888888891,-1.3088139798894982,0.0,-0.0011739252704158604,-2.8055409433631424,-0.4916499549062346,0.0659762815303914,0.010827215006896379,1.3633950232580019,before_ekf,both,-0.0011739252704158604,-0.4916499549062346,0.0659762815303914,0.010827215006896379,1.3633950232580019,-1.9392489671755106e-05,-0.49614216526158617,0.06698684209841167,0.009517168210152072,1.4188226255604093,nan,nan,nan,nan,-0.4977,nan,nan,nan,,0.06845391900060349,0.05756417899829103,0.04602966599850333,0.04602966599850333,0.03460483500020928,0.023018505999061745,nan,profile,1,1,1,2,51.91448616981506,48.08551383018494,0.8,-0.8,
1785159625.945965,52.016868145001354,8.888888888888891,1.5711205746590948,-8.888888888888891,-1.5711205746590948,0.0,-0.0011739252704185093,-2.8055409433631424,-0.4925395459084408,0.06597628153039138,0.010827215006896382,1.3303430226941955,before_ekf,both,-0.0011739252704185093,-0.4925395459084408,0.06597628153039138,0.010827215006896382,1.3303430226941955,-0.001101463448879085,-0.49593657627913745,0.06696045338457003,0.009358221779791133,1.3517236865271505,nan,nan,nan,nan,-0.4947,nan,nan,nan,,0.067837717000657,0.05692975100100739,0.04541113400046015,0.04541113400046015,0.033079818000260275,0.022017979001248023,nan,profile,1,1,1,2,52.01754355430603,47.98245644569397,0.8,-0.8,
1785159626.053233,52.12413333100267,8.888888888888891,1.571172292612796,-8.888888888888891,-1.571172292612796,0.0,-0.00117392527041577,-2.8055409433631424,-0.49154280992534305,0.06597628153039137,0.010827215006896386,1.2642390215665897,before_ekf,both,-0.00117392527041577,-0.49154280992534305,0.06597628153039137,0.010827215006896386,1.2642390215665897,-0.0011761845957471075,-0.4946330995649707,0.06694242519510146,0.009281880226466418,1.3190396089740037,nan,nan,nan,nan,-0.4931,nan,nan,nan,,0.07225686600213521,0.06103523199999472,0.04961927300246316,0.04961927300246316,0.03790878600193537,0.02285844700236339,nan,profile,1,1,1,2,52.125059843063354,47.874940156936646,0.8,-0.8,
1785159626.1557028,52.22660617400106,8.888888888888891,1.5711620618996658,-8.888888888888891,-1.5711620618996658,0.0,-0.0011739252704185247,-2.8055409433631424,-0.4919067554525676,0.06597628153039135,0.01082721500689639,1.2311870210027833,before_ekf,both,-0.0011739252704185247,-0.4919067554525676,0.06597628153039135,0.01082721500689639,1.2311870210027833,-0.001201302438947645,-0.49353743091422336,0.06689994785785909,0.009135328892266682,1.25501633273295,nan,nan,nan,nan,-0.4961,nan,nan,nan,,0.06721491899952525,0.05624616899876855,0.04456222099906881,0.04456222099906881,0.03301570999974501,0.022044025998184225,nan,profile,1,1,1,2,52.22730016708374,47.77269983291626,0.8,-0.8,
1785159626.2591069,52.330004612002085,8.888888888888891,1.5718535240380944,-8.888888888888891,-1.5718535240380944,0.0,-0.0011769030304433594,-2.8055409433631424,-0.5000647776454942,0.06582403276583035,0.010465236052481109,1.1637058531850193,before_ekf,both,-0.0011769030304433594,-0.5000647776454942,0.06582403276583035,0.010465236052481109,1.1637058531850193,-0.0003417627751495887,-0.49458396680985206,0.0668985134876151,0.009139219840555598,1.220268353468601,nan,nan,nan,nan,-0.4941,nan,nan,nan,,0.06914666599914199,0.058260033998521976,0.046773797999776434,0.046773797999776434,0.034632970000529895,0.023687942000833573,nan,profile,1,1,1,2,52.33098316192627,47.66901683807373,0.8,-0.8,
1785159626.360263,52.431166202000895,8.888888888888891,1.5742360325259661,-8.888888888888891,-1.5742360325259661,0.0,-0.001176903030443388,-2.8055409433631424,-0.5000992202056438,0.06582403276583072,0.010465236052481916,1.1306538526212164,before_ekf,both,-0.001176903030443388,-0.5000992202056438,0.06582403276583072,0.010465236052481916,1.1306538526212164,-0.0011294661240485782,-0.4972468119825442,0.06684112594241579,0.00898937463116903,1.1553531651790614,nan,nan,nan,nan,-0.4905,nan,nan,nan,,0.06702865099941846,0.05627896399892052,0.045142128998122644,0.045142128998122644,0.0338882249998278,0.02266041799884988,nan,profile,1,1,1,2,52.431867361068726,47.568132638931274,0.8,-0.8,
1785159626.4626484,52.533547959003045,8.888888888888891,1.572163417215971,-8.888888888888891,-1.834190653418633,0.0,-0.002347832273588437,-2.8055409433631424,-0.4958273184642773,0.06565403158825006,0.010111245629927096,1.0659270181837655,before_ekf,both,-0.002347832273588437,-0.4958273184642773,0.06565403158825006,0.010111245629927096,1.0659270181837655,-0.002042375903953012,-0.4965025823353761,0.06677373319926086,0.008836295974389093,1.1209080631520874,nan,nan,nan,nan,-0.4947,nan,nan,nan,,0.06826528600140591,0.05741639400002896,0.04622936200030381,0.04622936200030381,0.03371931299989228,0.022327197002596222,nan,profile,1,1,1,2,52.53419804573059,47.46580195426941,0.8,-0.8,
1785159626.563785,52.63468897600251,8.888888888888891,1.5699169378221758,-8.888888888888891,-1.5699169378221758,0.0,-0.0023478322735857805,-2.8055409433631424,-0.49576993785695056,0.0656540315882505,0.010111245629927863,1.0328750176199626,before_ekf,both,-0.0023478322735857805,-0.49576993785695056,0.0656540315882505,0.010111245629927863,1.0328750176199626,-0.002384833685207599,-0.4974197978357298,0.06663220816762484,0.008562767043909736,1.0563330076192141,nan,nan,nan,nan,-0.5002,nan,nan,nan,,0.06733721099953982,0.056432846999086905,0.04475003699917579,0.04475003699917579,0.03334493200236466,0.022226199002034264,nan,profile,1,1,1,2,52.635249376297,47.364750623703,0.8,-0.8,
1785159626.664515,52.735418427000695,8.888888888888891,1.5711219889607684,-8.888888888888891,-1.5711219889607684,0.0,-0.0011709292431450488,-2.8055409433631424,-0.49166378065394734,0.06565403158825055,0.010111245629927839,0.9667710164923569,before_ekf,both,-0.0011709292431450488,-0.49166378065394734,0.06565403158825055,0.010111245629927839,0.9667710164923569,-0.0015456258239379369,-0.49680698261890066,0.06658979328279681,0.008495583602516343,1.0215571091054656,nan,nan,nan,nan,-0.5021,nan,nan,nan,,0.06680697199772112,0.05596189800053253,0.04463557199778734,0.04463557199778734,0.03314638399751857,0.021939019999990705,nan,profile,1,1,1,2,52.7361056804657,47.2638943195343,0.8,-0.8,
1785159626.768543,52.83944234299997,8.888888888888891,1.571609603332429,-8.888888888888891,-1.571609603332429,0.0,0.0011878005950659793,-2.8055409433631424,-0.5000265856333641,0.06588522733991371,0.010428668020697824,0.9323418492383956,before_ekf,both,0.0011878005950659793,-0.5000265856333641,0.06588522733991371,0.010428668020697824,0.9323418492383956,0.000509133509325633,-0.49939510332430215,0.06659591727031,0.008511499602630476,0.9564142520779714,nan,nan,nan,nan,-0.4994,nan,nan,nan,,0.0695247429976007,0.058548037999571534,0.04693218799729948,0.04693218799729948,0.0351398969978618,0.023209800998301944,nan,profile,1,1,1,2,52.840373277664185,47.159626722335815,0.8,-0.8,
1785159626.873236,52.944139369003096,8.888888888888891,1.5714883316817527,-8.888888888888891,-1.5714883316817527,0.0,1.1922609739598512e-05,-2.8055409433631424,-0.5040948427099599,0.0656483860765981,0.010115435414252857,0.8648606814206281,before_ekf,both,1.1922609739598512e-05,-0.5040948427099599,0.0656483860765981,0.010115435414252857,0.8648606814206281,0.00018207991456147197,-0.5012216459773969,0.06659647010562578,0.008510332897220252,0.9216962462974294,nan,nan,nan,nan,-0.4983,nan,nan,nan,,0.06914574300026288,0.05822334100230364,0.04605304800134036,0.04605304800134036,0.03412578999996185,0.02280075599992415,nan,profile,1,1,1,2,52.94485664367676,47.05514335632324,0.8,-0.8,
1785159626.9773543,53.0482528140019,8.888888888888891,1.5705199152898057,-8.888888888888891,-1.5705199152898057,0.0,1.1922609736904522e-05,-2.8055409433631424,-0.5040115399318328,0.06564838607659751,0.010115435414252196,0.7987566802930186,before_ekf,both,1.1922609736904522e-05,-0.5040115399318328,0.06564838607659751,0.010115435414252196,0.7987566802930186,5.1909249041784645e-05,-0.4999572704768458,0.06659719752289378,0.008510269747224049,0.8565858906246536,nan,nan,nan,nan,-0.5009,nan,nan,nan,,0.06766972500190604,0.05690063799920608,0.04538388500077417,0.04538388500077417,0.03353533699919353,0.022417989999667043,nan,profile,1,1,1,2,53.04911828041077,46.95088171958923,0.8,-0.8,
1785159627.0795023,53.15040594000311,8.888888888888891,1.5714689940978201,-8.888888888888891,-1.5714689940978201,0.0,-0.0011758779853264444,-2.8055409433631424,-0.4998348042893942,0.06564838607659751,0.010115435414252196,0.7657046797292194,before_ekf,both,-0.0011758779853264444,-0.4998348042893942,0.06564838607659751,0.010115435414252196,0.7657046797292194,-0.000832204352381445,-0.4982703735909264,0.06653883694707118,0.008445288694929824,0.7868746028884009,nan,nan,nan,nan,-0.4983,nan,nan,nan,,0.06766767700173659,0.05667547900156933,0.04538982899975963,0.04538982899975963,0.033706580001307884,0.022456720002082875,nan,profile,1,1,1,2,53.151124477386475,46.848875522613525,0.8,-0.8,
1785159627.180314,53.251213689,8.888888888888891,1.8327270294857088,-8.888888888888891,-1.5709088824163218,0.0,0.001174871484632765,-2.8055409433631424,-0.49983862622353925,0.06593390161082281,0.010385045001371575,0.6982235119114519,before_ekf,both,0.001174871484632765,-0.49983862622353925,0.06593390161082281,0.010385045001371575,0.6982235119114519,0.0006334588719144797,-0.4982081222152196,0.06660219481931913,0.0085135896138446,0.7552231168537302,nan,nan,nan,nan,-0.4975,nan,nan,nan,,0.06691812999997637,0.05622843699893565,0.044936453999980586,0.044936453999980586,0.0334047059986915,0.022108646997367032,nan,profile,1,1,1,2,53.25223660469055,46.74776339530945,0.8,-0.8,
1785159627.2826447,53.35354642100356,8.888888888888891,1.5711660693059866,-8.888888888888891,-1.5711660693059866,0.0,0.0011748714846327637,-2.8055409433631424,-0.5000342753245836,0.06593390161082213,0.01038504500137101,0.665171511347649,before_ekf,both,0.0011748714846327637,-0.5000342753245836,0.06593390161082213,0.01038504500137101,0.665171511347649,0.0011966014211792198,-0.4993513519476229,0.06672457634556299,0.008623492196285967,0.6870992395388932,nan,nan,nan,nan,-0.4938,nan,nan,nan,,0.06791650400191429,0.05676000200037379,0.044879780001792824,0.044879780001792824,0.03345786800127826,0.022423926002375083,nan,profile,1,1,1,2,53.35414910316467,46.64585089683533,0.8,-0.8,
1785159627.383592,53.45449529100006,8.888888888888891,1.5711249590025713,-8.888888888888891,-1.5711249590025713,0.0,0.0023557740851619493,-2.8055409433631424,-0.5041544852903513,0.06624895143557163,0.010619463553698359,0.5976903435298848,before_ekf,both,0.0023557740851619493,-0.5041544852903513,0.06624895143557163,0.010619463553698359,0.5976903435298848,0.002091811473225005,-0.5010804743965872,0.06684439773272846,0.008722511079422355,0.6564600971863103,nan,nan,nan,nan,-0.4895,nan,nan,nan,,0.0668394989988883,0.05611482299718773,0.04456732799735619,0.04456732799735619,0.03293217699683737,0.0220364709966816,nan,profile,1,1,1,2,53.45515513420105,46.54484486579895,0.8,-0.8,
1785159627.4853048,53.556208327001514,8.888888888888891,1.5707344241512409,-8.888888888888891,-1.5707344241512409,0.0,0.002362788142615527,-2.8055409433631424,-0.49571936805548233,0.06657879914049723,0.01083256003699634,0.5660155096562368,before_ekf,both,0.002362788142615527,-0.49571936805548233,0.06657879914049723,0.01083256003699634,0.5660155096562368,0.0024454306798500996,-0.4986468725003221,0.06711281332308608,0.00891622901265388,0.5869376729469922,nan,nan,nan,nan,-0.4946,nan,nan,nan,,0.06794215400077519,0.05687107999983709,0.04504093899959116,0.04504093899959116,0.033357006999722216,0.022068927999498555,nan,profile,1,1,1,2,53.55681562423706,46.44318437576294,0.8,-0.8,
1785159627.5879474,53.65884464000192,8.888888888888891,1.540464654765791,-8.888888888888891,-1.540464654765791,0.0,0.003546652994059908,-2.8055409433631424,-0.4996884130061866,0.06691550739884834,0.011034639225702388,0.4985343418384728,before_ekf,both,0.003546652994059908,-0.4996884130061866,0.06691550739884834,0.011034639225702388,0.4985343418384728,0.003324705889181778,-0.5001895440628432,0.06730287616945264,0.009042015546009563,0.5563873877304766,nan,nan,nan,nan,-0.4983,nan,nan,nan,,0.06843819300047471,0.05740130900085205,0.045964428998559015,0.045964428998559015,0.03436905700073112,0.023155260001658462,nan,profile,1,1,1,2,53.65983843803406,46.34016156196594,0.8,-0.8,
1785159627.695396,53.766299341001286,8.888888888888891,1.5708748077002894,-8.888888888888891,-1.5708748077002894,0.0,0.0023657503935307286,-2.8055409433631424,-0.4958878299397614,0.06691550739884834,0.011034639225702388,0.46548234127466637,before_ekf,both,0.0023657503935307286,-0.4958878299397614,0.06691550739884834,0.011034639225702388,0.46548234127466637,0.0028007908176666155,-0.5014179234224543,0.06765585223571514,0.00924478121015864,0.4866947661264258,nan,nan,nan,nan,-0.5009,nan,nan,nan,,0.07247181999991881,0.059226649998890935,0.046417511999607086,0.046417511999607086,0.03427831600129139,0.02281699699960882,nan,profile,1,1,1,2,53.767070293426514,46.232929706573486,0.8,-0.8,
1785159627.7990413,53.86993923300179,8.888888888888891,1.571020872808247,-8.888888888888891,-1.571020872808247,0.0,0.0023566867379332486,-2.8055409433631424,-0.5039434576084219,0.06727613041036297,0.011190072469624198,0.39800117345690234,before_ekf,both,0.0023566867379332486,-0.5039434576084219,0.06727613041036297,0.011190072469624198,0.39800117345690234,0.0025532129786594486,-0.5013732220752473,0.06778090402830993,0.00930773690936648,0.4562724176699864,nan,nan,nan,nan,-0.4998,nan,nan,nan,,0.06799657699957606,0.057084239000687376,0.04554513000039151,0.04554513000039151,0.03418209400115302,0.023165858001448214,nan,profile,1,1,1,2,53.87120962142944,46.12879037857056,0.8,-0.8,
1785159627.9020293,53.972926999002084,8.888888888888891,1.5681838579422736,-8.888888888888891,-1.5681838579422736,0.0,0.0011728218864915012,-2.8055409433631424,-0.4998126102845838,0.06727613041036297,0.011190072469624198,0.36494917289309586,before_ekf,both,0.0011728218864915012,-0.4998126102845838,0.06727613041036297,0.011190072469624198,0.36494917289309586,0.0015839010846435697,-0.5044988690463073,0.06800004696996671,0.009404307366774363,0.3858891576184358,nan,nan,nan,nan,-0.5002,nan,nan,nan,,0.0677627510012826,0.05683990599936806,0.04529143100080546,0.04529143100080546,0.03350760499961325,0.022427604999393225,nan,profile,1,1,1,2,53.973814487457275,46.026185512542725,0.8,-0.8,
1785159628.0038438,54.07474670200099,8.888888888888891,1.569518958095661,-8.888888888888891,-1.569518958095661,0.0,0.0011728218864888726,-2.8055409433631424,-0.4996278524335508,0.06727613041036297,0.011190072469624184,0.2988451717654902,before_ekf,both,0.0011728218864888726,-0.4996278524335508,0.06727613041036297,0.011190072469624184,0.2988451717654902,0.0013132763590132394,-0.5042534582048587,0.06806232663673525,0.009427660321509464,0.3556053741121063,nan,nan,nan,nan,-0.4945,nan,nan,nan,,0.06706061799923191,0.05618419199890923,0.0447535829989647,0.0447535829989647,0.03334937099862145,0.022166787999594817,nan,profile,1,1,1,2,54.07540011405945,45.92459988594055,0.8,-0.8,
1785159628.1070182,54.17791899100121,8.888888888888891,1.5755623556538791,-8.888888888888891,-1.5755623556538791,0.0,-0.0011765079244609722,-2.8055409433631424,-0.5000194839681547,0.06689631806082724,0.011090317625681159,0.2313640039477262,before_ekf,both,-0.0011765079244609722,-0.5000194839681547,0.06689631806082724,0.011090317625681159,0.2313640039477262,0.0012114523089116304,-0.5056294778971301,0.06821756940309834,0.00947903666286931,0.2850818837950504,nan,nan,nan,nan,-0.4942,nan,nan,nan,,0.06712788100048783,0.05621240500113345,0.04420776899860357,0.04420776899860357,0.03309272700062138,0.02215250500012189,nan,profile,1,1,1,2,54.178670167922974,45.821329832077026,0.8,-0.8,
1785159628.2086704,54.27957308300029,8.888888888888891,1.5717085778876745,-8.888888888888891,-1.5717085778876745,0.0,-0.0011765079244609722,-2.8055409433631424,-0.4999609352419442,0.06689631806082724,0.011090317625681159,0.19831200338391974,before_ekf,both,-0.0011765079244609722,-0.4999609352419442,0.06689631806082724,0.011090317625681159,0.19831200338391974,-0.0010341198009331499,-0.5031651390092775,0.06804577562638281,0.009426900363839292,0.2196268116730744,nan,nan,nan,nan,-0.5037,nan,nan,nan,,0.06711817899849848,0.056196382000052836,0.04496825800015358,0.04496825800015358,0.03375631499875453,0.02239295799881802,nan,profile,1,1,1,2,54.280193567276,45.719806432724,0.8,-0.8,
1785159628.310847,54.381749982003385,8.888888888888891,1.5703905221800603,-8.888888888888891,-1.5703905221800603,0.0,-3.1346053995328848e-06,-2.8055409433631424,-0.5041465278707815,0.06728199242679715,0.011164234695317646,0.16388283612996216,before_ekf,both,-3.1346053995328848e-06,-0.5041465278707815,0.06728199242679715,0.011164234695317646,0.16388283612996216,-0.0003245621966158786,-0.5011825559123165,0.06804952891268237,0.00943006900921358,0.18464217220747692,nan,nan,nan,nan,-0.5071,nan,nan,nan,,0.06730872700063628,0.056503220002923626,0.045147149001422804,0.045147149001422804,0.03331969200007734,0.022114556002634345,nan,profile,1,1,1,2,54.382357120513916,45.617642879486084,0.8,-0.8,
1785159628.4107537,54.48165288000018,8.888888888888891,1.5703682444114702,-8.888888888888891,-1.5703682444114702,0.0,-3.1346053994764973e-06,-2.8055409433631424,-0.5028058248551086,0.06728199242679626,0.011164234695317552,0.09777883500235286,before_ekf,both,-3.1346053994764973e-06,-0.5028058248551086,0.06728199242679626,0.011164234695317552,0.09777883500235286,-4.4720719601752086e-05,-0.5004298506436028,0.06805240798448796,0.009431555836973549,0.12442118973761215,nan,nan,nan,nan,-0.5039,nan,nan,nan,,0.06658610199883697,0.05590391299847397,0.044594818999030394,0.044594818999030394,0.033079941997129936,0.022142203997645993,nan,profile,1,1,1,2,54.48232865333557,45.51767134666443,0.8,-0.8,
1785159628.5137064,54.584610145000624,8.888888888888891,1.5703267048905323,-8.888888888888891,-1.5703267048905323,0.0,0.0035606611962777186,-2.8055409433631424,-0.5001947065471375,0.0680648074221464,0.01122743838953792,0.03167483387474357,before_ekf,both,0.0035606611962777186,-0.5001947065471375,0.0680648074221464,0.01122743838953792,0.03167483387474357,0.0025843132108226054,-0.4985951509097929,0.06831536879077094,0.009467101579219034,0.08471004030112848,nan,nan,nan,nan,-0.5003,nan,nan,nan,,0.06866895799976191,0.05769099199824268,0.04584801099917968,0.04584801099917968,0.0340974289974838,0.022556558997166576,nan,profile,1,1,1,2,54.58526110649109,45.41473889350891,0.8,-0.8,
1785159628.6160908,54.68699368700254,8.888888888888891,1.5642618263692765,-8.888888888888891,-1.5642618263692765,0.0,0.003564914555009588,-2.8055409433631424,-0.5003529938325056,0.06845748031260596,0.01122338242511655,-0.019280333661117244,before_ekf,both,0.003564914555009588,-0.5003529938325056,0.06845748031260596,0.01122338242511655,-0.019280333661117244,0.0035585601436988125,-0.49977310428608496,0.06878568864590115,0.009495370893298643,0.01950336922878204,nan,nan,nan,nan,-0.5022,nan,nan,nan,,0.06780868600253598,0.056496286000765394,0.04465188199901604,0.04465188199901604,0.03323868500228855,0.02211885300130234,nan,profile,1,1,1,2,54.687798500061035,45.312201499938965,0.8,-0.8,
1785159628.7208602,54.79176269000163,8.888888888888891,1.3085022204762295,-8.888888888888891,-1.5702026645714755,0.0,0.003564914555012174,-2.8055409433631424,-0.5014376015322022,0.06845748031260596,0.01122338242511658,-0.06885833450682334,before_ekf,both,0.003564914555012174,-0.5014376015322022,0.06845748031260596,0.01122338242511658,-0.06885833450682334,0.0036344596220625946,-0.4994521332539305,0.06898571442735492,0.009496832642144135,-0.008461259516668651,nan,nan,nan,nan,-0.4963,nan,nan,nan,,0.06761681699936162,0.056856876999518136,0.04513138800029992,0.04513138800029992,0.03323168600036297,0.022131282999907853,nan,profile,1,1,1,2,54.79252815246582,45.20747184753418,0.8,-0.8,
1785159628.8224306,54.8933329270003,8.888888888888891,1.5708296598002778,-8.888888888888891,-1.5708296598002778,0.0,0.0023554723079204556,-2.8055409433631424,-0.504100983664663,0.06884842810187611,0.01118639221268936,-0.1032875017607845,before_ekf,both,0.0023554723079204556,-0.504100983664663,0.06884842810187611,0.01118639221268936,-0.1032875017607845,0.0027910414369834765,-0.49848940653555535,0.06941452788879648,0.009477327063408035,-0.08057358231829337,nan,nan,nan,nan,-0.4943,nan,nan,nan,,0.06707292499777395,0.05618793899702723,0.044340828997519566,0.044340828997519566,0.03294127699700766,0.021954502997687086,nan,profile,1,1,1,2,54.89396119117737,45.10603880882263,0.8,-0.8,
1785159628.923511,54.99441348900291,8.888888888888891,1.570644948034805,-8.888888888888891,-1.570644948034805,0.0,0.002355472307917816,-2.8055409433631424,-0.5039404702946277,0.06884842810187522,0.011186392212689474,-0.16939150288839375,before_ekf,both,0.002355472307917816,-0.5039404702946277,0.06884842810187522,0.011186392212689474,-0.16939150288839375,0.0025223877564303767,-0.4986048286544458,0.06956006648590676,0.009462570258843072,-0.11216439437552636,nan,nan,nan,nan,-0.5022,nan,nan,nan,,0.06630169600248337,0.055458425002143485,0.0442767519998597,0.0442767519998597,0.03312033700058237,0.022162381999805802,nan,profile,1,1,1,2,54.99511384963989,45.00488615036011,0.8,-0.8,
1785159629.024241,55.0951385590015,8.888888888888891,1.5699907017661923,-8.888888888888891,-1.5699907017661923,0.0,0.0023492245516718137,-2.8055409433631424,-0.5034422196120809,0.06923489341372409,0.011116728646256279,-0.20382067014235494,before_ekf,both,0.0023492245516718137,-0.5034422196120809,0.06923489341372409,0.011116728646256279,-0.20382067014235494,0.0024139543828010646,-0.49870034579860045,0.06987583604931143,0.00941615580215508,-0.18006649243626602,nan,nan,nan,nan,-0.5076,nan,nan,nan,,0.06674185700103408,0.055973065998841776,0.044869836998259416,0.044869836998259416,0.033589316000870895,0.022553939001227263,nan,profile,1,1,1,2,55.096107959747314,44.903892040252686,0.8,-0.8,
1785159629.1262746,55.19717793700329,8.888888888888891,1.5707005454756338,-8.888888888888891,-1.5707005454756338,0.0,0.0011713789215446282,-2.8055409433631424,-0.49985266198877004,0.06923489341372321,0.01111672864625648,-0.26992467126996417,before_ekf,both,0.0011713789215446282,-0.49985266198877004,0.06923489341372321,0.01111672864625648,-0.26992467126996417,0.0024020390626045074,-0.49915813217516125,0.07002376652923899,0.009386933784646058,-0.21219263080539763,nan,nan,nan,nan,-0.516,nan,nan,nan,,0.06697617400277522,0.05614975000207778,0.04447975800212589,0.04447975800212589,0.03327941500174347,0.02218568399985088,nan,profile,1,1,1,2,55.197943449020386,44.802056550979614,0.8,-0.8,
1785159629.2341986,55.30509558400081,8.888888888888891,1.5703042876494047,-8.888888888888891,-1.5703042876494047,0.0,0.0011713789215499,-2.8055409433631424,-0.499050791101962,0.06923489341372406,0.011116728646256221,-0.3029766718337671,before_ekf,both,0.0011713789215499,-0.499050791101962,0.06923489341372406,0.011116728646256221,-0.3029766718337671,0.0012765341218135026,-0.4960823746101966,0.07017232549698446,0.009346439460194077,-0.27973566858073795,nan,nan,nan,nan,-0.5163,nan,nan,nan,,0.07340049000049476,0.06269629699818324,0.05109269699823926,0.05109269699823926,0.03502348499750951,0.023083571999450214,nan,profile,1,1,1,2,55.30609965324402,44.69390034675598,0.8,-0.8,
1785159629.337147,55.40804862400182,8.888888888888891,1.5459145233585365,-8.888888888888891,-1.5459145233585365,0.0,-2.7867369102182732e-15,-2.8055409433631424,-0.4964123879127115,0.06923489341372321,0.011116728646256494,-0.3690806729613765,before_ekf,both,-2.7867369102182732e-15,-0.4964123879127115,0.06923489341372321,0.011116728646256494,-0.3690806729613765,0.0012004180288270896,-0.4966834874184636,0.07025008901181375,0.009322579853220785,-0.3144957739680976,nan,nan,nan,nan,-0.5132,nan,nan,nan,,0.06778966699857847,0.05699869100135402,0.04540854600054445,0.04540854600054445,0.034018537000520155,0.022914678000233835,nan,profile,1,1,1,2,55.40907430648804,44.59092569351196,0.8,-0.8,
1785159629.4401782,55.5110746270002,8.888888888888891,1.5184422891641107,-8.888888888888891,-1.771516004024796,0.0,0.0011810465500505588,-2.8055409433631424,-0.4996636437188475,0.06959487117682137,0.010959806819142515,-0.43656184077914034,before_ekf,both,0.0011810465500505588,-0.4996636437188475,0.06959487117682137,0.010959806819142515,-0.43656184077914034,5.822378775197173e-05,-0.49738172307463485,0.07023644848067719,0.009323770330605394,-0.3789512776470621,nan,nan,nan,nan,-0.4945,nan,nan,nan,,0.06786168199687381,0.057061244999204064,0.04544800999792642,0.04544800999792642,0.03398116599782952,0.022563341997738462,nan,profile,1,1,1,2,55.51192331314087,44.48807668685913,0.8,-0.8,
1785159629.5429673,55.6138662250014,8.888888888888891,1.570834466655747,-8.888888888888891,-1.8326402110983715,0.0,0.0011810465500506303,-2.8055409433631424,-0.5008055900205572,0.06959487117682216,0.01095980681914212,-0.46961384134294337,before_ekf,both,0.0011810465500506303,-0.5008055900205572,0.06959487117682216,0.01095980681914212,-0.46961384134294337,0.001083786275023292,-0.5001341991529308,0.07038644835353666,0.009262293080936759,-0.44409178859821535,nan,nan,nan,nan,-0.4961,nan,nan,nan,,0.06809696200070903,0.05697226800111821,0.04515854399869568,0.04515854399869568,0.03383018399836146,0.022932988998945802,nan,profile,1,1,1,2,55.61456108093262,44.38543891906738,0.8,-0.8,
1785159629.6458418,55.71674093900219,8.888888888888891,1.5734609041630516,-8.888888888888891,-1.5734609041630516,0.0,1.5561786330871556e-06,-2.8055409433631424,-0.5039998172907938,0.06924932994363517,0.011146380412981759,-0.5370950091607108,before_ekf,both,1.5561786330871556e-06,-0.5039998172907938,0.06924932994363517,0.011146380412981759,-0.5370950091607108,0.0002877463211709485,-0.5009314300655001,0.07038302594712369,0.009261425415043746,-0.47922299294426024,nan,nan,nan,nan,-0.4902,nan,nan,nan,,0.06837948199972743,0.05758635800157208,0.046389679999265354,0.046389679999265354,0.03467892399930861,0.023295200000575278,nan,profile,1,1,1,2,55.717772006988525,44.282227993011475,0.8,-0.8,
1785159629.7490602,55.81995394000114,8.888888888888891,1.837384139774554,-8.888888888888891,-1.574900691235332,0.0,1.5561786330871556e-06,-2.8055409433631424,-0.504143219297015,0.06924932994363517,0.011146380412981759,-0.5701470097245102,before_ekf,both,1.5561786330871556e-06,-0.504143219297015,0.06924932994363517,0.011146380412981759,-0.5701470097245102,-1.383068474218652e-05,-0.5016263562583618,0.07038068564504973,0.0092619465081866,-0.5448531385056957,nan,nan,nan,nan,-0.4885,nan,nan,nan,,0.06773683899882599,0.05686925500049256,0.04529750399888144,0.04529750399888144,0.03383079400009592,0.02266662599868141,nan,profile,1,1,1,2,55.82081961631775,44.17918038368225,0.8,-0.8,
1785159629.850243,55.921147364002536,8.888888888888891,1.5709775547656146,-8.888888888888891,-1.5709775547656146,0.0,-0.0011794903714175977,-2.8055409433631424,-0.5000755441090818,0.06924932994363589,0.011146380412981237,-0.6362510108521123,before_ekf,both,-0.0011794903714175977,-0.5000755441090818,0.06924932994363589,0.011146380412981237,-0.6362510108521123,-0.0009014225359233509,-0.5006894586096449,0.07030649641124916,0.009305561298140022,-0.5795585460055759,nan,nan,nan,nan,-0.4839,nan,nan,nan,,0.0665587930016045,0.05588965499919141,0.0444289180013584,0.0444289180013584,0.03306471800169675,0.022145251001347788,nan,profile,1,1,1,2,55.921754360198975,44.078245639801025,0.8,-0.8,
1785159629.9508066,56.02170941500299,8.888888888888891,1.571610546786976,-8.888888888888891,-1.3096754556558132,0.0,-1.908195823574488e-18,-2.8055409433631424,-0.49604772693466426,0.06924932994363518,0.011146380412981771,-0.6693030114159116,before_ekf,both,-1.908195823574488e-18,-0.49604772693466426,0.06924932994363518,0.011146380412981771,-0.6693030114159116,-0.00036837924142843264,-0.4986833204026095,0.07024690556582526,0.00934796294888442,-0.6445080027196295,nan,nan,nan,nan,-0.4786,nan,nan,nan,,0.06676920600148151,0.05601447400113102,0.04459295100241434,0.04459295100241434,0.03309420600271551,0.02223514800061821,nan,profile,1,1,1,2,56.022295236587524,43.977704763412476,0.8,-0.8,
1785159630.0577142,56.12861256500037,8.888888888888891,1.5710831908747187,-8.888888888888891,-1.5710831908747187,0.0,-0.0011536409494437125,-2.8055409433631424,-0.49172001044058933,0.06894321122251267,0.011392349818022863,-0.7340298458533555,before_ekf,both,-0.0011536409494437125,-0.49172001044058933,0.06894321122251267,0.011392349818022863,-0.7340298458533555,-0.0009810547392389963,-0.495907214274809,0.07018034091295959,0.009397509645068679,-0.6789002738203426,nan,nan,nan,nan,-0.4829,nan,nan,nan,,0.07268026399833616,0.05758898999920348,0.04518277699753526,0.04518277699753526,0.034009671999228885,0.02271136999843293,nan,profile,1,1,1,2,56.129573822021484,43.870426177978516,0.8,-0.8,
1785159630.1722445,56.24314107200189,8.888888888888891,1.5751799423117545,-8.888888888888891,-1.5751799423117545,0.0,-0.0011536409494463707,-2.8055409433631424,-0.4919174814667297,0.06894321122251201,0.011392349818023463,-0.7670818464171548,before_ekf,both,-0.0011536409494463707,-0.4919174814667297,0.06894321122251201,0.011392349818023463,-0.7670818464171548,-0.0012072075219209263,-0.4922738045515929,0.07006467377646283,0.009496304334805776,-0.7430363508062237,nan,nan,nan,nan,-0.4869,nan,nan,nan,,0.07425892500032205,0.0614555409993045,0.04786673700073152,0.04786673700073152,0.03464665800129296,0.022407747001125244,nan,profile,1,1,1,2,56.24385452270508,43.75614547729492,0.8,-0.8,
1785159630.2763257,56.347223278000456,8.888888888888891,1.571367125903381,-8.888888888888891,-1.571367125903381,0.0,-0.0011536409494463829,-2.8055409433631424,-0.49168018726253004,0.06894321122251203,0.011392349818023473,-0.8331858475447534,before_ekf,both,-0.0011536409494463829,-0.49168018726253004,0.06894321122251203,0.011392349818023473,-0.8331858475447534,-0.0012285755365551304,-0.491603037383487,0.06994922370780422,0.009609962357369448,-0.811720983774193,nan,nan,nan,nan,-0.4977,nan,nan,nan,,0.06933899199793814,0.058352000000013504,0.046460032997856615,0.046460032997856615,0.03421374099707464,0.02298483199774637,nan,profile,1,1,1,2,56.34827923774719,43.65172076225281,0.8,-0.8,
1785159630.3794413,56.450339747003454,8.888888888888891,1.5690829509757493,-8.888888888888891,-1.5690829509757493,0.0,-0.0023561684493988012,-2.8055409433631424,-0.49549585367783155,0.06843412207820807,0.011990365091287843,-0.8992898486723663,before_ekf,both,-0.0023561684493988012,-0.49549585367783155,0.06843412207820807,0.011990365091287843,-0.8992898486723663,-0.001239909108257204,-0.4925563627919183,0.06990096853745077,0.009662358058826228,-0.841528064532851,nan,nan,nan,nan,-0.5002,nan,nan,nan,,0.06731908100118744,0.05649156500294339,0.04518321700015804,0.04518321700015804,0.034007339003437664,0.0228909300021769,nan,profile,1,1,1,2,56.451154947280884,43.548845052719116,0.8,-0.8,
1785159630.4856405,56.55653759800043,8.888888888888891,1.5711561686922122,-8.888888888888891,-1.5711561686922122,0.0,-0.002356168449398832,-2.8055409433631424,-0.49577044943904996,0.06843412207820752,0.011990365091288542,-0.9323418492361657,before_ekf,both,-0.002356168449398832,-0.49577044943904996,0.06843412207820752,0.011990365091288542,-0.9323418492361657,-0.0023680071941333293,-0.49660958016972806,0.06968427832448335,0.009916971493574655,-0.9107450403796387,nan,nan,nan,nan,-0.5009,nan,nan,nan,,0.0711021079987404,0.057170246000168845,0.04540234500018414,0.04540234500018414,0.03392294099830906,0.02240179399814224,nan,profile,1,1,1,2,56.55741047859192,43.44258952140808,0.8,-0.8,
1785159630.5872774,56.65817918000175,8.888888888888891,1.8332454167697492,-8.888888888888891,-1.571353214374071,0.0,-0.002356168449396171,-2.8055409433631424,-0.49578674234876835,0.06843412207820802,0.011990365091287808,-0.9984458503637643,before_ekf,both,-0.002356168449396171,-0.49578674234876835,0.06843412207820802,0.011990365091287808,-0.9984458503637643,-0.0024357057525082226,-0.49782709973987727,0.06959324943163195,0.010037709179937584,-0.942564655454703,nan,nan,nan,nan,-0.5056,nan,nan,nan,,0.06653966399971978,0.05577329500010819,0.04431147300056182,0.04431147300056182,0.03310474099998828,0.022109956000349484,nan,profile,1,1,1,2,56.6589298248291,43.3410701751709,0.8,-0.8,
1785159630.6873126,56.75821519200326,8.888888888888891,1.8325681344436227,-8.888888888888891,-1.5707726866659624,0.0,8.490818867291569e-07,-2.8055409433631424,-0.5040097275312115,0.06863833023338843,0.011654943745653526,-1.0328750176177253,before_ekf,both,8.490818867291569e-07,-0.5040097275312115,0.06863833023338843,0.011654943745653526,-1.0328750176177253,-0.0007273422685745316,-0.5006182590145343,0.06951460245037797,0.010158519938860296,-1.0105856786842438,nan,nan,nan,nan,-0.5041,nan,nan,nan,,0.06632924000223284,0.05560403400158975,0.0441954470006749,0.0441954470006749,0.03299555900230189,0.022120757999800844,nan,profile,1,1,1,2,56.75893831253052,43.24106168746948,0.8,-0.8,
1785159630.7885334,56.859436868002376,8.888888888888891,1.5711432037914297,-8.888888888888891,-1.5711432037914297,0.0,0.0011771469516536656,-2.8055409433631424,-0.5001267671879034,0.06863833023338843,0.011654943745653526,-1.1155050190272378,before_ekf,both,0.0011771469516536656,-0.5001267671879034,0.06863833023338843,0.011654943745653526,-1.1155050190272378,0.0006484903949127871,-0.5001673681487832,0.06956494249175038,0.010084022145872748,-1.0406294627242378,nan,nan,nan,nan,-0.5082,nan,nan,nan,,0.06726410800183658,0.05640788700111443,0.04517040400241967,0.04517040400241967,0.03410639299909235,0.023200907002319582,nan,profile,1,1,1,2,56.86020803451538,43.13979196548462,0.8,-0.8,
1785159630.8888457,56.9597489450025,8.888888888888891,1.5705564243010848,-8.888888888888891,-1.3087970202509038,0.0,0.0011771469516563418,-2.8055409433631424,-0.4999332579121064,0.06863833023338843,0.011654943745653526,-1.1320310193091376,before_ekf,both,0.0011771469516563418,-0.4999332579121064,0.06863833023338843,0.011654943745653526,-1.1320310193091376,0.0011674687747468522,-0.49790490648261027,0.06963714235325316,0.009954084063600004,-1.105475168219532,nan,nan,nan,nan,-0.5087,nan,nan,nan,,0.06615580600191606,0.055535505001898855,0.044256371998926625,0.044256371998926625,0.03285450900148135,0.02183113399951253,nan,profile,1,1,1,2,56.960334062576294,43.039665937423706,0.8,-0.8,
1785159630.9893038,57.060206778001884,8.888888888888891,1.5712836604221765,-8.888888888888891,-1.5712836604221765,0.0,0.0011768357596213493,-2.8055409433631424,-0.4998745950004734,0.06879604487792824,0.011295312628190618,-1.199512187126898,before_ekf,both,0.0011768357596213493,-0.4998745950004734,0.06879604487792824,0.011295312628190618,-1.199512187126898,0.0020596093711802857,-0.4997808000316895,0.06970988355166426,0.009808671413901368,-1.1406883939675094,nan,nan,nan,nan,-0.5148,nan,nan,nan,,0.06659271299940883,0.055930328999238554,0.0446042289986508,0.0446042289986508,0.033314211999822874,0.0222584459988866,nan,profile,1,1,1,2,57.06115436553955,42.93884563446045,0.8,-0.8,
1785159631.0920749,57.16297778800072,8.888888888888891,1.5722318688250463,-8.888888888888891,-1.5722318688250463,0.0,0.00015994457389609772,-2.8055409433631424,-0.4956183528973462,0.06866293910386541,0.011664759921672482,-1.2339413543808593,before_ekf,both,0.00015994457389609772,-0.4956183528973462,0.06866293910386541,0.011664759921672482,-1.2339413543808593,0.0005307562413949059,-0.5003609688082212,0.06974092232532977,0.009725997877692672,-1.21065904091159,nan,nan,nan,nan,-0.5183,nan,nan,nan,,0.06841618799808202,0.05768561500008218,0.04516671999954269,0.04516671999954269,0.03317293699728907,0.022106872998847393,nan,profile,1,1,1,2,57.163705348968506,42.836294651031494,0.8,-0.8,
1785159631.1954117,57.26630871100133,8.888888888888891,1.569967117262572,-8.888888888888891,-1.569967117262572,0.0,0.0015927475153066505,-2.8055409433631424,-0.509416048311903,0.06879663039446625,0.011295265204506516,-1.3014225221986269,before_ekf,both,0.0015927475153066505,-0.509416048311903,0.06879663039446625,0.011295265204506516,-1.3014225221986269,0.002149810762306516,-0.5036623388020671,0.06980829769878537,0.009553954368219573,-1.2410367989141022,nan,nan,nan,nan,-0.5154,nan,nan,nan,,0.06833614800052601,0.0572892550007964,0.04566571900068084,0.04566571900068084,0.03376836099778302,0.022230998998566065,nan,profile,1,1,1,2,57.267319440841675,42.732680559158325,0.8,-0.8,
1785159631.3003387,57.37124072900042,8.888888888888891,1.5705117657680572,-8.888888888888891,-1.5705117657680572,0.0,0.00041591175568791007,-2.8055409433631424,-0.5054045746110828,0.06879663039446625,0.011295265204506516,-1.334474522762426,before_ekf,both,0.00041591175568791007,-0.5054045746110828,0.06879663039446625,0.011295265204506516,-1.334474522762426,0.0008291328770541821,-0.5037604960934002,0.06984463288406613,0.00942579763408661,-1.311546784287835,nan,nan,nan,nan,-0.5068,nan,nan,nan,,0.06968798899833928,0.05697598999904585,0.04561568899953272,0.04561568899953272,0.034130938998714555,0.02254271499987226,nan,profile,1,1,1,2,57.37224555015564,42.62775444984436,0.8,-0.8,
1785159631.4039605,57.474864058000094,8.888888888888891,1.5710936091276158,-8.888888888888891,-1.5710936091276158,0.0,0.0026049988287713158,-2.8055409433631424,-0.5138801380285504,0.06887245864424305,0.01090996204297552,-1.4019556905802006,before_ekf,both,0.0026049988287713158,-0.5138801380285504,0.06887245864424305,0.01090996204297552,-1.4019556905802006,0.0005393452978087757,-0.5033818284944314,0.06984893824594629,0.009404926592075043,-1.3420858935010418,nan,nan,nan,nan,-0.4993,nan,nan,nan,,0.0684936129982816,0.05768730499767116,0.04567512499852455,0.04567512499852455,0.03368542599855573,0.022219204998691566,nan,profile,1,1,1,2,57.47552299499512,42.52447700500488,0.8,-0.8,
1785159631.5065465,57.577449813001294,8.888888888888891,1.568232094814345,-8.888888888888891,-1.568232094814345,0.0,0.001172195887360763,-2.8055409433631424,-0.49970738338061277,0.06887245864424305,0.01090996204297552,-1.4680596917078064,before_ekf,both,0.001172195887360763,-0.49970738338061277,0.06887245864424305,0.01090996204297552,-1.4680596917078064,0.0005940259404808934,-0.5032156063398778,0.06988655803327179,0.009232050817225248,-1.4124724395404302,nan,nan,nan,nan,-0.4966,nan,nan,nan,,0.06665151500055799,0.055688863998511806,0.04427284600023995,0.04427284600023995,0.03303943100036122,0.02209745199797908,nan,profile,1,1,1,2,57.578075647354126,42.421924352645874,0.8,-0.8,
1785159631.607594,57.67849734700212,8.888888888888891,1.5675405294398448,-8.888888888888891,-1.5675405294398448,0.0,0.0023596282677505035,-2.8055409433631424,-0.49561107700589846,0.06890977202570675,0.01051904346935377,-1.5162605258633506,before_ekf,both,0.0023596282677505035,-0.49561107700589846,0.06890977202570675,0.01051904346935377,-1.5162605258633506,0.002073109948205374,-0.497066933396024,0.06991885561316481,0.009003558052528999,-1.4770923961481668,nan,nan,nan,nan,-0.4985,nan,nan,nan,,0.06705631500153686,0.05614751499888371,0.04456396200112067,0.04456396200112067,0.03314066299935803,0.02212845200119773,nan,profile,1,1,1,2,57.67923021316528,42.32076978683472,0.8,-0.8,
1785159631.7086067,57.77950891100045,8.888888888888891,1.5291595151860817,-8.888888888888891,-1.7840194343837619,0.0,0.001187432380389732,-2.8055409433631424,-0.4916431103236998,0.06890977202570675,0.01051904346935377,-1.5658385267090569,before_ekf,both,0.001187432380389732,-0.4916431103236998,0.06890977202570675,0.01051904346935377,-1.5658385267090569,0.002309195562865653,-0.4982371896263215,0.06993228560598512,0.008839322339736297,-1.5120418476432795,nan,nan,nan,nan,-0.5005,nan,nan,nan,,0.06688079599916819,0.05601258999740821,0.044764481997844996,0.044764481997844996,0.033481889997347025,0.022438658997998573,nan,profile,1,1,1,2,57.78015470504761,42.21984529495239,0.8,-0.8,
1785159631.8086607,57.879563964001136,8.888888888888891,1.5717216936592557,-8.888888888888891,-1.5717216936592557,0.0,0.001187432380389732,-2.8055409433631424,-0.4914311797732408,0.06890977202570675,0.01051904346935377,-1.598890527272856,before_ekf,both,0.001187432380389732,-0.4914311797732408,0.06890977202570675,0.01051904346935377,-1.598890527272856,0.0013108772066686872,-0.4981830616345333,0.06993324860315792,0.008693175521391977,-1.5765832218596485,nan,nan,nan,nan,-0.4914,nan,nan,nan,,0.06611895999958506,0.05536726100035594,0.04397506999885081,0.04397506999885081,0.03288048099784646,0.02194697099912446,nan,profile,1,1,1,2,57.88017416000366,42.11982583999634,0.8,-0.8,
1785159631.909427,57.980330232003325,8.888888888888891,1.5706707202573977,-8.888888888888891,-1.5706707202573977,0.0,0.001187432380389732,-2.8055409433631424,-0.49205599474149997,0.06890977202570675,0.01051904346935377,-1.6319425278366626,before_ekf,both,0.001187432380389732,-0.49205599474149997,0.06890977202570675,0.01051904346935377,-1.6319425278366626,0.0012412752870903177,-0.500683356797954,0.06993122023472113,0.008610482693917364,-1.6115777210562299,nan,nan,nan,nan,-0.4934,nan,nan,nan,,0.0665216400011559,0.05570448800062877,0.04435602300145547,0.04435602300145547,0.03309374200034654,0.021946164000837598,nan,profile,1,1,1,2,57.98095750808716,42.01904249191284,0.8,-0.8,
1785159632.0110917,58.08199373700336,8.888888888888891,1.5499150803753883,-8.888888888888891,-1.5499150803753883,0.0,-8.687188220408154e-18,-2.8055409433631424,-0.49556288331215653,0.06890977202570675,0.01051904346935377,-1.698046528964268,before_ekf,both,-8.687188220408154e-18,-0.49556288331215653,0.06890977202570675,0.01051904346935377,-1.698046528964268,8.165572857821289e-05,-0.5032727976515518,0.06992853808280959,0.008623749466201655,-1.6784058365105026,nan,nan,nan,nan,-0.4913,nan,nan,nan,,0.06761083099991083,0.05686767100269208,0.04559821700240718,0.04559821700240718,0.03370184300001711,0.02279011200153036,nan,profile,1,1,1,2,58.082844972610474,41.917155027389526,0.8,-0.8,
1785159632.1147308,58.18563412900039,8.888888888888891,1.5703442246926078,-8.888888888888891,-1.5703442246926078,0.0,-0.0012547511820481696,-2.8055409433631424,-0.4997973822451436,0.0689700490777999,0.010907085086489892,-1.765527696782036,before_ekf,both,-0.0012547511820481696,-0.4997973822451436,0.0689700490777999,0.010907085086489892,-1.765527696782036,-0.0009162375818553251,-0.5055913756323454,0.06993657816196819,0.008713630310008196,-1.7113090187083704,nan,nan,nan,nan,-0.5009,nan,nan,nan,,0.06793012100024498,0.05658944199967664,0.045088945000316016,0.045088945000316016,0.03341759799877764,0.02214061899940134,nan,profile,1,1,1,2,58.18629169464111,41.81370830535889,0.8,-0.8,
1785159632.2237935,58.29469199900268,8.888888888888891,1.5705837953957038,-8.888888888888891,-1.5705837953957038,0.0,-6.818278078162613e-05,-2.8055409433631424,-0.5037208699150371,0.06888427157447925,0.010523874087594936,-1.799956864036004,before_ekf,both,-6.818278078162613e-05,-0.5037208699150371,0.06888427157447925,0.010523874087594936,-1.799956864036004,-0.0004240706276769143,-0.505460439158962,0.06995119127887503,0.008795632424249532,-1.7781772367347175,nan,nan,nan,nan,-0.5019,nan,nan,nan,,0.07433667400255217,0.06361406400174019,0.05159677399933571,0.05159677399933571,0.037200834001851035,0.022836525000457186,nan,profile,1,1,1,2,58.29556202888489,41.70443797111511,0.8,-0.8,
1785159632.3263874,58.3972909480035,8.888888888888891,1.5702665659635375,-8.888888888888891,-1.5702665659635375,0.0,0.0011074518088837323,-2.8055409433631424,-0.5028540380834255,0.06877908727281927,0.01014552938704589,-1.8839640321356643,before_ekf,both,0.0011074518088837323,-0.5028540380834255,0.06877908727281927,0.01014552938704589,-1.8839640321356643,-0.00019121296638403888,-0.5014907335831473,0.06995264539392655,0.00879840428263597,-1.813138008221676,nan,nan,nan,nan,-0.5011,nan,nan,nan,,0.06705289500314393,0.056192879001173424,0.044444500003010035,0.044444500003010035,0.03302473700023256,0.022100663001765497,nan,profile,1,1,1,2,58.398029804229736,41.601970195770264,0.8,-0.8,
1785159632.4266572,58.49756017800246,8.888888888888891,1.5708799918632634,-8.888888888888891,-1.5708799918632634,0.0,0.002362202990937077,-2.8055409433631424,-0.5039224134876881,0.06877908727281899,0.010145529387045047,-1.9004900324175638,before_ekf,both,0.002362202990937077,-0.5039224134876881,0.06877908727281899,0.010145529387045047,-1.9004900324175638,0.0018171182126618462,-0.49912206905431983,0.06989708474181551,0.008583087428135848,-1.8782754356990332,nan,nan,nan,nan,-0.4966,nan,nan,nan,,0.06636395399982575,0.05563215399888577,0.044188945001224056,0.044188945001224056,0.033003273001668276,0.02187585499996203,nan,profile,1,1,1,2,58.498212814331055,41.501787185668945,0.8,-0.8,
1785159632.5272796,58.59817709600247,8.888888888888891,1.5710533039838295,-8.888888888888891,-1.8328955213144678,0.0,0.0023535728779815294,-2.8055409433631424,-0.49575905147806304,0.06863696538627402,0.00977945427316327,-1.9652168668550076,before_ekf,both,0.0023535728779815294,-0.49575905147806304,0.06863696538627402,0.00977945427316327,-1.9652168668550076,0.002255778844970637,-0.4971586291287543,0.06984537611723712,0.008424919059099477,-1.9129031560224228,nan,nan,nan,nan,-0.4898,nan,nan,nan,,0.06659620500067831,0.05569033999927342,0.04448770100134425,0.04448770100134425,0.03334171300230082,0.02239081600055215,nan,profile,1,1,1,2,58.599010944366455,41.400989055633545,0.8,-0.8,
1785159632.6284654,58.69936788300038,8.888888888888891,1.5712774833858592,-8.888888888888891,-1.5712774833858592,0.0,0.0023535728779841836,-2.8055409433631424,-0.4956493734004315,0.06863696538627402,0.00977945427316327,-1.998268867418814,before_ekf,both,0.0023535728779841836,-0.4956493734004315,0.06863696538627402,0.00977945427316327,-1.998268867418814,0.0024120673170729915,-0.49210313410736284,0.0697338926267829,0.008138715227882601,-1.9768047177320272,nan,nan,nan,nan,-0.4953,nan,nan,nan,,0.06645068799844012,0.05561016699721222,0.04436988299858058,0.04436988299858058,0.033050335998268565,0.022104922998551046,nan,profile,1,1,1,2,58.700026512145996,41.299973487854004,0.8,-0.8,
1785159632.7295284,58.80043059100353,8.888888888888891,1.5707839018942327,-8.888888888888891,-1.5707839018942327,0.0,0.0011779382883113448,-2.8055409433631424,-0.49138679693855325,0.06863696538627401,0.009779454273163277,-2.0643728685464127,before_ekf,both,0.0011779382883113448,-0.49138679693855325,0.06863696538627401,0.009779454273163277,-2.0643728685464127,0.0015594314313713378,-0.48875650121699027,0.0697001484217575,0.008069861195753395,-2.0108045442617346,nan,nan,nan,nan,-0.4958,nan,nan,nan,,0.06704520200219122,0.05617844500011415,0.044984363001276506,0.044984363001276506,0.033306708002783125,0.022172307002620073,nan,profile,1,1,1,2,58.80113649368286,41.19886350631714,0.8,-0.8,
1785159632.8310044,58.901907897001365,8.888888888888891,1.5719168991948256,-8.888888888888891,-1.5719168991948256,0.0,0.00237351581045934,-2.8055409433631424,-0.4877762017047055,0.06844830069624158,0.009435048619358073,-2.0960477024200572,before_ekf,both,0.00237351581045934,-0.4877762017047055,0.06844830069624158,0.009435048619358073,-2.0960477024200572,0.002104199223790789,-0.48609858909307113,0.0695926242470757,0.007857930671551893,-2.0745020989029244,nan,nan,nan,nan,-0.4986,nan,nan,nan,,0.0671055399980105,0.0564283819985576,0.045163137998315506,0.045163137998315506,0.0335947200001101,0.022642743999313097,nan,profile,1,1,1,2,58.902671337127686,41.097328662872314,0.8,-0.8,
1785159632.936282,59.00718044000314,8.888888888888891,1.6912191776121095,-8.888888888888891,-1.6912191776121095,0.0,0.0011955775221483458,-2.8055409433631424,-0.49204617760986524,0.06844830069624112,0.009435048619357308,-2.162151703547663,before_ekf,both,0.0011955775221483458,-0.49204617760986524,0.06844830069624112,0.009435048619357308,-2.162151703547663,0.00147758544785117,-0.4870396566712872,0.06955220164557104,0.00779107382285953,-2.1082651124030614,nan,nan,nan,nan,-0.5096,nan,nan,nan,,0.06866482600162271,0.05741777799994452,0.04541599100048188,0.04541599100048188,0.03347266600030707,0.022400305002520327,nan,profile,1,1,1,2,59.008211612701416,40.991788387298584,0.8,-0.8,
1785159633.0417175,59.11261529500189,8.888888888888891,1.5674062308803125,-8.888888888888891,-1.5674062308803125,0.0,0.0011955775221479887,-2.8055409433631424,-0.4923471681429318,0.06844830069624112,0.009435048619357308,-2.228255704675269,before_ekf,both,0.0011955775221479887,-0.4923471681429318,0.06844830069624112,0.009435048619357308,-2.228255704675269,0.001232133905227387,-0.4893260505206153,0.0694732029170435,0.007667995057555859,-2.16929373831274,nan,nan,nan,nan,-0.5143,nan,nan,nan,,0.06828124299863703,0.05747715300094569,0.045967426001880085,0.045967426001880085,0.03402835000088089,0.022629502000199864,nan,profile,1,1,1,2,59.113441944122314,40.886558055877686,0.8,-0.8,
1785159633.1582656,59.229163173000416,8.888888888888891,1.569193646555923,-8.888888888888891,-1.569193646555923,0.0,2.6628272330022433e-15,-2.8055409433631424,-0.49600380415009776,0.06844830069624112,0.009435048619357308,-2.261307705239075,before_ekf,both,2.6628272330022433e-15,-0.49600380415009776,0.06844830069624112,0.009435048619357308,-2.261307705239075,0.0003337539762663905,-0.4957322703804603,0.06942564279443021,0.007604817025659328,-2.2380853395204876,nan,nan,nan,nan,-0.5122,nan,nan,nan,,0.08184775599875138,0.05935175199920195,0.04504840599838644,0.04504840599838644,0.033832441997219576,0.022781313997256802,nan,profile,1,1,1,2,59.23004126548767,40.76995873451233,0.8,-0.8,
1785159633.260206,59.331108338003105,8.888888888888891,1.570529101268316,-8.888888888888891,-1.570529101268316,0.0,-0.0011794819251293453,-2.8055409433631424,-0.5001014231852383,0.06870111967659397,0.009735533249452335,-2.3287888730568427,before_ekf,both,-0.0011794819251293453,-0.5001014231852383,0.06870111967659397,0.009735533249452335,-2.3287888730568427,-0.0007930612569883939,-0.4992238579174197,0.06947814941883364,0.007674639599581236,-2.271480790932313,nan,nan,nan,nan,-0.5124,nan,nan,nan,,0.06695661600315361,0.05611055400004261,0.04488139000022784,0.04488139000022784,0.03344545000072685,0.022195449000719236,nan,profile,1,1,1,2,59.331796407699585,40.668203592300415,0.8,-0.8,
1785159633.362545,59.43344815800083,8.888888888888891,1.571341330822079,-8.888888888888891,-1.571341330822079,0.0,-0.002359411670290198,-2.8055409433631424,-0.50292299774715,0.06897826026650233,0.010013744577716447,-2.3632180403108043,before_ekf,both,-0.002359411670290198,-0.50292299774715,0.06897826026650233,0.010013744577716447,-2.3632180403108043,-0.0020816210099390093,-0.5029069843061758,0.0696360727698952,0.007853761384646423,-2.3366699143827683,nan,nan,nan,nan,-0.4977,nan,nan,nan,,0.06775044399910257,0.056990621000295505,0.04520502900049905,0.04520502900049905,0.03355465099957655,0.022186792000866262,nan,profile,1,1,1,2,59.43417191505432,40.56582808494568,0.8,-0.8,
1785159633.4640112,59.53491386600217,8.888888888888891,1.5715777624056977,-8.888888888888891,-1.5715777624056977,0.0,-0.0035349287946692385,-2.8055409433631424,-0.5082655702264827,0.06927352986716906,0.010272635119591018,-2.4306992081285643,before_ekf,both,-0.0035349287946692385,-0.5082655702264827,0.06927352986716906,0.010272635119591018,-2.4306992081285643,-0.002367301011305909,-0.5041654574543353,0.06975268617249275,0.007972012893819441,-2.3719193520348023,nan,nan,nan,nan,-0.4978,nan,nan,nan,,0.06753030199979548,0.056823077000444755,0.04505083700132673,0.04505083700132673,0.03367718799927388,0.022493368000141345,nan,profile,1,1,1,2,59.535534381866455,40.464465618133545,0.8,-0.8,
1785159633.5656586,59.636550443003216,8.888888888888891,1.5711350477998518,-8.888888888888891,-1.5711350477998518,0.0,-0.0023554468695425727,-2.8055409433631424,-0.504374523886234,0.06927352986716974,0.010272635119591592,-2.4637512086923636,before_ekf,both,-0.0023554468695425727,-0.504374523886234,0.06927352986716974,0.010272635119591592,-2.4637512086923636,-0.002695952981606283,-0.505727820888601,0.07001770417302078,0.008216968728503762,-2.4329348771666965,nan,nan,nan,nan,-0.4905,nan,nan,nan,,0.06712190600228496,0.05625738000162528,0.044738574000803055,0.044738574000803055,0.033124935001978884,0.022075108001445187,nan,profile,1,1,1,2,59.63731122016907,40.36268877983093,0.8,-0.8,
1785159633.6678424,59.738741674002085,8.888888888888891,1.5702223948073708,-8.888888888888891,-1.8319261272752658,0.0,-0.003527450917705055,-2.8055409433631424,-0.5077267076973888,0.06958160233055244,0.010516150636664438,-2.498180375946325,before_ekf,both,-0.003527450917705055,-0.5077267076973888,0.06958160233055244,0.010516150636664438,-2.498180375946325,-0.0034068067728258286,-0.5067990073404406,0.07023537800947129,0.008399305686639784,-2.4747495126929473,nan,nan,nan,nan,-0.489,nan,nan,nan,,0.06726658700063126,0.05642629700014368,0.04501017399888951,0.04501017399888951,0.03368763199978275,0.022653627002000576,nan,profile,1,1,1,2,59.739484786987305,40.260515213012695,0.8,-0.8,
1785159633.7692494,59.840152933000354,8.888888888888891,1.3087792759143697,-8.888888888888891,-1.8322909862801178,0.0,-0.0023475211725413917,-2.8055409433631424,-0.5043129660577181,0.06958160233055245,0.010516150636664426,-2.5642843770739234,before_ekf,both,-0.0023475211725413917,-0.5043129660577181,0.06958160233055245,0.010516150636664426,-2.5642843770739234,-0.0025192033110577245,-0.5065029525335847,0.07046113932002235,0.00856302669806934,-2.5365822025079283,nan,nan,nan,nan,-0.487,nan,nan,nan,,0.06695715699970606,0.0561542039977212,0.04473220799991395,0.04473220799991395,0.03324897099810187,0.022218537000298966,nan,profile,1,1,1,2,59.84088349342346,40.15911650657654,0.8,-0.8,
1785159633.872573,59.943474638002954,8.888888888888891,1.570445395066915,-8.888888888888891,-1.570445395066915,0.0,-0.001113592079421213,-2.8055409433631424,-0.5080431763188413,0.06957787143947244,0.010522109373632795,-2.6331427115818458,before_ekf,both,-0.001113592079421213,-0.5080431763188413,0.06957787143947244,0.010522109373632795,-2.6331427115818458,-0.0015505879120959185,-0.508493996643808,0.07051926430685448,0.00859886153687554,-2.567321623138035,nan,nan,nan,nan,-0.4859,nan,nan,nan,,0.06920093100052327,0.05841065999993589,0.0470296990024508,0.0470296990024508,0.035242784000729444,0.022488271999463905,nan,profile,1,1,1,2,59.94423866271973,40.05576133728027,0.8,-0.8,
1785159633.9746027,60.045504839003115,8.888888888888891,1.5696706531826734,-8.888888888888891,-1.5696706531826734,0.0,-0.0011210023904391817,-2.8055409433631424,-0.5082818745808866,0.06992564834035288,0.010704481731636923,-2.7006238793996062,before_ekf,both,-0.0011210023904391817,-0.5082818745808866,0.06992564834035288,0.010704481731636923,-2.7006238793996062,-0.0011673308302445231,-0.511738559568428,0.07066338383586221,0.008683749834370988,-2.641804385310163,nan,nan,nan,nan,-0.4873,nan,nan,nan,,0.06773745700047584,0.05684950700015179,0.04500752500098315,0.04500752500098315,0.03372730500268517,0.022713524002028862,nan,profile,1,1,1,2,60.04629135131836,39.95370864868164,0.8,-0.8,
1785159634.0787694,60.14966648100017,8.888888888888891,1.5709544119373697,-8.888888888888891,-1.5709544119373697,0.0,-0.002296897165387904,-2.8055409433631424,-0.5122592707424042,0.0702822626431039,0.010868904019737105,-2.7350530466535674,before_ekf,both,-0.002296897165387904,-0.5122592707424042,0.0702822626431039,0.010868904019737105,-2.7350530466535674,-0.0020117000255942623,-0.512046901032511,0.07087096901945944,0.008789522815515151,-2.7109136685761483,nan,nan,nan,nan,-0.4875,nan,nan,nan,,0.06733958999757306,0.05652752099922509,0.045257942998432554,0.045257942998432554,0.033961933997488813,0.022600335996685317,nan,profile,1,1,1,2,60.150402307510376,39.849597692489624,0.8,-0.8,
1785159634.179435,60.25033939000059,8.888888888888891,1.5707715557274629,-8.888888888888891,-1.5707715557274629,0.0,-0.0035313382433156937,-2.8055409433631424,-0.5081865118702324,0.07064915228428024,0.011008905594538213,-2.802534214471335,before_ekf,both,-0.0035313382433156937,-0.5081865118702324,0.07064915228428024,0.011008905594538213,-2.802534214471335,-0.002313129551200121,-0.5078538831189671,0.07101757591130106,0.008855148394127122,-2.745054607974886,nan,nan,nan,nan,-0.4947,nan,nan,nan,,0.06653650199950789,0.05566537599952426,0.04438214099718607,0.04438214099718607,0.03308921499774442,0.022062692998588318,nan,profile,1,1,1,2,60.25098133087158,39.74901866912842,0.8,-0.8,
1785159634.2813613,60.35226359500302,8.888888888888891,1.5706832061903868,-8.888888888888891,-1.5706832061903868,0.0,-0.0023519238841379297,-2.8055409433631424,-0.503656453248316,0.07064915228428024,0.011008905594538213,-2.8355862150351343,before_ekf,both,-0.0023519238841379297,-0.503656453248316,0.07064915228428024,0.011008905594538213,-2.8355862150351343,-0.002674078681421889,-0.5023329846013446,0.07138225748246531,0.008996744996635065,-2.8116191977671434,nan,nan,nan,nan,-0.4999,nan,nan,nan,,0.06798224700105493,0.056940704002045095,0.04565829700004542,0.04565829700004542,0.03428776100190589,0.022487983002065448,nan,profile,1,1,1,2,60.352930307388306,39.647069692611694,0.8,-0.8,
1785159634.3822546,60.45315793700138,8.888888888888891,1.5705153458943628,-8.888888888888891,-1.5705153458943628,0.0,-0.002359902469805879,-2.8055409433631424,-0.49302477566303377,0.07102448996071326,0.011124366619514645,-2.9003130494725924,before_ekf,both,-0.002359902469805879,-0.49302477566303377,0.07102448996071326,0.011124366619514645,-2.9003130494725924,-0.003358439733480411,-0.49980205431493346,0.07159688303481228,0.009068935587270389,-2.8426702159382673,nan,nan,nan,nan,-0.5029,nan,nan,nan,,0.06687874199997168,0.05609150999953272,0.044753489000868285,0.044753489000868285,0.03342478099875734,0.022207444999367,nan,profile,1,1,1,2,60.45401477813721,39.54598522186279,0.8,-0.8,
1785159634.483487,60.55438954800047,8.888888888888891,1.5706823109659436,-8.888888888888891,-1.5706823109659436,0.0,-0.0023599024698085476,-2.8055409433631424,-0.4958964800338169,0.07102448996071326,0.011124366619514645,-2.9333650500363917,before_ekf,both,-0.0023599024698085476,-0.4958964800338169,0.07102448996071326,0.011124366619514645,-2.9333650500363917,-0.002487797616683208,-0.4966638987629374,0.07186404602792108,0.009140781384270172,-2.901329508580309,nan,nan,nan,nan,-0.5092,nan,nan,nan,,0.06678590699812048,0.05605329399986658,0.04475960299896542,0.04475960299896542,0.03341980400000466,0.022067333000450162,nan,profile,1,1,1,2,60.55497884750366,39.44502115249634,0.8,-0.8,
1785159634.5845058,60.65540800800227,8.888888888888891,1.5709837294439821,-8.888888888888891,-1.5709837294439821,0.0,-0.0011838733606190242,-2.8055409433631424,-0.4915609053377771,0.07102448996071326,0.01112436661951466,-2.9994690511639974,before_ekf,both,-0.0011838733606190242,-0.4915609053377771,0.07102448996071326,0.01112436661951466,-2.9994690511639974,-0.001586553037205351,-0.4960954845085662,0.07198871939457635,0.009166489537994656,-2.944752667141089,nan,nan,nan,nan,-0.5122,nan,nan,nan,,0.0669410689988581,0.05615153300095699,0.044492442000773735,0.044492442000773735,0.03297397799906321,0.021997758001816692,nan,profile,1,1,1,2,60.655991077423096,39.344008922576904,0.8,-0.8,
1785159634.6866808,60.75758426000175,8.888888888888891,1.5685212964508852,-8.888888888888891,-1.5685212964508852,0.0,2.536165721878092e-16,-2.8055409433631424,-0.5033339464131373,0.07102448996071326,0.01112436661951466,-3.0352753851081204,before_ekf,both,2.536165721878092e-16,-0.5033339464131373,0.07102448996071326,0.01112436661951466,-3.0352753851081204,-0.0003592634570845659,-0.4968321014393156,0.07205723790843341,0.009175306459350089,-3.012342607172106,nan,nan,nan,nan,-0.5119,nan,nan,nan,,0.06810886099992786,0.057265041999926325,0.045341361001192126,0.045341361001192126,0.033559113999217516,0.022393032999389106,nan,profile,1,1,1,2,60.7582266330719,39.2417733669281,0.8,-0.8,
1785159634.789002,60.85990549200142,8.888888888888891,1.8190314156116003,-8.888888888888891,-1.559169784809943,0.0,2.536165721878092e-16,-2.8055409433631424,-0.5036609989773568,0.07102448996071326,0.01112436661951466,-3.101379386235726,before_ekf,both,2.536165721878092e-16,-0.5036609989773568,0.07102448996071326,0.01112436661951466,-3.101379386235726,-8.10872402113092e-05,-0.4993290605136646,0.07205369277856748,0.009174068389869597,-3.0427845763092445,nan,nan,nan,nan,-0.5114,nan,nan,nan,,0.06758581000030972,0.0565576709996094,0.04472657199949026,0.04472657199949026,0.033389412998076295,0.02214914999785833,nan,profile,1,1,1,2,60.86055636405945,39.13944363594055,0.8,-0.8,
1785159634.892907,60.963809451001,8.888888888888891,1.5705409725381718,-8.888888888888891,-1.5705409725381718,0.0,-6.686875061473452e-18,-2.8055409433631424,-0.5031768814909927,0.07102448996071326,0.01112436661951466,-3.1344313867995326,before_ekf,both,-6.686875061473452e-18,-0.5031768814909927,0.07102448996071326,0.01112436661951466,-3.1344313867995326,2.8359167370106304e-05,-0.4980651396923474,0.07205291826833979,0.009173915211768944,-3.1128091228156594,nan,nan,nan,nan,-0.5066,nan,nan,nan,,0.06851615499908803,0.05773310999938985,0.0459870749982656,0.0459870749982656,0.03366704200016102,0.022102449998783413,nan,profile,1,1,1,2,60.96444010734558,39.03555989265442,0.8,-0.8,
1785159634.9948776,61.065780713001004,8.888888888888891,1.3105966795146962,-8.888888888888891,-1.5727160154176356,0.0,-6.686875061473452e-18,-2.8055409433631424,-0.49624993250016114,0.07102448996071326,0.01112436661951466,3.082649919252448,before_ekf,both,-6.686875061473452e-18,-0.49624993250016114,0.07102448996071326,0.01112436661951466,3.082649919252448,3.314231170771379e-05,-0.5013141618179162,0.07205289319474166,0.009174012072006342,3.137841802691062,nan,nan,nan,nan,-0.5062,nan,nan,nan,,0.06794722199992975,0.0568622509999841,0.04502318799859495,0.04502318799859495,0.03323999200074468,0.021956119999231305,nan,profile,1,1,1,2,61.06638693809509,38.93361306190491,0.8,-0.8,
1785159635.0984285,61.16932464700221,8.888888888888891,1.5710971919071468,-8.888888888888891,-1.5710971919071468,0.0,-0.0011750223498788123,-2.8055409433631424,-0.49980355040483265,0.07141627905721146,0.011097725418056894,3.0482207519984867,before_ekf,both,-0.0011750223498788123,-0.49980355040483265,0.07141627905721146,0.011097725418056894,3.0482207519984867,-0.000830361819039719,-0.500267673840902,0.07214095265674396,0.009172440969182105,3.0707150301556005,nan,nan,nan,nan,-0.5042,nan,nan,nan,,0.06909949200053234,0.058101044000068214,0.046438320001470856,0.046438320001470856,0.03464711299966439,0.023052312000800157,nan,profile,1,1,1,2,61.170330286026,38.829669713974,0.8,-0.8,
1785159635.2008557,61.271759388000646,8.888888888888891,1.5712435341295807,-8.888888888888891,-1.5712435341295807,0.0,2.326544084771745e-06,-2.8055409433631424,-0.5039881854323067,0.07102635539649194,0.011144287082128066,2.9642135838988124,before_ekf,both,2.326544084771745e-06,-0.5039881854323067,0.07102635539649194,0.011144287082128066,2.9642135838988124,-0.00022168185868686277,-0.5020765984409625,0.07213337270773855,0.009171110489533847,3.0383450882460004,nan,nan,nan,nan,-0.5027,nan,nan,nan,,0.06765079099932336,0.056849433000024874,0.04561888899843325,0.04561888899843325,0.03417085299952305,0.02273741699900711,nan,profile,1,1,1,2,61.27241659164429,38.72758340835571,0.8,-0.8,
1785159635.3026032,61.37350723800046,8.888888888888891,1.5716293689419043,-8.888888888888891,-1.5716293689419043,0.0,2.326544084771745e-06,-2.8055409433631424,-0.5038187952828429,0.07102635539649194,0.011144287082128066,2.9476875836169127,before_ekf,both,2.326544084771745e-06,-0.5038187952828429,0.07102635539649194,0.011144287082128066,2.9476875836169127,9.334791926264568e-06,-0.5002754662906824,0.07213408555126544,0.009170540194241697,2.9700458150170013,nan,nan,nan,nan,-0.4993,nan,nan,nan,,0.06767822300025728,0.05686851700011175,0.0451097410004877,0.0451097410004877,0.03336995199788362,0.021948041998257395,nan,profile,1,1,1,2,61.37413024902344,38.62586975097656,0.8,-0.8,
1785159635.4142444,61.48514734100172,8.888888888888891,1.570585161619917,-8.888888888888891,-1.570585161619917,0.0,-0.0011750104962673902,-2.8055409433631424,-0.4998209448167293,0.07178981141172262,0.010961318261439482,2.881583582489307,before_ekf,both,-0.0011750104962673902,-0.4998209448167293,0.07178981141172262,0.010961318261439482,2.881583582489307,-0.001086176017124586,-0.4976508958899304,0.072293098616441,0.009141671503365796,2.905256161770099,nan,nan,nan,nan,-0.4975,nan,nan,nan,,0.07094869900174672,0.0597487250015547,0.04780461599875707,0.04780461599875707,0.03394476600078633,0.02220529400074156,nan,profile,1,1,1,2,61.485878229141235,38.514121770858765,0.8,-0.8,
1785159635.518524,61.589426418002404,8.888888888888891,1.5713503849406265,-8.888888888888891,-1.8332421157640644,0.0,-0.0023523593902282673,-2.8055409433631424,-0.495700071552842,0.07178981141172176,0.010961318261439746,2.8154795813617084,before_ekf,both,-0.0023523593902282673,-0.495700071552842,0.07178981141172176,0.010961318261439746,2.8154795813617084,-0.002029149998691769,-0.4959338411817961,0.07245898585307452,0.009102052798664004,2.8707184560474897,nan,nan,nan,nan,-0.4961,nan,nan,nan,,0.06949773100132006,0.05846835700140218,0.04711022799892817,0.04711022799892817,0.03537941399918054,0.02301729600003455,nan,profile,1,1,1,2,61.590206146240234,38.409793853759766,0.8,-0.8,
1785159635.6259792,61.69687766000061,8.888888888888891,1.570846012654277,-8.888888888888891,-1.570846012654277,0.0,-0.0023523593902309323,-2.8055409433631424,-0.4958988980189437,0.0717898114117226,0.010961318261439455,2.782427580797909,before_ekf,both,-0.0023523593902309323,-0.4958988980189437,0.0717898114117226,0.010961318261439455,2.782427580797909,-0.0023846232674391435,-0.49635493876605347,0.07275545273693809,0.009010918801129109,2.806140105159086,nan,nan,nan,nan,-0.4913,nan,nan,nan,,0.06917954500022461,0.05809651399977156,0.04629611199925421,0.04629611199925421,0.034667919997446006,0.02326611999887973,nan,profile,1,1,1,2,61.69778847694397,38.30221152305603,0.8,-0.8,
1785159635.7387571,61.80965873700188,8.888888888888891,1.5873939272105388,-8.888888888888891,-1.5873939272105388,0.0,2.7053828161743035e-15,-2.8055409433631424,-0.49595036130318276,0.07178981141172176,0.0109613182614398,2.7163235796703105,before_ekf,both,2.7053828161743035e-15,-0.49595036130318276,0.07178981141172176,0.0109613182614398,2.7163235796703105,-0.0015479923433832934,-0.49662917327443323,0.07282647206575803,0.008981955848200432,2.7715778342488635,nan,nan,nan,nan,-0.4943,nan,nan,nan,,0.07706741400033934,0.0659310529990762,0.05166598199866712,0.05166598199866712,0.04027519300143467,0.02890152100007981,nan,profile,1,1,1,2,61.81212639808655,38.18787360191345,0.8,-0.8,
1785159635.8652582,61.93616161400132,8.888888888888891,1.5701874552053916,-8.888888888888891,-1.83188536440629,0.0,-0.0011740005767481322,-2.8055409433631424,-0.49964445445432304,0.07213743749961181,0.010778658597670663,2.64884241185255,before_ekf,both,-0.0011740005767481322,-0.49964445445432304,0.07213743749961181,0.010778658597670663,2.64884241185255,-0.00010160800080775755,-0.5029685716159447,0.07280952730060584,0.008983913883336346,2.7064141320599644,nan,nan,nan,nan,-0.4866,nan,nan,nan,,0.0694766240012541,0.05667473399807932,0.0448297660004755,0.0448297660004755,0.03354384799968102,0.02237835399864707,nan,profile,1,1,1,2,61.93688130378723,38.06311869621277,0.8,-0.8,
1785159635.9691668,62.04006478300289,8.888888888888891,1.5707191102434372,-8.888888888888891,-1.5707191102434372,0.0,-0.0011740005767481554,-2.8055409433631424,-0.49964503629186974,0.07213743749961181,0.010778658597670675,2.599264411006851,before_ekf,both,-0.0011740005767481554,-0.49964503629186974,0.07213743749961181,0.010778658597670675,2.599264411006851,-0.001106023260077977,-0.5041762166076071,0.07295179874781914,0.008915975013918592,2.640425864895443,nan,nan,nan,nan,-0.4801,nan,nan,nan,,0.06901658200149541,0.057973984999989625,0.04625523399954545,0.04625523399954545,0.03438184600236127,0.023032640001474647,nan,profile,1,1,1,2,62.041074991226196,37.958925008773804,0.8,-0.8,
1785159636.0704806,62.141384078000556,8.888888888888891,1.5711527742247853,-8.888888888888891,-1.5711527742247853,0.0,-0.0011740005767481333,-2.8055409433631424,-0.49983675105278713,0.07213743749961184,0.0107786585976707,2.549686410161152,before_ekf,both,-0.0011740005767481333,-0.49983675105278713,0.07213743749961184,0.0107786585976707,2.549686410161152,-0.0011574834803321993,-0.5050042464365874,0.07302235594805129,0.008876068317025377,2.605407801478373,nan,nan,nan,nan,-0.4815,nan,nan,nan,,0.06668984199859551,0.05596397299814271,0.04475214199919719,0.04475214199919719,0.03344865899998695,0.022410208999644965,nan,profile,1,1,1,2,62.14204120635986,37.85795879364014,0.8,-0.8,
1785159636.1709132,62.24181679900357,8.888888888888891,1.564329357942575,-8.888888888888891,-1.8250509175996708,0.0,0.0011791188491308891,-2.8055409433631424,-0.4998070060314429,0.07182103705216072,0.01101125095911444,2.4822052423433916,before_ekf,both,0.0011791188491308891,-0.4998070060314429,0.07182103705216072,0.01101125095911444,2.4822052423433916,-0.00118343870041862,-0.502924891565378,0.0731511769855104,0.008794141450631628,2.5400273791682064,nan,nan,nan,nan,-0.4842,nan,nan,nan,,0.06638012300027185,0.055548703003296396,0.044383175001712516,0.044383175001712516,0.03302468500260147,0.022023820001777494,nan,profile,1,1,1,2,62.24251413345337,37.75748586654663,0.8,-0.8,
1785159636.271834,62.342736876002164,8.888888888888891,1.8335219732244794,-8.888888888888891,-1.5715902627638396,0.0,0.0011791188491338265,-2.8055409433631424,-0.5001712581955278,0.07182103705216003,0.011011250959115003,2.4491532417795923,before_ekf,both,0.0011791188491338265,-0.5001712581955278,0.07182103705216003,0.011011250959115003,2.4491532417795923,0.0005417689193407732,-0.5007809639429324,0.07307758914756,0.008840063197969086,2.504980884239833,nan,nan,nan,nan,-0.4879,nan,nan,nan,,0.06708451500162482,0.0563360250016558,0.044947504000447225,0.044947504000447225,0.03363800000079209,0.022634786000708118,nan,profile,1,1,1,2,62.34644436836243,37.65355563163757,0.8,-0.8,
1785159636.3756967,62.44660019100047,8.888888888888891,1.5697946565225165,-8.888888888888891,-1.5697946565225165,0.0,0.002331121849030556,-2.8055409433631424,-0.5037651063959181,0.07153396685385532,0.011279204595019689,2.3816720739618322,before_ekf,both,0.002331121849030556,-0.5037651063959181,0.07153396685385532,0.011279204595019689,2.3816720739618322,0.0011955671007354673,-0.49852273490535715,0.07295202183435001,0.00893681984458465,2.439908089197636,nan,nan,nan,nan,-0.4939,nan,nan,nan,,0.06671601699781604,0.05595376299970667,0.044742452999344096,0.044742452999344096,0.03350427999976091,0.022294747999694664,nan,profile,1,1,1,2,62.44723320007324,37.55276679992676,0.8,-0.8,
1785159636.5120883,62.582984893000685,8.888888888888891,1.5713524127002272,-8.888888888888891,-1.5713524127002272,0.0,0.0023311218490332055,-2.8055409433631424,-0.5044084434310507,0.07153396685385532,0.011279204595019689,2.3486200733980325,before_ekf,both,0.0023311218490332055,-0.5044084434310507,0.07153396685385532,0.011279204595019689,2.3486200733980325,0.002350711170837651,-0.49716859439685257,0.07270515745507791,0.009155786690709395,2.3704496177663223,nan,nan,nan,nan,-0.5021,nan,nan,nan,,0.09958521099906648,0.08873431999745662,0.07722803599972394,0.07722803599972394,0.05649881600038498,0.026985284999682335,nan,profile,1,1,1,2,62.58412718772888,37.41587281227112,0.8,-0.8,
1785159636.618407,62.68930494000233,8.888888888888891,1.5707167071650106,-8.888888888888891,-1.5707167071650106,0.0,0.0011520029998967427,-2.8055409433631424,-0.500039432920594,0.07153396685385532,0.011279204595019689,2.2825160722704196,before_ekf,both,0.0011520029998967427,-0.500039432920594,0.07153396685385532,0.011279204595019689,2.2825160722704196,0.0013171214214906287,-0.4943798619651843,0.07261111951272868,0.009258422554236995,2.3058747806276907,nan,nan,nan,nan,-0.5025,nan,nan,nan,,0.07096771700162208,0.05892873799894005,0.04627606500071124,0.04627606500071124,0.0339171460000216,0.02267851600117865,nan,profile,1,1,1,2,62.690351486206055,37.309648513793945,0.8,-0.8,
1785159636.723442,62.79434499400304,8.888888888888891,1.57088126434486,-8.888888888888891,-1.57088126434486,0.0,-1.2135636284060606e-05,-2.8055409433631424,-0.48865429867658233,0.07154357302505897,0.011287105626313576,2.2191664045231234,before_ekf,both,-1.2135636284060606e-05,-0.48865429867658233,0.07154357302505897,0.011287105626313576,2.2191664045231234,0.00037597804034073185,-0.4916103869832438,0.07261892003160328,0.009254162678503612,2.2716333732624996,nan,nan,nan,nan,-0.5092,nan,nan,nan,,0.0685801050021837,0.056258881002577255,0.044600946002901765,0.044600946002901765,0.033254534002480796,0.022196934001840418,nan,profile,1,1,1,2,62.79509973526001,37.20490026473999,0.8,-0.8,
1785159636.8252764,62.89618104600231,8.888888888888891,1.57124424139079,-8.888888888888891,-1.57124424139079,0.0,-1.2135636284060606e-05,-2.8055409433631424,-0.4877522070711448,0.07154357302505897,0.011287105626313576,2.186114403959324,before_ekf,both,-1.2135636284060606e-05,-0.4877522070711448,0.07154357302505897,0.011287105626313576,2.186114403959324,3.1948098010769205e-05,-0.48833925298559494,0.07262319707143342,0.009250726165055286,2.208082613108224,nan,nan,nan,nan,-0.5103,nan,nan,nan,,0.0667272110003978,0.05597620800108416,0.044537740999658126,0.044537740999658126,0.03314919900003588,0.022152532001200598,nan,profile,1,1,1,2,62.89672374725342,37.10327625274658,0.8,-0.8,
1785159636.925995,62.99689690700325,8.888888888888891,1.570379359667318,-8.888888888888891,-1.570379359667318,0.0,0.0011749972029778922,-2.8055409433631424,-0.49154879401157725,0.07154357302505897,0.011287105626313576,2.1034844025498116,before_ekf,both,0.0011749972029778922,-0.49154879401157725,0.07154357302505897,0.011287105626313576,2.1034844025498116,8.874912411889567e-06,-0.48917670724196355,0.07262383769283332,0.009250020426112329,2.1736395323647857,nan,nan,nan,nan,-0.5075,nan,nan,nan,,0.06682231800004956,0.055817565000324976,0.04449474100329098,0.04449474100329098,0.03328446000159602,0.022255513002164662,nan,profile,1,1,1,2,62.99754333496094,37.00245666503906,0.8,-0.8,
1785159637.0262344,63.09713711400036,8.888888888888891,1.5709756222426634,-8.888888888888891,-1.5709756222426634,0.0,0.0011749972029778922,-2.8055409433631424,-0.49146682016847415,0.07154357302505897,0.011287105626313576,2.086958402267912,before_ekf,both,0.0011749972029778922,-0.49146682016847415,0.07154357302505897,0.011287105626313576,2.086958402267912,0.0011193876941840237,-0.4924157958605906,0.0725400930811666,0.00937450828465815,2.109910808250941,nan,nan,nan,nan,-0.5152,nan,nan,nan,,0.06633805399906123,0.05558555399693432,0.044373134998750174,0.044373134998750174,0.032967390998237533,0.022005865997925866,nan,profile,1,1,1,2,63.09791040420532,36.90208959579468,0.8,-0.8,
1785159637.12828,63.19918218800012,8.888888888888891,1.571764580929687,-8.888888888888891,-1.571764580929687,0.0,-0.001180911067174085,-2.8055409433631424,-0.4999740057503607,0.07171707515737345,0.010934819578006847,2.0194772344501444,before_ekf,both,-0.001180911067174085,-0.4999740057503607,0.07171707515737345,0.010934819578006847,2.0194772344501444,0.00034696397164500555,-0.49546798447062945,0.07254284751749966,0.009374532441773754,2.075213058399534,nan,nan,nan,nan,-0.5215,nan,nan,nan,,0.06715477299803752,0.056121380999684334,0.04478648499934934,0.04478648499934934,0.03356833399811876,0.022200651997991372,nan,profile,1,1,1,2,63.20003318786621,36.79996681213379,0.8,-0.8,
1785159637.2291138,63.30001733100289,8.888888888888891,1.571329919008794,-8.888888888888891,-1.571329919008794,0.0,-0.0011809110671767429,-2.8055409433631424,-0.4998332825809048,0.07171707515737383,0.010934819578006044,1.9864252338863453,before_ekf,both,-0.0011809110671767429,-0.4998332825809048,0.07171707515737383,0.010934819578006044,1.9864252338863453,-0.0010871037046022364,-0.50044263966173,0.07262411759254286,0.009225819777544818,2.0091893771291787,nan,nan,nan,nan,-0.5255,nan,nan,nan,,0.0661148740000499,0.05538789700221969,0.044281679001869634,0.044281679001869634,0.033129925999674015,0.02210175700020045,nan,profile,1,1,1,2,63.300620794296265,36.699379205703735,0.8,-0.8,
1785159637.332887,63.4037829580011,8.888888888888891,1.5710084757794658,-8.888888888888891,-1.5710084757794658,0.0,-0.0023559166523344703,-2.8055409433631424,-0.5035542367297575,0.0718604056732288,0.010569217590902518,1.9189440660685848,before_ekf,both,-0.0023559166523344703,-0.5035542367297575,0.0718604056732288,0.010569217590902518,1.9189440660685848,-0.0011801738830794454,-0.5011661508227532,0.072654588887378,0.009159228047653957,1.97847106861654,nan,nan,nan,nan,-0.5111,nan,nan,nan,,0.06932647199937492,0.05820096800016472,0.0462428649989306,0.0462428649989306,0.034828234998713015,0.023739108997688163,nan,profile,1,1,1,2,63.404908657073975,36.595091342926025,0.8,-0.8,
1785159637.4361079,63.5070109790031,8.888888888888891,1.570179874176295,-8.888888888888891,-1.570179874176295,0.0,-0.0011988394980229924,-2.8055409433631424,-0.5074883382146289,0.07173588244081461,0.010941645321258842,1.8845148988146234,before_ekf,both,-0.0011988394980229924,-0.5074883382146289,0.07173588244081461,0.010941645321258842,1.8845148988146234,-0.0014859724605708333,-0.5072767211325052,0.07274689450724739,0.008929849916048246,1.9074923016631056,nan,nan,nan,nan,-0.5106,nan,nan,nan,,0.06760825899982592,0.0566545750007208,0.044847584002127405,0.044847584002127405,0.03286836200277321,0.021932740000920603,nan,profile,1,1,1,2,63.50786018371582,36.49213981628418,0.8,-0.8,
1785159637.544433,63.61533431300268,8.888888888888891,1.8328579049173446,-8.888888888888891,-1.571021061357724,0.0,-0.001198137179173973,-2.8055409433631424,-0.5080056960370272,0.07184127514399347,0.010563358620638934,1.8005077307149633,before_ekf,both,-0.001198137179173973,-0.5080056960370272,0.07184127514399347,0.010563358620638934,1.8005077307149633,-0.0010322092057784417,-0.5088374569035191,0.07276295697129853,0.008868353068724103,1.8426156121913684,nan,nan,nan,nan,-0.4993,nan,nan,nan,,0.0682092230017588,0.057086570999672404,0.04497153000193066,0.04497153000193066,0.033403397999791196,0.022197719001269434,nan,profile,1,1,1,2,63.61633920669556,36.38366079330444,0.8,-0.8,
1785159637.6487188,63.71961868500148,8.888888888888891,1.5739604752779528,-8.888888888888891,-1.5739604752779528,0.0,-2.3131594013585884e-05,-2.8055409433631424,-0.5044764226116093,0.0718412751439935,0.010563358620638941,1.7509297298692648,before_ekf,both,-2.3131594013585884e-05,-0.5044764226116093,0.0718412751439935,0.010563358620638941,1.7509297298692648,-0.001158918531226584,-0.5092534376093909,0.07278388994701895,0.008789807408541503,1.8077223116699201,nan,nan,nan,nan,-0.4975,nan,nan,nan,,0.06872336300148163,0.057722767000086606,0.04577538399826153,0.04577538399826153,0.03434118999939528,0.023005715000181226,nan,profile,1,1,1,2,63.720502614974976,36.279497385025024,0.8,-0.8,
1785159637.7519865,63.82288576400242,8.888888888888891,1.5704103042380118,-8.888888888888891,-1.5704103042380118,0.0,-0.0011802087483250802,-2.8055409433631424,-0.49979544417524585,0.07184127514399351,0.010563358620638943,1.7013517290235654,before_ekf,both,-0.0011802087483250802,-0.49979544417524585,0.07184127514399351,0.010563358620638943,1.7013517290235654,-0.0009972567457320791,-0.50374620178352,0.07279651054684294,0.008719495609025789,1.741336765256551,nan,nan,nan,nan,-0.4953,nan,nan,nan,,0.06791581400102586,0.05710406000071089,0.04557079500227701,0.04557079500227701,0.033931055000721244,0.02270207100082189,nan,profile,1,1,1,2,63.82374405860901,36.17625594139099,0.8,-0.8,
1785159637.8535595,63.92446392200145,8.888888888888891,1.5711176046338682,-8.888888888888891,-1.5711176046338682,0.0,-0.001172170861295219,-2.8055409433631424,-0.49983319270403,0.07188891060984606,0.01017356468515033,1.6503965614877047,before_ekf,both,-0.001172170861295219,-0.49983319270403,0.07188891060984606,0.01017356468515033,1.6503965614877047,-0.001886676671913997,-0.504403938102527,0.07282375784339415,0.008561588197651014,1.7043499621289575,nan,nan,nan,nan,-0.4879,nan,nan,nan,,0.06694925099873217,0.055966685999010224,0.04469156900086091,0.04469156900086091,0.03342508399873623,0.022143842998048058,nan,profile,1,1,1,2,63.92503213882446,36.07496786117554,0.8,-0.8,
1785159637.954711,64.02561525200144,8.888888888888891,1.8337387206133788,-8.888888888888891,-1.571776046240039,0.0,5.919080959793959e-06,-2.8055409433631424,-0.5037506768830762,0.07186119039301968,0.010565278916866563,1.6159673942337434,before_ekf,both,5.919080959793959e-06,-0.5037506768830762,0.07186119039301968,0.010565278916866563,1.6159673942337434,-0.0003986213006222112,-0.5034193745520777,0.07282680676696177,0.008500308195779039,1.6410384490713685,nan,nan,nan,nan,-0.4842,nan,nan,nan,,0.06673052100086352,0.05587772299986682,0.04440551700099604,0.04440551700099604,0.03313553299813066,0.021852731999388197,nan,profile,1,1,1,2,64.02619624137878,35.973803758621216,0.8,-0.8,
1785159638.055043,64.12594621100288,8.888888888888891,1.5717458498977368,-8.888888888888891,-1.5717458498977368,0.0,-0.0023651850342689814,-2.8055409433631424,-0.5037076387069817,0.07189017101078839,0.009780424560913794,1.549863393106145,before_ekf,both,-0.0023651850342689814,-0.5037076387069817,0.07189017101078839,0.009780424560913794,1.549863393106145,-0.0018330175840775426,-0.503213448681161,0.07283983886297966,0.008341327670020215,1.6083898680526332,nan,nan,nan,nan,-0.4847,nan,nan,nan,,0.06646275800085277,0.05576277900036075,0.04443415700006881,0.04443415700006881,0.033000767001794884,0.02200186399932136,nan,profile,1,1,1,2,64.12653160095215,35.87346839904785,0.8,-0.8,
1785159638.1560452,64.22694903299998,8.888888888888891,1.832392007574564,-8.888888888888891,-1.5706217207781978,0.0,-0.0011930141729738107,-2.8055409433631424,-0.5000904689247054,0.07189017101078843,0.00978042456091468,1.5168113925423456,before_ekf,both,-0.0011930141729738107,-0.5000904689247054,0.07189017101078843,0.00978042456091468,1.5168113925423456,-0.001525687340352552,-0.5004432939534594,0.07284157487829707,0.00809991718356586,1.5400937761474989,nan,nan,nan,nan,-0.4842,nan,nan,nan,,0.0668731019977713,0.05599039399749017,0.044482421999418875,0.044482421999418875,0.03309033599725808,0.022001232999173226,nan,profile,1,1,1,2,64.22753858566284,35.77246141433716,0.8,-0.8,
1785159638.2742465,64.34514655800012,8.888888888888891,1.5705819109524135,-8.888888888888891,-1.5705819109524135,0.0,-0.0035488149958218377,-2.8055409433631424,-0.5003714928002692,0.07184608041792946,0.009390213759716999,1.4493302247245852,before_ekf,both,-0.0035488149958218377,-0.5003714928002692,0.07184608041792946,0.009390213759716999,1.4493302247245852,-0.0013059268606439483,-0.4989948246177819,0.07283713507908762,0.00801846440515943,1.5057454698066277,nan,nan,nan,nan,-0.4897,nan,nan,nan,,0.07112940799925127,0.05869853699914529,0.04677202499806299,0.04677202499806299,0.03476388699709787,0.023763365999911912,nan,profile,1,1,1,2,64.34602642059326,35.65397357940674,0.8,-0.8,
1785159638.377413,64.44831255100144,8.888888888888891,1.571300164192545,-8.888888888888891,-1.571300164192545,0.0,-3.0572440514188908e-06,-2.8055409433631424,-0.49617717831615477,0.07191585069180068,0.009776661335103229,1.384603390287141,before_ekf,both,-3.0572440514188908e-06,-0.49617717831615477,0.07191585069180068,0.009776661335103229,1.384603390287141,-0.001717652583753473,-0.4986221074426661,0.072811193038562,0.007707435197166184,1.4406703021803784,nan,nan,nan,nan,-0.4955,nan,nan,nan,,0.06741619799868204,0.05637655900136451,0.04460379200099851,0.04460379200099851,0.0333015569995041,0.022418264001316857,nan,profile,1,1,1,2,64.44916820526123,35.55083179473877,0.8,-0.8,
1785159638.5153282,64.58623175100001,8.888888888888891,1.837034375422285,-8.888888888888891,-1.837034375422285,0.0,-3.0572440514186223e-06,-2.8055409433631424,-0.49625735704191054,0.07191585069180084,0.0097766613351041,1.351551389723342,before_ekf,both,-3.0572440514186223e-06,-0.49625735704191054,0.07191585069180084,0.0097766613351041,1.351551389723342,-0.00012121417161922394,-0.4951892855336193,0.07280752951651248,0.0077140190273718235,1.3716664777121519,nan,nan,nan,nan,-0.5054,nan,nan,nan,,0.09957421499711927,0.08873131699874648,0.07231155699992087,0.07231155699992087,0.05485439499898348,0.02949026499845786,nan,profile,1,1,1,2,64.5869665145874,35.4130334854126,0.8,-0.8,
1785159638.618521,64.68941826900118,8.888888888888891,1.5703893917918017,-8.888888888888891,-1.5703893917918017,0.0,0.0011746536365416066,-2.8055409433631424,-0.4919010959847198,0.0719158506918006,0.009776661335103243,1.2854473885957434,before_ekf,both,0.0011746536365416066,-0.4919010959847198,0.0719158506918006,0.009776661335103243,1.2854473885957434,0.0008799955926565214,-0.49329688889917706,0.07282575655547928,0.0077985153903914525,1.307157655684085,nan,nan,nan,nan,-0.5038,nan,nan,nan,,0.06804162099797395,0.05697340299957432,0.045372149001195794,0.045372149001195794,0.03411235699968529,0.02301910000096541,nan,profile,1,1,1,2,64.69025683403015,35.30974316596985,0.8,-0.8,
1785159638.7214477,64.79234485699999,8.888888888888891,1.5718046394711174,-8.888888888888891,-1.5718046394711174,0.0,2.6499635819021704e-15,-2.8055409433631424,-0.4958823401484871,0.07191585069180087,0.009776661335104093,1.2193433874681374,before_ekf,both,2.6499635819021704e-15,-0.4958823401484871,0.07191585069180087,0.009776661335104093,1.2193433874681374,0.001147357519476956,-0.4906976714786756,0.07284848721920563,0.007880086855228865,1.2726843922678366,nan,nan,nan,nan,-0.5045,nan,nan,nan,,0.06825984599709045,0.05749121699773241,0.04563432799841394,0.04563432799841394,0.033659023996733595,0.02259204999791109,nan,profile,1,1,1,2,64.79326462745667,35.206735372543335,0.8,-0.8,
1785159638.8227742,64.89367769300225,8.888888888888891,1.5705773411962136,-8.888888888888891,-1.5705773411962136,0.0,-2.1108132370576013e-17,-2.8055409433631424,-0.4954319250291189,0.07191585069180087,0.009776661335104093,1.1862913869043383,before_ekf,both,-2.1108132370576013e-17,-0.4954319250291189,0.07191585069180087,0.009776661335104093,1.1862913869043383,0.00012280587369071854,-0.48920697993039086,0.07284790848748086,0.007867394104154496,1.2093651234100289,nan,nan,nan,nan,-0.5051,nan,nan,nan,,0.06709444000080111,0.056419320000713924,0.044751460998668335,0.044751460998668335,0.033036838001862634,0.021960295998724177,nan,profile,1,1,1,2,64.89428186416626,35.10571813583374,0.8,-0.8,
1785159638.9248512,64.99575202699998,8.888888888888891,1.5582047546494304,-8.888888888888891,-1.5582047546494304,0.0,0.0011827512057750508,-2.8055409433631424,-0.49156747145409413,0.07208370374466809,0.010131675380292611,1.1215645524668942,before_ekf,both,0.0011827512057750508,-0.49156747145409413,0.07208370374466809,0.010131675380292611,1.1215645524668942,5.129068606344773e-05,-0.4901926777497304,0.07284790965156558,0.007866626974766816,1.1787098023698421,nan,nan,nan,nan,-0.5033,nan,nan,nan,,0.06762328699915088,0.05666316499991808,0.044993149997026194,0.044993149997026194,0.03314525399764534,0.02217632699830574,nan,profile,1,1,1,2,64.99672746658325,35.00327253341675,0.8,-0.8,
1785159639.0264156,65.09731923000072,8.888888888888891,1.5712018539934125,-8.888888888888891,-1.3093348783278436,0.0,0.0011827512057750482,-2.8055409433631424,-0.4912184716423128,0.07208370374466848,0.010131675380293408,1.0885125519030951,before_ekf,both,0.0011827512057750482,-0.4912184716423128,0.07208370374466848,0.010131675380293408,1.0885125519030951,0.001149217080790615,-0.48709244164081544,0.07291349501649885,0.008019044293605608,1.1108730532763376,nan,nan,nan,nan,-0.5064,nan,nan,nan,,0.06681969199780724,0.05580894599916064,0.04450601999997161,0.04450601999997161,0.03305396399809979,0.021999193999363342,nan,profile,1,1,1,2,65.0980474948883,34.901952505111694,0.8,-0.8,
1785159639.1273508,65.19825354100249,8.888888888888891,1.666964527218493,-8.888888888888891,-1.3891371060154107,0.0,-1.8423883316694667e-05,-2.8055409433631424,-0.4877512925103483,0.07188199487613067,0.00979474341091004,1.023785717465651,before_ekf,both,-1.8423883316694667e-05,-0.4877512925103483,0.07188199487613067,0.00979474341091004,1.023785717465651,0.001222916805350292,-0.4884888320426748,0.07295089171534609,0.008091872426520114,1.0773113469096751,nan,nan,nan,nan,-0.5078,nan,nan,nan,,0.06668171199999051,0.055857499999547144,0.04434652800046024,0.04434652800046024,0.03313514500041492,0.022075886001402978,nan,profile,1,1,1,2,65.19895124435425,34.80104875564575,0.8,-0.8,
1785159639.2302454,65.30114438100281,8.888888888888891,1.570981372690786,-8.888888888888891,-1.570981372690786,0.0,0.0011551668091597232,-2.8055409433631424,-0.4913714151954559,0.0720892432993124,0.01012829481750185,0.9893565502116901,before_ekf,both,0.0011551668091597232,-0.4913714151954559,0.0720892432993124,0.01012829481750185,0.9893565502116901,0.0009602976528988815,-0.49061129614143417,0.07298581281343576,0.008147797925033796,1.0154018205821842,nan,nan,nan,nan,-0.509,nan,nan,nan,,0.06887345600262051,0.05799408500024583,0.046036219002417056,0.046036219002417056,0.034516142000939,0.02317990799929248,nan,profile,1,1,1,2,65.30217003822327,34.69782996177673,0.8,-0.8,
1785159639.3387184,65.40961721500207,8.888888888888891,1.5709012001590195,-8.888888888888891,-1.5709012001590195,0.0,-2.7584396615372793e-05,-2.8055409433631424,-0.4961359451992447,0.07208924329931242,0.010128294817501842,0.9232525490840915,before_ekf,both,-2.7584396615372793e-05,-0.4961359451992447,0.07208924329931242,0.010128294817501842,0.9232525490840915,0.000273572846201966,-0.49392988597057025,0.07298669653433214,0.00814531658812567,0.9805113781523422,nan,nan,nan,nan,-0.5053,nan,nan,nan,,0.06827799500024412,0.057468924002023414,0.04610728899933747,0.04610728899933747,0.03478384200207074,0.023261501999513712,nan,profile,1,1,1,2,65.41060519218445,34.58939480781555,0.8,-0.8,
1785159639.4420865,65.51298854400011,8.888888888888891,1.5713272311264772,-8.888888888888891,-1.5713272311264772,0.0,0.0011735906924737276,-2.8055409433631424,-0.4998427388363636,0.07208924329931186,0.010128294817501157,0.8571485479564928,before_ekf,both,0.0011735906924737276,-0.4998427388363636,0.07208924329931186,0.010128294817501157,0.8571485479564928,7.325911157794179e-06,-0.49902372529979677,0.072984298065621,0.008140420253060818,0.9118638146518361,nan,nan,nan,nan,-0.4979,nan,nan,nan,,0.06802123899979051,0.0569651999976486,0.045043444999464555,0.045043444999464555,0.033618343997659395,0.022247949997108663,nan,profile,1,1,1,2,65.5137722492218,34.4862277507782,0.8,-0.8,
1785159639.5433526,65.61425614300242,8.888888888888891,1.5744989973620431,-8.888888888888891,-1.5744989973620431,0.0,-6.9414269457377e-18,-2.8055409433631424,-0.49609655452027646,0.07208924329931245,0.010128294817501823,0.8240965473926934,before_ekf,both,-6.9414269457377e-18,-0.49609655452027646,0.07208924329931245,0.010128294817501823,0.8240965473926934,0.00026294603959344903,-0.501540239530675,0.07303318267957798,0.008203143444631664,0.8474100948277528,nan,nan,nan,nan,-0.4963,nan,nan,nan,,0.06693730900224182,0.0560775800004194,0.04476600999987568,0.04476600999987568,0.033253246001549996,0.022365344000718324,nan,profile,1,1,1,2,65.61489415168762,34.38510584831238,0.8,-0.8,
1785159639.6445193,65.71542215100271,8.888888888888891,1.5935791866089208,-8.888888888888891,-1.5935791866089208,0.0,-9.714001284160008e-06,-2.8055409433631424,-0.504019296633033,0.07207956455130661,0.010137733963371465,0.7552382128847711,before_ekf,both,-9.714001284160008e-06,-0.504019296633033,0.07207956455130661,0.010137733963371465,0.7552382128847711,0.0009488142955982594,-0.5038887854457691,0.07308980545384854,0.00826829090409566,0.8124905080214022,nan,nan,nan,nan,-0.4895,nan,nan,nan,,0.06729168600213598,0.05657467300261487,0.045354847999988124,0.045354847999988124,0.03376482599924202,0.022515878001286183,nan,profile,1,1,1,2,65.71606516838074,34.28393483161926,0.8,-0.8,
1785159639.7459693,65.81687220700042,8.888888888888891,1.574773843325152,-8.888888888888891,-1.574773843325152,0.0,-9.714001284143289e-06,-2.8055409433631424,-0.5039702769585549,0.07207956455130662,0.010137733963371455,0.7221862123209719,before_ekf,both,-9.714001284143289e-06,-0.5039702769585549,0.07207956455130662,0.010137733963371455,0.7221862123209719,7.774654677468655e-05,-0.5056888437261737,0.07308461709282578,0.0082590287862341,0.7473718316939851,nan,nan,nan,nan,-0.4878,nan,nan,nan,,0.06711557199741947,0.056200789997092215,0.04442016199755017,0.04442016199755017,0.033010203998856014,0.022081453000282636,nan,profile,1,1,1,2,65.81749868392944,34.18250131607056,0.8,-0.8,
1785159639.846426,65.91732935500113,8.888888888888891,1.5716501257256974,-8.888888888888891,-1.5716501257256974,0.0,0.0011745083409665173,-2.8055409433631424,-0.5078138624974707,0.07237653905834485,0.010394667012859822,0.6547050445032113,before_ekf,both,0.0011745083409665173,-0.5078138624974707,0.07237653905834485,0.010394667012859822,0.6547050445032113,0.0008894449382356956,-0.507159347677427,0.07314621138218441,0.008317530651999827,0.7118921759244436,nan,nan,nan,nan,-0.4867,nan,nan,nan,,0.06642151100095361,0.05558815299809794,0.044142758000816684,0.044142758000816684,0.03304634899905068,0.02194025800054078,nan,profile,1,1,1,2,65.91792845726013,34.08207154273987,0.8,-0.8,
1785159639.948093,66.01899187300296,8.888888888888891,1.7062873498841602,-8.888888888888891,-1.7062873498841602,0.0,-3.7838672975817682e-06,-2.8055409433631424,-0.5045744267056845,0.07237653905834414,0.010394667012859288,0.6216530439394121,before_ekf,both,-3.7838672975817682e-06,-0.5045744267056845,0.07237653905834414,0.010394667012859288,0.6216530439394121,0.00033234505738186104,-0.5119217154958413,0.07320356301825606,0.008363302286765075,0.6439090302783095,nan,nan,nan,nan,-0.4777,nan,nan,nan,,0.06756225700155483,0.05662809000205016,0.04512755500036292,0.04512755500036292,0.03400435500225285,0.022681214999465737,nan,profile,1,1,1,2,66.01997494697571,33.98002505302429,0.8,-0.8,
1785159640.049684,66.12058743900343,8.888888888888891,1.5715649320562175,-8.888888888888891,-1.5715649320562175,0.0,0.0011842223422506514,-2.8055409433631424,-0.500073118793358,0.07237653905834487,0.010394667012859776,0.5555490428118135,before_ekf,both,0.0011842223422506514,-0.500073118793358,0.07237653905834487,0.010394667012859776,0.5555490428118135,0.0009672068032582854,-0.5110418889771567,0.07327003661042521,0.008414021581319533,0.6100608312134802,nan,nan,nan,nan,-0.4794,nan,nan,nan,,0.067513197001972,0.05672807900191401,0.045429954003338935,0.045429954003338935,0.033793800001149066,0.02260767700136057,nan,profile,1,1,1,2,66.12143969535828,33.878560304641724,0.8,-0.8,
1785159640.1527514,66.22365365500082,8.888888888888891,1.5712827645131349,-8.888888888888891,-1.5712827645131349,0.0,-1.2385956959284143e-16,-2.8055409433631424,-0.5045677699005032,0.07237653905834411,0.010394667012859328,0.5197427088676976,before_ekf,both,-1.2385956959284143e-16,-0.5045677699005032,0.07237653905834411,0.010394667012859328,0.5197427088676976,0.00033778509115888936,-0.508760969232287,0.07333167599528576,0.008453522502613928,0.543954561844739,nan,nan,nan,nan,-0.4862,nan,nan,nan,,0.06852747199809528,0.05741784500060021,0.045933444998809136,0.045933444998809136,0.034139027000492206,0.02242846099761664,nan,profile,1,1,1,2,66.22435975074768,33.77564024925232,0.8,-0.8,
1785159640.2563484,66.3272488750008,8.888888888888891,1.832686395916916,-8.888888888888891,-1.570874053643071,0.0,0.0011747793082742958,-2.8055409433631424,-0.5077886630396725,0.07272223433931256,0.010580955022312651,0.452261541049937,before_ekf,both,0.0011747793082742958,-0.5077886630396725,0.07272223433931256,0.010580955022312651,0.452261541049937,0.0009583290631244408,-0.5095359228915435,0.0734030767598199,0.008497280477058812,0.508406380974328,nan,nan,nan,nan,-0.4907,nan,nan,nan,,0.06893389799733995,0.05784276299891644,0.045842765997804236,0.045842765997804236,0.03414105299816583,0.022908560000360012,nan,profile,1,1,1,2,66.32825064659119,33.67174935340881,0.8,-0.8,
1785159640.3615289,66.43242814400219,8.888888888888891,1.5715350740024838,-8.888888888888891,-1.8334575863362312,0.0,0.0023458833853236692,-2.8055409433631424,-0.5119605115765433,0.07307696916030115,0.010749393903002894,0.41783237379596866,before_ekf,both,0.0023458833853236692,-0.5119605115765433,0.07307696916030115,0.010749393903002894,0.41783237379596866,0.002050315490894985,-0.5077278145330224,0.07361179847179058,0.008607218642398036,0.4423230242285747,nan,nan,nan,nan,-0.4962,nan,nan,nan,,0.06683184199937386,0.0559361199993873,0.04442003200165345,0.04442003200165345,0.03294364199973643,0.02184243699957733,nan,profile,1,1,1,2,66.43334603309631,33.56665396690369,0.8,-0.8,
1785159640.4650452,66.53594800600331,8.888888888888891,1.5711197260793128,-8.888888888888891,-1.5711197260793128,0.0,0.0023458833853237577,-2.8055409433631424,-0.5048711631842502,0.07307696916030115,0.010749393903002894,0.35172837266836304,before_ekf,both,0.0023458833853237577,-0.5048711631842502,0.07307696916030115,0.010749393903002894,0.35172837266836304,0.0023219868265891798,-0.5065282513816821,0.07376224323562605,0.008676272722483553,0.4067749931198264,nan,nan,nan,nan,-0.5017,nan,nan,nan,,0.06883841200033203,0.057788091002294095,0.04601089500283706,0.04601089500283706,0.03472823500123923,0.02193882200299413,nan,profile,1,1,1,2,66.5366039276123,33.463396072387695,0.8,-0.8,
1785159640.5663724,66.63727106200167,8.888888888888891,1.5704136483970554,-8.888888888888891,-1.5704136483970554,0.0,0.0023441514869305584,-2.8055409433631424,-0.5039793600056756,0.0734468180369434,0.010881379728743625,0.3172992054143947,before_ekf,both,0.0023441514869305584,-0.5039793600056756,0.0734468180369434,0.010881379728743625,0.3172992054143947,0.0024178835007564103,-0.5012821501907585,0.0740534872061885,0.008790987955848383,0.3400151860567524,nan,nan,nan,nan,-0.5074,nan,nan,nan,,0.06691328699889709,0.05613986800017301,0.044883029000629904,0.044883029000629904,0.0331159880006453,0.022108601999207167,nan,profile,1,1,1,2,66.63822913169861,33.36177086830139,0.8,-0.8,
1785159640.6689808,66.73988329200074,8.888888888888891,1.5759267879716743,-8.888888888888891,-1.5759267879716743,0.0,0.0023546022976984058,-2.8055409433631424,-0.496247160673777,0.07382630004220947,0.010982389764472227,0.25257237097695084,before_ekf,both,0.0023546022976984058,-0.496247160673777,0.07382630004220947,0.010982389764472227,0.25257237097695084,0.0024223854979178766,-0.4991104489736772,0.07420412525640653,0.008841596994607273,0.3062280828478068,nan,nan,nan,nan,-0.5134,nan,nan,nan,,0.06739500999901793,0.056543479000538355,0.04497210199770052,0.04497210199770052,0.033579592000023695,0.02246512499914388,nan,profile,1,1,1,2,66.74066495895386,33.25933504104614,0.8,-0.8,
1785159640.7715964,66.84249554900089,8.888888888888891,1.570764016179084,-8.888888888888891,-1.570764016179084,0.0,0.002750836694571701,-2.8055409433631424,-0.49502405630758534,0.07382771031902352,0.010976055256618596,0.1864683698493452,before_ekf,both,0.002750836694571701,-0.49502405630758534,0.07382771031902352,0.010976055256618596,0.1864683698493452,0.0016660227088600467,-0.49140730389958576,0.07443019545163698,0.008904331644690101,0.24264438849342174,nan,nan,nan,nan,-0.5123,nan,nan,nan,,0.06673594699896057,0.055882267999550095,0.044660977997409645,0.044660977997409645,0.03321942899856367,0.022286404000624316,nan,profile,1,1,1,2,66.84348320960999,33.156516790390015,0.8,-0.8,
1785159640.873296,66.94419946200287,8.888888888888891,1.5711536228402667,-8.888888888888891,-1.3092946857002221,0.0,0.0015777892846905144,-2.8055409433631424,-0.49347057103705677,0.0738277103190244,0.010976055256618739,0.1534163692855458,before_ekf,both,0.0015777892846905144,-0.49347057103705677,0.0738277103190244,0.010976055256618739,0.1534163692855458,0.0018767785540634437,-0.4893916616803621,0.07472493842174008,0.008969006091055803,0.17372865662951265,nan,nan,nan,nan,-0.5158,nan,nan,nan,,0.0672250410025299,0.056323016000533244,0.044972873001825064,0.044972873001825064,0.033336557000438916,0.022062612002628157,nan,profile,1,1,1,2,66.9448082447052,33.0551917552948,0.8,-0.8,
1785159640.9761145,67.0470098850019,8.888888888888891,1.5703535499079646,-8.888888888888891,-1.5703535499079646,0.0,0.00039623439687330703,-2.8055409433631424,-0.4968135943250453,0.07382771031902352,0.010976055256618624,0.08731236815794721,before_ekf,both,0.00039623439687330703,-0.4968135943250453,0.07382771031902352,0.010976055256618624,0.08731236815794721,0.0016879697731206765,-0.489990026575492,0.07481638594422643,0.008983183655758672,0.1440992405223076,nan,nan,nan,nan,-0.5171,nan,nan,nan,,0.06832681100058835,0.05738345799909439,0.04533728200112819,0.04533728200112819,0.033958004001760855,0.023004089001915418,nan,profile,1,1,1,2,67.0480043888092,32.951995611190796,0.8,-0.8,
1785159641.0792015,67.15010155500204,8.888888888888891,1.5704912745697244,-8.888888888888891,-1.5704912745697244,0.0,-2.523754030506608e-15,-2.8055409433631424,-0.4958059780551178,0.07382771031902352,0.010976055256618638,0.037734367312248246,before_ekf,both,-2.523754030506608e-15,-0.4958059780551178,0.07382771031902352,0.010976055256618638,0.037734367312248246,0.00016624995928430885,-0.4931615069284753,0.07484433810513519,0.00898239036575172,0.07546404033216847,nan,nan,nan,nan,-0.5163,nan,nan,nan,,0.06777105600122013,0.05697696800052654,0.04568971399930888,0.04568971399930888,0.03434658900005161,0.022997705000307178,nan,profile,1,1,1,2,67.15105891227722,32.84894108772278,0.8,-0.8,
1785159641.18428,67.25518136300161,8.888888888888891,1.571228917540474,-8.888888888888891,-1.571228917540474,0.0,-2.611300027225958e-15,-2.8055409433631424,-0.4958195721060334,0.07382771031902352,0.010976055256618654,-0.011843633533450724,before_ekf,both,-2.611300027225958e-15,-0.4958195721060334,0.07382771031902352,0.010976055256618654,-0.011843633533450724,4.17678972461853e-05,-0.49452541433987346,0.07484409787714613,0.008982060384135765,0.04598988561002404,nan,nan,nan,nan,-0.5159,nan,nan,nan,,0.0694655920015066,0.056634643999132095,0.04492144200048642,0.04492144200048642,0.03360995500042918,0.022496555000543594,nan,profile,1,1,1,2,67.25605726242065,32.743942737579346,0.8,-0.8,
1785159641.2885122,67.35941035800352,8.888888888888891,1.5701155090090355,-8.888888888888891,-1.5701155090090355,0.0,2.774925324209233e-15,-2.8055409433631424,-0.49596911000639465,0.07382771031902441,0.01097605525661862,-0.04489563409725003,before_ekf,both,2.774925324209233e-15,-0.49596911000639465,0.07382771031902441,0.01097605525661862,-0.04489563409725003,-2.7304757826251254e-05,-0.4975834879514502,0.07484366572065462,0.008982058378808997,-0.023559886672658514,nan,nan,nan,nan,-0.5087,nan,nan,nan,,0.06997088500065729,0.05921041700275964,0.04763238600207842,0.04763238600207842,0.03628551500150934,0.02486867500192602,nan,profile,1,1,1,2,67.36039352416992,32.63960647583008,0.8,-0.8,
1785159641.392174,67.46307742500358,8.888888888888891,1.570458254246505,-8.888888888888891,-1.3087152118720875,0.0,0.0011731058930682793,-2.8055409433631424,-0.49956516550534946,0.0742198349813644,0.010954920003272814,-0.11237680191501763,before_ekf,both,0.0011731058930682793,-0.49956516550534946,0.0742198349813644,0.010954920003272814,-0.11237680191501763,0.0008314201547502341,-0.5007735323023144,0.0749258639916919,0.008981684407515688,-0.05412737953216151,nan,nan,nan,nan,-0.5046,nan,nan,nan,,0.06766679500287864,0.056838994001736864,0.045063204001053236,0.045063204001053236,0.03352248600276653,0.022415428000385873,nan,profile,1,1,1,2,67.46377778053284,32.53622221946716,0.8,-0.8,
1785159641.493395,67.56429851300345,8.888888888888891,1.5750617199374246,-8.888888888888891,-1.5750617199374246,0.0,-1.1876334942463596e-06,-2.8055409433631424,-0.504424042934754,0.07383002794026687,0.011002448105073543,-0.14680596916897878,before_ekf,both,-1.1876334942463596e-06,-0.504424042934754,0.07383002794026687,0.011002448105073543,-0.14680596916897878,0.0002980939331350141,-0.5034468826966444,0.07500308878410256,0.008974826697539844,-0.12465140366105665,nan,nan,nan,nan,-0.4995,nan,nan,nan,,0.06755757000064477,0.05654504800259019,0.045237427002575714,0.045237427002575714,0.033663138001429616,0.022398414002964273,nan,profile,1,1,1,2,67.56493067741394,32.43506932258606,0.8,-0.8,
1785159641.5943983,67.66530240600332,8.888888888888891,1.5704483625512062,-8.888888888888891,-1.5704483625512062,0.0,0.001167191651306558,-2.8055409433631424,-0.5075425637012155,0.07421796794216949,0.010941530089070162,-0.21428713698674637,before_ekf,both,0.001167191651306558,-0.5075425637012155,0.07421796794216949,0.010941530089070162,-0.21428713698674637,0.0009279834326485744,-0.5033747331800938,0.07508080862681307,0.008966019962693491,-0.15480230739475376,nan,nan,nan,nan,-0.4991,nan,nan,nan,,0.0664920119997987,0.05560508700000355,0.044332430999929784,0.044332430999929784,0.0330135149997659,0.022018652001861483,nan,profile,1,1,1,2,67.66594767570496,32.334052324295044,0.8,-0.8,
1785159641.6977684,67.76866556000095,8.888888888888891,1.5705360732621965,-8.888888888888891,-1.5705360732621965,0.0,-5.914241761629732e-06,-2.8055409433631424,-0.5043751844645713,0.07421796794216949,0.010941530089070162,-0.24733913755055276,before_ekf,both,-5.914241761629732e-06,-0.5043751844645713,0.07421796794216949,0.010941530089070162,-0.24733913755055276,0.0003027987180974977,-0.503861284102329,0.07515591449042429,0.008951356970963083,-0.2251168024684662,nan,nan,nan,nan,-0.5002,nan,nan,nan,,0.0691824479981733,0.05836017699766671,0.046853322000970365,0.046853322000970365,0.03501990599761484,0.023718535998341395,nan,profile,1,1,1,2,67.76961779594421,32.230382204055786,0.8,-0.8,
1785159641.7988315,67.86973442100134,8.888888888888891,1.5687874787404947,-8.888888888888891,-1.5687874787404947,0.0,0.0011683792848035473,-2.8055409433631424,-0.5002116238209925,0.07421796794216949,0.010941530089070162,-0.31344313867815854,before_ekf,both,0.0011683792848035473,-0.5002116238209925,0.07421796794216949,0.010941530089070162,-0.31344313867815854,6.526186794395756e-05,-0.5039184288633841,0.07515251496969604,0.008951506951373596,-0.25537499779214473,nan,nan,nan,nan,-0.4933,nan,nan,nan,,0.0663474649991258,0.05546032499842113,0.04427447700072662,0.04427447700072662,0.03304663000017172,0.022072331001254497,nan,profile,1,1,1,2,67.87037992477417,32.12962007522583,0.8,-0.8,
1785159641.9024591,67.97335627000211,8.888888888888891,1.571730138822275,-8.888888888888891,-1.571730138822275,0.0,0.0011835245846173394,-2.8055409433631424,-0.5043599126138691,0.07458832301401834,0.010810971403009711,-0.3478723059321268,before_ekf,both,0.0011835245846173394,-0.5043599126138691,0.07458832301401834,0.010810971403009711,-0.3478723059321268,0.0011011337181110444,-0.5048450737528877,0.0753147784167603,0.008906537134208966,-0.3259871822474315,nan,nan,nan,nan,-0.4914,nan,nan,nan,,0.06962046899934649,0.058875913000520086,0.04743512999993982,0.04743512999993982,0.03622945299866842,0.024918515999161173,nan,profile,1,1,1,2,67.97438979148865,32.02561020851135,0.8,-0.8,
1785159642.015167,68.08607005500016,8.888888888888891,1.569606000388442,-8.888888888888891,-1.569606000388442,0.0,1.0875406277957924e-06,-2.8055409433631424,-0.5043700084548518,0.07422761443422934,0.010966205968157424,-0.4153534737498944,before_ekf,both,1.0875406277957924e-06,-0.5043700084548518,0.07422761443422934,0.010966205968157424,-0.4153534737498944,0.0003263635126276568,-0.5058243124495426,0.07537922680210273,0.008881496399001838,-0.39140079675742223,nan,nan,nan,nan,-0.4862,nan,nan,nan,,0.07784311499926844,0.06697183899814263,0.0532132640000782,0.0532132640000782,0.039669243997195736,0.023185867998108733,nan,profile,1,1,1,2,68.08700060844421,31.912999391555786,0.8,-0.8,
1785159642.1179273,68.18882528200265,8.888888888888891,1.571706266137677,-8.888888888888891,-1.571706266137677,0.0,1.0875406277957924e-06,-2.8055409433631424,-0.503994646091183,0.07422761443422934,0.010966205968157424,-0.48145747487750007,before_ekf,both,1.0875406277957924e-06,-0.503994646091183,0.07422761443422934,0.010966205968157424,-0.48145747487750007,7.456250511259802e-05,-0.5053682775110534,0.07537757144290508,0.00888146426750548,-0.42680668299743374,nan,nan,nan,nan,-0.4803,nan,nan,nan,,0.06793506699978025,0.05698229200061178,0.045431689999531955,0.045431689999531955,0.034185078999144025,0.022874838999996427,nan,profile,1,1,1,2,68.18985319137573,31.810146808624268,0.8,-0.8,
1785159642.219456,68.29035861800003,8.888888888888891,1.5690537513891416,-8.888888888888891,-1.5690537513891416,0.0,-0.0011824370439895502,-2.8055409433631424,-0.49970219874582744,0.07422761443422934,0.010966205968157424,-0.5145094754413064,before_ekf,both,-0.0011824370439895502,-0.49970219874582744,0.07422761443422934,0.010966205968157424,-0.5145094754413064,-0.0008869577538202486,-0.5015648523197473,0.07529936979187146,0.008918504240148636,-0.49235687418481344,nan,nan,nan,nan,-0.4757,nan,nan,nan,,0.06677297199712484,0.056056429999443935,0.04484116199819255,0.04484116199819255,0.03320032999909017,0.02198927399876993,nan,profile,1,1,1,2,68.29100298881531,31.708997011184692,0.8,-0.8,
1785159642.3226557,68.39355309500024,8.888888888888891,1.8332423358307404,-8.888888888888891,-1.5713505735692062,0.0,-0.0011771637775360127,-2.8055409433631424,-0.4997854349973678,0.07388750455831308,0.011162506049803383,-0.581990643259067,before_ekf,both,-0.0011771637775360127,-0.4997854349973678,0.07388750455831308,0.011162506049803383,-0.581990643259067,-0.0020175551301493434,-0.500821625407724,0.07514727684216406,0.008999515834956973,-0.5272999958042534,nan,nan,nan,nan,-0.4802,nan,nan,nan,,0.06885486999817658,0.058135425999353174,0.04675942499670782,0.04675942499670782,0.033534655998664675,0.022391165999579243,nan,profile,1,1,1,2,68.39442372322083,31.605576276779175,0.8,-0.8,
1785159642.4225836,68.49348686800295,8.888888888888891,1.5717684498634528,-8.888888888888891,-1.5717684498634528,0.0,-0.0011771637775360015,-2.8055409433631424,-0.4991921941918774,0.07388750455831308,0.011162506049803395,-0.6150426438228663,before_ekf,both,-0.0011771637775360015,-0.4991921941918774,0.07388750455831308,0.011162506049803395,-0.6150426438228663,-0.0013134690859037948,-0.49755246793155344,0.07502503257596903,0.009078904193778672,-0.5922019783828292,nan,nan,nan,nan,-0.4754,nan,nan,nan,,0.06593124400023953,0.055147809001937276,0.04400445000283071,0.04400445000283071,0.03290235299937194,0.021936149001703598,nan,profile,1,1,1,2,68.4940595626831,31.505940437316895,0.8,-0.8,
1785159642.523937,68.59483916300087,8.888888888888891,1.5709943349208702,-8.888888888888891,-1.5709943349208702,0.0,3.967465095732602e-06,-2.8055409433631424,-0.49580309242444776,0.07419877065506902,0.010923083752076054,-0.6797694782603102,before_ekf,both,3.967465095732602e-06,-0.49580309242444776,0.07419877065506902,0.010923083752076054,-0.6797694782603102,-0.0012532250113610696,-0.49743945435845316,0.0749722696260977,0.009115544653713338,-0.6198298258086923,nan,nan,nan,nan,-0.4846,nan,nan,nan,,0.06774229800066678,0.05701845799922012,0.04571788099929108,0.04571788099929108,0.033729044000210706,0.02264297799774795,nan,profile,1,1,1,2,68.5956563949585,31.404343605041504,0.8,-0.8,
1785159642.628744,68.69964772200183,8.888888888888891,1.5711729526633795,-8.888888888888891,-1.5711729526633795,0.0,-2.078769268698915e-06,-2.8055409433631424,-0.49610653419570233,0.07389558765700728,0.011172660432548285,-0.7141986455142713,before_ekf,both,-2.078769268698915e-06,-0.49610653419570233,0.07389558765700728,0.011172660432548285,-0.7141986455142713,-0.00012245548513953794,-0.49360192000500624,0.07496785223099975,0.009122769248379077,-0.690949764163117,nan,nan,nan,nan,-0.4917,nan,nan,nan,,0.06656018200010294,0.055567749001056654,0.04452811000010115,0.04452811000010115,0.03320292799980962,0.022112210001068888,nan,profile,1,1,1,2,68.70027303695679,31.299726963043213,0.8,-0.8,
1785159642.7405138,68.81141247100095,8.888888888888891,1.8329532687881884,-8.888888888888891,-1.5711028018184474,0.0,0.0011747822160097275,-2.8055409433631424,-0.492322308650975,0.0741903586776974,0.010913200098392892,-0.7789254799517223,before_ekf,both,0.0011747822160097275,-0.492322308650975,0.0741903586776974,0.010913200098392892,-0.7789254799517223,0.0008189136799194775,-0.49002663613662384,0.07503519318545922,0.00906899191663716,-0.7254307178370505,nan,nan,nan,nan,-0.5013,nan,nan,nan,,0.0770915889988828,0.06642829699922004,0.054867537997779436,0.054867537997779436,0.03492670899868244,0.02268650199766853,nan,profile,1,1,1,2,68.812335729599,31.187664270401,0.8,-0.8,
1785159642.8436935,68.91459550500076,8.888888888888891,1.569490871372815,-8.888888888888891,-1.569490871372815,0.0,0.0011730737778710147,-2.8055409433631424,-0.4918767062913976,0.07445839238884233,0.010626202625707347,-0.8436523143891662,before_ekf,both,0.0011730737778710147,-0.4918767062913976,0.07445839238884233,0.010626202625707347,-0.8436523143891662,0.0011776920426564083,-0.4857220458561367,0.075150327083143,0.008961958310651365,-0.7886914406660653,nan,nan,nan,nan,-0.5082,nan,nan,nan,,0.06866610699944431,0.057866496998030925,0.0458433879975928,0.0458433879975928,0.03400969199719839,0.022773319997213548,nan,profile,1,1,1,2,68.9153037071228,31.084696292877197,0.8,-0.8,
1785159642.948731,69.01963301900105,8.888888888888891,1.5719706045562063,-8.888888888888891,-1.5719706045562063,0.0,0.0023562837897714295,-2.8055409433631424,-0.4876691777146157,0.07445839238884291,0.010626202625706679,-0.8767043149529655,before_ekf,both,0.0023562837897714295,-0.4876691777146157,0.07445839238884291,0.010626202625706679,-0.8767043149529655,0.0020696566384461007,-0.48705195164241544,0.07531192753749508,0.008790962160066283,-0.8518778816080381,nan,nan,nan,nan,-0.514,nan,nan,nan,,0.07060535399796208,0.05879246599943144,0.04716340199956903,0.04716340199956903,0.03393202200095402,0.0225202609981352,nan,profile,1,1,1,2,69.02025961875916,30.979740381240845,0.8,-0.8,
1785159643.0502942,69.12119753000297,8.888888888888891,1.5694006901491608,-8.888888888888891,-1.5694006901491608,0.0,0.0023526373246694557,-2.8055409433631424,-0.48770641000508297,0.07470224809675309,0.01031839747084686,-0.9414311493904094,before_ekf,both,0.0023526373246694557,-0.48770641000508297,0.07470224809675309,0.01031839747084686,-0.9414311493904094,0.002327507805550371,-0.48785251651968087,0.07542005135571452,0.008664443050094207,-0.8861668812436481,nan,nan,nan,nan,-0.517,nan,nan,nan,,0.06735653400028241,0.05591066400302225,0.04450341700066929,0.04450341700066929,0.033144016000733245,0.022131924000859726,nan,profile,1,1,1,2,69.1219174861908,30.878082513809204,0.8,-0.8,
1785159643.152692,69.22358999800053,8.888888888888891,1.5680978655829085,-8.888888888888891,-1.5680978655829085,0.0,0.002352637324669472,-2.8055409433631424,-0.487633058005958,0.07470224809675309,0.01031839747084686,-0.9744831499542158,before_ekf,both,0.002352637324669472,-0.487633058005958,0.07470224809675309,0.01031839747084686,-0.9744831499542158,0.002415544146447542,-0.49018597649015955,0.07560543886929148,0.008422960302655283,-0.949406426521703,nan,nan,nan,nan,-0.5187,nan,nan,nan,,0.0678219099972921,0.05667268199977116,0.0453076379999402,0.0453076379999402,0.03352609399735229,0.02241969599708682,nan,profile,1,1,1,2,69.22445392608643,30.775546073913574,0.8,-0.8,
1785159643.264544,69.33544860800248,8.888888888888891,1.5723894718077323,-8.888888888888891,-1.5723894718077323,0.0,0.0011732145201737748,-2.8055409433631424,-0.49137932982106447,0.07470224809675309,0.01031839747084686,-1.0405871510818214,before_ekf,both,0.0011732145201737748,-0.49137932982106447,0.07470224809675309,0.01031839747084686,-1.0405871510818214,0.0015568451739269885,-0.49288966297831965,0.07564718542159313,0.008358266091314669,-0.9829845769883168,nan,nan,nan,nan,-0.5147,nan,nan,nan,,0.07748480800000834,0.06670149799901992,0.05259560100239469,0.05259560100239469,0.03935175500009791,0.026331689001381164,nan,profile,1,1,1,2,69.3370668888092,30.662933111190796,0.8,-0.8,
1785159643.3931417,69.46404340100344,8.888888888888891,1.5715796964103692,-8.888888888888891,-1.5715796964103692,0.0,0.00117106244519188,-2.8055409433631424,-0.4995937551678229,0.07488068154623136,0.00996858330038413,-1.108068318899589,before_ekf,both,0.00117106244519188,-0.4995937551678229,0.07488068154623136,0.00996858330038413,-1.108068318899589,0.0003650465640437568,-0.4977755659429094,0.07568333774550334,0.008295966798349796,-1.0492549912212192,nan,nan,nan,nan,-0.5116,nan,nan,nan,,0.08506383400163031,0.07339327900263015,0.058672742001363076,0.058672742001363076,0.04305393700269633,0.02998894700067467,nan,profile,1,1,1,2,69.46561980247498,30.534380197525024,0.8,-0.8,
1785159643.518182,69.58907778499997,8.888888888888891,1.5712786150530011,-8.888888888888891,-1.5712786150530011,0.0,5.455146434687787e-05,-2.8055409433631424,-0.5039615776268567,0.07471439527225139,0.010324332263608418,-1.1755494867173568,before_ekf,both,5.455146434687787e-05,-0.5039615776268567,0.07471439527225139,0.010324332263608418,-1.1755494867173568,0.00029497854824847184,-0.505306287138395,0.0757237905480717,0.00822262431835547,-1.1196253612740907,nan,nan,nan,nan,-0.5075,nan,nan,nan,,0.08223387999896659,0.06882609099920955,0.05294967299778364,0.05294967299778364,0.036827311996603385,0.02304861999800778,nan,profile,1,1,1,2,69.59001398086548,30.40998601913452,0.8,-0.8,
1785159643.6424768,69.7133723950028,8.888888888888891,1.309825442883134,-8.888888888888891,-1.5717905314597609,0.0,5.455146434687787e-05,-2.8055409433631424,-0.5039060152660902,0.07471439527225139,0.010324332263608418,-1.2086014872811561,before_ekf,both,5.455146434687787e-05,-0.5039060152660902,0.07471439527225139,0.010324332263608418,-1.2086014872811561,5.1642580190132596e-05,-0.5080364728585856,0.07572496167109644,0.008218421528624615,-1.1852363094598235,nan,nan,nan,nan,-0.5059,nan,nan,nan,,0.07801134300098056,0.06707395600096788,0.0556659550020413,0.0556659550020413,0.036246889001631644,0.024165909002476837,nan,profile,1,1,1,2,69.71446967124939,30.28553032875061,0.8,-0.8,
1785159643.7751195,69.84602199800065,8.888888888888891,1.5705726301351866,-8.888888888888891,-1.5705726301351866,0.0,6.835027513457526e-05,-2.8055409433631424,-0.5044499819853285,0.07484413757695543,0.009953690409361789,-1.2760826550989237,before_ekf,both,6.835027513457526e-05,-0.5044499819853285,0.07484413757695543,0.009953690409361789,-1.2760826550989237,0.00029901375189284507,-0.5098586247706152,0.07575759433569709,0.008136809619983462,-1.2514757754269277,nan,nan,nan,nan,-0.4978,nan,nan,nan,,0.09520756599886226,0.08274759499909123,0.07085806699979003,0.07085806699979003,0.046164093997504096,0.022944063999602804,nan,profile,1,1,1,2,69.84684085845947,30.153159141540527,0.8,-0.8,
1785159643.8777106,69.94861282400234,8.888888888888891,1.5703458259843384,-8.888888888888891,-1.5703458259843384,0.0,4.796253033254559e-06,-2.8055409433631424,-0.5040604508764353,0.07473344161525403,0.010330459375456721,-1.3435638229166913,before_ekf,both,4.796253033254559e-06,-0.5040604508764353,0.07473344161525403,0.010330459375456721,-1.3435638229166913,4.983057619801838e-06,-0.5103355995133692,0.07575672203937589,0.008137144043516538,-1.3229601107550466,nan,nan,nan,nan,-0.4926,nan,nan,nan,,0.06748960500044632,0.05664113199964049,0.044906103001267184,0.044906103001267184,0.033237613999517635,0.022252507002122,nan,profile,1,1,1,2,69.94932222366333,30.05067777633667,0.8,-0.8,
1785159643.9806323,70.05151682500218,8.888888888888891,1.5709433828049613,-8.888888888888891,-1.8327672799391213,0.0,-8.49444681299289e-06,-2.8055409433631424,-0.5038454965924739,0.0748121331258776,0.009945730775134658,-1.4110449907344587,before_ekf,both,-8.49444681299289e-06,-0.5038454965924739,0.0748121331258776,0.009945730775134658,-1.4110449907344587,0.000846418766276386,-0.5114679413708867,0.07577835521865846,0.008058147744920512,-1.3535987890458394,nan,nan,nan,nan,-0.4909,nan,nan,nan,,0.06793178299994906,0.05694206000043778,0.045364549001533305,0.045364549001533305,0.03371349300141446,0.022344212000461994,nan,profile,1,1,1,2,70.05216145515442,29.94783854484558,0.8,-0.8,
1785159644.0815322,70.15243097400162,8.888888888888891,1.5702513082683098,-8.888888888888891,-1.5702513082683098,0.0,-0.0011796068505884973,-2.8055409433631424,-0.5079261219588669,0.07475956295223807,0.01033488990273434,-1.4454741579884198,before_ekf,both,-0.0011796068505884973,-0.5079261219588669,0.07475956295223807,0.01033488990273434,-1.4454741579884198,-0.0008189658500455542,-0.5116285563963765,0.07575823798649368,0.00814781103697905,-1.4253568834845822,nan,nan,nan,nan,-0.495,nan,nan,nan,,0.06706213700090302,0.056324356999539305,0.045102374999260064,0.045102374999260064,0.033520494998811046,0.022423066999181174,nan,profile,1,1,1,2,70.15322923660278,29.846770763397217,0.8,-0.8,
1785159644.1832395,70.2541419520021,8.888888888888891,1.569935436998664,-8.888888888888891,-1.569935436998664,0.0,0.0011762773777844488,-2.8055409433631424,-0.5082347509777352,0.07479224380467454,0.00994355831490285,-1.5129553258061874,before_ekf,both,0.0011762773777844488,-0.5082347509777352,0.07479224380467454,0.00994355831490285,-1.5129553258061874,-0.00025642477378551043,-0.5066992083780001,0.07576116826300132,0.008140096189069032,-1.4554032001652397,nan,nan,nan,nan,-0.4903,nan,nan,nan,,0.06726024000090547,0.0564294850009901,0.04484666400094284,0.04484666400094284,0.03335595799944713,0.022353542000928428,nan,profile,1,1,1,2,70.25473856925964,29.745261430740356,0.8,-0.8,
1785159644.2842708,70.35517507200348,8.888888888888891,1.8334826801754076,-8.888888888888891,-1.5715565830074925,0.0,4.706821648396524e-06,-2.8055409433631424,-0.5042677920849175,0.07479224380467454,0.00994355831490285,-1.5460073263699867,before_ekf,both,4.706821648396524e-06,-0.5042677920849175,0.07479224380467454,0.00994355831490285,-1.5460073263699867,0.00021584280808272066,-0.503609621255825,0.07577085931458134,0.00805866038695418,-1.5259243339305155,nan,nan,nan,nan,-0.4913,nan,nan,nan,,0.0671595520034316,0.055995439000980696,0.04422192200217978,0.04422192200217978,0.03286195300097461,0.02191928300089785,nan,profile,1,1,1,2,70.35575103759766,29.644248962402344,0.8,-0.8,
1785159644.3867424,70.45763627800261,8.888888888888891,1.5705953848213625,-8.888888888888891,-1.5705953848213625,0.0,0.0023577302101225545,-2.8055409433631424,-0.5041590781833272,0.07478548407765223,0.009550922662115333,-1.6134884941877543,before_ekf,both,0.0023577302101225545,-0.5041590781833272,0.07478548407765223,0.009550922662115333,-1.6134884941877543,5.214050841403386e-05,-0.5019694536018505,0.07577035011559019,0.00806019406157277,-1.5582171680560462,nan,nan,nan,nan,-0.4917,nan,nan,nan,,0.06722876600179006,0.056347393001487944,0.04483603600237984,0.04483603600237984,0.03330872700098553,0.022376340999471722,nan,profile,1,1,1,2,70.45863008499146,29.541369915008545,0.8,-0.8,
1785159644.489083,70.55998329100112,8.888888888888891,1.5708406402093569,-8.888888888888891,-1.5708406402093569,0.0,0.002357730210122547,-2.8055409433631424,-0.5040535732366224,0.07478548407765219,0.009550922662114446,-1.6465404947515538,before_ekf,both,0.002357730210122547,-0.5040535732366224,0.07478548407765219,0.009550922662114446,-1.6465404947515538,0.0022205214204834077,-0.5025263639158384,0.07577208653129251,0.0077449209397956525,-1.6220841541779814,nan,nan,nan,nan,-0.4931,nan,nan,nan,,0.06754294499842217,0.056635120999999344,0.04517859900079202,0.04517859900079202,0.033911644997715484,0.022918341997865355,nan,profile,1,1,1,2,70.56107258796692,29.43892741203308,0.8,-0.8,
1785159644.5965908,70.66749296700073,8.888888888888891,1.5711859652024072,-8.888888888888891,-1.5711859652024072,0.0,0.0011819109846959645,-2.8055409433631424,-0.49953141346718094,0.0747854840776523,0.009550922662115328,-1.7126444958791522,before_ekf,both,0.0011819109846959645,-0.49953141346718094,0.0747854840776523,0.009550922662115328,-1.7126444958791522,0.0015086406348990024,-0.5001405766425885,0.07576389066103895,0.00765433742662712,-1.6586519327950506,nan,nan,nan,nan,-0.499,nan,nan,nan,,0.07179602299947874,0.05803267299779691,0.04608809999990626,0.04608809999990626,0.033943040998565266,0.022612988999753725,nan,profile,1,1,1,2,70.66847443580627,29.331525564193726,0.8,-0.8,
1785159644.7028582,70.77375940000275,8.888888888888891,1.5674038848486467,-8.888888888888891,-1.5674038848486467,0.0,0.0011819109846986317,-2.8055409433631424,-0.5000298970917936,0.07478548407765216,0.00955092266211445,-1.7456964964429518,before_ekf,both,0.0011819109846986317,-0.5000298970917936,0.07478548407765216,0.00955092266211445,-1.7456964964429518,0.001231864018042024,-0.49675407043185515,0.07574408561217931,0.0074979323093002145,-1.7259314443289355,nan,nan,nan,nan,-0.5075,nan,nan,nan,,0.07054907600104343,0.05980351600010181,0.04856520899920724,0.04856520899920724,0.03692086000228301,0.025620947999414057,nan,profile,1,1,1,2,70.77483534812927,29.225164651870728,0.8,-0.8,
1785159644.8094041,70.88030607600012,8.888888888888891,1.831257230371795,-8.888888888888891,-1.569649054604396,0.0,0.0011775003961696845,-2.8055409433631424,-0.5002579419142579,0.07470732247689868,0.009166086055335743,-1.8297036645426117,before_ekf,both,0.0011775003961696845,-0.5002579419142579,0.07470732247689868,0.009166086055335743,-1.8297036645426117,0.0012070028631675246,-0.49600697206810634,0.07573209659170647,0.007427981249675948,-1.756017650271543,nan,nan,nan,nan,-0.5104,nan,nan,nan,,0.07146503599869902,0.060560803998669144,0.04793532999974559,0.04793532999974559,0.03413275299681118,0.02295787499679136,nan,profile,1,1,1,2,70.88109087944031,29.118909120559692,0.8,-0.8,
1785159644.9124742,70.98337321000145,8.888888888888891,1.5704663090047226,-8.888888888888891,-1.5704663090047226,0.0,0.0023552028559410015,-2.8055409433631424,-0.4961049941159443,0.07459766426516169,0.00878901219488216,-1.8779044986981561,before_ekf,both,0.0023552028559410015,-0.4961049941159443,0.07459766426516169,0.00878901219488216,-1.8779044986981561,0.001197721642140899,-0.492957504806094,0.07569643536015573,0.007267198837026116,-1.8250584819362798,nan,nan,nan,nan,-0.5114,nan,nan,nan,,0.06812857600016287,0.05732923300092807,0.04605306300072698,0.04605306300072698,0.03455233899876475,0.02356257399878814,nan,profile,1,1,1,2,70.98455166816711,29.015448331832886,0.8,-0.8,
1785159645.0146697,71.0855722410015,8.888888888888891,1.5711218475304867,-8.888888888888891,-1.5711218475304867,0.0,0.0023552028559410015,-2.8055409433631424,-0.4958594570243687,0.07459766426516141,0.008789012194881315,-1.9109564992619552,before_ekf,both,0.0023552028559410015,-0.4958594570243687,0.07459766426516141,0.008789012194881315,-1.9109564992619552,0.002311103985877187,-0.4882635750261167,0.07561146015916038,0.006964274701486579,-1.8884938849263788,nan,nan,nan,nan,-0.5132,nan,nan,nan,,0.06717185999877984,0.056278871998074464,0.044923909998033196,0.044923909998033196,0.03335160899951006,0.022226982000574935,nan,profile,1,1,1,2,71.08625841140747,28.91374158859253,0.8,-0.8,
1785159645.1167192,71.18761911200272,8.888888888888891,1.5681050508203755,-8.888888888888891,-1.5681050508203755,0.0,0.0011777024597740024,-2.8055409433631424,-0.49171512861426453,0.0745976642651614,0.00878901219488132,-1.9440084998257545,before_ekf,both,0.0011777024597740024,-0.49171512861426453,0.0745976642651614,0.00878901219488132,-1.9440084998257545,0.0015244253965249913,-0.48627170554753407,0.07558371623847253,0.006891667487774651,-1.922453554012492,nan,nan,nan,nan,-0.5091,nan,nan,nan,,0.06768524099970818,0.056849797001632396,0.04502361300183111,0.04502361300183111,0.03356144400095218,0.0225450580001052,nan,profile,1,1,1,2,71.18876647949219,28.811233520507812,0.8,-0.8,
1785159645.2187645,71.28966764500001,8.888888888888891,1.571458995338641,-8.888888888888891,-1.571458995338641,0.0,0.001178131510516935,-2.8055409433631424,-0.4834252691568445,0.07458619178570765,0.008793817091954589,-2.007358167573044,before_ekf,both,0.001178131510516935,-0.4834252691568445,0.07458619178570765,0.008793817091954589,-2.007358167573044,0.000964580118002455,-0.48175573043345754,0.07555462094539499,0.006827720219212408,-1.9855312171200645,nan,nan,nan,nan,-0.5072,nan,nan,nan,,0.06664323499717284,0.05570553799771005,0.04434209199826,0.04434209199826,0.03315877999921213,0.022082244999182876,nan,profile,1,1,1,2,71.2902512550354,28.7097487449646,0.8,-0.8,
1785159645.3189476,71.38985010100077,8.888888888888891,1.5708392735406354,-8.888888888888891,-1.5708392735406354,0.0,-0.0011823985980055,-2.8055409433631424,-0.48340299707516793,0.07476076112677678,0.009145577187470477,-2.0720850020104877,before_ekf,both,-0.0011823985980055,-0.48340299707516793,0.07476076112677678,0.009145577187470477,-2.0720850020104877,-0.0006102322254325803,-0.4805682414176969,0.07558919076400838,0.006914648110555941,-2.0189611220586254,nan,nan,nan,nan,-0.5035,nan,nan,nan,,0.06646952499795589,0.055681978999928106,0.044447170999774244,0.044447170999774244,0.03339029799826676,0.022367767000105232,nan,profile,1,1,1,2,71.39049553871155,28.609504461288452,0.8,-0.8,
1785159645.4203982,71.4912959860012,8.888888888888891,1.5714955951898884,-8.888888888888891,-1.5714955951898884,0.0,-0.0011823985980055282,-2.8055409433631424,-0.4832755322079314,0.07476076112677676,0.009145577187470484,-2.105137002574287,before_ekf,both,-0.0011823985980055282,-0.4832755322079314,0.07476076112677676,0.009145577187470484,-2.105137002574287,-0.0012084300863958672,-0.48522527343278393,0.07566218091202796,0.007058883578570584,-2.082533082920656,nan,nan,nan,nan,-0.5067,nan,nan,nan,,0.06784419199902914,0.05693944700033171,0.04550399599975208,0.04550399599975208,0.03400575200066669,0.02288093400056823,nan,profile,1,1,1,2,71.49233675003052,28.507663249969482,0.8,-0.8,
1785159645.5242383,71.59513644200342,8.888888888888891,1.5715647905461778,-8.888888888888891,-1.5715647905461778,0.0,-0.0011828276487511437,-2.8055409433631424,-0.4916926657158288,0.07476076112677675,0.009145577187470492,-2.1712410037018857,before_ekf,both,-0.0011828276487511437,-0.4916926657158288,0.07476076112677675,0.009145577187470492,-2.1712410037018857,-0.00038374172237774367,-0.4896849924308066,0.07566154626236886,0.007052279215802576,-2.116281180918642,nan,nan,nan,nan,-0.5026,nan,nan,nan,,0.06919356100115692,0.0583665550002479,0.045779151001624996,0.045779151001624996,0.03412590000152704,0.023002732003078563,nan,profile,1,1,1,2,71.5961332321167,28.4038667678833,0.8,-0.8,
1785159645.6351278,71.70600858100079,8.888888888888891,1.5741173365869345,-8.888888888888891,-1.5741173365869345,0.0,-0.0011740424177729253,-2.8055409433631424,-0.4997569271003065,0.07499081882558543,0.00946382536887857,-2.205670170955847,before_ekf,both,-0.0011740424177729253,-0.4997569271003065,0.07499081882558543,0.00946382536887857,-2.205670170955847,-0.0011749187070662778,-0.4994724147251045,0.07574847290848867,0.007190213987992045,-2.181590547225957,nan,nan,nan,nan,-0.5023,nan,nan,nan,,0.07577201899766806,0.06499245599843562,0.053586506997817196,0.053586506997817196,0.0421992939991469,0.030967750997660914,nan,profile,1,1,1,2,71.71112656593323,28.288873434066772,0.8,-0.8,
1785159645.7454236,71.81631773000117,8.888888888888891,1.5748649273400825,-8.888888888888891,-1.5748649273400825,0.0,-0.002357686073528099,-2.8055409433631424,-0.5042803984517217,0.07524181237893422,0.009765836438090595,-2.2731513387736073,before_ekf,both,-0.002357686073528099,-0.5042803984517217,0.07524181237893422,0.009765836438090595,-2.2731513387736073,-0.002099828372204333,-0.506597435156776,0.0758883685695233,0.00737932230092801,-2.2470374948695544,nan,nan,nan,nan,-0.4946,nan,nan,nan,,0.06740231699950527,0.056447246999596246,0.04506062499785912,0.04506062499785912,0.03315056299834396,0.02207968400034588,nan,profile,1,1,1,2,71.81704783439636,28.182952165603638,0.8,-0.8,
1785159645.8482232,71.91912666200005,8.888888888888891,1.5701381562825463,-8.888888888888891,-1.5701381562825463,0.0,-0.0035336312202204115,-2.8055409433631424,-0.5081024593001782,0.07551259926912685,0.010050235646686195,-2.340632506591368,before_ekf,both,-0.0035336312202204115,-0.5081024593001782,0.07551259926912685,0.010050235646686195,-2.340632506591368,-0.0023625100376409064,-0.5080248753036813,0.07599339390488263,0.007506884193630351,-2.282371318481352,nan,nan,nan,nan,-0.4871,nan,nan,nan,,0.06766193299699808,0.05664487699687015,0.04517913199742907,0.04517913199742907,0.033843801997136325,0.02241873699676944,nan,profile,1,1,1,2,71.91978907585144,28.08021092414856,0.8,-0.8,
1785159645.9493983,72.0203017490021,8.888888888888891,1.5709544119373697,-8.888888888888891,-1.5709544119373697,0.0,-0.0011818273943890029,-2.8055409433631424,-0.5083385595681631,0.07523676440001684,0.009770729699105364,-2.375061673845336,before_ekf,both,-0.0011818273943890029,-0.5083385595681631,0.07523676440001684,0.009770729699105364,-2.375061673845336,-0.0018440905799896174,-0.5121491493844782,0.07619967541413913,0.007732440711947242,-2.349238058295228,nan,nan,nan,nan,-0.4841,nan,nan,nan,,0.06737806299861404,0.05655905100138625,0.04497595200155047,0.04497595200155047,0.03349922200141009,0.022235995998926228,nan,profile,1,1,1,2,72.02100038528442,27.978999614715576,0.8,-0.8,
1785159646.0506845,72.12158653400184,8.888888888888891,1.5712552747480977,-8.888888888888891,-1.5712552747480977,0.0,-0.0023533622624484175,-2.8055409433631424,-0.5121424329166773,0.07582072349483611,0.010295539445486227,-2.4439200083532584,before_ekf,both,-0.0023533622624484175,-0.5121424329166773,0.07582072349483611,0.010295539445486227,-2.4439200083532584,-0.002280620000428291,-0.5135813683366104,0.07631942048063715,0.007851560017582021,-2.385646410153739,nan,nan,nan,nan,-0.4851,nan,nan,nan,,0.06690744699881179,0.056040564999420894,0.04471992199978558,0.04471992199978558,0.033470925998699386,0.022356924000632716,nan,profile,1,1,1,2,72.1222243309021,27.8777756690979,0.8,-0.8,
1785159646.1537826,72.2246845280024,8.888888888888891,1.5705308913689466,-8.888888888888891,-1.5705308913689466,0.0,-0.00235336226244576,-2.8055409433631424,-0.508620685328337,0.07582072349483611,0.010295539445486227,-2.4769720089170577,before_ekf,both,-0.00235336226244576,-0.508620685328337,0.07582072349483611,0.010295539445486227,-2.4769720089170577,-0.0024247308460881786,-0.5112111073251259,0.07654728623915327,0.008053429379623887,-2.4516353230161396,nan,nan,nan,nan,-0.4839,nan,nan,nan,,0.06945994399939082,0.05863690299884183,0.0452442730020266,0.0452442730020266,0.03351862799900118,0.02244676500049536,nan,profile,1,1,1,2,72.22530388832092,27.774696111679077,0.8,-0.8,
1785159646.2545931,72.32549641100195,8.888888888888891,1.570631520429458,-8.888888888888891,-1.570631520429458,0.0,-0.003635055539603394,-2.8055409433631424,-0.5087827443909128,0.07613198841090066,0.01053496083504148,-2.544453176734818,before_ekf,both,-0.003635055539603394,-0.5087827443909128,0.07613198841090066,0.01053496083504148,-2.544453176734818,-0.0025140939929637215,-0.5114191801669066,0.07668163722875267,0.008160822349372444,-2.4873270571619672,nan,nan,nan,nan,-0.4799,nan,nan,nan,,0.06653724200077704,0.05579314699934912,0.044404634998500114,0.044404634998500114,0.03301714099870878,0.021937796998827253,nan,profile,1,1,1,2,72.32608366012573,27.673916339874268,0.8,-0.8,
1785159646.3575718,72.42846848300178,8.888888888888891,1.3091735334136694,-8.888888888888891,-1.5710082400964034,0.0,-0.0036317938307522724,-2.8055409433631424,-0.508899310638634,0.07645868906690276,0.010752848721621796,-2.5788823439887794,before_ekf,both,-0.0036317938307522724,-0.508899310638634,0.07645868906690276,0.010752848721621796,-2.5788823439887794,-0.003652733252906645,-0.5082073618514206,0.07707291714897022,0.008445776777247612,-2.5538561363934424,nan,nan,nan,nan,-0.4835,nan,nan,nan,,0.06919925900001545,0.05843017200095346,0.046105664001515834,0.046105664001515834,0.03431598699899041,0.022871484001370845,nan,profile,1,1,1,2,72.4295003414154,27.570499658584595,0.8,-0.8,
1785159646.4607759,72.53167567300261,8.888888888888891,1.5707955885209701,-8.888888888888891,-1.5707955885209701,0.0,-0.0024702932464770932,-2.8055409433631424,-0.5170140194377272,0.07646213189706184,0.010746719038513746,-2.647740678496709,before_ekf,both,-0.0024702932464770932,-0.5170140194377272,0.07646213189706184,0.010746719038513746,-2.647740678496709,-0.0028683268938992966,-0.5063699403260905,0.07721663774781479,0.008535139682304103,-2.5891959158362683,nan,nan,nan,nan,-0.4873,nan,nan,nan,,0.06783761500264518,0.057019864001631504,0.04578394700001809,0.04578394700001809,0.0344374689993856,0.02303504100200371,nan,profile,1,1,1,2,72.53264808654785,27.46735191345215,0.8,-0.8,
1785159646.5670998,72.63799705700148,8.888888888888891,1.5711497097876221,-8.888888888888891,-1.5711497097876221,0.0,-0.0011904162306802962,-2.8055409433631424,-0.5086416377718921,0.07646213189706105,0.010746719038513331,-2.680792679060515,before_ekf,both,-0.0011904162306802962,-0.5086416377718921,0.07646213189706105,0.010746719038513331,-2.680792679060515,-0.001631355501741852,-0.5071035720475874,0.07741474086385401,0.00864581708501323,-2.6550155927421217,nan,nan,nan,nan,-0.491,nan,nan,nan,,0.07099451999965822,0.058136638999712886,0.045694360000197776,0.045694360000197776,0.034172879000834655,0.023026009999739472,nan,profile,1,1,1,2,72.63933086395264,27.360669136047363,0.8,-0.8,
1785159646.6699185,72.74081765600204,8.888888888888891,1.5712154327994414,-8.888888888888891,-1.5712154327994414,0.0,-1.534358376775852e-05,-2.8055409433631424,-0.504420237231341,0.07646213189705862,0.01074671903851222,-2.746896680188121,before_ekf,both,-1.534358376775852e-05,-0.504420237231341,0.07646213189705862,0.01074671903851222,-2.746896680188121,-0.0003813212835495525,-0.5030846649880815,0.07742844346133125,0.008649189150398435,-2.6910369596250137,nan,nan,nan,nan,-0.5038,nan,nan,nan,,0.06753100499918219,0.056707755000388715,0.04494275799879688,0.04494275799879688,0.033710644998791395,0.022466248999990057,nan,profile,1,1,1,2,72.7415623664856,27.258437633514404,0.8,-0.8,
1785159646.7710006,72.84190370300348,8.888888888888891,1.570088907536717,-8.888888888888891,-1.570088907536717,0.0,1.8628756616837534e-14,-2.8055409433631424,-0.4953490818667299,0.07646213189705614,0.010746719038511285,-2.8130006813157267,before_ekf,both,1.8628756616837534e-14,-0.4953490818667299,0.07646213189705614,0.010746719038511285,-2.8130006813157267,-2.975593963343223e-05,-0.4997618142171654,0.0774308071026975,0.008649235575508691,-2.7554189224447327,nan,nan,nan,nan,-0.5087,nan,nan,nan,,0.06698372300161282,0.056059298000036506,0.04473089600287494,0.04473089600287494,0.0332438479999837,0.022194910001417156,nan,profile,1,1,1,2,72.84272503852844,27.157274961471558,0.8,-0.8,
1785159646.8734145,72.94431724700189,8.888888888888891,1.5720916674452048,-8.888888888888891,-1.5720916674452048,0.0,1.860698879675385e-14,-2.8055409433631424,-0.49539767566375587,0.0764621318970553,0.010746719038511019,-2.846052681879533,before_ekf,both,1.860698879675385e-14,-0.49539767566375587,0.0764621318970553,0.010746719038511019,-2.846052681879533,1.379071686042384e-05,-0.49571394849557315,0.07743059040307744,0.008649121947456338,-2.7895486068331987,nan,nan,nan,nan,-0.516,nan,nan,nan,,0.0682273599995824,0.057348262998857535,0.04564611800014973,0.04564611800014973,0.0339722040007473,0.02265762699971674,nan,profile,1,1,1,2,72.94500994682312,27.05499005317688,0.8,-0.8,
1785159646.9780052,73.04886501900182,8.888888888888891,1.5712159985881196,-8.888888888888891,-1.5712159985881196,0.0,1.0602908254549623e-14,-2.8055409433631424,-0.4948242325576276,0.0764621318970553,0.010746719038511019,-2.91215668300716,before_ekf,both,1.0602908254549623e-14,-0.4948242325576276,0.0764621318970553,0.010746719038511019,-2.91215668300716,2.6789460444025654e-05,-0.4947123188913873,0.07743046829377849,0.00864922821493971,-2.853941433865832,nan,nan,nan,nan,-0.5191,nan,nan,nan,,0.0705771380016813,0.05958740500136628,0.04822228500052006,0.04822228500052006,0.03686689200185356,0.025860185000055935,nan,profile,1,1,1,2,73.05110907554626,26.948890924453735,0.8,-0.8,
1785159647.086866,73.15776933800225,8.888888888888891,1.571025633696391,-8.888888888888891,-1.571025633696391,0.0,7.937703247601376e-15,-2.8055409433631424,-0.492120983876774,0.0764621318970553,0.010746719038511019,-2.9452086835709737,before_ekf,both,7.937703247601376e-15,-0.492120983876774,0.0764621318970553,0.010746719038511019,-2.9452086835709737,2.374811085616876e-05,-0.49245074674640704,0.07743049559652478,0.008649409226480474,-2.918084912129852,nan,nan,nan,nan,-0.516,nan,nan,nan,,0.06752573500125436,0.05633273399871541,0.04485321000174736,0.04485321000174736,0.033584119999432005,0.022568782998860115,nan,profile,1,1,1,2,73.15873599052429,26.841264009475708,0.8,-0.8,
1785159647.1890728,73.25997539900345,8.888888888888891,1.5708013376511638,-8.888888888888891,-1.5708013376511638,0.0,2.6574256716590075e-15,-2.8055409433631424,-0.49684963403835186,0.07646213189705442,0.010746719038510896,-3.0113126846986007,before_ekf,both,2.6574256716590075e-15,-0.49684963403835186,0.07646213189705442,0.010746719038510896,-3.0113126846986007,2.5137817749448153e-05,-0.49337926383216096,0.07743033354564693,0.008649454067140275,-2.952838386185386,nan,nan,nan,nan,-0.5142,nan,nan,nan,,0.06667321000350057,0.05594305800332222,0.04431044500233838,0.04431044500233838,0.03303983700243407,0.022104707000835333,nan,profile,1,1,1,2,73.26063680648804,26.739363193511963,0.8,-0.8,
1785159647.2913392,73.36223569100184,8.888888888888891,1.5704575476927083,-8.888888888888891,-1.5704575476927083,0.0,2.6574256716590075e-15,-2.8055409433631424,-0.4965283778809842,0.07646213189705442,0.010746719038510896,-3.044364685262414,before_ekf,both,2.6574256716590075e-15,-0.4965283778809842,0.07646213189705442,0.010746719038510896,-3.044364685262414,2.5276506195326242e-05,-0.49456253260289346,0.07743010932293647,0.00864957822825618,-3.0217090931977784,nan,nan,nan,nan,-0.5092,nan,nan,nan,,0.06807766799829551,0.05729659600183368,0.04559514200082049,0.04559514200082049,0.0337833910016343,0.02260139300051378,nan,profile,1,1,1,2,73.36323142051697,26.636768579483032,0.8,-0.8,
1785159647.3944588,73.46536220000053,8.888888888888891,1.5713823109724816,-8.888888888888891,-1.5713823109724816,0.0,2.9884408500449177e-18,-2.8055409433631424,-0.4999979411615727,0.07646213189705531,0.01074671903851093,-3.1104686863900413,before_ekf,both,2.9884408500449177e-18,-0.4999979411615727,0.07646213189705531,0.01074671903851093,-3.1104686863900413,2.2388278984743767e-05,-0.49620688852248207,0.07743021737502602,0.008649665014892428,-3.052103062130507,nan,nan,nan,nan,-0.5049,nan,nan,nan,,0.06760538999878918,0.05623045099855517,0.044997368997428566,0.044997368997428566,0.03357184500055155,0.022227687997656176,nan,profile,1,1,1,2,73.46599864959717,26.534001350402832,0.8,-0.8,
1785159647.4983034,73.56920052600253,8.888888888888891,1.5079203604177092,-8.888888888888891,-1.5079203604177092,0.0,2.9884408500449177e-18,-2.8055409433631424,-0.49560717754965183,0.07646213189705531,0.01074671903851093,3.139664620225732,before_ekf,both,2.9884408500449177e-18,-0.49560717754965183,0.07646213189705531,0.01074671903851093,3.139664620225732,2.2272364427846562e-05,-0.49950646225934325,0.07743005418992246,0.008649796426800848,-3.1215258163205997,nan,nan,nan,nan,-0.5006,nan,nan,nan,,0.06785756799945375,0.05705854199914029,0.04556100800255081,0.04556100800255081,0.03426435100118397,0.02332320799905574,nan,profile,1,1,1,2,73.57027316093445,26.42972683906555,0.8,-0.8,
1785159647.6042955,73.67519241700211,8.888888888888891,1.5718280432859488,-8.888888888888891,-1.5718280432859488,0.0,-2.6614350145927614e-15,-2.8055409433631424,-0.4958202831892596,0.07646213189705531,0.01074671903851093,3.073560619098105,before_ekf,both,-2.6614350145927614e-15,-0.4958202831892596,0.07646213189705531,0.01074671903851093,3.073560619098105,2.0689999669895557e-05,-0.5008448882570171,0.07743009132898553,0.008649863389890225,3.129479407363821,nan,nan,nan,nan,-0.4958,nan,nan,nan,,0.06848117299887235,0.05753259500124841,0.045920729000499705,0.045920729000499705,0.03406093400190002,0.022898317001818214,nan,profile,1,1,1,2,73.67615580558777,26.32384419441223,0.8,-0.8,
1785159647.7064865,73.77738369300278,8.888888888888891,1.56846683984436,-8.888888888888891,-1.56846683984436,0.0,-0.0011786126048575652,-2.8055409433631424,-0.49978062611017665,0.07685366266321965,0.01071651789787009,2.9895534509984163,before_ekf,both,-0.0011786126048575652,-0.49978062611017665,0.07685366266321965,0.01071651789787009,2.9895534509984163,-0.0008465221417786967,-0.5045070347433438,0.0775178770518895,0.008647222586739067,3.0610714809887494,nan,nan,nan,nan,-0.4918,nan,nan,nan,,0.06721717099935631,0.05650408099972992,0.045019922999927076,0.045019922999927076,0.03368750200024806,0.022605942001973744,nan,profile,1,1,1,2,73.77841114997864,26.221588850021362,0.8,-0.8,
1785159647.807552,73.87845465800274,8.888888888888891,1.5711037446646152,-8.888888888888891,-1.5711037446646152,0.0,-0.0011786126048575652,-2.8055409433631424,-0.4998258257424217,0.07685366266321965,0.01071651789787009,2.9730274507165095,before_ekf,both,-0.0011786126048575652,-0.4998258257424217,0.07685366266321965,0.01071651789787009,2.9730274507165095,-0.0011741033691631847,-0.5056307752636202,0.07766946226292408,0.008631058915362626,2.9953668278269774,nan,nan,nan,nan,-0.4902,nan,nan,nan,,0.06661943400104064,0.0557341070016264,0.04445326200220734,0.04445326200220734,0.03321304600103758,0.022268106000410626,nan,profile,1,1,1,2,73.87913298606873,26.120867013931274,0.8,-0.8,
1785159647.909406,73.98030548800307,8.888888888888891,1.5671945532567655,-8.888888888888891,-1.5671945532567655,0.0,-0.0011744838779124806,-2.8055409433631424,-0.507257829727829,0.07685104660844949,0.010703253965755227,2.904169116208573,before_ekf,both,-0.0011744838779124806,-0.507257829727829,0.07685104660844949,0.010703253965755227,2.904169116208573,-0.000344071592798936,-0.5068393908754691,0.07766776096134838,0.008628845695513225,2.9595285858405367,nan,nan,nan,nan,-0.4835,nan,nan,nan,,0.06756698900062474,0.056872131001000525,0.045639605003088946,0.045639605003088946,0.034519627999543445,0.023032171000522794,nan,profile,1,1,1,2,73.98135924339294,26.018640756607056,0.8,-0.8,
1785159648.012383,74.083283674001,8.888888888888891,1.5706375039304992,-8.888888888888891,-1.832410421252249,0.0,-0.0011951572270157784,-2.8055409433631424,-0.4998018306601348,0.07723201519712353,0.010608004009934616,2.8724942823349213,before_ekf,both,-0.0011951572270157784,-0.4998018306601348,0.07723201519712353,0.010608004009934616,2.8724942823349213,-0.0011427919049443488,-0.5051849150044001,0.0778274512787297,0.008596811967984246,2.893544785223604,nan,nan,nan,nan,-0.495,nan,nan,nan,,0.06723846900058561,0.0562995910004247,0.04487331400014227,0.04487331400014227,0.033631365000474034,0.02235201599978609,nan,profile,1,1,1,2,74.08417177200317,25.915828227996826,0.8,-0.8,
1785159648.1162746,74.18714683300277,8.888888888888891,1.571485548926945,-8.888888888888891,-1.571485548926945,0.0,-0.0010500491416367461,-2.8055409433631424,-0.5087796193416271,0.07722802386987665,0.01059565422126284,2.8036359478269848,before_ekf,both,-0.0010500491416367461,-0.5087796193416271,0.07722802386987665,0.01059565422126284,2.8036359478269848,-0.00020550385423518546,-0.504775542459173,0.07780788502467513,0.008599160668503063,2.862388864623602,nan,nan,nan,nan,-0.4919,nan,nan,nan,,0.06949290400007158,0.05849256000146852,0.046814507000817684,0.046814507000817684,0.03546321700196131,0.02435350800078595,nan,profile,1,1,1,2,74.18922662734985,25.810773372650146,0.8,-0.8,
1785159648.2348394,74.30573966800148,8.888888888888891,1.5704334781397726,-8.888888888888891,-1.5704334781397726,0.0,-0.0022277852854179943,-2.8055409433631424,-0.5042042637940607,0.07722802386987665,0.01059565422126284,2.7705839472631713,before_ekf,both,-0.0022277852854179943,-0.5042042637940607,0.07722802386987665,0.01059565422126284,2.7705839472631713,-0.001859564773788016,-0.506223173485984,0.07802895522693355,0.008531373773232567,2.793008896298561,nan,nan,nan,nan,-0.4946,nan,nan,nan,,0.08086400699903606,0.06998327800101833,0.04563824800061411,0.04563824800061411,0.033237785999517655,0.02201167399834958,nan,profile,1,1,1,2,74.30634641647339,25.69365358352661,0.8,-0.8,
1785159648.3471193,74.41801826000301,8.888888888888891,1.57061927088449,-8.888888888888891,-1.57061927088449,0.0,-0.001037762035961903,-2.8055409433631424,-0.508739804134519,0.07758504466293889,0.010432116448652197,2.7031027794453824,before_ekf,both,-0.001037762035961903,-0.508739804134519,0.07758504466293889,0.010432116448652197,2.7031027794453824,-0.0013084621065270637,-0.5045774080876896,0.07809520655998503,0.008504232139288382,2.757400853165839,nan,nan,nan,nan,-0.4918,nan,nan,nan,,0.07678235999992467,0.0659915300020657,0.05434064000291983,0.05434064000291983,0.042987962002371205,0.022373085001163417,nan,profile,1,1,1,2,74.41881108283997,25.581188917160034,0.8,-0.8,
1785159648.4508996,74.5218029730022,8.888888888888891,1.5709656297608159,-8.888888888888891,-1.5709656297608159,0.0,-5.462314488227995e-06,-2.8055409433631424,-0.5041226032636442,0.07723681674821017,0.010613626143029485,2.6356216116276006,before_ekf,both,-5.462314488227995e-06,-0.5041226032636442,0.07723681674821017,0.010613626143029485,2.6356216116276006,-0.0012038997725604137,-0.5064114502037117,0.07822568236750617,0.008446045148206304,2.69196874008186,nan,nan,nan,nan,-0.4849,nan,nan,nan,,0.06711587500103633,0.056231411999760894,0.04487995900126407,0.04487995900126407,0.03312287999870023,0.021967474000121,nan,profile,1,1,1,2,74.52255249023438,25.477447509765625,0.8,-0.8,
1785159648.5530305,74.62393430900192,8.888888888888891,1.5704862342879367,-8.888888888888891,-1.5704862342879367,0.0,-5.462314488227995e-06,-2.8055409433631424,-0.5041698483434837,0.07723681674821017,0.010613626143029485,2.602569611063787,before_ekf,both,-5.462314488227995e-06,-0.5041698483434837,0.07723681674821017,0.010613626143029485,2.602569611063787,-0.00012320406058648165,-0.5016758564666515,0.0782288144136993,0.008440903904512818,2.6255839547807547,nan,nan,nan,nan,-0.4871,nan,nan,nan,,0.0684493510016182,0.05772197600163054,0.04572623800049769,0.04572623800049769,0.03350128199963365,0.022093062001658836,nan,profile,1,1,1,2,74.62454652786255,25.37545347213745,0.8,-0.8,
1785159648.6543057,74.72520938300295,8.888888888888891,1.5712127453087859,-8.888888888888891,-1.5712127453087859,0.0,0.0011774078068527004,-2.8055409433631424,-0.4997322390026785,0.07723681674821017,0.010613626143029485,2.53646560993616,before_ekf,both,0.0011774078068527004,-0.4997322390026785,0.07723681674821017,0.010613626143029485,2.53646560993616,-2.1049811236280853e-05,-0.4989943563113842,0.0782286038334656,0.008440775225278831,2.5910300223769465,nan,nan,nan,nan,-0.4849,nan,nan,nan,,0.06678774499960127,0.055969946002733195,0.044835722001153044,0.044835722001153044,0.03349180200166302,0.02235294199999771,nan,profile,1,1,1,2,74.72584104537964,25.27415895462036,0.8,-0.8,
1785159648.7599902,74.83089078500052,8.888888888888891,1.5715771963564502,-8.888888888888891,-1.5715771963564502,0.0,0.0011774078068527004,-2.8055409433631424,-0.4997638316673235,0.07723681674821017,0.010613626143029485,2.5034136093723465,before_ekf,both,0.0011774078068527004,-0.4997638316673235,0.07723681674821017,0.010613626143029485,2.5034136093723465,0.0011371424446030036,-0.49384887807228506,0.07809128168780807,0.008527004923750355,2.527017619786932,nan,nan,nan,nan,-0.4859,nan,nan,nan,,0.07158702000015182,0.06083210799988592,0.04943388999890885,0.04943388999890885,0.03465596599926357,0.022982137998042163,nan,profile,1,1,1,2,74.83172345161438,25.16827654838562,0.8,-0.8,
1785159648.8613234,74.93222656900252,8.888888888888891,1.5711327848807788,-8.888888888888891,-1.5711327848807788,0.0,-6.7654215563095475e-18,-2.8055409433631424,-0.4949459665737267,0.07723681674821017,0.010613626143029485,2.4373096082447194,before_ekf,both,-6.7654215563095475e-18,-0.4949459665737267,0.07723681674821017,0.010613626143029485,2.4373096082447194,0.00035221425402009234,-0.4913501329951029,0.07809503589843991,0.008527223859949699,2.4930522689511747,nan,nan,nan,nan,-0.4911,nan,nan,nan,,0.06693337700198754,0.05606847700255457,0.04492237600061344,0.04492237600061344,0.03363592900132062,0.02252978899923619,nan,profile,1,1,1,2,74.93284916877747,25.067150831222534,0.8,-0.8,
1785159648.9645205,75.03541988500001,8.888888888888891,1.5713550063538557,-8.888888888888891,-1.5713550063538557,0.0,-0.00118268326476012,-2.8055409433631424,-0.49172146957018636,0.07752986620443127,0.010352222937525274,2.4056347743710678,before_ekf,both,-0.00118268326476012,-0.49172146957018636,0.07752986620443127,0.010352222937525274,2.4056347743710678,-0.0008176433849879361,-0.4895409186455925,0.07816204539463349,0.008475990831106816,2.4293982915105037,nan,nan,nan,nan,-0.4987,nan,nan,nan,,0.06952895899667055,0.05857131399898208,0.045478095998987556,0.045478095998987556,0.0338169429996924,0.022768909999285825,nan,profile,1,1,1,2,75.03637862205505,24.963621377944946,0.8,-0.8,
1785159649.065304,75.13620799900309,8.888888888888891,1.5713508093549937,-8.888888888888891,-1.5713508093549937,0.0,-0.00118268326476012,-2.8055409433631424,-0.4918046548103745,0.07752986620443127,0.010352222937525274,2.3725827738072542,before_ekf,both,-0.00118268326476012,-0.4918046548103745,0.07752986620443127,0.010352222937525274,2.3725827738072542,-0.0010969459004393082,-0.4880980896146135,0.07822525157385443,0.008420732083170455,2.395082554346538,nan,nan,nan,nan,-0.506,nan,nan,nan,,0.06593429900021874,0.05527434600298875,0.044021820001944434,0.044021820001944434,0.0327263920007681,0.021798200003104284,nan,profile,1,1,1,2,75.13677549362183,24.863224506378174,0.8,-0.8,
1785159649.1684778,75.23937939800089,8.888888888888891,1.5701324590898689,-8.888888888888891,-1.5701324590898689,0.0,-0.0011826832647627785,-2.8055409433631424,-0.4872039976880945,0.0775298662044319,0.010352222937524651,2.306478772679627,before_ekf,both,-0.0011826832647627785,-0.4872039976880945,0.0775298662044319,0.010352222937524651,2.306478772679627,-0.0011996901764942717,-0.48636725334266506,0.07833560154575545,0.008312657837068655,2.331776224949519,nan,nan,nan,nan,-0.5116,nan,nan,nan,,0.06873442299911403,0.05767665299936198,0.04553966099774698,0.04553966099774698,0.0336061569978483,0.0222901559973252,nan,profile,1,1,1,2,75.24016690254211,24.759833097457886,0.8,-0.8,
1785159649.2713442,75.34224107200134,8.888888888888891,1.576416725345772,-8.888888888888891,-1.576416725345772,0.0,-6.938893903907229e-19,-2.8055409433631424,-0.4885258455587641,0.07752986620443132,0.010352222937525324,2.243129104932324,before_ekf,both,-6.938893903907229e-19,-0.4885258455587641,0.07752986620443132,0.010352222937525324,2.243129104932324,-0.0012081599288631417,-0.48615503847667185,0.07839189221935228,0.008251695842620215,2.297761703884797,nan,nan,nan,nan,-0.5064,nan,nan,nan,,0.06820927299850155,0.05734496199875139,0.04595032599900151,0.04595032599900151,0.03449669099791208,0.023179029998573242,nan,profile,1,1,1,2,75.34323954582214,24.656760454177856,0.8,-0.8,
1785159649.3762538,75.44715343800272,8.888888888888891,1.571165739283517,-8.888888888888891,-1.571165739283517,0.0,2.6579489156780606e-15,-2.8055409433631424,-0.4885885751236966,0.07752986620443132,0.010352222937525324,2.177025103804697,before_ekf,both,2.6579489156780606e-15,-0.4885885751236966,0.07752986620443132,0.010352222937525324,2.177025103804697,-8.594009930552412e-05,-0.48993849739423806,0.0783839088473801,0.00825611137100059,2.233935622582896,nan,nan,nan,nan,-0.5056,nan,nan,nan,,0.06970374199954676,0.058271150999644306,0.04565546100275242,0.04565546100275242,0.03332761000274331,0.022183903001860017,nan,profile,1,1,1,2,75.44820308685303,24.551796913146973,0.8,-0.8,
1785159649.4775693,75.54847128800247,8.888888888888891,1.5705148277171768,-8.888888888888891,-1.5705148277171768,0.0,2.6579489156780606e-15,-2.8055409433631424,-0.4929473918127174,0.07752986620443132,0.010352222937525324,2.1439731032408833,before_ekf,both,2.6579489156780606e-15,-0.4929473918127174,0.07752986620443132,0.010352222937525324,2.1439731032408833,1.3353730349943073e-05,-0.4958824230695808,0.07838344595658292,0.008256475009291522,2.1649278987908636,nan,nan,nan,nan,-0.5124,nan,nan,nan,,0.06686131999958889,0.05605617100081872,0.044754243001079885,0.044754243001079885,0.0334015200023714,0.02239424300205428,nan,profile,1,1,1,2,75.54917883872986,24.45082116127014,0.8,-0.8,
1785159649.577486,75.6483894050034,8.888888888888891,1.5700652730024813,-8.888888888888891,-1.5700652730024813,0.0,-2.6738737164907723e-15,-2.8055409433631424,-0.4958002243649783,0.0775298662044318,0.010352222937524575,2.0778691021132563,before_ekf,both,-2.6738737164907723e-15,-0.4958002243649783,0.0775298662044318,0.010352222937524575,2.0778691021132563,1.7082956322530446e-05,-0.49929270129216147,0.07838350652606797,0.008256464143074911,2.1351110284614823,nan,nan,nan,nan,-0.5108,nan,nan,nan,,0.0663625340021099,0.05547384900273755,0.04424177900000359,0.04424177900000359,0.03300326600219705,0.022068969999963883,nan,profile,1,1,1,2,75.64916586875916,24.350834131240845,0.8,-0.8,
1785159649.6777093,75.74861304900332,8.888888888888891,1.5707736291159557,-8.888888888888891,-1.5707736291159557,0.0,-8.131708289645795e-06,-2.8055409433631424,-0.503989176867637,0.0775360720757559,0.010355526459223791,2.0420627681691332,before_ekf,both,-8.131708289645795e-06,-0.503989176867637,0.0775360720757559,0.010355526459223791,2.0420627681691332,9.954599518001274e-06,-0.5046971851385715,0.0783838933094165,0.008256036295039522,2.0719061373468257,nan,nan,nan,nan,-0.5132,nan,nan,nan,,0.06628694900064147,0.05556799100304488,0.044381648000126006,0.044381648000126006,0.033264134002820356,0.022353046002535848,nan,profile,1,1,1,2,75.74921011924744,24.250789880752563,0.8,-0.8,
1785159649.7781696,75.8490722350034,8.888888888888891,1.3103944484671484,-8.888888888888891,-1.5724733381605784,0.0,-0.0011853880367596545,-2.8055409433631424,-0.5082080955874999,0.07769358858757779,0.00999580851658997,1.9745816003513512,before_ekf,both,-0.0011853880367596545,-0.5082080955874999,0.07769358858757779,0.00999580851658997,1.9745816003513512,9.664198054168268e-06,-0.5072067460492098,0.07838412895033192,0.008255710528453003,2.034328097007279,nan,nan,nan,nan,-0.5088,nan,nan,nan,,0.06671254200045951,0.05572122900048271,0.04455466800209251,0.04455466800209251,0.03321276300266618,0.022058223003114108,nan,profile,1,1,1,2,75.84972095489502,24.15027904510498,0.8,-0.8,
1785159649.8788607,75.94975853900178,8.888888888888891,1.5701325061739364,-8.888888888888891,-1.5701325061739364,0.0,-0.0011853880367543317,-2.8055409433631424,-0.5078164054036829,0.07769358858757745,0.009995808516590796,1.941529599787538,before_ekf,both,-0.0011853880367543317,-0.5078164054036829,0.07769358858757745,0.009995808516590796,1.941529599787538,-0.0011114095242855003,-0.5132713251105652,0.07845704377085988,0.00810445530591091,1.9621277442713057,nan,nan,nan,nan,-0.5033,nan,nan,nan,,0.06693547100076103,0.056108340999344364,0.04493345599985332,0.04493345599985332,0.03372038599991356,0.022696978998283157,nan,profile,1,1,1,2,75.95054173469543,24.049458265304565,0.8,-0.8,
1785159649.9800375,76.05093840500194,8.888888888888891,1.5712752200564657,-8.888888888888891,-1.5712752200564657,0.0,-0.0022953266158358934,-2.8055409433631424,-0.5122234190870832,0.07781977457653107,0.009624196464175592,1.8712940985894466,before_ekf,both,-0.0022953266158358934,-0.5122234190870832,0.07781977457653107,0.009624196464175592,1.8712940985894466,-0.0011415900015859014,-0.5150613515168347,0.07848217548954133,0.008041003314794324,1.9309987360452574,nan,nan,nan,nan,-0.5015,nan,nan,nan,,0.06707130100039649,0.05621346900079516,0.04495405399939045,0.04495405399939045,0.033296435001830105,0.022096994001913117,nan,profile,1,1,1,2,76.05180883407593,23.948191165924072,0.8,-0.8,
1785159650.084007,76.15490870300346,8.888888888888891,1.571542573786059,-8.888888888888891,-1.571542573786059,0.0,-0.0022953266158358934,-2.8055409433631424,-0.5122921416793181,0.07781977457653107,0.009624196464175592,1.8382420980256329,before_ekf,both,-0.0022953266158358934,-0.5122921416793181,0.07781977457653107,0.009624196464175592,1.8382420980256329,-0.0022663837124748754,-0.5124170217807447,0.07859001282353009,0.007732236635701878,1.8593179291370598,nan,nan,nan,nan,-0.4993,nan,nan,nan,,0.06945166000150493,0.058529479003482265,0.046580633003031835,0.046580633003031835,0.034858763003285276,0.023500826002418762,nan,profile,1,1,1,2,76.15591716766357,23.844082832336426,0.8,-0.8,
1785159650.1882625,76.25915859900124,8.888888888888891,1.5701841590967895,-8.888888888888891,-1.5701841590967895,0.0,-0.002295966456513662,-2.8055409433631424,-0.5124448554569027,0.07791386949407457,0.009242942485518681,1.770760930207851,before_ekf,both,-0.002295966456513662,-0.5124448554569027,0.07791386949407457,0.009242942485518681,1.770760930207851,-0.0023342942535439547,-0.5109336891369779,0.07862820832741134,0.007597189327844988,1.8282581408450689,nan,nan,nan,nan,-0.4987,nan,nan,nan,,0.06876964299954125,0.05784063499959302,0.045701529998041224,0.045701529998041224,0.03423724199819844,0.02305585900103324,nan,profile,1,1,1,2,76.26023292541504,23.73976707458496,0.8,-0.8,
1785159650.2948294,76.36573274400143,8.888888888888891,1.5713551006686945,-8.888888888888891,-1.5713551006686945,0.0,-0.0023533965146843587,-2.8055409433631424,-0.5041116073537684,0.07791386949407457,0.009242942485518681,1.7377089296440376,before_ekf,both,-0.0023533965146843587,-0.5041116073537684,0.07791386949407457,0.009242942485518681,1.7377089296440376,-0.0024054275280981493,-0.5055894688091734,0.07869984533496993,0.007282473169984576,1.758069546584032,nan,nan,nan,nan,-0.4951,nan,nan,nan,,0.07074439200005145,0.05989774000045145,0.04858723600045778,0.04858723600045778,0.036947290998796234,0.023281617999600712,nan,profile,1,1,1,2,76.3663740158081,23.633625984191895,0.8,-0.8,
1785159650.3977609,76.46865857600278,8.888888888888891,1.5708415356142917,-8.888888888888891,-1.5708415356142917,0.0,-0.002357124761861407,-2.8055409433631424,-0.5039111171609603,0.07796922516823786,0.008854169802467043,1.670227761826256,before_ekf,both,-0.002357124761861407,-0.5039111171609603,0.07796922516823786,0.008854169802467043,1.670227761826256,-0.002414173531455112,-0.5031851037955589,0.0787245108953203,0.007141693369474434,1.727587499093688,nan,nan,nan,nan,-0.4929,nan,nan,nan,,0.06766999899991788,0.056827128002623795,0.04539398400083883,0.04539398400083883,0.033726901001500664,0.02257974000167451,nan,profile,1,1,1,2,76.46957302093506,23.53042697906494,0.8,-0.8,
1785159650.4986815,76.56958458100053,8.888888888888891,1.5716277178576434,-8.888888888888891,-1.5716277178576434,0.0,5.308860837194979e-06,-2.8055409433631424,-0.49598777028979424,0.0779332040523249,0.009245209568792335,1.6385529279526043,before_ekf,both,5.308860837194979e-06,-0.49598777028979424,0.0779332040523249,0.009245209568792335,1.6385529279526043,-0.000685150487036332,-0.4968606554571723,0.07874101589856804,0.006989896270606058,1.6581942735132775,nan,nan,nan,nan,-0.493,nan,nan,nan,,0.06660994699996081,0.05585566199806635,0.04456058899813797,0.04456058899813797,0.03333304799889447,0.02216416599912918,nan,profile,1,1,1,2,76.57017660140991,23.429823398590088,0.8,-0.8,
1785159650.5997524,76.67065639800057,8.888888888888891,1.8325593932668716,-8.888888888888891,-1.8325593932668716,0.0,5.308860839855653e-06,-2.8055409433631424,-0.49553127664241925,0.07793320405232489,0.009245209568793223,1.5724489268249773,before_ekf,both,5.308860839855653e-06,-0.49553127664241925,0.07793320405232489,0.009245209568793223,1.5724489268249773,-0.0001727846277893079,-0.4954316948211851,0.0787389956467722,0.006996697868256967,1.6279750587901882,nan,nan,nan,nan,-0.4909,nan,nan,nan,,0.0668711889993574,0.05601412099713343,0.04482382899732329,0.04482382899732329,0.03352535999874817,0.022218527999939397,nan,profile,1,1,1,2,76.6712794303894,23.328720569610596,0.8,-0.8,
1785159650.7001445,76.77104716500253,8.888888888888891,1.5708530345894454,-8.888888888888891,-1.5708530345894454,0.0,0.001184537453556134,-2.8055409433631424,-0.4851665680080545,0.07793320405232489,0.009245209568793223,1.5393969262611635,before_ekf,both,0.001184537453556134,-0.4851665680080545,0.07793320405232489,0.009245209568793223,1.5393969262611635,0.0008998515264218403,-0.48763594530716486,0.07873534307426609,0.007084660901130207,1.5600200963797146,nan,nan,nan,nan,-0.4962,nan,nan,nan,,0.06664464899949962,0.05585184799929266,0.04471653300061007,0.04471653300061007,0.03324576200247975,0.022066767000069376,nan,profile,1,1,1,2,76.77167320251465,23.22832679748535,0.8,-0.8,
1785159650.8026974,76.87359723300324,8.888888888888891,1.5707486074522024,-8.888888888888891,-1.5707486074522024,0.0,0.0011749552938752706,-2.8055409433631424,-0.5015796313558745,0.077962003074222,0.009636845964046539,1.471915758443382,before_ekf,both,0.0011749552938752706,-0.5015796313558745,0.077962003074222,0.009636845964046539,1.471915758443382,0.0011516358721595545,-0.4895710234709575,0.07873650147394273,0.007158363001590638,1.530580043999448,nan,nan,nan,nan,-0.503,nan,nan,nan,,0.06756150200089905,0.0565741380014515,0.04481378200216568,0.04481378200216568,0.03311536800174508,0.022211924002476735,nan,profile,1,1,1,2,76.87417769432068,23.12582230567932,0.8,-0.8,
1785159650.9041457,76.97503996800151,8.888888888888891,1.5710822009121748,-8.888888888888891,-1.5710822009121748,0.0,0.0011749552938752706,-2.8055409433631424,-0.5012525496333484,0.077962003074222,0.009636845964046539,1.4388637578795684,before_ekf,both,0.0011749552938752706,-0.5012525496333484,0.077962003074222,0.009636845964046539,1.4388637578795684,0.0012475224130862467,-0.49704542598355056,0.07874874655655083,0.007323136647496132,1.4609007147361,nan,nan,nan,nan,-0.508,nan,nan,nan,,0.06823559699842008,0.05728816600094433,0.045839045000320766,0.045839045000320766,0.03455953299999237,0.023545252999610966,nan,profile,1,1,1,2,76.9761335849762,23.023866415023804,0.8,-0.8,
1785159651.009286,77.08018476500001,8.888888888888891,1.5705391353060991,-8.888888888888891,-1.5705391353060991,0.0,0.00117495529387261,-2.8055409433631424,-0.5080641244955499,0.077962003074222,0.009636845964046539,1.3727597567519414,before_ekf,both,0.00117495529387261,-0.5080641244955499,0.077962003074222,0.009636845964046539,1.3727597567519414,0.0012462538058578664,-0.49989969640401477,0.07877051437446404,0.0074747015397335975,1.3957045112375948,nan,nan,nan,nan,-0.5082,nan,nan,nan,,0.06840707199808094,0.057572417998017045,0.04593762599688489,0.04593762599688489,0.03402507699865964,0.022983241997280857,nan,profile,1,1,1,2,77.08117294311523,22.918827056884766,0.8,-0.8,
1785159651.1131313,77.18403272500291,8.888888888888891,1.5755852551545286,-8.888888888888891,-1.5755852551545286,0.0,-2.6683516507475248e-15,-2.8055409433631424,-0.4960438404432863,0.07796200307422183,0.00963684596404567,1.3066557556243144,before_ekf,both,-2.6683516507475248e-15,-0.4960438404432863,0.07796200307422183,0.00963684596404567,1.3066557556243144,0.0012476520423126392,-0.4985797858713943,0.07878643454769625,0.0075561741603390525,1.3606268174807727,nan,nan,nan,nan,-0.5099,nan,nan,nan,,0.0682394840005145,0.05740216200138093,0.045686874000239186,0.045686874000239186,0.03380759600258898,0.022400936999474652,nan,profile,1,1,1,2,77.18471622467041,22.81528377532959,0.8,-0.8,
1785159651.2150564,77.28596017100062,8.888888888888891,1.5706563970164866,-8.888888888888891,-1.5706563970164866,0.0,-2.6683516507475248e-15,-2.8055409433631424,-0.4964362410766457,0.07796200307422183,0.00963684596404567,1.273603755060501,before_ekf,both,-2.6683516507475248e-15,-0.4964362410766457,0.07796200307422183,0.00963684596404567,1.273603755060501,0.00012233681643840762,-0.49283909142822035,0.07878705846772299,0.007542570264782224,1.2968065787475194,nan,nan,nan,nan,-0.506,nan,nan,nan,,0.06719324699952267,0.05604113699882873,0.04470178799965652,0.04470178799965652,0.03312936699876445,0.021879119998629903,nan,profile,1,1,1,2,77.28665947914124,22.713340520858765,0.8,-0.8,
1785159651.3159888,77.38689192200036,8.888888888888891,1.5715942251830222,-8.888888888888891,-1.5715942251830222,0.0,0.0011779888352916545,-2.8055409433631424,-0.4920142564653096,0.07807983951818163,0.01001144467215305,1.2088769206230356,before_ekf,both,0.0011779888352916545,-0.4920142564653096,0.07807983951818163,0.01001144467215305,1.2088769206230356,0.0009127250778501707,-0.489646435414384,0.07880978802860925,0.007627065673815013,1.2625135133693366,nan,nan,nan,nan,-0.5039,nan,nan,nan,,0.06643410199831123,0.05551273399760248,0.04417165199993178,0.04417165199993178,0.03273838499808335,0.02184821999981068,nan,profile,1,1,1,2,77.38769912719727,22.612300872802734,0.8,-0.8,
1785159651.418237,77.48913633600023,8.888888888888891,1.5707933737033541,-8.888888888888891,-1.5707933737033541,0.0,-3.9610144005886026e-07,-2.8055409433631424,-0.4876237454313449,0.07793198811295156,0.009647645851908112,1.1772020867493838,before_ekf,both,-3.9610144005886026e-07,-0.4876237454313449,0.07793198811295156,0.009647645851908112,1.1772020867493838,0.0003442478848814188,-0.48779220595328,0.07883395320344792,0.007694030496672862,1.1990867493047601,nan,nan,nan,nan,-0.4982,nan,nan,nan,,0.0677105169997958,0.0565870909995283,0.04481095099981758,0.04481095099981758,0.03373389199987287,0.02268100099900039,nan,profile,1,1,1,2,77.49001455307007,22.50998544692993,0.8,-0.8,
1785159651.5193367,77.59023969000191,8.888888888888891,1.5714174924154736,-8.888888888888891,-1.5714174924154736,0.0,0.0011813368079918046,-2.8055409433631424,-0.48331431022781207,0.07810306101703085,0.010001119586617346,1.1124752523119188,before_ekf,both,0.0011813368079918046,-0.48331431022781207,0.07810306101703085,0.010001119586617346,1.1124752523119188,0.00010779153559998128,-0.48676206563329755,0.07883413582389458,0.007692443373935122,1.1650038283548287,nan,nan,nan,nan,-0.4981,nan,nan,nan,,0.06666554199910024,0.055978248001338216,0.04469188000075519,0.04469188000075519,0.033179289999679895,0.022026361999451183,nan,profile,1,1,1,2,77.59091186523438,22.409088134765625,0.8,-0.8,
1785159651.6209776,77.69187970400162,8.888888888888891,1.571639983137845,-8.888888888888891,-1.571639983137845,0.0,3.3479727001574715e-06,-2.8055409433631424,-0.4878610738850576,0.07810306101703085,0.010001119586617346,1.0794232517481053,before_ekf,both,3.3479727001574715e-06,-0.4878610738850576,0.07810306101703085,0.010001119586617346,1.0794232517481053,0.00027392162137660777,-0.487083635814918,0.07886613870840127,0.007765626089476754,1.1018533735500693,nan,nan,nan,nan,-0.4969,nan,nan,nan,,0.06687609900109237,0.056054816999676405,0.044589809000171954,0.044589809000171954,0.03306416700070258,0.022164245001476957,nan,profile,1,1,1,2,77.69262051582336,22.307379484176636,0.8,-0.8,
1785159651.7212613,77.79216461200122,8.888888888888891,1.5517631449057918,-8.888888888888891,-1.5517631449057918,0.0,0.0011817329094318564,-2.8055409433631424,-0.4900084786152969,0.07810306101703085,0.010001119586617346,1.013319250620478,before_ekf,both,0.0011817329094318564,-0.4900084786152969,0.07810306101703085,0.010001119586617346,1.013319250620478,8.732589515551613e-05,-0.4885279973893227,0.0788665148570702,0.00776507789836649,1.0671425336787639,nan,nan,nan,nan,-0.4971,nan,nan,nan,,0.06636756700027036,0.05571668899938231,0.04438473600021098,0.04438473600021098,0.03305889399780426,0.02195841199863935,nan,profile,1,1,1,2,77.79283452033997,22.207165479660034,0.8,-0.8,
1785159651.8339815,77.90487617300096,8.888888888888891,1.3091503976053542,-8.888888888888891,-1.5709804771264253,0.0,0.0011817329094345153,-2.8055409433631424,-0.4918047673238082,0.07810306101703134,0.010001119586618088,0.9802672500566647,before_ekf,both,0.0011817329094345153,-0.4918047673238082,0.07810306101703134,0.010001119586618088,0.9802672500566647,0.0011343931572888302,-0.4940256847754369,0.07894761532825452,0.00790861589380985,1.0031486680476238,nan,nan,nan,nan,-0.4907,nan,nan,nan,,0.07845106099921395,0.06757091899999068,0.055751993000740185,0.055751993000740185,0.043721743997593876,0.02951354399920092,nan,profile,1,1,1,2,77.90901970863342,22.090980291366577,0.8,-0.8,
1785159651.9412808,78.01217544000247,8.888888888888891,1.8333365842411038,-8.888888888888891,-1.5714313579209462,0.0,2.651871777725745e-15,-2.8055409433631424,-0.496058111426737,0.07810306101703134,0.010001119586618088,0.9141632489290377,before_ekf,both,2.651871777725745e-15,-0.496058111426737,0.07810306101703134,0.010001119586618088,0.9141632489290377,0.00033755794194186575,-0.4986786043874546,0.07894690654084928,0.007902903010926698,0.9681663990575622,nan,nan,nan,nan,-0.4889,nan,nan,nan,,0.06849850100115873,0.05760506300066481,0.04638209499898949,0.04638209499898949,0.034579856001073495,0.02325490799921681,nan,profile,1,1,1,2,78.01330900192261,21.986690998077393,0.8,-0.8,
1785159652.0469403,78.11783934500272,8.888888888888891,1.570933107940605,-8.888888888888891,-1.570933107940605,0.0,-2.350496120595222e-06,-2.8055409433631424,-0.5054416577302822,0.07811340714023716,0.009992417094313035,0.845304914421101,before_ekf,both,-2.350496120595222e-06,-0.5054416577302822,0.07811340714023716,0.009992417094313035,0.845304914421101,-0.0008328673216550959,-0.503876228458754,0.07889600018411463,0.007829695315815614,0.9025665478242937,nan,nan,nan,nan,-0.489,nan,nan,nan,,0.06920305899984669,0.05810724100228981,0.04632870999921579,0.04632870999921579,0.03451057799975388,0.02314639299947885,nan,profile,1,1,1,2,78.11895990371704,21.88104009628296,0.8,-0.8,
1785159652.1491966,78.22010003600008,8.888888888888891,1.5697433115866182,-8.888888888888891,-1.8313671968510545,0.0,-2.3504961232540165e-06,-2.8055409433631424,-0.5040453587978098,0.07811340714023716,0.009992417094313035,0.8122529138572875,before_ekf,both,-2.3504961232540165e-06,-0.5040453587978098,0.07811340714023716,0.009992417094313035,0.8122529138572875,-7.380727290241617e-05,-0.5061033740908771,0.0788981186268737,0.00783604865576098,0.837013389510255,nan,nan,nan,nan,-0.4941,nan,nan,nan,,0.06692259099872899,0.05605448999995133,0.04466186399804428,0.04466186399804428,0.03329617399867857,0.022131722998892656,nan,profile,1,1,1,2,78.22080492973328,21.779195070266724,0.8,-0.8,
1785159652.2499819,78.32088561300043,8.888888888888891,1.5715060660795201,-8.888888888888891,-1.5715060660795201,0.0,-2.3504961232540165e-06,-2.8055409433631424,-0.5120830485753478,0.07811340714023716,0.009992417094313035,0.743394579349351,before_ekf,both,-2.3504961232540165e-06,-0.5120830485753478,0.07811340714023716,0.009992417094313035,0.743394579349351,-2.230085772739877e-05,-0.5073058229642121,0.0788980235812606,0.007836174099702598,0.8019195786265692,nan,nan,nan,nan,-0.4917,nan,nan,nan,,0.06606595899938839,0.05533183599982294,0.044123835999926087,0.044123835999926087,0.03298183699735091,0.021977166998112807,nan,profile,1,1,1,2,78.32151055335999,21.678489446640015,0.8,-0.8,
1785159652.3509014,78.42180456400092,8.888888888888891,1.5699552075928767,-8.888888888888891,-1.8316144088583561,0.0,0.0011726047977520231,-2.8055409433631424,-0.5082799693691804,0.07811340714023716,0.009992417094313035,0.6938165785036307,before_ekf,both,0.0011726047977520231,-0.5082799693691804,0.07811340714023716,0.009992417094313035,0.6938165785036307,0.0009126167656874449,-0.5095906732097419,0.07894811835619152,0.007886455403170402,0.7343371927808837,nan,nan,nan,nan,-0.4903,nan,nan,nan,,0.06692499299970223,0.056116471998393536,0.04468212799838511,0.04468212799838511,0.03312636500049848,0.022073846997955116,nan,profile,1,1,1,2,78.42246079444885,21.577539205551147,0.8,-0.8,
1785159652.4824188,78.553249710003,8.888888888888891,1.570529525239149,-8.888888888888891,-1.570529525239149,0.0,5.443074060548607e-06,-2.8055409433631424,-0.5120588067029768,0.07810503667009032,0.010003033631753746,0.641484244277601,before_ekf,both,5.443074060548607e-06,-0.5120588067029768,0.07810503667009032,0.010003033631753746,0.641484244277601,0.0011098980037911096,-0.5101257789069787,0.07900597990603986,0.007937846751836643,0.7002856779210882,nan,nan,nan,nan,-0.4901,nan,nan,nan,,0.08612669500143966,0.07150362500033225,0.05797156799962977,0.05797156799962977,0.043293119000736624,0.029003143001318676,nan,profile,1,1,1,2,78.55567288398743,21.444327116012573,0.8,-0.8,
1785159652.5925794,78.6634785080023,8.888888888888891,1.5692356905159646,-8.888888888888891,-1.5692356905159646,0.0,0.0011842075065477194,-2.8055409433631424,-0.5083162844288287,0.07842925598999528,0.010224596901157543,0.5740030764598192,before_ekf,both,0.0011842075065477194,-0.5083162844288287,0.07842925598999528,0.010224596901157543,0.5740030764598192,0.00010423300078476585,-0.5106015609100351,0.07900713955421025,0.007934913552269317,0.6321387388040484,nan,nan,nan,nan,-0.4891,nan,nan,nan,,0.06942544000048656,0.057075044001976494,0.045613533999130595,0.045613533999130595,0.0337611899994954,0.022603010002058,nan,profile,1,1,1,2,78.66432642936707,21.335673570632935,0.8,-0.8,
1785159652.693992,78.76488360000076,8.888888888888891,1.5707766920862456,-8.888888888888891,-1.5707766920862456,0.0,0.0011842075065477194,-2.8055409433631424,-0.5028816850809947,0.07842925598999528,0.010224596901157543,0.5409510758960056,before_ekf,both,0.0011842075065477194,-0.5028816850809947,0.07842925598999528,0.010224596901157543,0.5409510758960056,0.0011320726431353438,-0.5057934182654817,0.07913945412428142,0.008029306445898998,0.5647582245171613,nan,nan,nan,nan,-0.4963,nan,nan,nan,,0.06744203899870627,0.056371472997852834,0.04519644899846753,0.04519644899846753,0.0339689520005777,0.022852160000184085,nan,profile,1,1,1,2,78.7658908367157,21.2341091632843,0.8,-0.8,
1785159652.7990234,78.86992050000117,8.888888888888891,1.568348871330719,-8.888888888888891,-1.568348871330719,0.0,0.002356812244727815,-2.8055409433631424,-0.5056887857105099,0.07877713330095726,0.01040677765279479,0.4734699080782238,before_ekf,both,0.002356812244727815,-0.5056887857105099,0.07877713330095726,0.01040677765279479,0.4734699080782238,0.000347158852473969,-0.5048539006504192,0.0791377321098565,0.008025416933792153,0.5332170881700842,nan,nan,nan,nan,-0.5037,nan,nan,nan,,0.06905412299965974,0.05774342299991986,0.04572173799897428,0.04572173799897428,0.03414233999865246,0.022969790999923134,nan,profile,1,1,1,2,78.8710241317749,21.128975868225098,0.8,-0.8,
1785159652.9011831,78.9720819840004,8.888888888888891,1.5765937774332743,-8.888888888888891,-1.5765937774332743,0.0,0.0023568122447304917,-2.8055409433631424,-0.5052534251506516,0.07877713330095726,0.01040677765279479,0.4404179075144103,before_ekf,both,0.0023568122447304917,-0.5052534251506516,0.07877713330095726,0.01040677765279479,0.4404179075144103,0.0022685780804201756,-0.5037377489266817,0.079431834726938,0.008191911488285124,0.46152338768906537,nan,nan,nan,nan,-0.5064,nan,nan,nan,,0.06708363799771178,0.05611767200025497,0.044830816998000955,0.044830816998000955,0.03351061699868296,0.022359202997904504,nan,profile,1,1,1,2,78.97297477722168,21.02702522277832,0.8,-0.8,
1785159653.0127475,79.08365067200066,8.888888888888891,1.8321273861915879,-8.888888888888891,-1.5703949024499326,0.0,0.001178047812243298,-2.8055409433631424,-0.506325739250191,0.07877713330095808,0.010406777652795135,0.37431390638678325,before_ekf,both,0.001178047812243298,-0.506325739250191,0.07877713330095808,0.010406777652795135,0.37431390638678325,0.001307758136458298,-0.5021509422706172,0.07957179652514708,0.008252968995991658,0.3967778194021685,nan,nan,nan,nan,-0.5154,nan,nan,nan,,0.07123385299928486,0.05732494000039878,0.045468829997844296,0.045468829997844296,0.03361953399871709,0.02218072200048482,nan,profile,1,1,1,2,79.08429217338562,20.91570782661438,0.8,-0.8,
1785159653.113942,79.18484516000171,8.888888888888891,1.5707143983318796,-8.888888888888891,-1.5707143983318796,0.0,2.6466676072978147e-15,-2.8055409433631424,-0.4955900902092937,0.07877713330095808,0.010406777652795135,0.3082099052591562,before_ekf,both,2.6466676072978147e-15,-0.4955900902092937,0.07877713330095808,0.010406777652795135,0.3082099052591562,0.0012417817844329597,-0.49936672228326595,0.07964537055412016,0.008282204758052445,0.3632615968480497,nan,nan,nan,nan,-0.5186,nan,nan,nan,,0.06646483000076842,0.05552020699906279,0.044066250000469154,0.044066250000469154,0.03279417099838611,0.02183227899877238,nan,profile,1,1,1,2,79.18541121482849,20.81458878517151,0.8,-0.8,
1785159653.2153542,79.2862578580025,8.888888888888891,1.5693927403975223,-8.888888888888891,-1.5693927403975223,0.0,0.001182904101611636,-2.8055409433631424,-0.4994904438881306,0.07915237402045693,0.010522548340705451,0.27378073800518793,before_ekf,both,0.001182904101611636,-0.4994904438881306,0.07915237402045693,0.010522548340705451,0.27378073800518793,0.0009614025960933442,-0.4959794950288677,0.0797192521875921,0.008305206083018948,0.29721911721268857,nan,nan,nan,nan,-0.5095,nan,nan,nan,,0.0664636950023123,0.05558082900097361,0.04417703299986897,0.04417703299986897,0.032774784001958324,0.021755950001534075,nan,profile,1,1,1,2,79.28682374954224,20.713176250457764,0.8,-0.8,
1785159653.3151062,79.38600914600102,8.888888888888891,1.5691881913526349,-8.888888888888891,-1.3076568261271955,0.0,0.0011829041016064106,-2.8055409433631424,-0.4980147071645697,0.07915237402045605,0.01052254834070526,0.20767673687756086,before_ekf,both,0.0011829041016064106,-0.4980147071645697,0.07915237402045605,0.01052254834070526,0.20767673687756086,0.0011410357401333536,-0.49614908086627957,0.07980003125600683,0.0083291003663505,0.26232117928466403,nan,nan,nan,nan,-0.5136,nan,nan,nan,,0.06590924899865058,0.05526128199926461,0.0439808000010089,0.0439808000010089,0.03275837799810688,0.021828755998285487,nan,profile,1,1,1,2,79.38660216331482,20.61339783668518,0.8,-0.8,
1785159653.4179018,79.48880077900321,8.888888888888891,1.5704248584988674,-8.888888888888891,-1.5704248584988674,0.0,0.0011829041016064106,-2.8055409433631424,-0.49990170587824057,0.07915237402045605,0.01052254834070526,0.17462473631374736,before_ekf,both,0.0011829041016064106,-0.49990170587824057,0.07915237402045605,0.01052254834070526,0.17462473631374736,0.0012070247998847978,-0.4956959896873533,0.07995238540869498,0.008365135764178208,0.19694376257579552,nan,nan,nan,nan,-0.51,nan,nan,nan,,0.06694964800044545,0.056139666001399746,0.04459847700127284,0.04459847700127284,0.03342101200178149,0.02254287800315069,nan,profile,1,1,1,2,79.48962306976318,20.510376930236816,0.8,-0.8,
1785159653.525723,79.59662471500269,8.888888888888891,1.5754208486624774,-8.888888888888891,-1.5754208486624774,0.0,7.095949841872187e-07,-2.8055409433631424,-0.48817218656129874,0.0791533186976075,0.010516675008104728,0.11127506856644402,before_ekf,both,7.095949841872187e-07,-0.48817218656129874,0.0791533186976075,0.010516675008104728,0.11127506856644402,0.0012121249380120753,-0.49308792206612634,0.08003314765548628,0.00837995492449152,0.16289360410986076,nan,nan,nan,nan,-0.5071,nan,nan,nan,,0.06797859899961622,0.05641583200122113,0.04501544999948237,0.04501544999948237,0.03357103500093217,0.022459177002019715,nan,profile,1,1,1,2,79.59728622436523,20.402713775634766,0.8,-0.8,
1785159653.6294515,79.7003547280001,8.888888888888891,1.5702482473466428,-8.888888888888891,-1.5702482473466428,0.0,0.001179018661881486,-2.8055409433631424,-0.49179697771085473,0.07954395855681744,0.010556786728906501,0.07684590131247573,before_ekf,both,0.001179018661881486,-0.49179697771085473,0.07954395855681744,0.010556786728906501,0.07684590131247573,0.0009506250501444572,-0.49528776891695614,0.08010505850862218,0.008387185364690746,0.09893543208512146,nan,nan,nan,nan,-0.5067,nan,nan,nan,,0.06807791799656115,0.0572889569994004,0.0454569769972295,0.0454569769972295,0.033819773998402525,0.022550876998138847,nan,profile,1,1,1,2,79.70109057426453,20.298909425735474,0.8,-0.8,
1785159653.7337527,79.80465235900192,8.888888888888891,1.572848532374483,-8.888888888888891,-1.3107071103120689,0.0,0.0011790186618840578,-2.8055409433631424,-0.49187877516819645,0.07954395855681744,0.010556786728906501,0.010741900184848711,before_ekf,both,0.0011790186618840578,-0.49187877516819645,0.07954395855681744,0.010556786728906501,0.010741900184848711,0.0011311977311656849,-0.49834506891566854,0.08018775872941691,0.008394625250812056,0.0643549928941072,nan,nan,nan,nan,-0.4966,nan,nan,nan,,0.06945473599989782,0.05871664499863982,0.04693784900155151,0.04693784900155151,0.03396837800028152,0.02258864399846061,nan,profile,1,1,1,2,79.80543541908264,20.19456458091736,0.8,-0.8,
1785159653.8382244,79.90912141600347,8.888888888888891,1.5712817742990663,-8.888888888888891,-1.5712817742990663,0.0,0.0011757671209130223,-2.8055409433631424,-0.5086553872074642,0.07954375003741698,0.01054326888302156,-0.041590434041181075,before_ekf,both,0.0011757671209130223,-0.5086553872074642,0.07954375003741698,0.01054326888302156,-0.041590434041181075,0.0011852045008621756,-0.5053773922272943,0.08034187744530952,0.00839989430374806,-0.0014886578536832396,nan,nan,nan,nan,-0.4919,nan,nan,nan,,0.06899470800271956,0.05804848200205015,0.04600239800129202,0.04600239800129202,0.034276330003194744,0.023113182000088273,nan,profile,1,1,1,2,79.91015720367432,20.089842796325684,0.8,-0.8,
1785159653.940658,80.01155537200248,8.888888888888891,1.5701482794955004,-8.888888888888891,-1.5701482794955004,0.0,-2.5419459842765043e-06,-2.8055409433631424,-0.5040957846689358,0.07954375003741698,0.01054326888302156,-0.09116843488690136,before_ekf,both,-2.5419459842765043e-06,-0.5040957846689358,0.07954375003741698,0.01054326888302156,-0.09116843488690136,0.0003435084777936236,-0.5070611152204784,0.08041751923167588,0.008396161712834626,-0.07038516361311144,nan,nan,nan,nan,-0.4867,nan,nan,nan,,0.0677518880002026,0.05688863300019875,0.04517533699981868,0.04517533699981868,0.033642917001998285,0.022537640001246473,nan,profile,1,1,1,2,80.0126383304596,19.987361669540405,0.8,-0.8,
1785159654.0424685,80.1133708310008,8.888888888888891,1.5715890834762745,-8.888888888888891,-1.5715890834762745,0.0,6.462668215839393e-06,-2.8055409433631424,-0.5122335141767397,0.07954216737502622,0.010529842386178906,-0.1600267693948379,before_ekf,both,6.462668215839393e-06,-0.5122335141767397,0.07954216737502622,0.010529842386178906,-0.1600267693948379,-0.0007790940732482054,-0.5073993604282343,0.08032954028093793,0.008400283813219321,-0.10398165884779156,nan,nan,nan,nan,-0.4867,nan,nan,nan,,0.0671671489981236,0.05625282899927697,0.04450337099842727,0.04450337099842727,0.033216529998753686,0.022180832998856204,nan,profile,1,1,1,2,80.11415600776672,19.885843992233276,0.8,-0.8,
1785159654.1435518,80.21445482100171,8.888888888888891,1.570653570091911,-8.888888888888891,-1.570653570091911,0.0,0.001185176487151493,-2.8055409433631424,-0.5078472477462619,0.07954216737502622,0.010529842386178906,-0.19307876995865145,before_ekf,both,0.001185176487151493,-0.5078472477462619,0.07954216737502622,0.010529842386178906,-0.19307876995865145,0.0007809118848690174,-0.5067008144747609,0.08041908533424161,0.008391896397032979,-0.1684980887485148,nan,nan,nan,nan,-0.4875,nan,nan,nan,,0.06681152999954065,0.05603378299929318,0.044165006998809986,0.044165006998809986,0.03290746999846306,0.021900673000345705,nan,profile,1,1,1,2,80.21534657478333,19.784653425216675,0.8,-0.8,
1785159654.245367,80.31627109500187,8.888888888888891,1.570289405968862,-8.888888888888891,-1.8320043069636722,0.0,9.004614200108784e-06,-2.8055409433631424,-0.5039985611752835,0.07954216737502622,0.010529842386178906,-0.25918277108627846,before_ekf,both,9.004614200108784e-06,-0.5039985611752835,0.07954216737502622,0.010529842386178906,-0.25918277108627846,0.00022082458948628433,-0.5038060724748606,0.08041853573299687,0.008390334344236737,-0.20442543215166212,nan,nan,nan,nan,-0.4926,nan,nan,nan,,0.06717564900100115,0.05632697400142206,0.04458924400023534,0.04458924400023534,0.03291756899852771,0.021993540998664685,nan,profile,1,1,1,2,80.31681227684021,19.68318772315979,0.8,-0.8,
1785159654.3454883,80.4163918660015,8.888888888888891,1.5740219857905973,-8.888888888888891,-1.5740219857905973,0.0,0.0011802002917451,-2.8055409433631424,-0.4995713464809016,0.07954216737502622,0.010529842386178906,-0.29223477165009193,before_ekf,both,0.0011802002917451,-0.4995713464809016,0.07954216737502622,0.010529842386178906,-0.29223477165009193,0.0008665375148703435,-0.5001983489160449,0.08049764108489801,0.008372082218857338,-0.26913815724246826,nan,nan,nan,nan,-0.4927,nan,nan,nan,,0.06626532600057544,0.05552214199997252,0.04427183399820933,0.04427183399820933,0.033134730998426676,0.0221567420012434,nan,profile,1,1,1,2,80.41702032089233,19.582979679107666,0.8,-0.8,
1785159654.4470537,80.51795009200214,8.888888888888891,1.8379131833953772,-8.888888888888891,-1.8379131833953772,0.0,0.0011856032601466203,-2.8055409433631424,-0.49986211968770533,0.07991718418747046,0.010413348437268632,-0.3597159394678738,before_ekf,both,0.0011856032601466203,-0.49986211968770533,0.07991718418747046,0.010413348437268632,-0.3597159394678738,0.0011073515186316495,-0.49927288030192596,0.08056769533505474,0.008352473552148283,-0.2991000045377335,nan,nan,nan,nan,-0.4927,nan,nan,nan,,0.06706921699878876,0.05621612400136655,0.04491467499974533,0.04491467499974533,0.0337219319990254,0.022590642001887318,nan,profile,1,1,1,2,80.518963098526,19.481036901474,0.8,-0.8,
1785159654.5672786,80.6381719710007,8.888888888888891,1.5694667373536801,-8.888888888888891,-1.5694667373536801,0.0,0.0011856032601466203,-2.8055409433631424,-0.5004895134552324,0.07991718418747046,0.010413348437268632,-0.40929394031359406,before_ekf,both,0.0011856032601466203,-0.5004895134552324,0.07991718418747046,0.010413348437268632,-0.40929394031359406,0.0011914537067805615,-0.4988082312607575,0.08072336910773029,0.008298986115058382,-0.36863891897098977,nan,nan,nan,nan,-0.4954,nan,nan,nan,,0.08515612100018188,0.07399838999845088,0.06225373800043599,0.06225373800043599,0.05040233299951069,0.0391900809991057,nan,profile,1,1,1,2,80.6393551826477,19.360644817352295,0.8,-0.8,
1785159654.6715806,80.74247965100221,8.888888888888891,1.5738861959135761,-8.888888888888891,-1.5738861959135761,0.0,0.0023735323559224883,-2.8055409433631424,-0.5050984242218066,0.08027334426429703,0.010247944539416194,-0.4602491078494691,before_ekf,both,0.0023735323559224883,-0.5050984242218066,0.08027334426429703,0.010247944539416194,-0.4602491078494691,0.001206355454819035,-0.4978345518778498,0.08080037858925233,0.008267865682131791,-0.40339087215640124,nan,nan,nan,nan,-0.4938,nan,nan,nan,,0.0680353899988404,0.0572516899992479,0.045383476001006784,0.045383476001006784,0.03352414300024975,0.02242871500129695,nan,profile,1,1,1,2,80.74396085739136,19.256039142608643,0.8,-0.8,
1785159654.7839835,80.85488658400209,8.888888888888891,1.57076712623402,-8.888888888888891,-1.57076712623402,0.0,0.001187929095775861,-2.8055409433631424,-0.5008685433022149,0.08027334426429703,0.010247944539416194,-0.5263531089770962,before_ekf,both,0.001187929095775861,-0.5008685433022149,0.08027334426429703,0.010247944539416194,-0.5263531089770962,0.0013988423857547178,-0.4967308259824982,0.08101806711006221,0.008169150419102733,-0.4679101393330112,nan,nan,nan,nan,-0.4874,nan,nan,nan,,0.07666021000113687,0.0657401429998572,0.05390621100013959,0.05390621100013959,0.04231819800043013,0.030704127999342745,nan,profile,1,1,1,2,80.85686469078064,19.14313530921936,0.8,-0.8,
1785159654.8887806,80.95968372000061,8.888888888888891,1.8323833780082026,-8.888888888888891,-1.5706143240070307,0.0,0.001187929095775861,-2.8055409433631424,-0.49990195309924684,0.08027334426429703,0.010247944539416194,-0.5594051095409097,before_ekf,both,0.001187929095775861,-0.49990195309924684,0.08027334426429703,0.010247944539416194,-0.5594051095409097,0.0012320788734981102,-0.49577548097489116,0.08116627235313881,0.008087408495463624,-0.5377124835589941,nan,nan,nan,nan,-0.4911,nan,nan,nan,,0.06640992499887943,0.05553914799747872,0.04434925299938186,0.04434925299938186,0.033228778000193415,0.02217740999913076,nan,profile,1,1,1,2,80.96029496192932,19.03970503807068,0.8,-0.8,
1785159654.9900303,81.06093366800269,8.888888888888891,1.571700557559672,-8.888888888888891,-1.571700557559672,0.0,0.0011804625020899481,-2.8055409433631424,-0.49167398621139424,0.08060106280928601,0.010031587947398161,-0.6241319439783749,before_ekf,both,0.0011804625020899481,-0.49167398621139424,0.08060106280928601,0.010031587947398161,-0.6241319439783749,0.0020763577142812015,-0.4952400281137767,0.08129755037883882,0.00800969034620387,-0.56746516026793,nan,nan,nan,nan,-0.4886,nan,nan,nan,,0.0669615930019063,0.056307304999791086,0.04516544100260944,0.04516544100260944,0.0335437620015,0.022136737999971956,nan,profile,1,1,1,2,81.06164216995239,18.938357830047607,0.8,-0.8,
1785159655.0906003,81.16150306000054,8.888888888888891,1.570581298509318,-8.888888888888891,-1.570581298509318,0.0,0.0011804625020899481,-2.8055409433631424,-0.49156894187418665,0.08060106280928601,0.010031587947398161,-0.6571839445421884,before_ekf,both,0.0011804625020899481,-0.49156894187418665,0.08060106280928601,0.010031587947398161,-0.6571839445421884,0.0012736008379026175,-0.4914047718895188,0.08142980573829735,0.007916308551209316,-0.6359704067265284,nan,nan,nan,nan,-0.4886,nan,nan,nan,,0.06638896399817895,0.05561847499848227,0.044382381998730125,0.044382381998730125,0.03306232999966596,0.022076340999774402,nan,profile,1,1,1,2,81.1622805595398,18.837719440460205,0.8,-0.8,
1785159655.1987326,81.26963587100181,8.888888888888891,1.5696036007147498,-8.888888888888891,-1.5696036007147498,0.0,0.0011804625020899481,-2.8055409433631424,-0.49153349104584354,0.08060106280928601,0.010031587947398161,-0.7232879456698155,before_ekf,both,0.0011804625020899481,-0.49153349104584354,0.08060106280928601,0.010031587947398161,-0.7232879456698155,0.0012168208723000507,-0.49099767707403585,0.08148620427236437,0.007873310693909527,-0.6657829363599941,nan,nan,nan,nan,-0.4957,nan,nan,nan,,0.07372389000011026,0.06283551399974385,0.04746381199947791,0.04746381199947791,0.034153131000493886,0.02248580800005584,nan,profile,1,1,1,2,81.27028393745422,18.729716062545776,0.8,-0.8,
1785159655.2987907,81.36969041200064,8.888888888888891,1.570677881975817,-8.888888888888891,-1.570677881975817,0.0,-6.938893903907228e-18,-2.8055409433631424,-0.49590914758014737,0.08060106280928601,0.010031587947398161,-0.756339946233629,before_ekf,both,-6.938893903907228e-18,-0.49590914758014737,0.08060106280928601,0.010031587947398161,-0.756339946233629,0.0003311988167107093,-0.49228893397576184,0.08154212528575606,0.007825053904236356,-0.7301934714222038,nan,nan,nan,nan,-0.4987,nan,nan,nan,,0.06637085499824025,0.055576627997652395,0.04448904599848902,0.04448904599848902,0.03330585599906044,0.022358115998940775,nan,profile,1,1,1,2,81.37030839920044,18.62969160079956,0.8,-0.8,
1785159655.4007916,81.47169055900304,8.888888888888891,1.570831780468182,-8.888888888888891,-1.8326370772128788,0.0,-2.348584890325446e-05,-2.8055409433631424,-0.48742207068234283,0.08060534900660515,0.010035713109612987,-0.8196896139809321,before_ekf,both,-2.348584890325446e-05,-0.48742207068234283,0.08060534900660515,0.010035713109612987,-0.8196896139809321,7.223224564325926e-05,-0.4927085728942869,0.08154150725389402,0.00782475573226595,-0.7651782038002135,nan,nan,nan,nan,-0.5075,nan,nan,nan,,0.06784387200241326,0.0569480360027228,0.04574077399956877,0.04574077399956877,0.03404796900213114,0.022530488000484183,nan,profile,1,1,1,2,81.47234654426575,18.527653455734253,0.8,-0.8,
1785159655.5025537,81.57345210500353,8.888888888888891,1.5686269314349914,-8.888888888888891,-1.5686269314349914,0.0,-2.348584890325446e-05,-2.8055409433631424,-0.4874876909323526,0.08060534900660515,0.010035713109612987,-0.8527416145447458,before_ekf,both,-2.348584890325446e-05,-0.4874876909323526,0.08060534900660515,0.010035713109612987,-0.8527416145447458,-4.885272062519365e-05,-0.49014803493473386,0.08153851054719728,0.007827615936601603,-0.8323579252065705,nan,nan,nan,nan,-0.5135,nan,nan,nan,,0.06780232200253522,0.057051269002840854,0.04530838000209769,0.04530838000209769,0.03384922400073265,0.022735975002433406,nan,profile,1,1,1,2,81.5744731426239,18.4255268573761,0.8,-0.8,
1785159655.6164594,81.68735929300237,8.888888888888891,1.5713413779786762,-8.888888888888891,-1.5713413779786762,0.0,-2.348584890325446e-05,-2.8055409433631424,-0.4872807225218514,0.08060534900660515,0.010035713109612987,-0.9188456156723729,before_ekf,both,-2.348584890325446e-05,-0.4872807225218514,0.08060534900660515,0.010035713109612987,-0.9188456156723729,-5.536554920600577e-05,-0.4940014093181346,0.08153660693015494,0.007830112216537307,-0.8967989295365612,nan,nan,nan,nan,-0.5176,nan,nan,nan,,0.07864668700131006,0.06778774800113752,0.046101437001198065,0.046101437001198065,0.03425104400230339,0.022748687999410322,nan,profile,1,1,1,2,81.68827104568481,18.311728954315186,0.8,-0.8,
1785159655.7195396,81.79044265500124,8.888888888888891,1.5701632055871397,-8.888888888888891,-1.5701632055871397,0.0,-6.938893903907228e-18,-2.8055409433631424,-0.4958595688476361,0.08060534900660515,0.010035713109612987,-0.9849496167999997,before_ekf,both,-6.938893903907228e-18,-0.4958595688476361,0.08060534900660515,0.010035713109612987,-0.9849496167999997,-5.651252751595522e-05,-0.4965943000994937,0.08153557953239683,0.007831600525622404,-0.9317548096824052,nan,nan,nan,nan,-0.5123,nan,nan,nan,,0.06752811299884343,0.056535266998253064,0.04526650899788365,0.04526650899788365,0.03373487700082478,0.022495247998449486,nan,profile,1,1,1,2,81.79109382629395,18.208906173706055,0.8,-0.8,
1785159655.8211043,81.89200743900074,8.888888888888891,1.8313840525910112,-8.888888888888891,-1.569757759363724,0.0,-6.938893903907228e-18,-2.8055409433631424,-0.4957191680543457,0.08060534900660515,0.010035713109612987,-1.0180016173638133,before_ekf,both,-6.938893903907228e-18,-0.4957191680543457,0.08060534900660515,0.010035713109612987,-1.0180016173638133,-3.0147566720492848e-05,-0.5037817759965819,0.08153598502758323,0.007831469473752429,-0.996902234142464,nan,nan,nan,nan,-0.5021,nan,nan,nan,,0.06738025499726064,0.05656646299757995,0.04474047599796904,0.04474047599796904,0.03315993000069284,0.022070135997637408,nan,profile,1,1,1,2,81.89276266098022,18.107237339019775,0.8,-0.8,
1785159655.921244,81.99214702800236,8.888888888888891,1.3082315581226676,-8.888888888888891,-1.5698778697472011,0.0,-0.0011747625504851037,-2.8055409433631424,-0.49975774891861435,0.08040773890124699,0.010375063512602112,-1.0524307846177816,before_ekf,both,-0.0011747625504851037,-0.49975774891861435,0.08040773890124699,0.010375063512602112,-1.0524307846177816,-0.0008917055457041056,-0.5073635191829816,0.08148763393584864,0.007904262783817667,-1.0321201999412262,nan,nan,nan,nan,-0.5053,nan,nan,nan,,0.06625450900173746,0.055490344999270746,0.04388607800137834,0.04388607800137834,0.03270263200101908,0.021764018001704244,nan,profile,1,1,1,2,81.99275422096252,18.007245779037476,0.8,-0.8,
1785159656.0234156,82.09431548600332,8.888888888888891,1.5701032675115845,-8.888888888888891,-1.5701032675115845,0.0,-1.2889152428433027e-06,-2.8055409433631424,-0.5037349733154235,0.08058201686231178,0.010023160625378464,-1.1199119524355634,before_ekf,both,-1.2889152428433027e-06,-0.5037349733154235,0.08058201686231178,0.010023160625378464,-1.1199119524355634,-0.00035379134349388264,-0.5088679706608572,0.08145313602134002,0.007967279443296948,-1.0982922476147248,nan,nan,nan,nan,-0.5049,nan,nan,nan,,0.06712777900247602,0.056073841002216795,0.04452868200314697,0.04452868200314697,0.033143587002996355,0.022164721001900034,nan,profile,1,1,1,2,82.09526085853577,17.904739141464233,0.8,-0.8,
1785159656.1254466,82.1963436210026,8.888888888888891,1.5710353912503834,-8.888888888888891,-1.5710353912503834,0.0,-1.288915245514815e-06,-2.8055409433631424,-0.5125839741337375,0.08058201686231142,0.010023160625379274,-1.188770286943507,before_ekf,both,-1.288915245514815e-06,-0.5125839741337375,0.08058201686231142,0.010023160625379274,-1.188770286943507,-0.00012103419755367895,-0.5102028137836795,0.08145433064689114,0.00796664520579348,-1.13444061187296,nan,nan,nan,nan,-0.5002,nan,nan,nan,,0.06712834499921883,0.0562998109999171,0.04495237700029975,0.04495237700029975,0.03352897500008112,0.02246216099956655,nan,profile,1,1,1,2,82.19727540016174,17.802724599838257,0.8,-0.8,
1785159656.2303307,82.30123401100354,8.888888888888891,1.614912772294481,-8.888888888888891,-1.614912772294481,0.0,0.002405520886423225,-2.8055409433631424,-0.5126920729678337,0.08071908344664427,0.009655164428104672,-1.2231994541974756,before_ekf,both,0.002405520886423225,-0.5126920729678337,0.08071908344664427,0.009655164428104672,-1.2231994541974756,0.0017391194922042358,-0.5121691341170783,0.08152633349359985,0.007805800570321216,-1.2013161314227223,nan,nan,nan,nan,-0.501,nan,nan,nan,,0.07023613700221176,0.059079543003463186,0.045987675002834294,0.045987675002834294,0.0340379440021934,0.02247195200106944,nan,profile,1,1,1,2,82.30188775062561,17.69811224937439,0.8,-0.8,
1785159656.3313127,82.40221493700301,8.888888888888891,1.5425837200480315,-8.888888888888891,-1.5425837200480315,0.0,0.0024163206811722033,-2.8055409433631424,-0.513057133367818,0.08083102409824629,0.009278763391617253,-1.2906806220152571,before_ekf,both,0.0024163206811722033,-0.513057133367818,0.08083102409824629,0.009278763391617253,-1.2906806220152571,0.0022607332933784426,-0.511360085664799,0.08158066283992382,0.007663747230045404,-1.2325099648539284,nan,nan,nan,nan,-0.5013,nan,nan,nan,,0.06676450000304612,0.056001340999500826,0.04469978400084074,0.04469978400084074,0.03328621699984069,0.02229839600113337,nan,profile,1,1,1,2,82.40291213989258,17.597087860107422,0.8,-0.8,
1785159656.4338434,82.5047468590019,8.888888888888891,1.5714174924154736,-8.888888888888891,-1.5714174924154736,0.0,0.0024163206811748748,-2.8055409433631424,-0.5043908281407323,0.08083102409824629,0.009278763391617253,-1.3237326225790709,before_ekf,both,0.0024163206811748748,-0.5043908281407323,0.08083102409824629,0.009278763391617253,-1.3237326225790709,0.002473458308615133,-0.5075569431172158,0.08168122202763875,0.007345576906413985,-1.3025295681776312,nan,nan,nan,nan,-0.5011,nan,nan,nan,,0.06785878200025763,0.05676587500056485,0.04493416599871125,0.04493416599871125,0.0336654679995263,0.022174661000462947,nan,profile,1,1,1,2,82.50535368919373,17.494646310806274,0.8,-0.8,
1785159656.5377426,82.60863881100158,8.888888888888891,1.5744420418092284,-8.888888888888891,-1.5744420418092284,0.0,0.0011616010669403902,-2.8055409433631424,-0.5084167131395676,0.08082415206449245,0.009277279731752368,-1.3925909570870074,before_ekf,both,0.0011616010669403902,-0.5084167131395676,0.08082415206449245,0.009277279731752368,-1.3925909570870074,0.0016218756837802775,-0.5057909274756563,0.08169933003288328,0.007264636523447656,-1.3383045746803401,nan,nan,nan,nan,-0.4982,nan,nan,nan,,0.06896360199971241,0.057287372001155745,0.04544144999817945,0.04544144999817945,0.0338264120000531,0.02280949800115195,nan,profile,1,1,1,2,82.60964703559875,17.390352964401245,0.8,-0.8,
1785159656.6477597,82.71865609400265,8.888888888888891,1.574832101777158,-8.888888888888891,-1.574832101777158,0.0,0.001164956940974096,-2.8055409433631424,-0.4997927557962544,0.08087800840170013,0.008888295008939343,-1.4573177915244724,before_ekf,both,0.001164956940974096,-0.4997927557962544,0.08087800840170013,0.008888295008939343,-1.4573177915244724,0.001217897550847334,-0.5027234487245232,0.08172711146652369,0.007122226566843487,-1.4032194489457288,nan,nan,nan,nan,-0.4991,nan,nan,nan,,0.07449240400092094,0.06341040800180053,0.051293379001435824,0.051293379001435824,0.03491848300109268,0.022944853000808507,nan,profile,1,1,1,2,82.71968603134155,17.280313968658447,0.8,-0.8,
1785159656.7598684,82.83076588900076,8.888888888888891,1.571096107643196,-8.888888888888891,-1.571096107643196,0.0,0.001164956940974096,-2.8055409433631424,-0.5000965337389048,0.08087800840170013,0.008888295008939343,-1.4903697920882861,before_ekf,both,0.001164956940974096,-0.5000965337389048,0.08087800840170013,0.008888295008939343,-1.4903697920882861,0.0011837315747266687,-0.49575775222002216,0.08174768703795307,0.006972419065137548,-1.4677158944222344,nan,nan,nan,nan,-0.5002,nan,nan,nan,,0.075048644997878,0.06276877399795922,0.04768269099804456,0.04768269099804456,0.03464941299898783,0.023488574999646517,nan,profile,1,1,1,2,82.8318543434143,17.168145656585693,0.8,-0.8,
1785159656.8628118,82.93371068400302,8.888888888888891,1.5705777651930923,-8.888888888888891,-1.5705777651930923,0.0,0.002345064218338029,-2.8055409433631424,-0.4956088474168568,0.08087800840170013,0.008888295008939343,-1.5234217926520994,before_ekf,both,0.002345064218338029,-0.4956088474168568,0.08087800840170013,0.008888295008939343,-1.5234217926520994,0.0020474309693397355,-0.4925683452255872,0.0817646762710304,0.00680682724562307,-1.502169690312085,nan,nan,nan,nan,-0.5059,nan,nan,nan,,0.06811845500124036,0.05690441499973531,0.045220528001664206,0.045220528001664206,0.03383088100235909,0.022746343001927016,nan,profile,1,1,1,2,82.93467116355896,17.06532883644104,0.8,-0.8,
1785159656.9641137,83.03501675000007,8.888888888888891,1.5715204048214182,-8.888888888888891,-1.5715204048214182,0.0,0.0011876293040249367,-2.8055409433631424,-0.4918220676925601,0.08087800840170013,0.008888295008939343,-1.5895257937797265,before_ekf,both,0.0011876293040249367,-0.4918220676925601,0.08087800840170013,0.008888295008939343,-1.5895257937797265,0.0012747520468498006,-0.4904725538800652,0.08176806739927082,0.006658090117833863,-1.5659187719079006,nan,nan,nan,nan,-0.5088,nan,nan,nan,,0.06710285799999838,0.05608351499904529,0.04473054599657189,0.04473054599657189,0.03316059899952961,0.02197995499955141,nan,profile,1,1,1,2,83.03566336631775,16.96433663368225,0.8,-0.8,
1785159657.0755706,83.1464743630022,8.888888888888891,1.57089903217362,-8.888888888888891,-1.57089903217362,0.0,-0.0011797945183753618,-2.8055409433631424,-0.49983357836031655,0.08090184323776667,0.009280264842393686,-1.6570069615975083,before_ekf,both,-0.0011797945183753618,-0.49983357836031655,0.08090184323776667,0.009280264842393686,-1.6570069615975083,0.0003559904768939911,-0.49262217792198504,0.08176561928765871,0.006664898732513377,-1.5940717216830933,nan,nan,nan,nan,-0.5119,nan,nan,nan,,0.075582100002066,0.06382162500085542,0.0502710639993893,0.0502710639993893,0.03538784999909694,0.022151627999846824,nan,profile,1,1,1,2,83.14705348014832,16.852946519851685,0.8,-0.8,
1785159657.177365,83.24826317600309,8.888888888888891,1.5708662303421468,-8.888888888888891,-1.5708662303421468,0.0,-0.001179794518378579,-2.8055409433631424,-0.5030003057015415,0.08090184323776677,0.009280264842394569,-1.7231109627251355,before_ekf,both,-0.001179794518378579,-0.5030003057015415,0.08090184323776677,0.009280264842394569,-1.7231109627251355,-0.0011200114012043484,-0.49704137978744667,0.08177137948561451,0.006824430048605659,-1.665854698285686,nan,nan,nan,nan,-0.5038,nan,nan,nan,,0.06738913899971521,0.05659577100232127,0.0454378810027265,0.0454378810027265,0.03421372000229894,0.023368489000858972,nan,profile,1,1,1,2,83.25166463851929,16.748335361480713,0.8,-0.8,
1785159657.2838912,83.354794674,8.888888888888891,1.570249707169334,-8.888888888888891,-1.570249707169334,0.0,-0.001179794518378579,-2.8055409433631424,-0.5030376254206704,0.08090184323776677,0.009280264842394569,-1.7561629632889488,before_ekf,both,-0.001179794518378579,-0.5030376254206704,0.08090184323776677,0.009280264842394569,-1.7561629632889488,-0.0012497057451330389,-0.49772760172942015,0.08179240922250378,0.006987770491351138,-1.7349813169562829,nan,nan,nan,nan,-0.5095,nan,nan,nan,,0.06853936999686994,0.05774004099657759,0.04601893899962306,0.04601893899962306,0.034074303999659605,0.02266875299756066,nan,profile,1,1,1,2,83.35544204711914,16.64455795288086,0.8,-0.8,
1785159657.3885274,83.45942168600232,8.888888888888891,1.5652835546437969,-8.888888888888891,-1.8261641470844296,0.0,-0.001157516254268868,-2.8055409433631424,-0.4949561516254283,0.08097714107474206,0.009665673528579711,-1.820889797726414,before_ekf,both,-0.001157516254268868,-0.4949561516254283,0.08097714107474206,0.009665673528579711,-1.820889797726414,-0.002095425924626712,-0.4970865541702528,0.08181681243491336,0.007137182233625254,-1.7649275243079667,nan,nan,nan,nan,-0.5051,nan,nan,nan,,0.06849166200117907,0.057650795999506954,0.046358317998965504,0.046358317998965504,0.03512662000139244,0.023647357000299962,nan,profile,1,1,1,2,83.46038556098938,16.53961443901062,0.8,-0.8,
1785159657.49331,83.56421308900099,8.888888888888891,1.5690849258662543,-8.888888888888891,-1.5690849258662543,0.0,1.921020667046859e-05,-2.8055409433631424,-0.4962038039680472,0.08087654956977916,0.009286081907387693,-1.8553189649803825,before_ekf,both,1.921020667046859e-05,-0.4962038039680472,0.08087654956977916,0.009286081907387693,-1.8553189649803825,-0.00043246419814715165,-0.4955319362860118,0.08183516910806772,0.007201143064302469,-1.8272486531520766,nan,nan,nan,nan,-0.5002,nan,nan,nan,,0.07013111199921696,0.05930575999809662,0.044954182998480974,0.044954182998480974,0.03316527299830341,0.02213672599827987,nan,profile,1,1,1,2,83.56484031677246,16.43515968322754,0.8,-0.8,
1785159657.596202,83.6671014190033,8.888888888888891,1.570968787748416,-8.888888888888891,-1.570968787748416,0.0,-0.0011539541754217546,-2.8055409433631424,-0.4918227273645729,0.08099582961170677,0.009660223446431223,-1.9200457994178475,before_ekf,both,-0.0011539541754217546,-0.4918227273645729,0.08099582961170677,0.009660223446431223,-1.9200457994178475,-0.0009889979084246724,-0.49276549144397014,0.08185753922575956,0.007285765900073003,-1.8665170054755336,nan,nan,nan,nan,-0.4993,nan,nan,nan,,0.06775865700183203,0.056995240000105696,0.04573182100284612,0.04573182100284612,0.03366108400223311,0.022515737000503577,nan,profile,1,1,1,2,83.66809415817261,16.331905841827393,0.8,-0.8,
1785159657.6967978,83.76769980200334,8.888888888888891,1.5704902382474621,-8.888888888888891,-1.5704902382474621,0.0,3.562078843888546e-06,-2.8055409433631424,-0.4958510046397828,0.08099582961170677,0.009660223446431223,-1.953097799981661,before_ekf,both,3.562078843888546e-06,-0.4958510046397828,0.08099582961170677,0.009660223446431223,-1.953097799981661,-0.0003455299828628775,-0.4924552678293961,0.08188074857521045,0.007352055907062344,-1.9311230469817127,nan,nan,nan,nan,-0.4909,nan,nan,nan,,0.06618983200314688,0.055299860003287904,0.0439903750011581,0.0439903750011581,0.032911244001297746,0.022007879000739194,nan,profile,1,1,1,2,83.76851487159729,16.23148512840271,0.8,-0.8,
1785159657.7984037,83.8693037310004,8.888888888888891,1.5686197884074917,-8.888888888888891,-1.5686197884074917,0.0,-0.0011731643820922307,-2.8055409433631424,-0.4915201678642432,0.08099582961170677,0.009660223446431223,-2.019201801109288,before_ekf,both,-0.0011731643820922307,-0.4915201678642432,0.08099582961170677,0.009660223446431223,-2.019201801109288,-0.00010599520480562074,-0.4930009699569315,0.08188068423513714,0.007349830584436791,-1.9628496120620114,nan,nan,nan,nan,-0.4877,nan,nan,nan,,0.06737661599981948,0.0565167049971933,0.04537210799753666,0.04537210799753666,0.034110507996956585,0.022792604999267496,nan,profile,1,1,1,2,83.87010264396667,16.129897356033325,0.8,-0.8,
1785159657.8993368,83.97024008500011,8.888888888888891,1.5695401767052741,-8.888888888888891,-1.5695401767052741,0.0,2.580227698167903e-15,-2.8055409433631424,-0.49620314804433197,0.08099582961170639,0.009660223446430425,-2.0522538016731016,before_ekf,both,2.580227698167903e-15,-0.49620314804433197,0.08099582961170639,0.009660223446430425,-2.0522538016731016,-0.0002699785612740839,-0.49246327871793155,0.08191135578935728,0.007422276342027832,-2.0268691133646275,nan,nan,nan,nan,-0.4886,nan,nan,nan,,0.06672257899845135,0.05588765699940268,0.04467294099958963,0.04467294099958963,0.033235513998079114,0.022025203998055076,nan,profile,1,1,1,2,83.97090029716492,16.029099702835083,0.8,-0.8,
1785159658.0008125,84.07171123100125,8.888888888888891,1.5707910175212574,-8.888888888888891,-1.5707910175212574,0.0,-0.001205968215589427,-2.8055409433631424,-0.4914417724013068,0.0811972600045254,0.009997321972813427,-2.1169806361105667,before_ekf,both,-0.001205968215589427,-0.4914417724013068,0.0811972600045254,0.009997321972813427,-2.1169806361105667,-8.430335815732983e-05,-0.4931816454643748,0.08191173923985365,0.007421805869780546,-2.0606549187755108,nan,nan,nan,nan,-0.4958,nan,nan,nan,,0.06750785400072346,0.05676948899781564,0.04537374600113253,0.04537374600113253,0.03378210099981516,0.022711555000569206,nan,profile,1,1,1,2,84.07265663146973,15.927343368530273,0.8,-0.8,
1785159658.1081815,84.17907889600247,8.888888888888891,1.5701600037517762,-8.888888888888891,-1.5701600037517762,0.0,-0.001205968215589427,-2.8055409433631424,-0.4917831624307287,0.0811972600045254,0.009997321972813427,-2.1500326366743803,before_ekf,both,-0.001205968215589427,-0.4917831624307287,0.0811972600045254,0.009997321972813427,-2.1500326366743803,-0.0011606320449558702,-0.4942344680180438,0.08199535094637232,0.007572860126809942,-2.129784557494628,nan,nan,nan,nan,-0.4954,nan,nan,nan,,0.07228439400205389,0.06130607100203633,0.04970568700082367,0.04970568700082367,0.03838453299977118,0.02729172299950733,nan,profile,1,1,1,2,84.18314576148987,15.816854238510132,0.8,-0.8,
1785159658.215388,84.28628676600056,8.888888888888891,1.784207802721384,-8.888888888888891,-1.5293209737611861,0.0,-0.0012059682155920145,-2.8055409433631424,-0.49184821183838123,0.0811972600045254,0.009997321972813427,-2.2161366378020073,before_ekf,both,-0.0012059682155920145,-0.49184821183838123,0.0811972600045254,0.009997321972813427,-2.2161366378020073,-0.0012493122952335145,-0.49799344914524873,0.08208339381147672,0.007704565706767563,-2.1946737239166922,nan,nan,nan,nan,-0.4978,nan,nan,nan,,0.06781488499836996,0.05681473499862477,0.045368842998868786,0.045368842998868786,0.03362122500038822,0.0225321609977982,nan,profile,1,1,1,2,84.2871732711792,15.7128267288208,0.8,-0.8,
1785159658.319439,84.39033508000284,8.888888888888891,1.57166574084942,-8.888888888888891,-1.57166574084942,0.0,-9.145832987178527e-06,-2.8055409433631424,-0.5042522065844757,0.08121282028027034,0.009984744910353656,-2.284994972309944,before_ekf,both,-9.145832987178527e-06,-0.5042522065844757,0.08121282028027034,0.009984744910353656,-2.284994972309944,-0.0003939575279544733,-0.5020956418999192,0.08208340092952086,0.0077001195706087495,-2.229405361190362,nan,nan,nan,nan,-0.4946,nan,nan,nan,,0.06878307800070615,0.0578230290011561,0.0463260970027477,0.0463260970027477,0.034229572000185726,0.023151207002229057,nan,profile,1,1,1,2,84.39136147499084,15.608638525009155,0.8,-0.8,
1785159658.4225507,84.49345302200163,8.888888888888891,1.570018665149675,-8.888888888888891,-1.570018665149675,0.0,-9.145832987178527e-06,-2.8055409433631424,-0.5040810589608675,0.08121282028027034,0.009984744910353656,-2.3180469728737574,before_ekf,both,-9.145832987178527e-06,-0.5040810589608675,0.08121282028027034,0.009984744910353656,-2.3180469728737574,-4.070012972842557e-05,-0.5089552313528048,0.08208280634594953,0.007697599798289261,-2.2954545637056327,nan,nan,nan,nan,-0.4993,nan,nan,nan,,0.06853145599961863,0.05764126099893474,0.04575821600155905,0.04575821600155905,0.033578599999600556,0.022345037999912165,nan,profile,1,1,1,2,84.4942090511322,15.505790948867798,0.8,-0.8,
1785159658.5252144,84.59611419000066,8.888888888888891,1.5702722641294662,-8.888888888888891,-1.5702722641294662,0.0,-9.145832987178527e-06,-2.8055409433631424,-0.5121421275788769,0.08121282028027034,0.009984744910353656,-2.386905307381694,before_ekf,both,-9.145832987178527e-06,-0.5121421275788769,0.08121282028027034,0.009984744910353656,-2.386905307381694,-1.668857456154694e-05,-0.5125414493568414,0.08208319768205723,0.007697926037430202,-2.331624969622969,nan,nan,nan,nan,-0.4958,nan,nan,nan,,0.06821055599721149,0.05716131799999857,0.04543621399716358,0.04543621399716358,0.0334335129991814,0.02234159999716212,nan,profile,1,1,1,2,84.5970766544342,15.402923345565796,0.8,-0.8,
1785159658.627777,84.69867906500076,8.888888888888891,1.5695709470608168,-8.888888888888891,-1.5695709470608168,0.0,-0.0023607740152929205,-2.8055409433631424,-0.5124661099250791,0.08150128880514916,0.010251192578581621,-2.421334474635662,before_ekf,both,-0.0023607740152929205,-0.5124661099250791,0.08150128880514916,0.010251192578581621,-2.421334474635662,-0.0017317459941031206,-0.5101933580933956,0.08220264162119154,0.007819158394455251,-2.3979688504228385,nan,nan,nan,nan,-0.4961,nan,nan,nan,,0.06787277799958247,0.05669584299903363,0.04520195899749524,0.04520195899749524,0.033235896000405774,0.022209064998605754,nan,profile,1,1,1,2,84.69942283630371,15.300577163696289,0.8,-0.8,
1785159658.7285643,84.79946734300029,8.888888888888891,1.8315379098741984,-8.888888888888891,-1.5698896370350273,0.0,-0.0012121231107142575,-2.8055409433631424,-0.5164482791074723,0.08151395992414123,0.010235708799170141,-2.4901928091435988,before_ekf,both,-0.0012121231107142575,-0.5164482791074723,0.08151395992414123,0.010235708799170141,-2.4901928091435988,-0.0005067378812857008,-0.5086359254792949,0.0821971713189237,0.007809234829342535,-2.429819777445106,nan,nan,nan,nan,-0.4957,nan,nan,nan,,0.06654155099749914,0.0556087650002155,0.04442768700027955,0.04442768700027955,0.03316866499881144,0.022181529999215854,nan,profile,1,1,1,2,84.80007743835449,15.199922561645508,0.8,-0.8,
1785159658.8285265,84.89942885500204,8.888888888888891,1.5705146863961852,-8.888888888888891,-1.5705146863961852,0.0,-0.0012121231107142575,-2.8055409433631424,-0.5077574074249908,0.08151395992414123,0.010235708799170141,-2.5232448097074123,before_ekf,both,-0.0012121231107142575,-0.5077574074249908,0.08151395992414123,0.010235708799170141,-2.5232448097074123,-0.0011903672255782222,-0.5083453785846277,0.08232726127808737,0.00791654160053099,-2.4998928988669102,nan,nan,nan,nan,-0.4977,nan,nan,nan,,0.06666021500132047,0.05577928600177984,0.0445965110011457,0.0445965110011457,0.03319011900020996,0.022224869000638137,nan,profile,1,1,1,2,84.90015697479248,15.09984302520752,0.8,-0.8,
1785159658.9293456,85.0002486020021,8.888888888888891,1.566196892044,-8.888888888888891,-1.566196892044,0.0,-3.2607399703324036e-05,-2.8055409433631424,-0.5039357808864524,0.08151395992414051,0.010235708799169633,-2.5893488108350393,before_ekf,both,-3.2607399703324036e-05,-0.5039357808864524,0.08151395992414051,0.010235708799169633,-2.5893488108350393,-0.001238035447119292,-0.506496463255365,0.08239764936361536,0.007967473295478833,-2.53597775250439,nan,nan,nan,nan,-0.495,nan,nan,nan,,0.06673727299858001,0.05593050199968275,0.044811087998823496,0.044811087998823496,0.03332626699921093,0.02208833899931051,nan,profile,1,1,1,2,85.00102162361145,14.99897837638855,0.8,-0.8,
1785159659.031041,85.1019444520025,8.888888888888891,1.5697960684380488,-8.888888888888891,-1.5697960684380488,0.0,-0.00236583571951311,-2.8055409433631424,-0.503491494258649,0.08185341913245821,0.010433131937726305,-2.6237779780890076,before_ekf,both,-0.00236583571951311,-0.503491494258649,0.08185341913245821,0.010433131937726305,-2.6237779780890076,-0.001842341222782692,-0.5025884053904486,0.08253082189171503,0.008052439906351074,-2.600517994967167,nan,nan,nan,nan,-0.4979,nan,nan,nan,,0.0663418410003942,0.05549973999950453,0.04411997200077167,0.04411997200077167,0.03286803100127145,0.021920251001574798,nan,profile,1,1,1,2,85.10262393951416,14.89737606048584,0.8,-0.8,
1785159659.1332958,85.20419486300307,8.888888888888891,1.6132955323326899,-8.888888888888891,-1.6132955323326899,0.0,-0.0011528334960611108,-2.8055409433631424,-0.5003822188220612,0.081853419132459,0.010433131937726698,-2.6898819792166346,before_ekf,both,-0.0011528334960611108,-0.5003822188220612,0.081853419132459,0.010433131937726698,-2.6898819792166346,-0.0013854780491735592,-0.5011826861915837,0.08260047826989912,0.008091061341819137,-2.635985923489579,nan,nan,nan,nan,-0.4989,nan,nan,nan,,0.06788915300057852,0.057142186000419315,0.04574471000159974,0.04574471000159974,0.03404558400143287,0.022773958000470884,nan,profile,1,1,1,2,85.20516395568848,14.794836044311523,0.8,-0.8,
1785159659.2439792,85.31487634300356,8.888888888888891,1.5704437935721156,-8.888888888888891,-1.5704437935721156,0.0,-0.0011528334960638129,-2.8055409433631424,-0.5001268012321479,0.081853419132459,0.010433131937726698,-2.7559859803442617,before_ekf,both,-0.0011528334960638129,-0.5001268012321479,0.081853419132459,0.010433131937726698,-2.7559859803442617,-0.0011843154828305566,-0.5002644801059769,0.08273234346728092,0.008158030989733174,-2.7011146992669706,nan,nan,nan,nan,-0.5019,nan,nan,nan,,0.07090383900140296,0.05986374900021474,0.048485878000064986,0.048485878000064986,0.03410113900099532,0.02276777800216223,nan,profile,1,1,1,2,85.31599736213684,14.68400263786316,0.8,-0.8,
1785159659.3478642,85.41876081900045,8.888888888888891,1.57721130255366,-8.888888888888891,-1.57721130255366,0.0,-2.675810961694225e-15,-2.8055409433631424,-0.4967503705500966,0.081853419132459,0.010433131937726698,-2.789037980908075,before_ekf,both,-2.675810961694225e-15,-0.4967503705500966,0.081853419132459,0.010433131937726698,-2.789037980908075,-0.00034824903724620283,-0.4982331734403752,0.08279930480779564,0.008185819302285752,-2.76556305655014,nan,nan,nan,nan,-0.5071,nan,nan,nan,,0.06812612299836474,0.057378388999495655,0.0458937559997139,0.0458937559997139,0.03397390499958419,0.022677199998724973,nan,profile,1,1,1,2,85.41980624198914,14.580193758010864,0.8,-0.8,
1785159659.4553452,85.5262441690029,8.888888888888891,1.5742733771748616,-8.888888888888891,-1.5742733771748616,0.0,-0.0011803440700871406,-2.8055409433631424,-0.5001664011526684,0.0822252944825334,0.010559295219850605,-2.856519148725857,before_ekf,both,-0.0011803440700871406,-0.5001664011526684,0.0822252944825334,0.010559295219850605,-2.856519148725857,-0.0009545083865116687,-0.49877005676687547,0.08287684858873262,0.008216894485681091,-2.8005037726958646,nan,nan,nan,nan,-0.5083,nan,nan,nan,,0.06865587699940079,0.057496388002618914,0.04549683100049151,0.04549683100049151,0.03388390899999649,0.022791330000472954,nan,profile,1,1,1,2,85.52730202674866,14.472697973251343,0.8,-0.8,
1785159659.5574524,85.6283521410005,8.888888888888891,1.5699967745375278,-8.888888888888891,-1.5699967745375278,0.0,-0.0011803440700871406,-2.8055409433631424,-0.4996569298284517,0.0822252944825334,0.010559295219850605,-2.8895711492896705,before_ekf,both,-0.0011803440700871406,-0.4996569298284517,0.0822252944825334,0.010559295219850605,-2.8895711492896705,-0.0011854498897954015,-0.499641579345592,0.08302433520916777,0.008264869699484157,-2.86547183510828,nan,nan,nan,nan,-0.5099,nan,nan,nan,,0.06691230700016604,0.05612461399869062,0.044604503997106804,0.044604503997106804,0.033174718999362085,0.022193190998223145,nan,profile,1,1,1,2,85.62906408309937,14.370935916900635,0.8,-0.8,
1785159659.6593215,85.730220190002,8.888888888888891,1.3094418742501985,-8.888888888888891,-1.5713302491002383,0.0,-0.0023667244446107546,-2.8055409433631424,-0.49588518004114546,0.0826078340154112,0.010648025853934862,-2.9542979837271357,before_ekf,both,-0.0023667244446107546,-0.49588518004114546,0.0826078340154112,0.010648025853934862,-2.9542979837271357,-0.00207225249758419,-0.4993691032213252,0.08318784245848043,0.00831102634619758,-2.9007948705312017,nan,nan,nan,nan,-0.5087,nan,nan,nan,,0.06711032499879366,0.0562836499993864,0.04512998399877688,0.04512998399877688,0.033427097001549555,0.02230247600164148,nan,profile,1,1,1,2,85.73114204406738,14.268857955932617,0.8,-0.8,
1785159659.7639873,85.83489035400271,8.888888888888891,1.3223964917191087,-8.888888888888891,-1.5868757900629307,0.0,-0.0011863803745236217,-2.8055409433631424,-0.4916425105907674,0.0826078340154112,0.010648025853934862,-2.9873499842909492,before_ekf,both,-0.0011863803745236217,-0.4916425105907674,0.0826078340154112,0.010648025853934862,-2.9873499842909492,-0.0015401551396474367,-0.4995568737054723,0.08341084833291154,0.0083581747099146,-2.9658169531153717,nan,nan,nan,nan,-0.4987,nan,nan,nan,,0.07056222800019896,0.05904895899948315,0.044911442000739044,0.044911442000739044,0.03310424099981901,0.021911460000410443,nan,profile,1,1,1,2,85.83549380302429,14.164506196975708,0.8,-0.8,
1785159659.8667781,85.9376768760012,8.888888888888891,1.570105715795804,-8.888888888888891,-1.570105715795804,0.0,-0.0013383360277843168,-2.8055409433631424,-0.4915082490675665,0.08260939699693506,0.010635142897482302,-3.053453985418562,before_ekf,both,-0.0013383360277843168,-0.4915082490675665,0.08260939699693506,0.010635142897482302,-3.053453985418562,-0.0013767506243109193,-0.49920862964734625,0.0834990852042408,0.00837190736508006,-3.0006906794265444,nan,nan,nan,nan,-0.4962,nan,nan,nan,,0.06745304799915175,0.056504997999581974,0.04500638899844489,0.04500638899844489,0.03346066499943845,0.022441764998802682,nan,profile,1,1,1,2,85.93854808807373,14.06145191192627,0.8,-0.8,
1785159659.9710085,86.04190769400157,8.888888888888891,1.571190679943656,-8.888888888888891,-1.571190679943656,0.0,0.001001354103533944,-2.8055409433631424,-0.4995508031093007,0.08221793372841645,0.010604079105848584,-3.0878831526725303,before_ekf,both,0.001001354103533944,-0.4995508031093007,0.08221793372841645,0.010604079105848584,-3.0878831526725303,0.0003493532602657684,-0.502662587114974,0.08350861150578164,0.008370479582666073,-3.0654555742375234,nan,nan,nan,nan,-0.4911,nan,nan,nan,,0.06972333500016248,0.05894278599953395,0.047589617999619804,0.047589617999619804,0.03634239999882993,0.02528080000047339,nan,profile,1,1,1,2,86.04313898086548,13.956861019134521,0.8,-0.8,
1785159660.0737765,86.14467962900017,8.888888888888891,1.5699029578177208,-8.888888888888891,-1.5699029578177208,0.0,0.0010032317479839214,-2.8055409433631424,-0.5081162958390857,0.08221754799881116,0.010624083002820084,3.1264438199991194,before_ekf,both,0.0010032317479839214,-0.5081162958390857,0.08221754799881116,0.010624083002820084,3.1264438199991194,0.0007574559957637517,-0.5060238588710932,0.08344661987358686,0.00836835602406545,-3.136261293242463,nan,nan,nan,nan,-0.4898,nan,nan,nan,,0.06732029499835335,0.056387060998531524,0.044939081999473274,0.044939081999473274,0.03334562899908633,0.02230238999982248,nan,profile,1,1,1,2,86.14553833007812,13.854461669921875,0.8,-0.8,
1785159660.1759496,86.24684923200039,8.888888888888891,1.5711037446646152,-8.888888888888891,-1.5711037446646152,0.0,-2.232983090773577e-05,-2.8055409433631424,-0.5122022128895171,0.08260917644699836,0.01059517611229677,3.0589626521813376,before_ekf,both,-2.232983090773577e-05,-0.5122022128895171,0.08260917644699836,0.01059517611229677,3.0589626521813376,0.00013714584262224637,-0.505915158343559,0.08345118924511458,0.008370051019455024,3.1167336864319743,nan,nan,nan,nan,-0.4883,nan,nan,nan,,0.06803020000006654,0.05727607899825671,0.044575730000360636,0.044575730000360636,0.03309439199802,0.02210693799861474,nan,profile,1,1,1,2,86.24768710136414,13.752312898635864,0.8,-0.8,
1785159660.2779944,86.34889101700173,8.888888888888891,1.5718689544507243,-8.888888888888891,-1.5718689544507243,0.0,-0.0011756395877023824,-2.8055409433631424,-0.5081751374637044,0.08260917644699836,0.01059517611229677,3.025910651617524,before_ekf,both,-0.0011756395877023824,-0.5081751374637044,0.08260917644699836,0.01059517611229677,3.025910651617524,-0.0008183238636720006,-0.505601760929414,0.08353525560171969,0.008366585051576083,3.0456715889533497,nan,nan,nan,nan,-0.4857,nan,nan,nan,,0.06761336400086293,0.05654081299871905,0.04527307199896313,0.04527307199896313,0.03394795900021563,0.02288421200137236,nan,profile,1,1,1,2,86.3498044013977,13.650195598602295,0.8,-0.8,
1785159660.3832264,86.45412454100006,8.888888888888891,1.571583564433993,-8.888888888888891,-1.571583564433993,0.0,-2.6931800523131294e-07,-2.8055409433631424,-0.5037833098968589,0.08222135461803835,0.010656841975879081,2.9584294837997422,before_ekf,both,-2.6931800523131294e-07,-0.5037833098968589,0.08222135461803835,0.010656841975879081,2.9584294837997422,-0.0002241300008542237,-0.5038429994555516,0.08352756884792592,0.008365660874722972,3.015757600533586,nan,nan,nan,nan,-0.4935,nan,nan,nan,,0.07018873499691836,0.05919506200007163,0.047845707998931175,0.047845707998931175,0.03621354099959717,0.024893181998777436,nan,profile,1,1,1,2,86.45503211021423,13.544967889785767,0.8,-0.8,
1785159660.484677,86.55558149200078,8.888888888888891,1.5708266437491212,-8.888888888888891,-1.5708266437491212,0.0,-2.6931800523131294e-07,-2.8055409433631424,-0.5038483049115999,0.08222135461803835,0.010656841975879081,2.9253774832359287,before_ekf,both,-2.6931800523131294e-07,-0.5038483049115999,0.08222135461803835,0.010656841975879081,2.9253774832359287,2.3686128169314427e-06,-0.5000574514271102,0.08352675432133237,0.008365259079002249,2.9449467202825783,nan,nan,nan,nan,-0.4978,nan,nan,nan,,0.0663908269998501,0.055649967998760985,0.04432965600062744,0.04432965600062744,0.033083210000768304,0.02213274099995033,nan,profile,1,1,1,2,86.55611515045166,13.44388484954834,0.8,-0.8,
1785159660.5859716,86.65687524200257,8.888888888888891,1.5711890297810003,-8.888888888888891,-1.5711890297810003,0.0,0.0011772479141471076,-2.8055409433631424,-0.4999033390801043,0.08222135461803835,0.010656841975879109,2.859273482108302,before_ekf,both,0.0011772479141471076,-0.4999033390801043,0.08222135461803835,0.010656841975879109,2.859273482108302,0.0008774016363408324,-0.4971083639910938,0.08344499875505358,0.008380013475379396,2.9150332457982593,nan,nan,nan,nan,-0.5042,nan,nan,nan,,0.0668462499997986,0.055885894002130954,0.04460130200095591,0.04460130200095591,0.03326023599947803,0.022131703000923153,nan,profile,1,1,1,2,86.65750479698181,13.342495203018188,0.8,-0.8,
1785159660.6866026,86.7575006060033,8.888888888888891,1.8342989345267116,-8.888888888888891,-1.5722562295943243,0.0,3.8159317373715956e-05,-2.8055409433631424,-0.5038910004283506,0.08259750808346308,0.010544072209548727,2.824844314854334,before_ekf,both,3.8159317373715956e-05,-0.5038910004283506,0.08259750808346308,0.010544072209548727,2.824844314854334,0.0003745391088204894,-0.49590486980463916,0.08337038263038868,0.0084000425126889,2.8504554315085446,nan,nan,nan,nan,-0.505,nan,nan,nan,,0.06666852700072923,0.0558479810024437,0.04425550700034364,0.04425550700034364,0.033070453002437716,0.02215924100164557,nan,profile,1,1,1,2,86.75837326049805,13.241626739501953,0.8,-0.8,
1785159660.7890615,86.85996241100293,8.888888888888891,1.5714271605142136,-8.888888888888891,-1.5714271605142136,0.0,-0.002318114601905724,-2.8055409433631424,-0.4959903216472833,0.0829630719653507,0.010400640456093055,2.760117480416868,before_ekf,both,-0.002318114601905724,-0.4959903216472833,0.0829630719653507,0.010400640456093055,2.760117480416868,-0.0007148733445763574,-0.49509782797056057,0.0834473038801528,0.008378953484745945,2.8160662343113785,nan,nan,nan,nan,-0.5068,nan,nan,nan,,0.0673919159999059,0.056483800002752105,0.04513933199996245,0.04513933199996245,0.03380682699935278,0.02275115399970673,nan,profile,1,1,1,2,86.86084318161011,13.139156818389893,0.8,-0.8,
1785159660.89048,86.96137837100105,8.888888888888891,1.566442368901687,-8.888888888888891,-1.8275160970519682,0.0,-0.0034960528902140534,-2.8055409433631424,-0.4999653541164936,0.08332621430625983,0.010251187821495079,2.7256883131629,before_ekf,both,-0.0034960528902140534,-0.4999653541164936,0.08332621430625983,0.010251187821495079,2.7256883131629,-0.0031198968040766053,-0.4968863959114415,0.08384074619786189,0.00823734236349732,2.7467708058715523,nan,nan,nan,nan,-0.5092,nan,nan,nan,,0.06738353299806477,0.056550969999079825,0.04516393599988078,0.04516393599988078,0.033898461999342544,0.02291148299991619,nan,profile,1,1,1,2,86.96243667602539,13.03756332397461,0.8,-0.8,
1785159660.9940572,87.06495401900247,8.888888888888891,1.5715139900887507,-8.888888888888891,-1.5715139900887507,0.0,-0.00235696429344332,-2.8055409433631424,-0.49594626686854,0.08332621430625983,0.010251187821495079,2.6595843120352733,before_ekf,both,-0.00235696429344332,-0.49594626686854,0.08332621430625983,0.010251187821495079,2.6595843120352733,-0.0034666777020880986,-0.4976965787780804,0.08403873617277267,0.008152668091248845,2.716670910419296,nan,nan,nan,nan,-0.5084,nan,nan,nan,,0.06851945800008252,0.057404407001740765,0.04576838100183522,0.04576838100183522,0.034233703001518734,0.022936517001653556,nan,profile,1,1,1,2,87.06601428985596,12.933985710144043,0.8,-0.8,
1785159661.0979273,87.16882320800141,8.888888888888891,1.8319059653599687,-8.888888888888891,-1.5702051131656876,0.0,-0.002356964293440656,-2.8055409433631424,-0.49713840708756185,0.08332621430625906,0.010251187821495497,2.6265323114714594,before_ekf,both,-0.002356964293440656,-0.49713840708756185,0.08332621430625906,0.010251187821495497,2.6265323114714594,-0.002522591127120418,-0.49726185527459926,0.08432994595292825,0.008005648521083616,2.6471717078644694,nan,nan,nan,nan,-0.4983,nan,nan,nan,,0.06866200299919001,0.05780747799872188,0.04621998600123334,0.04621998600123334,0.03425360599794658,0.022894644000189146,nan,profile,1,1,1,2,87.16981720924377,12.830182790756226,0.8,-0.8,
1785159661.202165,87.27306837500146,8.888888888888891,1.8329472188822111,-8.888888888888891,-1.5710976161847525,0.0,-0.0011759955227491035,-2.8055409433631424,-0.49986749006731374,0.08366621599540315,0.010054700414445953,2.559051143653678,before_ekf,both,-0.0011759955227491035,-0.49986749006731374,0.08366621599540315,0.010054700414445953,2.559051143653678,-0.001492513955691537,-0.49831027077699797,0.08438838903863037,0.007970010377140223,2.6174680080698316,nan,nan,nan,nan,-0.4823,nan,nan,nan,,0.06827223299842444,0.05740263999905437,0.045800158000929514,0.045800158000929514,0.03411181000046781,0.022322487999190344,nan,profile,1,1,1,2,87.27373623847961,12.726263761520386,0.8,-0.8,
1785159661.3033464,87.37425021100353,8.888888888888891,1.5684397304155502,-8.888888888888891,-1.5684397304155502,0.0,-0.0011759955227491035,-2.8055409433631424,-0.500011619571615,0.08366621599540315,0.010054700414445953,2.525999143089864,before_ekf,both,-0.0011759955227491035,-0.500011619571615,0.08366621599540315,0.010054700414445953,2.525999143089864,-0.0012268110418775127,-0.4989907631445285,0.08452939442245137,0.007881247814577358,2.547832727467206,nan,nan,nan,nan,-0.4825,nan,nan,nan,,0.06700545300191152,0.05608299800223904,0.04444020400114823,0.04444020400114823,0.03309782700307551,0.022105850002844818,nan,profile,1,1,1,2,87.37479162216187,12.625208377838135,0.8,-0.8,
1785159661.4061537,87.47705702800158,8.888888888888891,1.5714849357789056,-8.888888888888891,-1.5714849357789056,0.0,-0.002399770432959857,-2.8055409433631424,-0.4955968394900815,0.08398109718267265,0.00982040951826501,2.461272308652406,before_ekf,both,-0.002399770432959857,-0.4955968394900815,0.08398109718267265,0.00982040951826501,2.461272308652406,-0.002056039369776191,-0.49694109759940036,0.08465594412893401,0.007796313337681394,2.51764890720072,nan,nan,nan,nan,-0.4817,nan,nan,nan,,0.0689173770006164,0.057997198000521166,0.04637765799998306,0.04637765799998306,0.03467046199875767,0.022881069999129977,nan,profile,1,1,1,2,87.47782063484192,12.522179365158081,0.8,-0.8,
1785159661.506432,87.57733548500255,8.888888888888891,1.5709661011014426,-8.888888888888891,-1.5709661011014426,0.0,-0.0012237749102080979,-2.8055409433631424,-0.4913896994155351,0.08398109718267265,0.00982040951826501,2.428220308088593,before_ekf,both,-0.0012237749102080979,-0.4913896994155351,0.08398109718267265,0.00982040951826501,2.428220308088593,-0.0015638996234105924,-0.49429153904198847,0.08485389380873372,0.007643564013429473,2.4483159930702403,nan,nan,nan,nan,-0.491,nan,nan,nan,,0.06597786000202177,0.05523003000052995,0.043917314000282204,0.043917314000282204,0.03287835900118807,0.022034510999219492,nan,profile,1,1,1,2,87.57803249359131,12.421967506408691,0.8,-0.8,
1785159661.6076677,87.6785708110001,8.888888888888891,1.5699839699893052,-8.888888888888891,-1.5699839699893052,0.0,-0.0012237749102080979,-2.8055409433631424,-0.49155523767400916,0.08398109718267265,0.00982040951826501,2.362116306960966,before_ekf,both,-0.0012237749102080979,-0.49155523767400916,0.08398109718267265,0.00982040951826501,2.362116306960966,-0.0012614976061392502,-0.49398799316959013,0.08496927230182752,0.007540441364204361,2.3844637327894986,nan,nan,nan,nan,-0.4971,nan,nan,nan,,0.06710366100014653,0.056250158999318955,0.04488680099893827,0.04488680099893827,0.03356054299729294,0.022270658999332227,nan,profile,1,1,1,2,87.67930912971497,12.320690870285034,0.8,-0.8,
1785159661.7082713,87.77917355300087,8.888888888888891,1.5775383787673047,-8.888888888888891,-1.5775383787673047,0.0,-8.153200337090994e-18,-2.8055409433631424,-0.4956864472983211,0.08398109718267265,0.00982040951826501,2.2960123058333384,before_ekf,both,-8.153200337090994e-18,-0.4956864472983211,0.08398109718267265,0.00982040951826501,2.2960123058333384,-0.0003799675682241925,-0.4950480737346184,0.08496636263889595,0.007539684725428868,2.3494572021879296,nan,nan,nan,nan,-0.506,nan,nan,nan,,0.06645149099858827,0.05561194799884106,0.044370414998411434,0.044370414998411434,0.03320814999824506,0.022233787000004668,nan,profile,1,1,1,2,87.77985262870789,12.220147371292114,0.8,-0.8,
1785159661.8111145,87.88201656700039,8.888888888888891,1.5707523300221327,-8.888888888888891,-1.5707523300221327,0.0,-8.153200337090994e-18,-2.8055409433631424,-0.4958869277107019,0.08398109718267265,0.00982040951826501,2.262960305269525,before_ekf,both,-8.153200337090994e-18,-0.4958869277107019,0.08398109718267265,0.00982040951826501,2.262960305269525,4.914242719662723e-06,-0.49635888153076424,0.08496259924626412,0.007542276434170913,2.284940241353919,nan,nan,nan,nan,-0.5114,nan,nan,nan,,0.06877379899742664,0.057949893998738844,0.04668269799731206,0.04668269799731206,0.033768091998354066,0.022236614997382276,nan,profile,1,1,1,2,87.88279628753662,12.117203712463379,0.8,-0.8,
1785159661.9130056,87.98390522600312,8.888888888888891,1.5801444773241915,-8.888888888888891,-1.5801444773241915,0.0,-8.153200337090994e-18,-2.8055409433631424,-0.4957018227621119,0.08398109718267265,0.00982040951826501,2.196856304141891,before_ekf,both,-8.153200337090994e-18,-0.4957018227621119,0.08398109718267265,0.00982040951826501,2.196856304141891,3.158198528942964e-05,-0.49710766241096244,0.08496241225654662,0.007542573328522243,2.250116675379081,nan,nan,nan,nan,-0.5151,nan,nan,nan,,0.06720024900278077,0.056296869999641785,0.044582758000615286,0.044582758000615286,0.03327141300178482,0.022109876001195516,nan,profile,1,1,1,2,87.9846761226654,12.015323877334595,0.8,-0.8,
1785159662.0168731,88.08777619500324,8.888888888888891,1.5707709431364556,-8.888888888888891,-1.5707709431364556,0.0,-8.153200337090994e-18,-2.8055409433631424,-0.49572668221376776,0.08398109718267265,0.00982040951826501,2.1638043035780776,before_ekf,both,-8.153200337090994e-18,-0.49572668221376776,0.08398109718267265,0.00982040951826501,2.1638043035780776,3.458098437666357e-05,-0.4980092813154803,0.08496263616522742,0.0075426197964022145,2.187279785385618,nan,nan,nan,nan,-0.5119,nan,nan,nan,,0.06880024900237913,0.057825092000712175,0.046276196000690106,0.046276196000690106,0.03441678700255579,0.022699713001202326,nan,profile,1,1,1,2,88.08878302574158,11.911216974258423,0.8,-0.8,
1785159662.1191652,88.19006829200225,8.888888888888891,1.5710329872040891,-8.888888888888891,-1.5710329872040891,0.0,-0.0011772984018887105,-2.8055409433631424,-0.49979081377616535,0.08419763344971475,0.009492811449276935,2.096323135760296,before_ekf,both,-0.0011772984018887105,-0.49979081377616535,0.08419763344971475,0.009492811449276935,2.096323135760296,-0.0008284337371176216,-0.5001332519571936,0.08500953402652994,0.007478854672696611,2.1555779891641267,nan,nan,nan,nan,-0.5066,nan,nan,nan,,0.06728220199875068,0.056551734000095166,0.04507267200096976,0.04507267200096976,0.033713298002112424,0.022409910001442768,nan,profile,1,1,1,2,88.19073510169983,11.809264898300171,0.8,-0.8,
1785159662.221821,88.29272254400348,8.888888888888891,1.5712868196885306,-8.888888888888891,-1.5712868196885306,0.0,-0.0011772984018887105,-2.8055409433631424,-0.49985331284898465,0.08419763344971475,0.009492811449276935,2.063271135196482,before_ekf,both,-0.0011772984018887105,-0.49985331284898465,0.08419763344971475,0.009492811449276935,2.063271135196482,-0.001160317200290329,-0.5026690388122893,0.0850970259277848,0.007338547738675785,2.085004730560293,nan,nan,nan,nan,-0.5047,nan,nan,nan,,0.0680142990022432,0.057400543002586346,0.045110224000382004,0.045110224000382004,0.03370690200245008,0.022577435000130208,nan,profile,1,1,1,2,88.29348158836365,11.706518411636353,0.8,-0.8,
1785159662.322914,88.39381209800194,8.888888888888891,1.5702576185137131,-8.888888888888891,-1.5702576185137131,0.0,-0.0011784182913714878,-2.8055409433631424,-0.5081894878787233,0.08419127726919312,0.009489807274900326,1.9944128006885455,before_ekf,both,-0.0011784182913714878,-0.5081894878787233,0.08419127726919312,0.009489807274900326,1.9944128006885455,-0.0011810350624934546,-0.5035542047446281,0.08513110089967713,0.00727639803754554,2.054756513558379,nan,nan,nan,nan,-0.5043,nan,nan,nan,,0.06717802999992273,0.05631574799917871,0.044658959999651415,0.044658959999651415,0.03318084300190094,0.022044710000045598,nan,profile,1,1,1,2,88.3946373462677,11.6053626537323,0.8,-0.8,
1785159662.4248712,88.49577438800043,8.888888888888891,1.5713162910687744,-8.888888888888891,-1.3094302425573119,0.0,-1.1198894827854632e-06,-2.8055409433631424,-0.5041803867360615,0.08419127726919312,0.009489807274900326,1.9613608001247322,before_ekf,both,-1.1198894827854632e-06,-0.5041803867360615,0.08419127726919312,0.009489807274900326,1.9613608001247322,-0.00032653498929013653,-0.5079782854051718,0.08516492868395191,0.007204309500558504,1.9830139733495997,nan,nan,nan,nan,-0.4978,nan,nan,nan,,0.06733874699784792,0.05654920599772595,0.04466537899861578,0.04466537899861578,0.03320018699741922,0.022113276998425135,nan,profile,1,1,1,2,88.49640393257141,11.503596067428589,0.8,-0.8,
1785159662.5262814,88.59718437900301,8.888888888888891,1.5711099674777043,-8.888888888888891,-1.5711099674777043,0.0,4.2516455685282294e-06,-2.8055409433631424,-0.512282265798637,0.08418468804655185,0.00948735610385521,1.8925024656167886,before_ekf,both,4.2516455685282294e-06,-0.512282265798637,0.08418468804655185,0.00948735610385521,1.8925024656167886,0.0007888672490272465,-0.5086549092352523,0.08512845599276198,0.007282561896785862,1.95108584790171,nan,nan,nan,nan,-0.4965,nan,nan,nan,,0.06669452400092268,0.055938173001777614,0.044298761000391096,0.044298761000391096,0.033111553002527216,0.02208834500197554,nan,profile,1,1,1,2,88.59785580635071,11.402144193649292,0.8,-0.8,
1785159662.6288142,88.69970870000179,8.888888888888891,1.3096497076995557,-8.888888888888891,-1.5715796492394671,0.0,4.2516455685282294e-06,-2.8055409433631424,-0.5114325477614275,0.08418468804655185,0.00948735610385521,1.8594504650529746,before_ekf,both,4.2516455685282294e-06,-0.5114325477614275,0.08418468804655185,0.00948735610385521,1.8594504650529746,0.00010241966049869587,-0.5064730910957417,0.08513173993982738,0.00728037367294402,1.8822296122220534,nan,nan,nan,nan,-0.4973,nan,nan,nan,,0.06847020799978054,0.05773324099936872,0.04545174599843449,0.04545174599843449,0.033770898000511806,0.022846300998935476,nan,profile,1,1,1,2,88.70064735412598,11.299352645874023,0.8,-0.8,
1785159662.7339566,88.8048552170003,8.888888888888891,1.5679488689309633,-8.888888888888891,-1.5679488689309633,0.0,0.0011832424341426684,-2.8055409433631424,-0.5081279894921086,0.08409511505519987,0.009869697742928828,1.7919692972351928,before_ekf,both,0.0011832424341426684,-0.5081279894921086,0.08409511505519987,0.009869697742928828,1.7919692972351928,5.263743303121664e-05,-0.5027506958018836,0.08513206319019012,0.007280112351223349,1.8522905630072959,nan,nan,nan,nan,-0.4998,nan,nan,nan,,0.0693617209981312,0.05840627599900472,0.04647978999855695,0.04647978999855695,0.03393866399710532,0.02296292299797642,nan,profile,1,1,1,2,88.8058500289917,11.1941499710083,0.8,-0.8,
1785159662.8659801,88.93685424900104,8.888888888888891,1.5609372907726473,-8.888888888888891,-1.5609372907726473,0.0,0.00119007030987015,-2.8055409433631424,-0.5000529722810833,0.08410148960094649,0.009870914310627183,1.7258652961075733,before_ekf,both,0.00119007030987015,-0.5000529722810833,0.08410148960094649,0.009870914310627183,1.7258652961075733,-0.0005737449297950694,-0.4969667144453573,0.08513211702284439,0.007276538857257866,1.7826957387398472,nan,nan,nan,nan,-0.5013,nan,nan,nan,,0.0948350879989448,0.07646778599882964,0.06230661600056919,0.06230661600056919,0.051065630999801215,0.038007381997886114,nan,profile,1,1,1,2,88.94154000282288,11.058459997177124,0.8,-0.8,
1785159662.9892664,89.06016399600048,8.888888888888891,1.5741517887477916,-8.888888888888891,-1.5741517887477916,0.0,0.0023661330074154292,-2.8055409433631424,-0.49569390486391596,0.08405664658095938,0.010261040858298308,1.661138461670108,before_ekf,both,0.0023661330074154292,-0.49569390486391596,0.08405664658095938,0.010261040858298308,1.661138461670108,0.0010997144579113097,-0.49619760051187467,0.08509719127631188,0.00744003022219778,1.7182301308595482,nan,nan,nan,nan,-0.4959,nan,nan,nan,,0.06875242499882006,0.05793542199899093,0.04644988799918792,0.04644988799918792,0.034716672998911235,0.02350699299859116,nan,profile,1,1,1,2,89.0612142086029,10.938785791397095,0.8,-0.8,
1785159663.0923402,89.16323912200096,8.888888888888891,1.571552432101029,-8.888888888888891,-1.571552432101029,0.0,1.1897029211793698e-05,-2.8055409433631424,-0.48763259375964507,0.08408264037426047,0.00986920678327428,1.6294636277964563,before_ekf,both,1.1897029211793698e-05,-0.48763259375964507,0.08408264037426047,0.00986920678327428,1.6294636277964563,0.0006397841131334161,-0.4892120474876847,0.08507752842791598,0.0076003583778947075,1.649214730710491,nan,nan,nan,nan,-0.4985,nan,nan,nan,,0.068092045999947,0.057352398998773424,0.04548985399742378,0.04548985399742378,0.033809391999966465,0.022571159999642987,nan,profile,1,1,1,2,89.16413688659668,10.83586311340332,0.8,-0.8,
1785159663.193761,89.26465755200115,8.888888888888891,1.5698011513549952,-8.888888888888891,-1.8314346765808276,0.0,-5.440031526502374e-06,-2.8055409433631424,-0.487630559452375,0.08406317944044892,0.009868720096014926,1.563359626668836,before_ekf,both,-5.440031526502374e-06,-0.487630559452375,0.08406317944044892,0.009868720096014926,1.563359626668836,0.0019282009078592272,-0.49196651338111347,0.08506345558130217,0.007757113474790139,1.620144980573003,nan,nan,nan,nan,-0.4991,nan,nan,nan,,0.06709802099794615,0.05631574699873454,0.04509290599889937,0.04509290599889937,0.03385149099995033,0.02291982799943071,nan,profile,1,1,1,2,89.26550006866455,10.73449993133545,0.8,-0.8,
1785159663.2952006,89.36610252500031,8.888888888888891,1.5696379967388234,-8.888888888888891,-1.5696379967388234,0.0,-5.440031526502374e-06,-2.8055409433631424,-0.48750491669496776,0.08406317944044892,0.009868720096014926,1.5303076261050228,before_ekf,both,-5.440031526502374e-06,-0.48750491669496776,0.08406317944044892,0.009868720096014926,1.5303076261050228,0.000174533884591048,-0.4921733792887787,0.08506886238275974,0.007751378623332183,1.5513229917783116,nan,nan,nan,nan,-0.5029,nan,nan,nan,,0.06701305699971272,0.05608908599970164,0.04484012499960954,0.04484012499960954,0.033137635997263715,0.0220589780001319,nan,profile,1,1,1,2,89.36682891845703,10.633171081542969,0.8,-0.8,
1785159663.3972802,89.46817868400103,8.888888888888891,1.5717989301784898,-8.888888888888891,-1.5717989301784898,0.0,0.0011646024441838974,-2.8055409433631424,-0.4996720228619589,0.08408258642687967,0.010260934091974936,1.462826458287241,before_ekf,both,0.0011646024441838974,-0.4996720228619589,0.08408258642687967,0.010260934091974936,1.462826458287241,4.8767982931257e-05,-0.4963038136931756,0.0850692036130797,0.007748961729227995,1.5213538111104805,nan,nan,nan,nan,-0.5006,nan,nan,nan,,0.06748550100019202,0.056752141998003935,0.04559897400031332,0.04559897400031332,0.03420103099779226,0.022990380999544868,nan,profile,1,1,1,2,89.46909070014954,10.530909299850464,0.8,-0.8,
1785159663.498674,89.56957688300099,8.888888888888891,1.571382169495328,-8.888888888888891,-1.571382169495328,0.0,-9.68271035764361e-06,-2.8055409433631424,-0.49555143230358006,0.08408258642687967,0.010260934091974936,1.4297744577234275,before_ekf,both,-9.68271035764361e-06,-0.49555143230358006,0.08408258642687967,0.010260934091974936,1.4297744577234275,0.00025589761142108536,-0.499858623069934,0.0850735874276044,0.007826095533483629,1.4556949809356174,nan,nan,nan,nan,-0.5035,nan,nan,nan,,0.06631255799948121,0.055517254000733374,0.04424965100042755,0.04424965100042755,0.033228567997866776,0.022114277999207843,nan,profile,1,1,1,2,89.57018518447876,10.42981481552124,0.8,-0.8,
1785159663.6047,89.67559529900245,8.888888888888891,1.5702965171164636,-8.888888888888891,-1.5702965171164636,0.0,0.0011697400941460417,-2.8055409433631424,-0.49949162706994316,0.08408258642687981,0.010260934091975813,1.3636704565958004,before_ekf,both,0.0011697400941460417,-0.49949162706994316,0.08408258642687981,0.010260934091975813,1.3636704565958004,0.000937360140731357,-0.5015635930418705,0.08508245868682321,0.007907836217366973,1.4206029957862256,nan,nan,nan,nan,-0.5046,nan,nan,nan,,0.07160201000078814,0.06076678899989929,0.04926134900233592,0.04926134900233592,0.037548956999671645,0.02629946100205416,nan,profile,1,1,1,2,89.67651724815369,10.323482751846313,0.8,-0.8,
1785159663.7121031,89.78299832600169,8.888888888888891,1.5716925373135238,-8.888888888888891,-1.5716925373135238,0.0,-2.044570505871325e-17,-2.8055409433631424,-0.4958331582809869,0.08408258642687959,0.010260934091974953,1.2975664554681732,before_ekf,both,-2.044570505871325e-17,-0.4958331582809869,0.08408258642687959,0.010260934091974953,1.2975664554681732,0.00034102521348851626,-0.5023212170683251,0.08509700130940748,0.007983529627164036,1.350631064542032,nan,nan,nan,nan,-0.4977,nan,nan,nan,,0.07217044700155384,0.058157368999673054,0.04627439500109176,0.04627439500109176,0.03441368700077874,0.02304707000075723,nan,profile,1,1,1,2,89.784099817276,10.215900182723999,0.8,-0.8,
1785159663.815093,89.88599566700213,8.888888888888891,1.5715208764950048,-8.888888888888891,-1.5715208764950048,0.0,-2.044570505871325e-17,-2.8055409433631424,-0.4955086702317014,0.08408258642687959,0.010260934091974953,1.2645144549043599,before_ekf,both,-2.044570505871325e-17,-0.4955086702317014,0.08408258642687959,0.010260934091974953,1.2645144549043599,3.1070357155329006e-05,-0.5015952623470443,0.08509712507708837,0.007979887889178406,1.2857193720051017,nan,nan,nan,nan,-0.4905,nan,nan,nan,,0.06787092800004757,0.05695418899995275,0.04567532900182414,0.04567532900182414,0.033772677001252305,0.022148426000057952,nan,profile,1,1,1,2,89.88669800758362,10.113301992416382,0.8,-0.8,
1785159663.916086,89.986989129,8.888888888888891,1.5707879544950991,-8.888888888888891,-1.5707879544950991,0.0,-0.0011779888352889826,-2.8055409433631424,-0.5001185132160229,0.08395468327738062,0.009889653559092488,1.1970332870865779,before_ekf,both,-0.0011779888352889826,-0.5001185132160229,0.08395468327738062,0.009889653559092488,1.1970332870865779,-0.0008548496244528259,-0.5017966822941842,0.08507363561199618,0.00789524082131394,1.250620032845796,nan,nan,nan,nan,-0.4857,nan,nan,nan,,0.06653135999658844,0.05574896999678458,0.044251710998651106,0.044251710998651106,0.032953421999991406,0.02199370599919348,nan,profile,1,1,1,2,89.98763227462769,10.012367725372314,0.8,-0.8,
1785159664.0172973,90.08819595000023,8.888888888888891,1.5705932176799864,-8.888888888888891,-1.5705932176799864,0.0,5.042709714780415e-06,-2.8055409433631424,-0.5040259868117576,0.08410133089306535,0.010253937687985345,1.1626041198326098,before_ekf,both,5.042709714780415e-06,-0.5040259868117576,0.08410133089306535,0.010253937687985345,1.1626041198326098,-0.00032423741195933265,-0.49546854943413166,0.08504880086709284,0.00782822439239106,1.1860422893429377,nan,nan,nan,nan,-0.4863,nan,nan,nan,,0.06708168799741543,0.056224956999358255,0.04491760000018985,0.04491760000018985,0.03372733299693209,0.0225047120002273,nan,profile,1,1,1,2,90.08897638320923,9.911023616790771,0.8,-0.8,
1785159664.1182687,90.18917215900001,8.888888888888891,1.5695693473489936,-8.888888888888891,-1.5695693473489936,0.0,9.928239518057838e-06,-2.8055409433631424,-0.4959734458338704,0.08409003347296327,0.010259140871601107,1.0992544520853065,before_ekf,both,9.928239518057838e-06,-0.4959734458338704,0.08409003347296327,0.010259140871601107,1.0992544520853065,0.0007785258227093461,-0.4926149770278444,0.08508079782480503,0.00791227096042812,1.151639014515629,nan,nan,nan,nan,-0.4886,nan,nan,nan,,0.06580674799988628,0.05503825299820164,0.04395663299874286,0.04395663299874286,0.03284742399773677,0.022001798999554012,nan,profile,1,1,1,2,90.18991684913635,9.810083150863647,0.8,-0.8,
1785159664.2204103,90.29130778400213,8.888888888888891,1.5713673145359797,-8.888888888888891,-1.5713673145359797,0.0,0.0011879170748043762,-2.8055409433631424,-0.4915754491792632,0.08409003347296327,0.010259140871601107,1.066202451521493,before_ekf,both,0.0011879170748043762,-0.4915754491792632,0.08409003347296327,0.010259140871601107,1.066202451521493,0.0009446180461116369,-0.48791146605677793,0.08511630483933379,0.007983402947965495,1.0876227840166572,nan,nan,nan,nan,-0.4965,nan,nan,nan,,0.06812039000215009,0.05727300000216928,0.04593966999891563,0.04593966999891563,0.0346089340018807,0.023125081999751274,nan,profile,1,1,1,2,90.29240703582764,9.707592964172363,0.8,-0.8,
1785159664.3322132,90.40311532400301,8.888888888888891,1.5706154076060947,-8.888888888888891,-1.5706154076060947,0.0,-0.0011793708704538526,-2.8055409433631424,-0.4836620444380251,0.08389195546172701,0.009920061646191908,1.0014756170840278,before_ekf,both,-0.0011793708704538526,-0.4836620444380251,0.08389195546172701,0.009920061646191908,1.0014756170840278,0.0002822929088829958,-0.48737124278004773,0.08511465853882552,0.007976174300441145,1.0583906694572356,nan,nan,nan,nan,-0.5006,nan,nan,nan,,0.07667012400270323,0.0659289470022486,0.046027397002035286,0.046027397002035286,0.03329632700115326,0.022192258002178278,nan,profile,1,1,1,2,90.4038679599762,9.596132040023804,0.8,-0.8,
1785159664.4513724,90.52227599900289,8.888888888888891,1.5707896980623708,-8.888888888888891,-1.5707896980623708,0.0,-0.0011842564002544742,-2.8055409433631424,-0.49075841665287834,0.08389195546172701,0.009920061646191908,0.9353716159564006,before_ekf,both,-0.0011842564002544742,-0.49075841665287834,0.08389195546172701,0.009920061646191908,0.9353716159564006,-0.001960968648479781,-0.4903989597932456,0.08498926935315994,0.0077598843368176015,0.9905555571070463,nan,nan,nan,nan,-0.5025,nan,nan,nan,,0.07748221099973307,0.0651494020021346,0.04528227000264451,0.04528227000264451,0.033517800002300646,0.022173625002324115,nan,profile,1,1,1,2,90.52297377586365,9.477026224136353,0.8,-0.8,
1785159664.556818,90.62771498600341,8.888888888888891,1.8325542805417632,-8.888888888888891,-1.57076081189294,0.0,-0.0011842564002544742,-2.8055409433631424,-0.492057329731504,0.08389195546172701,0.009920061646191908,0.9023196153925872,before_ekf,both,-0.0011842564002544742,-0.492057329731504,0.08389195546172701,0.009920061646191908,0.9023196153925872,-0.0012906869661254141,-0.4970186170898971,0.08490091625334831,0.007637661710588591,0.9254079627160986,nan,nan,nan,nan,-0.5111,nan,nan,nan,,0.07106252200173913,0.06005629600258544,0.04812662600306794,0.04812662600306794,0.03530595800111769,0.02401601900055539,nan,profile,1,1,1,2,90.62878441810608,9.371215581893921,0.8,-0.8,
1785159664.6598945,90.73079687500285,8.888888888888891,1.5703445072732638,-8.888888888888891,-1.5703445072732638,0.0,-2.4254969031117095e-06,-2.8055409433631424,-0.5041362651748409,0.08387669031244223,0.009932995319246693,0.8334612808846505,before_ekf,both,-2.4254969031117095e-06,-0.5041362651748409,0.08387669031244223,0.009932995319246693,0.8334612808846505,0.00048473995491573127,-0.502943972737839,0.08495103495070346,0.007710604965633237,0.8902639831570377,nan,nan,nan,nan,-0.5106,nan,nan,nan,,0.06830528300270089,0.057149873002344975,0.045204300000477815,0.045204300000477815,0.03321557399976882,0.022224328000447713,nan,profile,1,1,1,2,90.73156023025513,9.268439769744873,0.8,-0.8,
1785159664.7628262,90.83372861000316,8.888888888888891,1.5704237280611768,-8.888888888888891,-1.5704237280611768,0.0,0.0011704130920459465,-2.8055409433631424,-0.50812589120325,0.0841480250301588,0.01021687191340499,0.7990321136306823,before_ekf,both,0.0011704130920459465,-0.50812589120325,0.0841480250301588,0.01021687191340499,0.7990321136306823,0.0009061890280759198,-0.5099843136772909,0.08500247443883185,0.007769803141604793,0.8239039081869998,nan,nan,nan,nan,-0.5083,nan,nan,nan,,0.06788042700281949,0.05692728900248767,0.04532243799985736,0.04532243799985736,0.033542262000992196,0.02226561300267349,nan,profile,1,1,1,2,90.83433818817139,9.165661811828613,0.8,-0.8,
1785159664.8665063,90.93740411399995,8.888888888888891,1.8321162864042198,-8.888888888888891,-1.8321162864042198,0.0,0.0011682460223650089,-2.8055409433631424,-0.5163741201607833,0.08415280730134152,0.010211718664250911,0.7301737791227457,before_ekf,both,0.0011682460223650089,-0.5163741201607833,0.08415280730134152,0.010211718664250911,0.7301737791227457,0.00020837442021553,-0.5120162200651374,0.08500752302395066,0.007772450965072102,0.7881371968637653,nan,nan,nan,nan,-0.5098,nan,nan,nan,,0.06745632599995588,0.05626840999684646,0.04471936099798768,0.04471936099798768,0.03300230399690918,0.022137524996651337,nan,profile,1,1,1,2,90.9383909702301,9.061609029769897,0.8,-0.8,
1785159664.9677973,91.0386952680019,8.888888888888891,1.5718332809286581,-8.888888888888891,-1.3098610674405482,0.0,-6.281969336341745e-06,-2.8055409433631424,-0.5120629399566997,0.08415280730134152,0.010211718664250911,0.6971217785589322,before_ekf,both,-6.281969336341745e-06,-0.5120629399566997,0.08415280730134152,0.010211718664250911,0.6971217785589322,0.0002506682543090404,-0.5105044371519936,0.08505773918745373,0.007821831931626142,0.7217963969335326,nan,nan,nan,nan,-0.5038,nan,nan,nan,,0.06701735699971323,0.05623420499978238,0.04479176599852508,0.04479176599852508,0.033507463998830644,0.022414479000872234,nan,profile,1,1,1,2,91.03949427604675,8.960505723953247,0.8,-0.8,
1785159665.0690207,91.13992282500112,8.888888888888891,1.5706097540622117,-8.888888888888891,-1.5706097540622117,0.0,-2.2358128277510242e-07,-2.8055409433631424,-0.5125589707643305,0.08416511682214359,0.010195945890905743,0.6282634440509958,before_ekf,both,-2.2358128277510242e-07,-0.5125589707643305,0.08416511682214359,0.010195945890905743,0.6282634440509958,7.435573477963221e-05,-0.5093696486962972,0.0850577199870333,0.007821122305608908,0.6862973259830899,nan,nan,nan,nan,-0.5029,nan,nan,nan,,0.06687863700062735,0.05608632099756505,0.04451722999874619,0.04451722999874619,0.03320817699932377,0.02214411200111499,nan,profile,1,1,1,2,91.14053511619568,8.859464883804321,0.8,-0.8,
1785159665.171272,91.24217511100142,8.888888888888891,1.5694593044134668,-8.888888888888891,-1.5694593044134668,0.0,1.943488398162621e-06,-2.8055409433631424,-0.5039999628388631,0.08416511682214359,0.010195945890905743,0.5621594429233687,before_ekf,both,1.943488398162621e-06,-0.5039999628388631,0.08416511682214359,0.010195945890905743,0.5621594429233687,8.363444414586582e-06,-0.5088832012721304,0.08505751321942359,0.00782068701206353,0.6176585309764682,nan,nan,nan,nan,-0.4891,nan,nan,nan,,0.06769122900004731,0.05685988999903202,0.0451103539999167,0.0451103539999167,0.03332130899798358,0.022070355000323616,nan,profile,1,1,1,2,91.2429666519165,8.757033348083496,0.8,-0.8,
1785159665.276527,91.34743027400327,8.888888888888891,1.5700550096215538,-8.888888888888891,-1.5700550096215538,0.0,1.943488398162621e-06,-2.8055409433631424,-0.5041163521853554,0.08416511682214359,0.010195945890905743,0.5291074423595552,before_ekf,both,1.943488398162621e-06,-0.5041163521853554,0.08416511682214359,0.010195945890905743,0.5291074423595552,4.507522779490925e-06,-0.5024354470368808,0.08505773051793164,0.007820800682748248,0.5493972892576302,nan,nan,nan,nan,-0.4926,nan,nan,nan,,0.0677225660001568,0.056542133999755606,0.0450750150012027,0.0450750150012027,0.03320643800179823,0.022063977001380408,nan,profile,1,1,1,2,91.34806489944458,8.65193510055542,0.8,-0.8,
1785159665.3790162,91.44991351400313,8.888888888888891,1.5700303874703692,-8.888888888888891,-1.5700303874703692,0.0,-8.326672684688674e-18,-2.8055409433631424,-0.4958727435736351,0.08416511682214359,0.010195945890905743,0.46300344123192816,before_ekf,both,-8.326672684688674e-18,-0.4958727435736351,0.08416511682214359,0.010195945890905743,0.46300344123192816,0.0008629165597984222,-0.5000340503004602,0.08512669259969756,0.007864817159388556,0.5197301023149015,nan,nan,nan,nan,-0.4846,nan,nan,nan,,0.06867063100071391,0.05760083499990287,0.04560358800154063,0.04560358800154063,0.03434667500187061,0.023264278999704402,nan,profile,1,1,1,2,91.45106887817383,8.548931121826172,0.8,-0.8,
1785159665.4875093,91.55840793800235,8.888888888888891,1.5706441470834858,-8.888888888888891,-1.5706441470834858,0.0,0.001180944934975709,-2.8055409433631424,-0.5000018355387054,0.08452081997109014,0.01036233014370047,0.42857427397795983,before_ekf,both,0.001180944934975709,-0.5000018355387054,0.08452081997109014,0.01036233014370047,0.42857427397795983,0.0009440319408881915,-0.4980617020659994,0.08520275088797412,0.007903554266546464,0.45015072951128676,nan,nan,nan,nan,-0.4927,nan,nan,nan,,0.07259677900219685,0.06171377500140807,0.049421233001339715,0.049421233001339715,0.03731822000190732,0.02600830699884682,nan,profile,1,1,1,2,91.55935788154602,8.44064211845398,0.8,-0.8,
1785159665.5969093,91.66780841700165,8.888888888888891,1.571366277057248,-8.888888888888891,-1.571366277057248,0.0,0.002355665593103101,-2.8055409433631424,-0.4958669010038685,0.08488673828240942,0.010504855261072987,0.36384743954049475,before_ekf,both,0.002355665593103101,-0.4958669010038685,0.08488673828240942,0.010504855261072987,0.36384743954049475,0.0011420126157489895,-0.49894648339650344,0.08526885450275881,0.007935006832700655,0.4202106895746427,nan,nan,nan,nan,-0.497,nan,nan,nan,,0.0709364549984457,0.0584317690008902,0.04630458199972054,0.04630458199972054,0.03426544100148021,0.022998567001195624,nan,profile,1,1,1,2,91.6697952747345,8.330204725265503,0.8,-0.8,
1785159665.757098,91.82799840799998,8.888888888888891,1.5706787300783758,-8.888888888888891,-1.8324585184247717,0.0,0.0011734492116281191,-2.8055409433631424,-0.4999559449806606,0.08451420778565753,0.010380639808173463,0.29636627172271285,before_ekf,both,0.0011734492116281191,-0.4999559449806606,0.08451420778565753,0.010380639808173463,0.29636627172271285,0.0015432792601861771,-0.4988778106469206,0.08563484515867013,0.008081684215668468,0.32037375105399285,nan,nan,nan,nan,-0.5062,nan,nan,nan,,0.07021953699950245,0.05876139899919508,0.046747665997827426,0.046747665997827426,0.03480191399648902,0.02322616899982677,nan,profile,1,1,1,2,91.82905673980713,8.170943260192871,0.8,-0.8,
1785159665.8693683,91.94026481100082,8.888888888888891,1.5655264984615702,-8.888888888888891,-1.5655264984615702,0.0,-7.495723352946662e-06,-2.8055409433631424,-0.4957531397955009,0.08451420778565667,0.010380639808173225,0.2302622705950858,before_ekf,both,-7.495723352946662e-06,-0.4957531397955009,0.08451420778565667,0.010380639808173225,0.2302622705950858,0.0004436716231781822,-0.4970431030238949,0.08563266841258925,0.008077592182104446,0.2854127283641495,nan,nan,nan,nan,-0.512,nan,nan,nan,,0.07429778299774625,0.0632102159979695,0.04837857299935422,0.04837857299935422,0.03599539700007881,0.02449757199792657,nan,profile,1,1,1,2,91.94140291213989,8.058597087860107,0.8,-0.8,
1785159665.9778342,92.04873206000048,8.888888888888891,1.5735045011268312,-8.888888888888891,-1.5735045011268312,0.0,-0.0011822163814776718,-2.8055409433631424,-0.4998094514384489,0.08451420778565667,0.010380639808173225,0.16415826946745876,before_ekf,both,-0.0011822163814776718,-0.4998094514384489,0.08451420778565667,0.010380639808173225,0.16415826946745876,-0.0008389373034795828,-0.49874626153423407,0.08554983074779926,0.008053484657937975,0.2210197123383053,nan,nan,nan,nan,-0.5082,nan,nan,nan,,0.07258952999836765,0.06151421100003063,0.04609945999982301,0.04609945999982301,0.0341849149990594,0.023033129997202195,nan,profile,1,1,1,2,92.0508177280426,7.9491822719573975,0.8,-0.8,
1785159666.0891535,92.16005080200193,8.888888888888891,1.571034872729972,-8.888888888888891,-1.571034872729972,0.0,-2.689862221849637e-15,-2.8055409433631424,-0.49556200853433985,0.08451420778565667,0.010380639808173225,0.13110626890364524,before_ekf,both,-2.689862221849637e-15,-0.49556200853433985,0.08451420778565667,0.010380639808173225,0.13110626890364524,-0.00034044541321311144,-0.49847679768999964,0.0854717437532451,0.00803886336095858,0.15081430978648314,nan,nan,nan,nan,-0.5041,nan,nan,nan,,0.07311536400084151,0.05839493099847459,0.04585747799865203,0.04585747799865203,0.03437327600113349,0.02307524500065483,nan,profile,1,1,1,2,92.1609456539154,7.839054346084595,0.8,-0.8,
1785159666.193904,92.26480728100069,8.888888888888891,1.5710597149561092,-8.888888888888891,-1.5710597149561092,0.0,0.0011798283221678145,-2.8055409433631424,-0.49984581151108803,0.08490534379907845,0.010415583602382785,0.06362510108586344,before_ekf,both,0.0011798283221678145,-0.49984581151108803,0.08490534379907845,0.010415583602382785,0.06362510108586344,-0.00010551195534894644,-0.49856413361342067,0.0854748794024644,0.00804006464058371,0.12072256381657721,nan,nan,nan,nan,-0.4987,nan,nan,nan,,0.06801796299987473,0.0566329199973552,0.04493580800044583,0.04493580800044583,0.033174641997902654,0.021980329998768866,nan,profile,1,1,1,2,92.26541924476624,7.734580755233765,0.8,-0.8,
1785159666.3137088,92.3846075390029,8.888888888888891,1.5707794723311586,-8.888888888888891,-1.5707794723311586,0.0,0.001179828322170484,-2.8055409433631424,-0.5000461171994015,0.08490534379907934,0.010415583602382834,-0.0024789000417635818,before_ekf,both,0.001179828322170484,-0.5000461171994015,0.08490534379907934,0.010415583602382834,-0.0024789000417635818,0.0011068386225365659,-0.5002951351759933,0.08564261484908912,0.008058437160522208,0.05155664959029595,nan,nan,nan,nan,-0.4942,nan,nan,nan,,0.06860331899952143,0.05759068900079001,0.045659143001103075,0.045659143001103075,0.03447515200241469,0.023241964001499582,nan,profile,1,1,1,2,92.38532376289368,7.614676237106323,0.8,-0.8,
1785159666.4217722,92.49267074100135,8.888888888888891,1.5706060792805137,-8.888888888888891,-1.5706060792805137,0.0,0.0023601047274978094,-2.8055409433631424,-0.5039892197058184,0.08529801198263214,0.010411095019690458,-0.03690806729573186,before_ekf,both,0.0023601047274978094,-0.5039892197058184,0.08529801198263214,0.010411095019690458,-0.03690806729573186,0.002076695631275987,-0.5035108642041128,0.08588634355707982,0.008064632661230302,-0.015032804971193857,nan,nan,nan,nan,-0.4939,nan,nan,nan,,0.07265396000002511,0.06157347599946661,0.049700348998158006,0.049700348998158006,0.03761888799999724,0.026085876997967716,nan,profile,1,1,1,2,92.49400281906128,7.505997180938721,0.8,-0.8,
1785159666.5259023,92.59679898600007,8.888888888888891,1.5667598833075316,-8.888888888888891,-1.5667598833075316,0.0,0.001180276405327313,-2.8055409433631424,-0.5083328768947972,0.08529801198263125,0.010411095019690545,-0.1057664018036684,before_ekf,both,0.001180276405327313,-0.5083328768947972,0.08529801198263125,0.010411095019690545,-0.1057664018036684,0.002336492836551592,-0.50278297208639,0.08604333894069233,0.008060621929260036,-0.04795493842307774,nan,nan,nan,nan,-0.4922,nan,nan,nan,,0.06863541399798123,0.057581874996685656,0.04599717199744191,0.04599717199744191,0.0340728470000613,0.02273936299752677,nan,profile,1,1,1,2,92.59788417816162,7.402115821838379,0.8,-0.8,
1785159666.632301,92.70319377000123,8.888888888888891,1.5704308875273691,-8.888888888888891,-1.5704308875273691,0.0,0.0023518719619019983,-2.8055409433631424,-0.5038811728215193,0.0856874004808232,0.010360240156442966,-0.13744123567732008,before_ekf,both,0.0023518719619019983,-0.5038811728215193,0.0856874004808232,0.010360240156442966,-0.13744123567732008,0.002170820399610858,-0.4974369951277144,0.08627814593280834,0.008039664157451484,-0.11485544478192278,nan,nan,nan,nan,-0.4963,nan,nan,nan,,0.07031437899786397,0.059164017999137286,0.047677204998763045,0.047677204998763045,0.0357839319985942,0.024273037997772917,nan,profile,1,1,1,2,92.70489048957825,7.295109510421753,0.8,-0.8,
1785159666.7393298,92.81022897100047,8.888888888888891,1.5701643356497976,-8.888888888888891,-1.5701643356497976,0.0,0.001171595556574673,-2.8055409433631424,-0.49953167719943137,0.0856874004808232,0.010360240156442966,-0.2035452368049471,before_ekf,both,0.001171595556574673,-0.49953167719943137,0.0856874004808232,0.010360240156442966,-0.2035452368049471,0.0023566742232801444,-0.4971525842823296,0.08644233544184417,0.00801853519664391,-0.14954939470074224,nan,nan,nan,nan,-0.4981,nan,nan,nan,,0.06927194399759173,0.05826581299697864,0.04639938699983759,0.04639938699983759,0.034618073997989995,0.023313386998779606,nan,profile,1,1,1,2,92.81127047538757,7.188729524612427,0.8,-0.8,
1785159666.8518806,92.92277800300144,8.888888888888891,1.8333457730167024,-8.888888888888891,-1.5714392340143164,0.0,0.002344509312499324,-2.8055409433631424,-0.4956841763625414,0.0860666855914608,0.01025849904086764,-0.27102640462272887,before_ekf,both,0.002344509312499324,-0.4956841763625414,0.0860666855914608,0.01025849904086764,-0.27102640462272887,0.0012962965227922166,-0.49447778563073636,0.08657799850089727,0.007990311058676666,-0.21334133171200428,nan,nan,nan,nan,-0.5006,nan,nan,nan,,0.07618564799849992,0.06519703400044818,0.05336189599984209,0.05336189599984209,0.04143807999935234,0.02699858100095298,nan,profile,1,1,1,2,92.92386889457703,7.076131105422974,0.8,-0.8,
1785159666.9552631,93.02616198900068,8.888888888888891,1.574652698493087,-8.888888888888891,-1.574652698493087,0.0,0.0023299015047900684,-2.8055409433631424,-0.4951515106048513,0.0864424028388285,0.010144279210409873,-0.30270123849638053,before_ekf,both,0.0023299015047900684,-0.4951515106048513,0.0864424028388285,0.010144279210409873,-0.30270123849638053,0.0023060969602323764,-0.4927950890628621,0.08689132170084246,0.007915193860463816,-0.2798240049260241,nan,nan,nan,nan,-0.5058,nan,nan,nan,,0.06797084699792322,0.05705270099861082,0.04533745799926692,0.04533745799926692,0.03373101800025324,0.022498743997857673,nan,profile,1,1,1,2,93.02706694602966,6.972933053970337,0.8,-0.8,
1785159667.058426,93.1293234850018,8.888888888888891,1.565765537779666,-8.888888888888891,-1.565765537779666,0.0,0.0023299015047900684,-2.8055409433631424,-0.4965831283971288,0.0864424028388285,0.010144279210409873,-0.36880523962400763,before_ekf,both,0.0023299015047900684,-0.4965831283971288,0.0864424028388285,0.010144279210409873,-0.36880523962400763,0.0023660201454273936,-0.4933838966140735,0.08703151715866522,0.007872938478187307,-0.3107752061417517,nan,nan,nan,nan,-0.5018,nan,nan,nan,,0.06802215499919839,0.05716368199864519,0.04583546700087027,0.04583546700087027,0.03421644300033222,0.023076954999851296,nan,profile,1,1,1,2,93.13020014762878,6.869799852371216,0.8,-0.8,
1785159667.1606467,93.23154590400009,8.888888888888891,1.5707588327815583,-8.888888888888891,-1.5707588327815583,0.0,0.003510262492282088,-2.8055409433631424,-0.4917667462710079,0.08680517496229345,0.009993926272041261,-0.40048007349765924,before_ekf,both,0.003510262492282088,-0.4917667462710079,0.08680517496229345,0.009993926272041261,-0.40048007349765924,0.0032512811695010664,-0.4941435296930089,0.08740256112757842,0.007742245918744125,-0.37687416520707684,nan,nan,nan,nan,-0.5018,nan,nan,nan,,0.06813285499811172,0.05738349199964432,0.045761509998555994,0.045761509998555994,0.03403489399715909,0.02267009399656672,nan,profile,1,1,1,2,93.23248720169067,6.767512798309326,0.8,-0.8,
1785159667.2625692,93.33347124800275,8.888888888888891,1.8094059517530108,-8.888888888888891,-1.5509193872168663,0.0,0.0023373487363601104,-2.8055409433631424,-0.487653795177179,0.08680517496229345,0.009993926272041261,-0.4335320740614728,before_ekf,both,0.0023373487363601104,-0.487653795177179,0.08680517496229345,0.009993926272041261,-0.4335320740614728,0.002643920229982751,-0.49302159067125945,0.08753701945661513,0.007684941254208441,-0.40828747619001204,nan,nan,nan,nan,-0.5005,nan,nan,nan,,0.06715988200085121,0.05636403900280129,0.04474009399928036,0.04474009399928036,0.0331606030013063,0.02213786200081813,nan,profile,1,1,1,2,93.3341851234436,6.6658148765563965,0.8,-0.8,
1785159667.364551,93.43545422800162,8.888888888888891,1.47275155891173,-8.888888888888891,-1.7182101520636848,0.0,0.0011803609874920116,-2.8055409433631424,-0.4912734253401873,0.08680517496229345,0.009993926272041261,-0.49963607518909986,before_ekf,both,0.0011803609874920116,-0.4912734253401873,0.08680517496229345,0.009993926272041261,-0.49963607518909986,0.001312416183092796,-0.500003328080247,0.08767783261146832,0.007614185602310186,-0.47574372935122655,nan,nan,nan,nan,-0.497,nan,nan,nan,,0.06817667900031665,0.05722714999865275,0.04524682400005986,0.04524682400005986,0.03346275500007323,0.022203034000995103,nan,profile,1,1,1,2,93.43617081642151,6.563829183578491,0.8,-0.8,
1785159667.4674006,93.53829677500107,8.888888888888891,1.5725790810701517,-8.888888888888891,-1.5725790810701517,0.0,-1.7990019326580635e-05,-2.8055409433631424,-0.5039286376836163,0.08679838945309307,0.00998223300463645,-0.5684944096970364,before_ekf,both,-1.7990019326580635e-05,-0.5039286376836163,0.08679838945309307,0.00998223300463645,-0.5684944096970364,0.0003468612791216703,-0.5019248744133776,0.08767268249157098,0.007613792304702018,-0.5111400949503118,nan,nan,nan,nan,-0.4918,nan,nan,nan,,0.0682486660007271,0.057514250998792704,0.04542706999927759,0.04542706999927759,0.03371393899942632,0.02261570200062124,nan,profile,1,1,1,2,93.53940200805664,6.460597991943359,0.8,-0.8,
1785159667.570743,93.64164674100175,8.888888888888891,1.3966983669877042,-8.888888888888891,-1.3966983669877042,0.0,-1.799001932393941e-05,-2.8055409433631424,-0.503795547470443,0.0867983894530938,0.009982233004635953,-0.6015464102608499,before_ekf,both,-1.799001932393941e-05,-0.503795547470443,0.0867983894530938,0.009982233004635953,-0.6015464102608499,-2.453499874623584e-05,-0.5058633490251333,0.08766761044975022,0.007615767435696575,-0.5766812126157412,nan,nan,nan,nan,-0.4831,nan,nan,nan,,0.06790796399945975,0.057151241999235936,0.04562381700088736,0.04562381700088736,0.033943962000194006,0.02284870799849159,nan,profile,1,1,1,2,93.64231896400452,6.357681035995483,0.8,-0.8,
1785159667.6739895,93.74489302100119,8.888888888888891,1.570721701806844,-8.888888888888891,-1.570721701806844,0.0,-1.799001932393941e-05,-2.8055409433631424,-0.5045044721237716,0.0867983894530938,0.009982233004635953,-0.667650411388477,before_ekf,both,-1.799001932393941e-05,-0.5045044721237716,0.0867983894530938,0.009982233004635953,-0.667650411388477,-5.051538893626794e-05,-0.506100592962481,0.08766640120823066,0.007616652521838986,-0.6120456397139239,nan,nan,nan,nan,-0.4813,nan,nan,nan,,0.06808660000024247,0.05727453500003321,0.0452874709990283,0.0452874709990283,0.03361553099966841,0.022210359999007778,nan,profile,1,1,1,2,93.74550318717957,6.254496812820435,0.8,-0.8,
1785159667.7743013,93.84520470800271,8.888888888888891,1.5706804262862408,-8.888888888888891,-1.5706804262862408,0.0,2.6331367641851956e-15,-2.8055409433631424,-0.49586741253751015,0.0867983894530938,0.009982233004635953,-0.733754412516104,before_ekf,both,2.6331367641851956e-15,-0.49586741253751015,0.0867983894530938,0.009982233004635953,-0.733754412516104,0.0008192677541278828,-0.5041153468040117,0.087732253732266,0.007569068499514592,-0.6781429455314462,nan,nan,nan,nan,-0.4835,nan,nan,nan,,0.0663273919999483,0.05556856700059143,0.044059585001377854,0.044059585001377854,0.03282110600048327,0.021920971001236467,nan,profile,1,1,1,2,93.84585785865784,6.154142141342163,0.8,-0.8,
1785159667.8752248,93.94612909000352,8.888888888888891,1.5705693795195563,-8.888888888888891,-1.5705693795195563,0.0,-2.6671871407164833e-15,-2.8055409433631424,-0.4960793399343581,0.08679838945309316,0.009982233004636564,-0.7668064130799175,before_ekf,both,-2.6671871407164833e-15,-0.4960793399343581,0.08679838945309316,0.009982233004636564,-0.7668064130799175,3.5967176643147554e-05,-0.50003058616707,0.08772819566082828,0.007569687767518221,-0.7479685675952831,nan,nan,nan,nan,-0.4937,nan,nan,nan,,0.06694416000027559,0.05626187200323329,0.04484806200343883,0.04484806200343883,0.032749120000516996,0.02177672300240374,nan,profile,1,1,1,2,93.9468936920166,6.053106307983398,0.8,-0.8,
1785159667.9771316,94.04802861500139,8.888888888888891,1.5716998498876018,-8.888888888888891,-1.5716998498876018,0.0,0.0011819703550423907,-2.8055409433631424,-0.5007175245190469,0.0870647576573658,0.009693691102130501,-0.8342875808976993,before_ekf,both,0.0011819703550423907,-0.5007175245190469,0.0870647576573658,0.009693691102130501,-0.8342875808976993,-1.2459488191770774e-05,-0.4966772227164852,0.08772777860770936,0.0075700147523769966,-0.7775700885340386,nan,nan,nan,nan,-0.5019,nan,nan,nan,,0.06707918800020707,0.05625213999883272,0.0445574100012891,0.0445574100012891,0.033291906998783816,0.022236572000110755,nan,profile,1,1,1,2,94.04907178878784,5.950928211212158,0.8,-0.8,
1785159668.0790744,94.14997775800293,8.888888888888891,1.5578138025490753,-8.888888888888891,-1.8174494363072544,0.0,0.0011819703550423907,-2.8055409433631424,-0.5008579690630964,0.0870647576573658,0.009693691102130501,-0.8673395814615128,before_ekf,both,0.0011819703550423907,-0.5008579690630964,0.0870647576573658,0.009693691102130501,-0.8673395814615128,0.0010919364905705876,-0.49631113796496934,0.08784701208120979,0.007449572708359362,-0.846947575773449,nan,nan,nan,nan,-0.5104,nan,nan,nan,,0.06750150399966515,0.055860139000287745,0.04463843300254666,0.04463843300254666,0.03317520299970056,0.022013442001480144,nan,profile,1,1,1,2,94.15058875083923,5.849411249160767,0.8,-0.8,
1785159668.1800506,94.25095342400164,8.888888888888891,1.5710615062665396,-8.888888888888891,-1.5710615062665396,0.0,0.0023628898889934274,-2.8055409433631424,-0.4963951422899188,0.08731650004893736,0.009392302004905762,-0.932066415898978,before_ekf,both,0.0023628898889934274,-0.4963951422899188,0.08731650004893736,0.009392302004905762,-0.932066415898978,0.0020300484211937817,-0.493816769138713,0.08795011037702692,0.007334216797833605,-0.8766442204728491,nan,nan,nan,nan,-0.514,nan,nan,nan,,0.06687853000039468,0.055974913000682136,0.044476725001004525,0.044476725001004525,0.03295434399842634,0.02187587400112534,nan,profile,1,1,1,2,94.25173044204712,5.748269557952881,0.8,-0.8,
1785159668.2846901,94.35559277300126,8.888888888888891,1.5711500398033575,-8.888888888888891,-1.5711500398033575,0.0,0.00236288988899615,-2.8055409433631424,-0.49556442912458537,0.08731650004893787,0.009392302004905036,-0.9651184164627915,before_ekf,both,0.00236288988899615,-0.49556442912458537,0.08731650004893787,0.009392302004905036,-0.9651184164627915,0.0023934688935960988,-0.49300152226040656,0.08815552173566969,0.007071745890841721,-0.9457652897287493,nan,nan,nan,nan,-0.5119,nan,nan,nan,,0.06848228099988773,0.05701877899991814,0.044753531998139806,0.044753531998139806,0.03331631800028845,0.022027188999345526,nan,profile,1,1,1,2,94.35628414154053,5.643715858459473,0.8,-0.8,
1785159668.3865192,94.45742144700125,8.888888888888891,1.5712772004693285,-8.888888888888891,-1.5712772004693285,0.0,-3.7286742046969967e-06,-2.8055409433631424,-0.48758023557053853,0.08710077571094868,0.009720437083249114,-1.0298452509002567,before_ekf,both,-3.7286742046969967e-06,-0.48758023557053853,0.08710077571094868,0.009720437083249114,-1.0298452509002567,0.0006782960479245183,-0.49105199197030125,0.08813703241362329,0.007088913951464764,-0.974807586062719,nan,nan,nan,nan,-0.5144,nan,nan,nan,,0.06679388900010963,0.05594414100050926,0.04457479499978945,0.04457479499978945,0.03328316199986148,0.02230513299946324,nan,profile,1,1,1,2,94.45841312408447,5.541586875915527,0.8,-0.8,
1785159668.4920912,94.56298904700088,8.888888888888891,1.8320669434328325,-8.888888888888891,-1.5703430943709993,0.0,-1.5290124192697888e-05,-2.8055409433631424,-0.49552956582619406,0.08729435290906884,0.009378770113646857,-1.064274418154225,before_ekf,both,-1.5290124192697888e-05,-0.49552956582619406,0.08729435290906884,0.009378770113646857,-1.064274418154225,9.024475629974429e-06,-0.49610686116749375,0.08813344545778998,0.007091296462271374,-1.043966338651844,nan,nan,nan,nan,-0.5166,nan,nan,nan,,0.07093187699865666,0.05789752800046699,0.04613601600067341,0.04613601600067341,0.03429014200082747,0.02313259999937145,nan,profile,1,1,1,2,94.56398105621338,5.436018943786621,0.8,-0.8,
1785159668.59518,94.66608238700064,8.888888888888891,1.6101984463464505,-8.888888888888891,-1.6101984463464505,0.0,-0.001204239645007921,-2.8055409433631424,-0.49995463060334694,0.08710692332717121,0.00972384778835057,-1.131755585972007,before_ekf,both,-0.001204239645007921,-0.49995463060334694,0.08710692332717121,0.00972384778835057,-1.131755585972007,-0.0009032165348335464,-0.5000019239908139,0.0880899548273932,0.007162999888484425,-1.0741425592073948,nan,nan,nan,nan,-0.5122,nan,nan,nan,,0.06759831700037466,0.05666662899966468,0.04526351299864473,0.04526351299864473,0.033468018998974,0.022275994000665378,nan,profile,1,1,1,2,94.66671013832092,5.333289861679077,0.8,-0.8,
1785159668.6976497,94.76854904100037,8.888888888888891,1.5703734723300025,-8.888888888888891,-1.5703734723300025,0.0,-1.9591436849451804e-05,-2.8055409433631424,-0.5039100346092773,0.08710692332717158,0.009723847788349763,-1.1648075865358203,before_ekf,both,-1.9591436849451804e-05,-0.5039100346092773,0.08710692332717158,0.009723847788349763,-1.1648075865358203,-0.0003821226351206242,-0.5055486622631271,0.08805515140666659,0.0072334352532147025,-1.140207669805506,nan,nan,nan,nan,-0.5134,nan,nan,nan,,0.06793854699935764,0.057136134997563204,0.04551879199789255,0.04551879199789255,0.03404792999936035,0.022798810998210683,nan,profile,1,1,1,2,94.76957368850708,5.23042631149292,0.8,-0.8,
1785159668.7995005,94.87040282200178,8.888888888888891,1.5708396034259713,-8.888888888888891,-1.5708396034259713,0.0,-0.0011889495208098288,-2.8055409433631424,-0.5084519180947138,0.08710692332717158,0.009723847788349763,-1.2336659210437566,before_ekf,both,-0.0011889495208098288,-0.5084519180947138,0.08710692332717158,0.009723847788349763,-1.2336659210437566,-0.00014871761708658103,-0.5095545327836433,0.08805524206631797,0.007235211767717012,-1.1763406614907013,nan,nan,nan,nan,-0.5184,nan,nan,nan,,0.06691088500156184,0.05617162600174197,0.04456044000107795,0.04456044000107795,0.033278785998845706,0.022153985999466386,nan,profile,1,1,1,2,94.87118172645569,5.1288182735443115,0.8,-0.8,
1785159668.9005125,94.97141606900186,8.888888888888891,1.5709319767710908,-8.888888888888891,-1.5709319767710908,0.0,-0.001302435755256626,-2.8055409433631424,-0.5081517691186115,0.08698702514208863,0.01009779169437654,-1.268095088297718,before_ekf,both,-0.001302435755256626,-0.5081517691186115,0.08698702514208863,0.01009779169437654,-1.268095088297718,-0.0012453319683258602,-0.5073322973601653,0.08799284987458664,0.007391210077460349,-1.242371106543311,nan,nan,nan,nan,-0.5131,nan,nan,nan,,0.06690943200010224,0.05614865700044902,0.04490174799866509,0.04490174799866509,0.033340250000037486,0.02205441999831237,nan,profile,1,1,1,2,94.97209930419922,5.027900695800781,0.8,-0.8,
1785159669.0013967,95.0722968700029,8.888888888888891,1.5713986281750898,-8.888888888888891,-1.5713986281750898,0.0,-0.0012456956957952602,-2.8055409433631424,-0.5104985582559494,0.08700631709227197,0.010103095027243582,-1.3369534228056548,before_ekf,both,-0.0012456956957952602,-0.5104985582559494,0.08700631709227197,0.010103095027243582,-1.3369534228056548,-0.0005060905544092989,-0.5071598786277306,0.08799205780727988,0.007400806265809959,-1.2748533247122804,nan,nan,nan,nan,-0.512,nan,nan,nan,,0.066675887999736,0.0557909910021408,0.04436683600215474,0.04436683600215474,0.03305439800169552,0.02196159999948577,nan,profile,1,1,1,2,95.07298946380615,4.927010536193848,0.8,-0.8,
1785159669.1038108,95.17470905400114,8.888888888888891,1.5718967488328845,-8.888888888888891,-1.5718967488328845,0.0,6.164012651449675e-05,-2.8055409433631424,-0.5036783889210844,0.08709441542063558,0.009720409380557357,-1.3686282566793062,before_ekf,both,6.164012651449675e-05,-0.5036783889210844,0.08709441542063558,0.009720409380557357,-1.3686282566793062,-0.00029459092884119093,-0.502993148023732,0.08797055714139587,0.0074780942419063684,-1.343178039737203,nan,nan,nan,nan,-0.508,nan,nan,nan,,0.06839165799829061,0.057529623998561874,0.04553836999912164,0.04553836999912164,0.0342381230002502,0.023259593999682693,nan,profile,1,1,1,2,95.17551732063293,4.824482679367065,0.8,-0.8,
1785159669.211385,95.28228277500239,8.888888888888891,1.8085959537491076,-8.888888888888891,-1.5502251032135208,0.0,0.0013640758817746452,-2.8055409433631424,-0.49910693446048804,0.08709441542063555,0.009720409380557352,-1.4347322578069261,before_ekf,both,0.0013640758817746452,-0.49910693446048804,0.08709441542063555,0.009720409380557352,-1.4347322578069261,0.00096005826739414,-0.4977761765069447,0.08799198007077591,0.0073799587208677325,-1.4130260438651507,nan,nan,nan,nan,-0.4997,nan,nan,nan,,0.07336531799955992,0.057218173998990096,0.045432907001668354,0.045432907001668354,0.03400306500043371,0.023105450000002747,nan,profile,1,1,1,2,95.28325390815735,4.716746091842651,0.8,-0.8,
1785159669.3158202,95.38671543100281,8.888888888888891,1.571044677537522,-8.888888888888891,-1.571044677537522,0.0,0.00036655768577437684,-2.8055409433631424,-0.5006011352892767,0.08705755496252685,0.010111152500728924,-1.5022134256247008,before_ekf,both,0.00036655768577437684,-0.5006011352892767,0.08705755496252685,0.010111152500728924,-1.5022134256247008,0.0006036894797856784,-0.49676262073777505,0.08799497009622981,0.007351294939136973,-1.4474408354774668,nan,nan,nan,nan,-0.4894,nan,nan,nan,,0.06882988200231921,0.057740283002203796,0.045830221999494825,0.045830221999494825,0.034336725002503954,0.023117103999538813,nan,profile,1,1,1,2,95.3886890411377,4.611310958862305,0.8,-0.8,
1785159669.4190035,95.48990604800201,8.888888888888891,1.5715912533667622,-8.888888888888891,-1.5715912533667622,0.0,0.00022999296853611992,-2.8055409433631424,-0.49636179991454565,0.08708149785006818,0.009719187760253076,-1.5338882594983525,before_ekf,both,0.00022999296853611992,-0.49636179991454565,0.08708149785006818,0.009719187760253076,-1.5338882594983525,0.0002854907636321749,-0.49543193476455816,0.08799743759401885,0.007315993620247871,-1.5119467276087477,nan,nan,nan,nan,-0.4933,nan,nan,nan,,0.06747658099993714,0.05649197599996114,0.04484884200064698,0.04484884200064698,0.03339623699866934,0.02229037500001141,nan,profile,1,1,1,2,95.49055504798889,4.509444952011108,0.8,-0.8,
1785159669.52049,95.59139356600281,8.888888888888891,1.5708037409885542,-8.888888888888891,-1.5708037409885542,0.0,0.00022999296853843716,-2.8055409433631424,-0.49493580958509115,0.08708149785006818,0.009719187760253076,-1.566940260062166,before_ekf,both,0.00022999296853843716,-0.49493580958509115,0.08708149785006818,0.009719187760253076,-1.566940260062166,0.0002407413062491733,-0.49503302011685857,0.08799801069605799,0.0073003332438033985,-1.5463764434204617,nan,nan,nan,nan,-0.4914,nan,nan,nan,,0.06606635400021332,0.05531947400231729,0.043891348999750335,0.043891348999750335,0.03265782400194439,0.021799623002152657,nan,profile,1,1,1,2,95.59204721450806,4.407952785491943,0.8,-0.8,
1785159669.6213243,95.69222732200069,8.888888888888891,1.831719529874126,-8.888888888888891,-1.5700453113206794,0.0,1.8526336614497173e-05,-2.8055409433631424,-0.4954932467181079,0.08708149785006818,0.009719187760253965,-1.6330442611897933,before_ekf,both,1.8526336614497173e-05,-0.4954932467181079,0.08708149785006818,0.009719187760253965,-1.6330442611897933,6.907886786618155e-05,-0.4971180803509027,0.08799770498807599,0.007285802989004731,-1.6114715014722245,nan,nan,nan,nan,-0.4887,nan,nan,nan,,0.06654063299720292,0.05566248199829715,0.04418584199811448,0.04418584199811448,0.03296098799910396,0.022050190000300063,nan,profile,1,1,1,2,95.69287633895874,4.30712366104126,0.8,-0.8,
1785159669.7233086,95.79421149500195,8.888888888888891,1.5714780025228312,-8.888888888888891,-1.5714780025228312,0.0,-0.0011370048453823842,-2.8055409433631424,-0.4998997298877111,0.08712236266253144,0.010109749556710793,-1.700525429007575,before_ekf,both,-0.0011370048453823842,-0.4998997298877111,0.08712236266253144,0.010109749556710793,-1.700525429007575,0.0008683025554757413,-0.4974449813770963,0.0879952486702597,0.007198167480547972,-1.6461955436606321,nan,nan,nan,nan,-0.4913,nan,nan,nan,,0.06679608999911579,0.055960327001230326,0.044703475999995135,0.044703475999995135,0.03350061500168522,0.022211523999430938,nan,profile,1,1,1,2,95.79493808746338,4.205061912536621,0.8,-0.8,
1785159669.8251014,95.89600281800085,8.888888888888891,1.5705029097362708,-8.888888888888891,-1.5705029097362708,0.0,-0.0011370048453823842,-2.8055409433631424,-0.4992647275299141,0.08712236266253144,0.010109749556710793,-1.7335774295713886,before_ekf,both,-0.0011370048453823842,-0.4992647275299141,0.08712236266253144,0.010109749556710793,-1.7335774295713886,-0.0010124577301977497,-0.5011172598902609,0.08800594892214325,0.007358121204645847,-1.7064252881602213,nan,nan,nan,nan,-0.4923,nan,nan,nan,,0.06733914500000537,0.05626972499885596,0.04497135799829266,0.04497135799829266,0.03336555299756583,0.022302834997390164,nan,profile,1,1,1,2,95.89672112464905,4.103278875350952,0.8,-0.8,
1785159669.9263446,95.99724796300143,8.888888888888891,1.5708343252772252,-8.888888888888891,-1.5708343252772252,0.0,-0.0011370048453797042,-2.8055409433631424,-0.5003141174539371,0.08712236266253144,0.010109749556710793,-1.7996814306990156,before_ekf,both,-0.0011370048453797042,-0.5003141174539371,0.08712236266253144,0.010109749556710793,-1.7996814306990156,-0.001140170658977464,-0.5011236918443865,0.08801760673140646,0.007436142809790259,-1.741260273538945,nan,nan,nan,nan,-0.4979,nan,nan,nan,,0.06640076199983014,0.055626450001000194,0.044208611998328706,0.044208611998328706,0.03299772099853726,0.02199301400105469,nan,profile,1,1,1,2,95.99798250198364,4.002017498016357,0.8,-0.8,
1785159670.0309095,96.10180649900212,8.888888888888891,1.570783195047386,-8.888888888888891,-1.570783195047386,0.0,-0.0011370048453770475,-2.8055409433631424,-0.499713912760628,0.08712236266253122,0.010109749556709933,-1.832733431262829,before_ekf,both,-0.0011370048453770475,-0.499713912760628,0.08712236266253122,0.010109749556709933,-1.832733431262829,-0.0011905916028980975,-0.5005181952039899,0.08805010520783038,0.007592885311050376,-1.8114974494257363,nan,nan,nan,nan,-0.4971,nan,nan,nan,,0.06939267300185747,0.058429806002095575,0.046868946999893524,0.046868946999893524,0.03528910699969856,0.023876901999756228,nan,profile,1,1,1,2,96.10290098190308,3.897099018096924,0.8,-0.8,
1785159670.134698,96.20560096400004,8.888888888888891,1.5705323046091688,-8.888888888888891,-1.5705323046091688,0.0,0.0011906512615415025,-2.8055409433631424,-0.5008233677725389,0.08700483623548325,0.009735055029535354,-1.900214599080611,before_ekf,both,0.0011906512615415025,-0.5008233677725389,0.08700483623548325,0.009735055029535354,-1.900214599080611,-0.0003573059162756012,-0.4986673342122641,0.08805125747893085,0.007586774956905318,-1.8463834738392724,nan,nan,nan,nan,-0.4962,nan,nan,nan,,0.06781861899798969,0.056820485999196535,0.045282125000085216,0.045282125000085216,0.03378300499753095,0.02248203299677698,nan,profile,1,1,1,2,96.20631456375122,3.7936854362487793,0.8,-0.8,
1785159670.2390168,96.30991446500047,8.888888888888891,1.5703998950453915,-8.888888888888891,-1.5703998950453915,0.0,0.0014188065981188699,-2.8055409433631424,-0.4987810030517227,0.08699873212095101,0.00973725835797609,-1.9332665996444172,before_ekf,both,0.0014188065981188699,-0.4987810030517227,0.08699873212095101,0.00973725835797609,-1.9332665996444172,0.0012632776417442076,-0.49857046055979,0.08799964096070706,0.007406971250686247,-1.910749922783239,nan,nan,nan,nan,-0.5013,nan,nan,nan,,0.06972324899834348,0.05888603600033093,0.046879205998266116,0.046879205998266116,0.03532945099868812,0.02443067299827817,nan,profile,1,1,1,2,96.31098246574402,3.6890175342559814,0.8,-0.8,
1785159670.3434057,96.41430754900284,8.888888888888891,1.828576175017646,-8.888888888888891,-1.5673510071579821,0.0,0.0014188065981162131,-2.8055409433631424,-0.499888082222138,0.08699873212095101,0.00973725835797609,-1.9993706007720442,before_ekf,both,0.0014188065981162131,-0.499888082222138,0.08699873212095101,0.00973725835797609,-1.9993706007720442,0.0014499336984041308,-0.4943328578858709,0.08793185291184907,0.007231536561364057,-1.9759755569948805,nan,nan,nan,nan,-0.5011,nan,nan,nan,,0.06828356500045629,0.057178859002306126,0.04518339599962928,0.04518339599962928,0.033492301001388114,0.022440463002567412,nan,profile,1,1,1,2,96.4149534702301,3.5850465297698975,0.8,-0.8,
1785159670.4448798,96.51577988999998,8.888888888888891,1.5778987330139644,-8.888888888888891,-1.5778987330139644,0.0,0.0014068860262156848,-2.8055409433631424,-0.49169272168247613,0.08682697802610446,0.00938411511431596,-2.064097435209509,before_ekf,both,0.0014068860262156848,-0.49169272168247613,0.08682697802610446,0.00938411511431596,-2.064097435209509,0.0023257475519685225,-0.4912714889348667,0.0878603350880384,0.007065351508394242,-2.0092863407891106,nan,nan,nan,nan,-0.5042,nan,nan,nan,,0.06709091999800876,0.05630086599921924,0.0450255269970512,0.0450255269970512,0.03359916099725524,0.022548257999005727,nan,profile,1,1,1,2,96.51684165000916,3.4831583499908447,0.8,-0.8,
1785159670.546199,96.61710223700356,8.888888888888891,1.570223666223825,-8.888888888888891,-1.570223666223825,0.0,0.0023537530395197803,-2.8055409433631424,-0.48747660219696404,0.08662712825458027,0.009046077115768695,-2.112298269365068,before_ekf,both,0.0023537530395197803,-0.48747660219696404,0.08662712825458027,0.009046077115768695,-2.112298269365068,0.002226086035536929,-0.4866085890679842,0.08775173326189215,0.006854650261386869,-2.0730206357013032,nan,nan,nan,nan,-0.5029,nan,nan,nan,,0.06629276200328604,0.05538230200181715,0.04405420500188484,0.04405420500188484,0.032904393003263976,0.021970939000311773,nan,profile,1,1,1,2,96.61779808998108,3.382201910018921,0.8,-0.8,
1785159670.647561,96.71846354100126,8.888888888888891,1.574888280269106,-8.888888888888891,-1.574888280269106,0.0,0.001178487547453511,-2.8055409433631424,-0.4834722615338213,0.08684303331850786,0.009374093308981434,-2.160499103520626,before_ekf,both,0.001178487547453511,-0.4834722615338213,0.08684303331850786,0.009374093308981434,-2.160499103520626,0.0023636231057627007,-0.4860299964260594,0.08767104118016776,0.006712303279425555,-2.1068308353508876,nan,nan,nan,nan,-0.5023,nan,nan,nan,,0.0673725269989518,0.056505126998672495,0.04517431899876101,0.04517431899876101,0.03385336499923142,0.022814810999989277,nan,profile,1,1,1,2,96.71937489509583,3.280625104904175,0.8,-0.8,
1785159670.7488391,96.81974128300135,8.888888888888891,1.5709479546914835,-8.888888888888891,-1.5709479546914835,0.0,-2.431421874648718e-07,-2.8055409433631424,-0.4876780345038008,0.08684303331850836,0.009374093308982168,-2.19355110408444,before_ekf,both,-2.431421874648718e-07,-0.4876780345038008,0.08684303331850836,0.009374093308982168,-2.19355110408444,0.0004457536305686036,-0.4899437139822788,0.08763052959879926,0.006656710370891328,-2.1712865941645774,nan,nan,nan,nan,-0.5053,nan,nan,nan,,0.06635308299883036,0.05562755899882177,0.044432382001105,0.044432382001105,0.03316029399866238,0.022246714997891104,nan,profile,1,1,1,2,96.82042336463928,3.1795766353607178,0.8,-0.8,
1785159670.851257,96.92215629400016,8.888888888888891,1.570138909633433,-8.888888888888891,-1.570138909633433,0.0,-2.7819987253973125e-05,-2.8055409433631424,-0.4955459552368686,0.08684852763977943,0.009369707134307268,-2.2624094385923765,before_ekf,both,-2.7819987253973125e-05,-0.4955459552368686,0.08684852763977943,0.009369707134307268,-2.2624094385923765,0.00011379535860622084,-0.49395518156006657,0.08763070514801616,0.006658574592782108,-2.205443042791561,nan,nan,nan,nan,-0.5026,nan,nan,nan,,0.06796845099961502,0.0572637469995243,0.04610681099802605,0.04610681099802605,0.03443095199691015,0.022977905999141512,nan,profile,1,1,1,2,96.92307543754578,3.0769245624542236,0.8,-0.8,
1785159670.9547334,97.02563565200035,8.888888888888891,1.569960668130464,-8.888888888888891,-1.569960668130464,0.0,-0.0012028423371354363,-2.8055409433631424,-0.5004417269602998,0.08684852763977943,0.009369707134307268,-2.2954614391561896,before_ekf,both,-0.0012028423371354363,-0.5004417269602998,0.08684852763977943,0.009369707134307268,-2.2954614391561896,-0.0008970091654889575,-0.5035023135555061,0.08768319977776802,0.006727955580017067,-2.270436282723188,nan,nan,nan,nan,-0.5035,nan,nan,nan,,0.06834890800018911,0.05728184299732675,0.045479817999876104,0.045479817999876104,0.033642414997302694,0.022170640997501323,nan,profile,1,1,1,2,97.02630186080933,2.973698139190674,0.8,-0.8,
1785159671.0595136,97.13041552900177,8.888888888888891,1.5607408946109598,-8.888888888888891,-1.5607408946109598,0.0,-0.0012064003322000006,-2.8055409433631424,-0.5085466894130184,0.087116243978127,0.009656998644677848,-2.362942606973972,before_ekf,both,-0.0012064003322000006,-0.5085466894130184,0.087116243978127,0.009656998644677848,-2.362942606973972,-0.0011668595217063104,-0.5086629709399884,0.08773894865767155,0.006793024268372583,-2.3062573922197482,nan,nan,nan,nan,-0.5026,nan,nan,nan,,0.06804434500008938,0.05716925999877276,0.04581282800063491,0.04581282800063491,0.03442613299921504,0.02334239300034824,nan,profile,1,1,1,2,97.13145637512207,2.8685436248779297,0.8,-0.8,
1785159671.1611428,97.23204466400057,8.888888888888891,1.5712411765968148,-8.888888888888891,-1.8331147060296173,0.0,-0.002385088845981784,-2.8055409433631424,-0.5127631607752164,0.0873982454914379,0.009930281641292815,-2.39737177422794,before_ekf,both,-0.002385088845981784,-0.5127631607752164,0.0873982454914379,0.009930281641292815,-2.39737177422794,-0.0021240168436543576,-0.5122243190649742,0.08790401736109398,0.006966037019817399,-2.372550592910899,nan,nan,nan,nan,-0.5006,nan,nan,nan,,0.06691712400061078,0.05622304699863889,0.04461089599863044,0.04461089599863044,0.033022272000380326,0.022012901998095913,nan,profile,1,1,1,2,97.23283791542053,2.7671620845794678,0.8,-0.8,
1785159671.2643385,97.33523633799996,8.888888888888891,1.5706833946588208,-8.888888888888891,-1.5706833946588208,0.0,-0.0023660524628895596,-2.8055409433631424,-0.5122323963994276,0.0873936639698123,0.00993561415984439,-2.4662301087358762,before_ekf,both,-0.0023660524628895596,-0.5122323963994276,0.0873936639698123,0.00993561415984439,-2.4662301087358762,-0.0023454582011476596,-0.5142152937385543,0.08802186665067761,0.007076950836522524,-2.4086236163320542,nan,nan,nan,nan,-0.4934,nan,nan,nan,,0.0690206949984713,0.058202915999572724,0.046656252998218406,0.046656252998218406,0.0352243589986756,0.02258355699814274,nan,profile,1,1,1,2,97.3361394405365,2.663860559463501,0.8,-0.8,
1785159671.365111,97.43601365400173,8.888888888888891,1.5669599544081187,-8.888888888888891,-1.5669599544081187,0.0,-0.0011872289757560758,-2.8055409433631424,-0.5084190246042933,0.0873936639698123,0.00993561415984439,-2.4992821092996897,before_ekf,both,-0.0011872289757560758,-0.5084190246042933,0.0873936639698123,0.00993561415984439,-2.4992821092996897,-0.0016030063766930291,-0.5110510619269136,0.08819852850684433,0.0072246211239912,-2.4751875010964266,nan,nan,nan,nan,-0.4921,nan,nan,nan,,0.0659452930012776,0.055099126999266446,0.043779743999039056,0.043779743999039056,0.03262665999864112,0.02177192700037267,nan,profile,1,1,1,2,97.43670892715454,2.563291072845459,0.8,-0.8,
1785159671.4663944,97.53729257100349,8.888888888888891,1.571090120647458,-8.888888888888891,-1.571090120647458,0.0,-0.001181429161166344,-2.8055409433631424,-0.5080738085445231,0.08771019249663108,0.010168032191544116,-2.566763277117472,before_ekf,both,-0.001181429161166344,-0.5080738085445231,0.08771019249663108,0.010168032191544116,-2.566763277117472,-0.0022096898624170917,-0.512302443595228,0.08833421083937511,0.0073296981166268566,-2.5122114167189276,nan,nan,nan,nan,-0.4921,nan,nan,nan,,0.06689683700096793,0.05613355600144132,0.04485502400348196,0.04485502400348196,0.0334682420034369,0.02245770000081393,nan,profile,1,1,1,2,97.53833889961243,2.4616611003875732,0.8,-0.8,
1785159671.5675583,97.63845601900175,8.888888888888891,1.570087542175732,-8.888888888888891,-1.570087542175732,0.0,-0.0011763660586322148,-2.8055409433631424,-0.5080402332642632,0.08804167254728784,0.010378577734754672,-2.60119244437144,before_ekf,both,-0.0011763660586322148,-0.5080402332642632,0.08804167254728784,0.010378577734754672,-2.60119244437144,-0.0013072982944211063,-0.5119312329375442,0.08845460538737054,0.0074080607188045985,-2.5783979468786575,nan,nan,nan,nan,-0.4861,nan,nan,nan,,0.06688198600022588,0.056095092000759905,0.0445092330010084,0.0445092330010084,0.033238803000131156,0.0224075529986294,nan,profile,1,1,1,2,97.63947486877441,2.360525131225586,0.8,-0.8,
1785159671.670764,97.7416659110022,8.888888888888891,1.569894155720429,-8.888888888888891,-1.569894155720429,0.0,-0.0023522608335782348,-2.8055409433631424,-0.5040158733623733,0.08804167254728784,0.010378577734754672,-2.634244444935254,before_ekf,both,-0.0023522608335782348,-0.5040158733623733,0.08804167254728784,0.010378577734754672,-2.634244444935254,-0.0021010406793827525,-0.5095688569974799,0.08858173470623364,0.007488734313479769,-2.6101617726859585,nan,nan,nan,nan,-0.4831,nan,nan,nan,,0.06797395299872733,0.05730295800094609,0.045664763001695974,0.045664763001695974,0.034050346999720205,0.022446515002229717,nan,profile,1,1,1,2,97.74244260787964,2.2575573921203613,0.8,-0.8,
1785159671.7739532,97.84485527100333,8.888888888888891,1.3086271340539346,-8.888888888888891,-1.8320779876755087,0.0,-0.001179372134388622,-2.8055409433631424,-0.5008329315336474,0.08804167254728865,0.010378577734755045,-2.7334004466266943,before_ekf,both,-0.001179372134388622,-0.5008329315336474,0.08804167254728865,0.010378577734755045,-2.7334004466266943,-0.0015351676855647942,-0.5055252434037868,0.0887695048089354,0.007591537993487504,-2.670682883707134,nan,nan,nan,nan,-0.4891,nan,nan,nan,,0.06797874600306386,0.05693688900282723,0.045493053999962285,0.045493053999962285,0.03397716600011336,0.022543500002939254,nan,profile,1,1,1,2,97.84553265571594,2.1544673442840576,0.8,-0.8,
1785159671.877722,97.94861884900092,8.888888888888891,1.3495927983371525,-8.888888888888891,-1.619511358004583,0.0,-0.0011797522663644614,-2.8055409433631424,-0.500679031811513,0.08840348354450629,0.010531225211120886,-2.7678296138806626,before_ekf,both,-0.0011797522663644614,-0.500679031811513,0.08840348354450629,0.010531225211120886,-2.7678296138806626,-0.0012385308430763466,-0.505148934159738,0.08893170251240953,0.0076664003997911085,-2.7448867911748294,nan,nan,nan,nan,-0.4978,nan,nan,nan,,0.06927825099774054,0.05821395499879145,0.04675044999748934,0.04675044999748934,0.03420540200022515,0.022817229000793304,nan,profile,1,1,1,2,97.94966387748718,2.0503361225128174,0.8,-0.8,
1785159671.9800177,98.05091968000124,8.888888888888891,1.575554153717209,-8.888888888888891,-1.575554153717209,0.0,-5.90229261778312e-06,-2.8055409433631424,-0.5048626672973747,0.08803220301162393,0.010403322061621619,-2.835310781698444,before_ekf,both,-5.90229261778312e-06,-0.5048626672973747,0.08803220301162393,0.010403322061621619,-2.835310781698444,-0.0012144612819189784,-0.5052819887695693,0.08899882173815038,0.007693344965067114,-2.7759074650221987,nan,nan,nan,nan,-0.5009,nan,nan,nan,,0.06769214800078771,0.05681327300044359,0.045542236999608576,0.045542236999608576,0.03435022999838111,0.023150843000621535,nan,profile,1,1,1,2,98.0518867969513,1.948113203048706,0.8,-0.8,
1785159672.0827515,98.15365015100178,8.888888888888891,1.5708636383017978,-8.888888888888891,-1.5708636383017978,0.0,-5.90229261778312e-06,-2.8055409433631424,-0.5044724520093065,0.08803220301162393,0.010403322061621619,-2.868362782262258,before_ekf,both,-5.90229261778312e-06,-0.5044724520093065,0.08803220301162393,0.010403322061621619,-2.868362782262258,-9.240646199433809e-05,-0.5038671067513426,0.08900618045837227,0.0076927101245305085,-2.8506248121839675,nan,nan,nan,nan,-0.5043,nan,nan,nan,,0.06801804000133416,0.057271101999504026,0.045756786999845644,0.045756786999845644,0.03384455999912461,0.02268909900158178,nan,profile,1,1,1,2,98.15438532829285,1.8456146717071533,0.8,-0.8,
1785159672.187473,98.25837478200265,8.888888888888891,1.5706938547278142,-8.888888888888891,-1.5706938547278142,0.0,0.0011738499737466701,-2.8055409433631424,-0.4997969756640185,0.08803220301162393,0.010403322061621619,-2.934466783389885,before_ekf,both,0.0011738499737466701,-0.4997969756640185,0.08803220301162393,0.010403322061621619,-2.934466783389885,-1.7451455981769408e-05,-0.49928515242721544,0.08900571398092053,0.007692389308856361,-2.8824116542880263,nan,nan,nan,nan,-0.506,nan,nan,nan,,0.07070427000144264,0.05796847300007357,0.04484069700265536,0.04484069700265536,0.033339453002554365,0.022324797999317525,nan,profile,1,1,1,2,98.25906825065613,1.740931749343872,0.8,-0.8,
1785159672.2904642,98.36136571900352,8.888888888888891,1.5698114584820744,-8.888888888888891,-1.5698114584820744,0.0,0.0011738499737466701,-2.8055409433631424,-0.4998703743325349,0.08803220301162393,0.010403322061621619,-2.9675187839536985,before_ekf,both,0.0011738499737466701,-0.4998703743325349,0.08803220301162393,0.010403322061621619,-2.9675187839536985,0.0011260662226041088,-0.4964255317150659,0.08884994339703116,0.007652470360788881,-2.945285629815053,nan,nan,nan,nan,-0.505,nan,nan,nan,,0.06926969100095448,0.05850858300254913,0.04526703200099291,0.04526703200099291,0.03402009500132408,0.022516051001730375,nan,profile,1,1,1,2,98.3622579574585,1.637742042541504,0.8,-0.8,
1785159672.3928075,98.46370395800113,8.888888888888891,1.5671738201812857,-8.888888888888891,-1.5671738201812857,0.0,-7.979727989493312e-18,-2.8055409433631424,-0.4960521195486223,0.08803220301162393,0.010403322061621619,-3.0336227850813255,before_ekf,both,-7.979727989493312e-18,-0.4960521195486223,0.08803220301162393,0.010403322061621619,-3.0336227850813255,0.0003406040833186832,-0.4951042094784721,0.08885330763836154,0.007655505213969141,-2.9746868555553374,nan,nan,nan,nan,-0.5051,nan,nan,nan,,0.06779559799906565,0.057005865000974154,0.04569600299873855,0.04569600299873855,0.03394195399960154,0.022731575998477638,nan,profile,1,1,1,2,98.46463680267334,1.5353631973266602,0.8,-0.8,
1785159672.4950972,98.5660002830009,8.888888888888891,1.5716848473896714,-8.888888888888891,-1.5716848473896714,0.0,-7.979727989493312e-18,-2.8055409433631424,-0.49554589757815465,0.08803220301162393,0.010403322061621619,-3.066674785645139,before_ekf,both,-7.979727989493312e-18,-0.49554589757815465,0.08803220301162393,0.010403322061621619,-3.066674785645139,4.3087413208277174e-05,-0.49238832116993897,0.08885032734611314,0.007656015787728993,-3.0487898564383977,nan,nan,nan,nan,-0.5083,nan,nan,nan,,0.06804127500072354,0.05714613999953144,0.04502386300009675,0.04502386300009675,0.033279175997449784,0.0218144200007373,nan,profile,1,1,1,2,98.56659817695618,1.4334018230438232,0.8,-0.8,
1785159672.597842,98.66873517400018,8.888888888888891,1.5707647701306646,-8.888888888888891,-1.5707647701306646,0.0,2.64733650884474e-16,-2.8055409433631424,-0.5033583988780674,0.08803220301162393,0.010403322061621648,-3.1355331201530756,before_ekf,both,2.64733650884474e-16,-0.5033583988780674,0.08803220301162393,0.010403322061621648,-3.1355331201530756,2.0733224163883344e-05,-0.49378590613916823,0.08885073141720373,0.00765615871827778,-3.0784361029705565,nan,nan,nan,nan,-0.4991,nan,nan,nan,,0.06775441699937801,0.05688287399971159,0.045046077997540124,0.045046077997540124,0.03378584399979445,0.0228150459988683,nan,profile,1,1,1,2,98.66982817649841,1.330171823501587,0.8,-0.8,
1785159672.7073395,98.77824089400019,8.888888888888891,1.569996162550691,-8.888888888888891,-1.569996162550691,0.0,-0.001224299678274253,-2.8055409433631424,-0.5005568218413193,0.08842489788776711,0.010402727174233491,3.1159773531528594,before_ekf,both,-0.001224299678274253,-0.5005568218413193,0.08842489788776711,0.010402727174233491,3.1159773531528594,-0.0008809536910058359,-0.49728589367981624,0.08893352247349098,0.0076602617371740005,3.1401271413193435,nan,nan,nan,nan,-0.4995,nan,nan,nan,,0.07329739199849428,0.061373130996798864,0.04664831499758293,0.04664831499758293,0.03403259399783565,0.02254844599883654,nan,profile,1,1,1,2,98.77915096282959,1.2208490371704102,0.8,-0.8,
1785159672.8150485,98.88594676600042,8.888888888888891,1.5712141126274441,-8.888888888888891,-1.5712141126274441,0.0,-0.0024061258585288715,-2.8055409433631424,-0.5104462880359072,0.08881620233781602,0.010369722975695031,3.031970185053171,before_ekf,both,-0.0024061258585288715,-0.5104462880359072,0.08881620233781602,0.010369722975695031,3.031970185053171,-0.0021370087744502896,-0.5039182653755849,0.0891683765881866,0.0076544677460465005,3.071988405929315,nan,nan,nan,nan,-0.5082,nan,nan,nan,,0.0696141139997053,0.05818745499709621,0.04621282599691767,0.04621282599691767,0.03464133499801392,0.023210575000121025,nan,profile,1,1,1,2,98.88696599006653,1.1130340099334717,0.8,-0.8,
1785159672.9226909,98.99358790100086,8.888888888888891,1.5714709278347976,-8.888888888888891,-1.5714709278347976,0.0,-0.0024061258585288546,-2.8055409433631424,-0.4975288387348312,0.08881620233781515,0.010369722975695165,2.9823921842074506,before_ekf,both,-0.0024061258585288546,-0.4975288387348312,0.08881620233781515,0.010369722975695165,2.9823921842074506,-0.0023705171662388195,-0.5015511600761796,0.08934519732138287,0.007639703159126264,3.0347124985169014,nan,nan,nan,nan,-0.5094,nan,nan,nan,,0.07144181100011338,0.06032464799864101,0.04851794599744608,0.04851794599744608,0.036834241000178736,0.025313780999567825,nan,profile,1,1,1,2,98.99731922149658,1.002680778503418,0.8,-0.8,
1785159673.195437,99.26633596900137,8.888888888888891,1.570848651763487,-8.888888888888891,-1.570848651763487,0.0,-0.0011818261802543368,-2.8055409433631424,-0.4996879447353842,0.08881620233781515,0.010369722975695165,2.949340183643637,before_ekf,both,-0.0011818261802543368,-0.4996879447353842,0.08881620233781515,0.010369722975695165,2.949340183643637,-0.001577662979182856,-0.49897610568354944,0.08956888304081523,0.0076074586975327365,2.9699811176984525,nan,nan,nan,nan,-0.499,nan,nan,nan,,0.22847793599794386,0.21724243499920703,0.20407082200108562,0.20407082200108562,0.19069262899938622,0.10276325599988922,nan,profile,1,1,1,2,99.26754450798035,0.7324554920196533,0.8,-0.8,
1785159673.301429,99.37233201400159,8.888888888888891,1.5699590205504663,-8.888888888888891,-1.5699590205504663,0.0,-0.0023790561496004814,-2.8055409433631424,-0.5042057500175703,0.08957592681120573,0.01017454289567617,2.8143778480080734,before_ekf,both,-0.0023790561496004814,-0.5042057500175703,0.08957592681120573,0.01017454289567617,2.8143778480080734,-0.002111719677811428,-0.5031521600670001,0.09004099098269455,0.007494487982897163,2.8348642197203935,nan,nan,nan,nan,-0.4975,nan,nan,nan,,0.07021865299975616,0.05755489899820532,0.045274284999322845,0.045274284999322845,0.03336623300128849,0.022233118001167895,nan,profile,1,1,1,2,99.37296509742737,0.6270349025726318,0.8,-0.8,
1785159673.4026651,99.47355423600311,8.888888888888891,1.5707215604486195,-8.888888888888891,-1.5707215604486195,0.0,-0.0035450588178032962,-2.8055409433631424,-0.5002270630614997,0.09030380785302547,0.009879542174958905,2.7482738468804535,before_ekf,both,-0.0035450588178032962,-0.5002270630614997,0.09030380785302547,0.009879542174958905,2.7482738468804535,-0.0023452744451526258,-0.503494121779763,0.09018219660525685,0.007448321747714093,2.803971659266616,nan,nan,nan,nan,-0.497,nan,nan,nan,,0.06694053400133271,0.05610427600186085,0.04424815400125226,0.04424815400125226,0.03309407800043118,0.022073228003137046,nan,profile,1,1,1,2,99.47421288490295,0.5257871150970459,0.8,-0.8,
1785159673.503589,99.57449301000088,8.888888888888891,1.569566383185705,-8.888888888888891,-1.569566383185705,0.0,-0.003594723657845597,-2.8055409433631424,-0.49711086177266617,0.09030112124309034,0.009873634806890403,2.6821698457528336,before_ekf,both,-0.003594723657845597,-0.49711086177266617,0.09030112124309034,0.009873634806890403,2.6821698457528336,-0.0026978434343987697,-0.5024439805189548,0.09054628197798015,0.007310065476630979,2.73872777618174,nan,nan,nan,nan,-0.4965,nan,nan,nan,,0.06664803799867514,0.055651623999438016,0.04439342099794885,0.04439342099794885,0.03309071399780805,0.02206603299782728,nan,profile,1,1,1,2,99.57506942749023,0.4249305725097656,0.8,-0.8,
1785159673.604681,99.67558503800319,8.888888888888891,1.5706532874000132,-8.888888888888891,-1.5706532874000132,0.0,-0.002408949690628874,-2.8055409433631424,-0.49584599863303824,0.09030112124309034,0.009873634806890403,2.64911784518902,before_ekf,both,-0.002408949690628874,-0.49584599863303824,0.09030112124309034,0.009873634806890403,2.64911784518902,-0.0034046357532612048,-0.5015625734497353,0.09077632717155514,0.007209886810352687,2.7037617002518033,nan,nan,nan,nan,-0.4899,nan,nan,nan,,0.06628239299971028,0.05549804200200015,0.04401696599961724,0.04401696599961724,0.03267198000321514,0.02180816500185756,nan,profile,1,1,1,2,99.67619800567627,0.32380199432373047,0.8,-0.8,
1785159673.7116485,99.78248689100292,8.888888888888891,1.5696856172521292,-8.888888888888891,-1.5696856172521292,0.0,-0.001235874332866509,-2.8055409433631424,-0.5001138989455498,0.0906423073048983,0.009679211246132306,2.5816366773712383,before_ekf,both,-0.001235874332866509,-0.5001138989455498,0.0906423073048983,0.009679211246132306,2.5816366773712383,-0.0034229663909278317,-0.5018491146569187,0.09115351310828614,0.007015814623391078,2.633582572791229,nan,nan,nan,nan,-0.4869,nan,nan,nan,,0.0715848920008284,0.060513622000144096,0.04892856200240203,0.04892856200240203,0.03678060400125105,0.0254279270011466,nan,profile,1,1,1,2,99.78441262245178,0.21558737754821777,0.8,-0.8,
1785159673.8170352,99.88793292600167,8.888888888888891,1.5707127020506395,-8.888888888888891,-1.5707127020506395,0.0,-0.002373727484162525,-2.8055409433631424,-0.4978433260097674,0.09064230730489756,0.009679211246132784,2.5485846768074247,before_ekf,both,-0.002373727484162525,-0.4978433260097674,0.09064230730489756,0.009679211246132784,2.5485846768074247,-0.0022611431129717654,-0.5000307448930637,0.09133648423580264,0.006900099955283852,2.56922916999892,nan,nan,nan,nan,-0.4898,nan,nan,nan,,0.06733036000150605,0.0564411419982207,0.04488919600044028,0.04488919600044028,0.03345355599958566,0.02235877199927927,nan,profile,1,1,1,2,99.88904738426208,0.11095261573791504,0.8,-0.8,
1785159673.9230459,99.99394117500196,8.888888888888891,1.5700207836284077,-8.888888888888891,-1.5700207836284077,0.0,-0.0011862094928215545,-2.8055409433631424,-0.4996829566756267,0.09064230730489756,0.009679211246132784,2.4824806756797977,before_ekf,both,-0.0011862094928215545,-0.4996829566756267,0.09064230730489756,0.009679211246132784,2.4824806756797977,-0.0015012207727837174,-0.5010220220402755,0.09139765556390467,0.006856507798193355,2.5352913517012006,nan,nan,nan,nan,-0.4841,nan,nan,nan,,0.07066869100162876,0.05985037899881718,0.045529979001003085,0.045529979001003085,0.03419785400183173,0.02319277499918826,nan,profile,1,1,1,2,99.9950659275055,0.004934072494506836,0.8,-0.8,
1785159674.026499,100.09739784400153,8.888888888888891,1.57033885567946,-8.888888888888891,-1.57033885567946,0.0,0.0011873724600744374,-2.8055409433631424,-0.4997282263910572,0.09033403372983453,0.009922472119820079,2.4480515084258294,before_ekf,both,0.0011873724600744374,-0.4997282263910572,0.09033403372983453,0.009922472119820079,2.4480515084258294,0.000530969396442175,-0.4980696349438219,0.09138392200130246,0.0068624847993076854,2.4692611677763354,nan,nan,nan,nan,-0.4867,nan,nan,nan,,0.06740943399927346,0.056400188001134666,0.04479021999941324,0.04479021999941324,0.033335544998408295,0.022390516998711973,nan,profile,1,1,2,2,0.09839749336242676,9.901602506637573,0.0,0.0,
1785159674.129149,100.200039819003,0.0,1.5630378290317968,0.0,-1.8235441338704295,0.0,0.0011873724600717842,0.0,-0.49991078779600145,0.09033403372983453,0.009922472119820079,2.3819475072982024,before_ekf,both,0.0011873724600717842,-0.49991078779600145,0.09033403372983453,0.009922472119820079,2.3819475072982024,0.0010694254469824642,-0.4967490915243504,0.09131630994764615,0.006916195847447639,2.4345859861733548,nan,nan,nan,nan,-0.4914,nan,nan,nan,,0.0682621680025477,0.05744381000113208,0.04605202200036729,0.04605202200036729,0.03478680000262102,0.023629733001143904,nan,profile,1,1,2,2,0.20136284828186035,9.79863715171814,0.0,0.0,
1785159674.2307777,100.30166808300055,0.0,1.6064317542054842,0.0,-1.6064317542054842,0.0,0.0011873724600717842,0.0,-0.4999363942857583,0.09033403372983453,0.009922472119820079,2.348895506734389,before_ekf,both,0.0011873724600717842,-0.4999363942857583,0.09033403372983453,0.009922472119820079,2.348895506734389,0.0012566116718600662,-0.4970985419526336,0.09120510616007906,0.0070165443764796205,2.3725227334561136,nan,nan,nan,nan,-0.5051,nan,nan,nan,,0.0666637840004114,0.05596797199905268,0.04470946499714046,0.04470946499714046,0.03335459499794524,0.022367862999089994,nan,profile,1,1,2,2,0.302321195602417,9.697678804397583,0.0,0.0,
1785159674.3325484,100.40345131600043,0.0,1.569823554233045,0.0,-1.569823554233045,0.0,-8.153200337090994e-18,0.0,-0.4957893113191664,0.09033403372983453,0.009922472119820079,2.282791505606762,before_ekf,both,-8.153200337090994e-18,-0.4957893113191664,0.09033403372983453,0.009922472119820079,2.282791505606762,0.0012730800518504812,-0.49693988398215566,0.09114498397959517,0.007076791773317155,2.337144123924608,nan,nan,nan,nan,-0.5116,nan,nan,nan,,0.06779242799893836,0.05678792399703525,0.0451249559991993,0.0451249559991993,0.03382525999768404,0.022582228997634957,nan,profile,1,1,2,2,0.4043610095977783,9.595638990402222,0.0,0.0,
1785159674.4334993,100.50440362800146,0.0,1.6949476122007086,0.0,-1.4124563435005904,0.0,-2.6444443504927186e-15,0.0,-0.49562800742541385,0.0903340337298351,0.009922472119819392,2.2497395050429483,before_ekf,both,-2.6444443504927186e-15,-0.49562800742541385,0.0903340337298351,0.009922472119819392,2.2497395050429483,0.00014226511524931265,-0.4942416585426549,0.09114958864037852,0.007077170464995417,2.2721827114761846,nan,nan,nan,nan,-0.515,nan,nan,nan,,0.06632290600100532,0.055464875000325264,0.04421395199824474,0.04421395199824474,0.03304414100057329,0.022111959999165265,nan,profile,1,1,2,2,0.5049600601196289,9.495039939880371,0.0,0.0,
1785159674.536733,100.60762953700032,0.0,1.5711975163687264,0.0,-1.5711975163687264,0.0,0.0011736408670095495,0.0,-0.49189973572046564,0.09009486871299181,0.010233935944940644,2.185012670605483,before_ekf,both,0.0011736408670095495,-0.49189973572046564,0.09009486871299181,0.010233935944940644,2.185012670605483,0.0009307713406612752,-0.49063725727113366,0.09109226810267243,0.007143785452792205,2.2359806916190426,nan,nan,nan,nan,-0.5163,nan,nan,nan,,0.06940265599769191,0.05845089099966572,0.04684621900014463,0.04684621900014463,0.03513319799822057,0.023983395996765466,nan,profile,1,1,2,2,0.6086711883544922,9.391328811645508,0.0,0.0,
1785159674.6401556,100.71105915900262,0.0,1.570251119903555,0.0,-1.570251119903555,0.0,0.0011736408670095495,0.0,-0.49190980358810965,0.09009486871299181,0.010233935944940644,2.118908669477856,before_ekf,both,0.0011736408670095495,-0.49190980358810965,0.09009486871299181,0.010233935944940644,2.118908669477856,0.001223590031710343,-0.48916598440718567,0.09099958963060457,0.007268696928608387,2.1727358650198116,nan,nan,nan,nan,-0.4982,nan,nan,nan,,0.0677557560011337,0.056864458001655294,0.04517245000170078,0.04517245000170078,0.0337588290021813,0.022603756999160396,nan,profile,1,1,2,2,0.7120110988616943,9.287988901138306,0.0,0.0,
1785159674.745809,100.81671247700069,0.0,1.571282528747767,0.0,-1.571282528747767,0.0,0.0011736408670121857,0.0,-0.49194704731659045,0.09009486871299181,0.010233935944940644,2.0858566689140425,before_ekf,both,0.0011736408670121857,-0.49194704731659045,0.09009486871299181,0.010233935944940644,2.0858566689140425,0.0012405607388472227,-0.49395683713062305,0.09091726229084454,0.007397290811479993,2.1084796114429363,nan,nan,nan,nan,-0.4637,nan,nan,nan,,0.07090760500068427,0.05986696599939023,0.04805792700062739,0.04805792700062739,0.03601572399929864,0.02468344299995806,nan,profile,1,1,2,2,0.8173308372497559,9.182669162750244,0.0,0.0,
1785159674.8635073,100.93440904100135,0.0,1.3088246191463904,0.0,-1.5705895429756684,0.0,-2.667302058085528e-15,0.0,-0.49574665389436506,0.0900948687129922,0.010233935944939848,2.0197526677864155,before_ekf,both,-2.667302058085528e-15,-0.49574665389436506,0.0900948687129922,0.010233935944939848,2.0197526677864155,0.0002957083441351553,-0.49675273419320465,0.0909159133559598,0.007404971469428438,2.07410754331901,nan,nan,nan,nan,-0.4064,nan,nan,nan,,0.06679915199856623,0.05584060399996815,0.04457750599976862,0.04457750599976862,0.033303401000011945,0.02222710400019423,nan,profile,1,1,2,2,0.9351100921630859,9.064889907836914,0.0,0.0,
1785159674.9667027,101.03760557700298,0.0,1.5842997572296973,0.0,-1.5842997572296973,0.0,0.0011796339768231764,0.0,-0.4995360115189433,0.08992760321976026,0.010589225551490784,1.9687975002505405,before_ekf,both,0.0011796339768231764,-0.4995360115189433,0.08992760321976026,0.010589225551490784,1.9687975002505405,0.0009470768548932987,-0.501166242633796,0.09088397233443185,0.0074667347520447755,2.0087862745074823,nan,nan,nan,nan,-0.3486,nan,nan,nan,,0.06899852599963197,0.05809490700266906,0.04615641800046433,0.04615641800046433,0.0339290619995154,0.022119974000816,nan,profile,1,1,2,2,1.0382227897644043,8.961777210235596,0.0,0.0,
1785159675.0681918,101.13908810800058,0.0,1.5751500888951055,0.0,-1.5751500888951055,0.0,5.6082958207250355e-06,0.0,-0.5040166302320188,0.09007053085280478,0.010223465874296135,1.9178423327146652,before_ekf,both,5.6082958207250355e-06,-0.5040166302320188,0.09007053085280478,0.010223465874296135,1.9178423327146652,0.0011367986358359775,-0.5024466613114201,0.09085019685648531,0.007540842685653811,1.9734664820097487,nan,nan,nan,nan,-0.2895,nan,nan,nan,,0.06728507099978742,0.056404022998322034,0.0449939030004316,0.0449939030004316,0.033719123999617295,0.022835122999822488,nan,profile,1,1,2,2,1.140049934387207,8.859950065612793,0.0,0.0,
1785159675.1736507,101.24454766800045,0.0,1.3090384224233538,0.0,-1.5708461069080246,0.0,0.0011861131008161197,0.0,-0.5079834271688881,0.08994641801193394,0.010596030569994554,1.8503611648968836,before_ekf,both,0.0011861131008161197,-0.5079834271688881,0.08994641801193394,0.010596030569994554,1.8503611648968836,0.0009841113577361512,-0.5052758729481219,0.09082220459546007,0.007618667670236696,1.9052405613327972,nan,nan,nan,nan,-0.2152,nan,nan,nan,,0.07050941099805641,0.05983721599841374,0.04619646499850205,0.04619646499850205,0.03392513200014946,0.022845575000246754,nan,profile,1,1,2,2,1.2454578876495361,8.754542112350464,0.0,0.0,
1785159675.2755346,101.3464376890006,0.0,1.5709932507988844,0.0,-1.5709932507988844,0.0,6.479123990276066e-06,0.0,-0.5038532596654741,0.08994641801193394,0.010596030569994554,1.81730916433307,before_ekf,both,6.479123990276066e-06,-0.5038532596654741,0.08994641801193394,0.010596030569994554,1.81730916433307,0.0003555392838514837,-0.5061304585864911,0.09080099877366629,0.007689173605808429,1.837489911680267,nan,nan,nan,nan,-0.1541,nan,nan,nan,,0.06714537099833251,0.05641999599902192,0.0450566549989162,0.0450566549989162,0.03345875299783074,0.02237777600021218,nan,profile,1,1,2,2,1.347123622894287,8.652876377105713,0.0,0.0,
1785159675.37782,101.44871703900208,0.0,1.5708113280430795,0.0,-1.5708113280430795,0.0,0.0011805048049927274,0.0,-0.5000048558582366,0.08994641801193394,0.010596030569994554,1.751205163205443,before_ekf,both,0.0011805048049927274,-0.5000048558582366,0.08994641801193394,0.010596030569994554,1.751205163205443,0.00011331051522508,-0.505507937740328,0.09080243583719234,0.007686874409453484,1.8065869175063316,nan,nan,nan,nan,-0.0945,nan,nan,nan,,0.06769112300025881,0.05691247100185137,0.04483920200073044,0.04483920200073044,0.0336204129998805,0.022736203998647397,nan,profile,1,1,2,2,1.4497599601745605,8.55024003982544,0.0,0.0,
1785159675.481896,101.55279317200257,0.0,1.5699614683848535,0.0,-1.5699614683848535,0.0,-8.153200337090994e-18,0.0,-0.49591316171083316,0.08994641801193394,0.010596030569994554,1.7181531626416295,before_ekf,both,-8.153200337090994e-18,-0.49591316171083316,0.08994641801193394,0.010596030569994554,1.7181531626416295,0.00027096379165984205,-0.4996438361974451,0.09078431388512763,0.007765831721032558,1.7369476648650457,nan,nan,nan,nan,-0.0513,nan,nan,nan,,0.069126745001995,0.0583911169997009,0.047111104999203235,0.047111104999203235,0.03581344800113584,0.023197943999548443,nan,profile,1,1,2,2,1.5570025444030762,8.442997455596924,0.0,0.0,
1785159675.5892887,101.6601854540022,0.0,1.571479323138319,0.0,-1.571479323138319,0.0,-2.6615883643115305e-15,0.0,-0.4958664602727258,0.08994641801193402,0.01059603056999367,1.6520491615140023,before_ekf,both,-2.6615883643115305e-15,-0.4958664602727258,0.08994641801193402,0.01059603056999367,1.6520491615140023,8.151617298975842e-05,-0.4998366587460049,0.09078532469381809,0.007763413557152328,1.7069912978454553,nan,nan,nan,nan,-0.0068,nan,nan,nan,,0.06862462999924901,0.05742043099962757,0.04559093599891639,0.04559093599891639,0.033835901002021274,0.02274318600029801,nan,profile,1,1,2,2,1.6611404418945312,8.338859558105469,0.0,0.0,
1785159675.692206,101.76310241000101,0.0,1.8322912610781055,0.0,-1.5705353666383761,0.0,-2.6615883643115305e-15,0.0,-0.49580826100871234,0.08994641801193402,0.01059603056999367,1.6189971609501892,before_ekf,both,-2.6615883643115305e-15,-0.49580826100871234,0.08994641801193402,0.01059603056999367,1.6189971609501892,9.260756960648767e-06,-0.502330105110526,0.09078559217697779,0.00776322706479096,1.636782218698604,nan,nan,nan,nan,0.0142,nan,nan,nan,,0.0681807340006344,0.05716758600101457,0.04541663900090498,0.04541663900090498,0.03364314200007357,0.022495527999126352,nan,profile,1,1,2,2,1.7641446590423584,8.235855340957642,0.0,0.0,
1785159675.7995253,101.87042899300286,0.0,1.5694926591074623,0.0,-1.5694926591074623,0.0,-0.0011645133512674214,0.0,-0.4976734039693974,0.08995534052442453,0.010203438111431233,1.5515159931324072,before_ekf,both,-0.0011645133512674214,-0.4976734039693974,0.08995534052442453,0.010203438111431233,1.5515159931324072,-0.00084945965983644,-0.5033751860485874,0.09079260395451512,0.00768185180710346,1.6062444170261587,nan,nan,nan,nan,0.0214,nan,nan,nan,,0.07033733400021447,0.059090624999953434,0.044883784001285676,0.044883784001285676,0.0333997920024558,0.022056019999581622,nan,profile,1,1,2,2,1.8710267543792725,8.128973245620728,0.0,0.0,
1785159675.901915,101.97281655600091,0.0,1.570245233527738,0.0,-1.3085376946064482,0.0,-0.0011645133512674214,0.0,-0.5001399181417593,0.08995534052442453,0.010203438111431233,1.5184639925685934,before_ekf,both,-0.0011645133512674214,-0.5001399181417593,0.08995534052442453,0.010203438111431233,1.5184639925685934,-0.0011794894544079984,-0.5003811473842666,0.09079385356033108,0.007518592655521212,1.5366695688634664,nan,nan,nan,nan,0.0157,nan,nan,nan,,0.06803244999900926,0.0572284439986106,0.045892596997873625,0.045892596997873625,0.03388339599769097,0.022392363000108162,nan,profile,1,1,2,2,1.9735448360443115,8.026455163955688,0.0,0.0,
1785159676.0033512,102.07425525600047,0.0,1.3099055418758139,0.0,-1.5718866502509767,0.0,-0.0010261319675817322,0.0,-0.5021586165503036,0.08993540816585867,0.010205171825184291,1.449605658060657,before_ekf,both,-0.0010261319675817322,-0.5021586165503036,0.08993540816585867,0.010205171825184291,1.449605658060657,-0.00033052403905484715,-0.5022138277704191,0.09079173945983177,0.007530931510433803,1.507140074837408,nan,nan,nan,nan,0.0,nan,nan,nan,,0.06717208999907598,0.05624329899728764,0.04436098199948901,0.04436098199948901,0.03298712899777456,0.021856703999219462,nan,profile,1,1,2,2,2.0748167037963867,7.925183296203613,0.0,0.0,
1785159676.10425,102.17515229100172,0.0,1.0458545275635722,0.0,-1.3073181594544652,0.0,0.0014934498974477144,0.0,-0.5030935146849806,0.08998583399603359,0.010594616115539824,1.384878823623192,before_ekf,both,0.0014934498974477144,-0.5030935146849806,0.08998583399603359,0.010594616115539824,1.384878823623192,0.0008265212338276904,-0.5019846178616456,0.09079411471232589,0.0075613687626978595,1.437948706405007,nan,nan,nan,nan,0.0,nan,nan,nan,,0.06730882400006521,0.0564545300003374,0.044643691999226576,0.044643691999226576,0.03321288599909167,0.02214049900067039,nan,profile,1,1,2,2,2.1758546829223633,7.824145317077637,0.0,0.0,
1785159676.207096,102.27799885400236,0.0,1.0464809838077453,0.0,-0.784860737855809,0.0,0.0014934498974477144,0.0,-0.5005520533582857,0.08998583399603359,0.010594616115539824,1.3518268230593782,before_ekf,both,0.0014934498974477144,-0.5005520533582857,0.08998583399603359,0.010594616115539824,1.3518268230593782,0.0014982328209852173,-0.49962982541734474,0.09082631573519084,0.007765158435121699,1.3702080863653539,nan,nan,nan,nan,0.0,nan,nan,nan,,0.06711313599953428,0.05609260500204982,0.044745077000698075,0.044745077000698075,0.03314657100054319,0.022152430999994976,nan,profile,1,1,2,2,2.278756618499756,7.721243381500244,0.0,0.0,
1785159676.3086448,102.3795432170009,0.0,0.7931663553652601,0.0,-0.7931663553652601,0.0,0.000243432929288581,0.0,-0.5028277303220072,0.08989079427805874,0.010213596559930795,1.2843456552415966,before_ekf,both,0.000243432929288581,-0.5028277303220072,0.08989079427805874,0.010213596559930795,1.2843456552415966,-0.0001525555204904046,-0.49844617418549075,0.09081734548878662,0.0076993531288475775,1.3397948871376342,nan,nan,nan,nan,0.0,nan,nan,nan,,0.06735396799922455,0.05649515199911548,0.045264952997968066,0.045264952997968066,0.03405305299747852,0.022885674999997718,nan,profile,1,1,2,2,2.3804426193237305,7.6195573806762695,0.0,0.0,
1785159676.4113007,102.48220409600253,0.0,0.5234759105673296,0.0,-0.5234759105673296,0.0,-0.0017898868678749157,0.0,-0.4798787498266239,0.08976873749664678,0.009840359487314404,1.2416534878466712,before_ekf,both,-0.0017898868678749157,-0.4798787498266239,0.08976873749664678,0.009840359487314404,1.2416534878466712,-0.0013802171155725882,-0.4883441022576915,0.09079440262101385,0.007611054778415358,1.2707110323836446,nan,nan,nan,nan,0.0,nan,nan,nan,,0.06736230699971202,0.0565759450000769,0.04480423900167807,0.04480423900167807,0.032923065999057144,0.02190826200239826,nan,profile,1,1,2,2,2.482900381088257,7.517099618911743,0.0,0.0,
1785159676.5195603,102.59045976000198,0.0,0.5235110979596126,0.0,-0.5235110979596126,0.0,0.000611021002692295,0.0,-0.5689604597575904,0.08976009640624298,0.009843498299358199,1.186566820240325,before_ekf,both,0.000611021002692295,-0.5689604597575904,0.08976009640624298,0.009843498299358199,1.186566820240325,0.0005126364887902609,-0.5164608902661281,0.09081823284045334,0.0077059079598068205,1.2409336434107843,nan,nan,nan,nan,0.0,nan,nan,nan,,0.07424447399898781,0.06113557099888567,0.04929028599872254,0.04929028599872254,0.034140710999054136,0.022713886999554234,nan,profile,1,1,2,2,2.5914018154144287,7.408598184585571,0.0,0.0,
1785159676.6259074,102.69680422300007,0.0,0.2617868167962069,0.0,-0.5235736335924138,0.0,0.0017226565871683926,0.0,-0.5622668067706492,0.08976009640624298,0.009843498299358199,1.1535148196765117,before_ekf,both,0.0017226565871683926,-0.5622668067706492,0.08976009640624298,0.009843498299358199,1.1535148196765117,0.0014483660718553827,-0.5260425278597055,0.09087561977626561,0.007859141353133432,1.1659852181887034,nan,nan,nan,nan,0.0,nan,nan,nan,,0.06834299999900395,0.05700112099657417,0.04555006899681757,0.04555006899681757,0.03405397899769014,0.02267693199974019,nan,profile,1,1,2,2,2.6978869438171387,7.302113056182861,0.0,0.0,
1785159676.728855,102.79975704800017,0.0,0.0,0.0,0.0,0.0,0.0024009078705699016,0.0,-0.5873360049476162,0.08976009640624337,0.009843498299358995,1.0874108185488844,before_ekf,both,0.0024009078705699016,-0.5873360049476162,0.08976009640624337,0.009843498299358995,1.0874108185488844,0.0016933100109631305,-0.5261507368648185,0.09092599277510453,0.007972848688794505,1.127952936027695,nan,nan,nan,nan,0.0,nan,nan,nan,,0.06753739199848496,0.05670713200015598,0.04531394199875649,0.04531394199875649,0.033625166997808265,0.022511078997922596,nan,profile,1,1,2,2,2.8004844188690186,7.1995155811309814,0.0,0.0,
1785159676.8363812,102.90727921800135,0.0,0.0,0.0,0.0,0.0,-0.0011724809437566287,0.0,-0.4857470600467616,0.08975487165171249,0.00984634266059641,1.0571131513653946,before_ekf,both,-0.0011724809437566287,-0.4857470600467616,0.08975487165171249,0.00984634266059641,1.0571131513653946,-0.0001971847899179631,-0.5017306574178269,0.09095539658403516,0.008025811758349318,1.0617257711572687,nan,nan,nan,nan,0.0,nan,nan,nan,,0.07129126499785343,0.06023619700135896,0.048580078000668436,0.048580078000668436,0.03725776099963696,0.026193287998466985,nan,profile,1,1,2,2,2.9083142280578613,7.091685771942139,0.0,0.0,
1785159676.9422941,103.01319721700202,0.0,0.0,0.0,0.0,0.0,4.228703801749389e-06,0.0,-0.49504308391272617,0.08975487165171249,0.00984634266059641,0.9910091502377676,before_ekf,both,4.228703801749389e-06,-0.49504308391272617,0.08975487165171249,0.00984634266059641,0.9910091502377676,-6.124032108035816e-05,-0.4926296567014664,0.09095547535455087,0.008026931990068372,1.0272187709302747,nan,nan,nan,nan,0.0,nan,nan,nan,,0.07069435800076462,0.05970089499896858,0.0480322379989957,0.0480322379989957,0.03648688700195635,0.025497825001366436,nan,profile,1,1,2,2,3.014176368713379,6.985823631286621,0.0,0.0,
1785159677.0445495,103.11545228600153,0.0,0.0,0.0,0.0,0.0,4.2287037990500204e-06,0.0,-0.4873832591119438,0.08975487165171249,0.00984634266059641,0.9249051491101404,before_ekf,both,4.2287037990500204e-06,-0.4873832591119438,0.08975487165171249,0.00984634266059641,0.9249051491101404,-7.739887913722502e-06,-0.49339810916785004,0.09095591338853085,0.008028033099740583,0.9630142778855958,nan,nan,nan,nan,0.0,nan,nan,nan,,0.06747684500078321,0.05645814799936488,0.04470820099959383,0.04470820099959383,0.033536163999087876,0.02250782299961429,nan,profile,1,1,2,2,3.1161372661590576,6.883862733840942,0.0,0.0,
1785159677.1458464,103.21674983900084,0.0,-0.2617275226559786,0.0,0.0,0.0,-8.326672684688674e-18,0.0,-0.49591945762529627,0.08975487165171249,0.00984634266059641,0.891853148546327,before_ekf,both,-8.326672684688674e-18,-0.49591945762529627,0.08975487165171249,0.00984634266059641,0.891853148546327,-5.292875803871338e-06,-0.5004232287070256,0.09095605477679801,0.008028313533835566,0.8985048748271245,nan,nan,nan,nan,0.0,nan,nan,nan,,0.06760806799866259,0.056878366998716956,0.04582407300040359,0.04582407300040359,0.034165965000283904,0.023165512997366022,nan,profile,1,1,2,2,3.217386245727539,6.782613754272461,0.0,0.0,
1785159677.246858,103.3177602370015,0.0,0.0,0.0,0.0,0.0,2.657507721027949e-15,0.0,-0.5042628499729244,0.08975487165171306,0.009846342660597095,0.8229948140383833,before_ekf,both,2.657507721027949e-15,-0.5042628499729244,0.08975487165171306,0.009846342660597095,0.8229948140383833,-6.040912603878216e-06,-0.5060866151358667,0.09095601948996176,0.00802830018609048,0.8624225175264675,nan,nan,nan,nan,0.0,nan,nan,nan,,0.06670626800041646,0.055951652000658214,0.04447443200115231,0.04447443200115231,0.03321365200099535,0.022098018998804037,nan,profile,1,1,2,2,3.3184261322021484,6.681573867797852,0.0,0.0,
1785159677.3479989,103.41889825100225,0.0,0.0,0.0,0.0,0.0,0.0011791863812274854,0.0,-0.508256208987881,0.09002448123883043,0.010131858194820617,0.788565646784415,before_ekf,both,0.0011791863812274854,-0.508256208987881,0.09002448123883043,0.010131858194820617,0.788565646784415,0.0008577639613512502,-0.5106657470174849,0.09101090529766358,0.008090470742739666,0.7961731902067027,nan,nan,nan,nan,0.0,nan,nan,nan,,0.06708651400185772,0.056182386000728,0.04493309800091083,0.04493309800091083,0.033774966999772005,0.022748366001906106,nan,profile,1,1,2,2,3.419762372970581,6.580237627029419,0.0,0.0,
1785159677.4505854,103.5214841090019,0.0,0.0,0.0,0.0,0.0,0.0011791863812274854,0.0,-0.508028024800384,0.09002448123883043,0.010131858194820617,0.722461645656788,before_ekf,both,0.0011791863812274854,-0.508028024800384,0.09002448123883043,0.010131858194820617,0.722461645656788,0.0011150700767729878,-0.5086535092889285,0.09106961374594262,0.008149611814813586,0.7607220161489714,nan,nan,nan,nan,0.0,nan,nan,nan,,0.06812834299853421,0.057143074001942296,0.04586828099854756,0.04586828099854756,0.03438248300153646,0.023056809000991052,nan,profile,1,1,2,2,3.5225510597229004,6.4774489402771,0.0,0.0,
1785159677.5553353,103.62623265500224,0.0,0.0,0.0,0.0,0.0,0.002358583850126862,0.0,-0.48731086415218633,0.09032454878834936,0.010385174371496638,0.6935411451634601,before_ekf,both,0.002358583850126862,-0.48731086415218633,0.09032454878834936,0.010385174371496638,0.6935411451634601,0.0020716497791324127,-0.4891790846791171,0.09124401702804652,0.00830782389794184,0.6969444500890285,nan,nan,nan,nan,0.0,nan,nan,nan,,0.06983172100080992,0.0587541519998922,0.04690326499985531,0.04690326499985531,0.03534524600036093,0.023990196001250297,nan,profile,1,1,2,2,3.6272571086883545,6.3727428913116455,0.0,0.0,
1785159677.6621914,103.73308949700004,0.0,0.0,0.0,0.0,0.0,-1.933608314665571e-05,0.0,-0.4541109257722006,0.09002395291898922,0.010132128787470888,0.6370773108669591,before_ekf,both,-1.933608314665571e-05,-0.4541109257722006,0.09002395291898922,0.010132128787470888,0.6370773108669591,0.0014687686724342366,-0.47015207546111304,0.0913091199786426,0.008358326722265118,0.663967637336737,nan,nan,nan,nan,0.0,nan,nan,nan,,0.06835815499653108,0.05750041599821998,0.04601015299704159,0.04601015299704159,0.03418141099973582,0.02281191999645671,nan,profile,1,1,2,2,3.7340543270111084,6.265945672988892,0.0,0.0,
1785159677.7646532,103.8355525190018,0.0,0.0,0.0,0.0,0.0,-0.001199984740690391,0.0,-0.433859431843547,0.08970368720009446,0.009904883405001836,0.6109111437539475,before_ekf,both,-0.001199984740690391,-0.433859431843547,0.08970368720009446,0.009904883405001836,0.6109111437539475,-0.0007661484025118679,-0.4206527010995339,0.09123491348123598,0.008296662393417233,0.6092703258665488,nan,nan,nan,nan,0.0,nan,nan,nan,,0.06827386399891111,0.05738814399956027,0.045806958001776366,0.045806958001776366,0.03411894700184348,0.02275281900074333,nan,profile,1,1,2,2,3.8364009857177734,6.163599014282227,0.0,0.0,
1785159677.8675911,103.93848694900225,0.0,0.0,0.0,0.0,0.0,-0.002356326554567728,0.0,-0.37132979531865573,0.08970161498922491,0.009908051547753923,0.5695961430491842,before_ekf,both,-0.002356326554567728,-0.37132979531865573,0.08970161498922491,0.009908051547753923,0.5695961430491842,-0.0011185019733466165,-0.38640835005967855,0.0911635029359253,0.008247055919533215,0.5822953689342585,nan,nan,nan,nan,0.0,nan,nan,nan,,0.06757438000204274,0.056629630002134945,0.04491767999934382,0.04491767999934382,0.03367064100166317,0.022797527999500744,nan,profile,1,1,2,2,3.939622640609741,6.060377359390259,0.0,0.0,
1785159677.9731033,104.0440058430031,0.0,0.0,0.0,0.0,0.0,1.5387576579356173e-05,0.0,-0.2975888690833004,0.09003332994933476,0.010118233753772774,0.5379213091755397,before_ekf,both,1.5387576579356173e-05,-0.2975888690833004,0.09003332994933476,0.010118233753772774,0.5379213091755397,-0.0006213780542321723,-0.3168984017302313,0.09103618150034215,0.008166073545883204,0.5403771962855459,nan,nan,nan,nan,0.0,nan,nan,nan,,0.06992284700027085,0.05892595300247194,0.04695275300036883,0.04695275300036883,0.034079424000083236,0.022561191002751002,nan,profile,1,1,2,2,4.044867992401123,5.955132007598877,0.0,0.0,
1785159678.0796745,104.15056807600195,0.0,0.0,0.0,0.0,0.0,0.0011960362341230915,0.0,-0.2519658572392074,0.09003332994933476,0.010118233753772774,0.526903975654259,before_ekf,both,0.0011960362341230915,-0.2519658572392074,0.09003332994933476,0.010118233753772774,0.526903975654259,0.0008222583461312484,-0.2308755956369732,0.09111585776560299,0.008214915341247351,0.507085630459458,nan,nan,nan,nan,0.0,nan,nan,nan,,0.06929494699943461,0.0583123020005587,0.04648451599859982,0.04648451599859982,0.03452145000119344,0.02306165499976487,nan,profile,1,1,2,2,4.1514809131622314,5.8485190868377686,0.0,0.0,
1785159678.1829534,104.25385256500158,0.0,0.0,0.0,0.0,0.0,-1.7568356177692298e-06,0.0,-0.18231740755055903,0.08969080888763827,0.009926161705559914,0.5090008086822047,before_ekf,both,-1.7568356177692298e-06,-0.18231740755055903,0.08969080888763827,0.009926161705559914,0.5090008086822047,0.0011145605962917086,-0.19607017654001435,0.09118217203670914,0.008252041254458884,0.49615242705773577,nan,nan,nan,nan,0.0,nan,nan,nan,,0.06895585999882314,0.05802354299885337,0.045855962998757605,0.045855962998757605,0.034196372998849256,0.022513904001243645,nan,profile,1,1,2,2,4.256208181381226,5.743791818618774,0.0,0.0,
1785159678.2862487,104.35714728300081,0.0,0.0,0.0,0.0,0.0,-0.003531659053294283,0.0,-0.1445421441420354,0.08900366148129868,0.009545797328080065,0.5034921419215714,before_ekf,both,-0.003531659053294283,-0.1445421441420354,0.08900366148129868,0.009545797328080065,0.5034921419215714,-0.002505306055550473,-0.12017131331414495,0.09094736639916305,0.008121809343410318,0.4784646800397146,nan,nan,nan,nan,0.0,nan,nan,nan,,0.06670370699794148,0.055832227000792045,0.04433131299811066,0.04433131299811066,0.03309681199971237,0.022149743999761995,nan,profile,1,1,2,2,4.357943296432495,5.642056703567505,0.0,0.0,
1785159678.3889508,104.45984947200122,0.0,0.0,0.0,0.0,0.0,-0.003531659053291622,0.0,-0.07851182904506313,0.08900366148129946,0.009545797328080492,0.5007378085412548,before_ekf,both,-0.003531659053291622,-0.07851182904506313,0.08900366148129946,0.009545797328080492,0.5007378085412548,-0.003327353488738939,-0.09269711895590207,0.09074997280641828,0.00801847895441261,0.4735835113156011,nan,nan,nan,nan,0.0,nan,nan,nan,,0.06813825000062934,0.05724024300070596,0.045694692998949904,0.045694692998949904,0.03421951699783676,0.023042550001264317,nan,profile,1,1,2,2,4.46073317527771,5.53926682472229,0.0,0.0,
1785159678.4910538,104.56195576700338,0.0,0.0,0.0,0.0,0.0,-0.0035316590532889873,0.0,-0.045410432068568,0.08900366148129946,0.009545797328080492,0.5007378085412548,before_ekf,both,-0.0035316590532889873,-0.045410432068568,0.08900366148129946,0.009545797328080492,0.5007378085412548,-0.0036523167530183374,-0.03233314901397397,0.09030690438866264,0.00779231357125741,0.468397510375,nan,nan,nan,nan,0.0,nan,nan,nan,,0.0674862160012708,0.0567056899999443,0.045047257000987884,0.045047257000987884,0.033277402002568124,0.02217905200086534,nan,profile,1,1,2,2,4.562687873840332,5.437312126159668,0.0,0.0,
1785159678.5945337,104.66543603300306,0.0,0.0,0.0,0.0,0.0,2.653086084158929e-15,0.0,-0.00825297293498633,0.08900366148129946,0.009545797328080492,0.5007378085412548,before_ekf,both,2.653086084158929e-15,-0.00825297293498633,0.08900366148129946,0.009545797328080492,0.5007378085412548,-0.0027931984647362085,-0.015026297083253624,0.09019177990732516,0.007735183080866238,0.46797074273295275,nan,nan,nan,nan,0.0,nan,nan,nan,,0.06905627400192316,0.05806961000052979,0.04558122399976128,0.04558122399976128,0.03383756000039284,0.02276838400212,nan,profile,1,1,2,2,4.666314363479614,5.333685636520386,0.0,0.0,
1785159678.6969013,104.76780351300113,0.0,0.0,0.0,0.0,0.0,-8.215743574971941e-18,0.0,-2.273181642920008e-15,0.08900366148129946,0.009545797328080492,0.5007378085412548,before_ekf,both,-8.215743574971941e-18,-2.273181642920008e-15,0.08900366148129946,0.009545797328080492,0.5007378085412548,-0.00022928450690863243,0.006135165261839071,0.09019879156856925,0.007741781740752067,0.46882661471838777,nan,nan,nan,nan,0.0,nan,nan,nan,,0.06740903799800435,0.05658306899931631,0.04498075199808227,0.04498075199808227,0.03322495999964303,0.022121743000752758,nan,profile,1,1,2,2,4.76862645149231,5.23137354850769,0.0,0.0,
1785159678.7999792,104.87088317300004,0.0,0.0,0.0,0.0,0.0,-0.0011721625195107571,0.0,0.004110687425951607,0.0886593045395937,0.009357035994397845,0.5021149752314167,before_ekf,both,-0.0011721625195107571,0.004110687425951607,0.0886593045395937,0.009357035994397845,0.5021149752314167,-5.583831571245315e-05,0.005632117786438646,0.09020073188073957,0.007742946982814516,0.4691166610642359,nan,nan,nan,nan,0.0,nan,nan,nan,,0.0685952849999012,0.05699930799892172,0.044990869999310235,0.044990869999310235,0.03327862099831691,0.022015917998942314,nan,profile,1,1,2,2,4.871506214141846,5.128493785858154,0.0,0.0,
1785159678.901599,104.9725023150022,0.0,0.0,0.0,0.0,0.0,-0.0011721625195107571,0.0,0.004110687425951607,0.0886593045395937,0.009357035994397845,0.5021149752314167,before_ekf,both,-0.0011721625195107571,0.004110687425951607,0.0886593045395937,0.009357035994397845,0.5021149752314167,-0.0011040696689830598,0.0027200161869289853,0.09005131648838202,0.007666102209382264,0.4695424549066045,nan,nan,nan,nan,0.0,nan,nan,nan,,0.06721326499973657,0.056352083000092534,0.04469465299916919,0.04469465299916919,0.0331083570017654,0.022007483999914257,nan,profile,1,1,2,2,4.973118543624878,5.026881456375122,0.0,0.0,
1785159679.003941,105.07484360900344,0.0,0.0,0.0,0.0,0.0,-0.0011721625195107571,0.0,0.004110687425951607,0.0886593045395937,0.009357035994397845,0.5021149752314167,before_ekf,both,-0.0011721625195107571,0.004110687425951607,0.0886593045395937,0.009357035994397845,0.5021149752314167,-0.001172460861422944,0.0024361940920122342,0.08998522830587063,0.007632522730884788,0.4697004545133821,nan,nan,nan,nan,0.0,nan,nan,nan,,0.06758040600107051,0.05642604100285098,0.04454050500135054,0.04454050500135054,0.03320818900101585,0.02206617800038657,nan,profile,1,1,2,2,5.075395107269287,4.924604892730713,0.0,0.0,
1785159679.1082542,105.1791504890025,0.0,0.0,0.0,0.0,0.0,-8.153200337090994e-18,0.0,-2.273181642920008e-15,0.0886593045395937,0.009357035994397845,0.5021149752314167,before_ekf,both,-8.153200337090994e-18,-2.273181642920008e-15,0.0886593045395937,0.009357035994397845,0.5021149752314167,-0.0011995403807467978,0.002121309712557128,0.08984026290849823,0.0075589388960575115,0.4700279893043123,nan,nan,nan,nan,0.0,nan,nan,nan,,0.07065843000236782,0.059806471999763744,0.04802852899956633,0.04802852899956633,0.03492282799925306,0.023459643001842778,nan,profile,1,1,2,2,5.179968595504761,4.820031404495239,0.0,0.0,
1785159679.2146373,105.28551509900353,0.0,0.0,0.0,0.0,0.0,-8.153200337090994e-18,0.0,-2.273181642920008e-15,0.0886593045395937,0.009357035994397845,0.5021149752314167,before_ekf,both,-8.153200337090994e-18,-2.273181642920008e-15,0.0886593045395937,0.009357035994397845,0.5021149752314167,-8.429896316173097e-05,0.0002734738223492455,0.08985204056313882,0.00756588067921546,0.47002680343226494,nan,nan,nan,nan,0.0,nan,nan,nan,,0.0707668270006252,0.05970511800114764,0.04790542800037656,0.04790542800037656,0.0353932470025029,0.02394813400314888,nan,profile,1,1,2,2,5.286402702331543,4.713597297668457,0.0,0.0,
1785159679.3177423,105.38863937200222,0.0,0.0,0.0,0.0,0.0,-8.153200337090994e-18,0.0,-2.273181642920008e-15,0.0886593045395937,0.009357035994397845,0.5021149752314167,before_ekf,both,-8.153200337090994e-18,-2.273181642920008e-15,0.0886593045395937,0.009357035994397845,0.5021149752314167,-8.654984366474856e-06,9.459188490151891e-05,0.08985259314306353,0.007566206254582376,0.47002716189164045,nan,nan,nan,nan,0.0,nan,nan,nan,,0.06821421700078645,0.0572237349988427,0.04551550999894971,0.04551550999894971,0.03415138499985915,0.022901902000739938,nan,profile,1,1,2,2,5.3895509243011475,4.6104490756988525,0.0,0.0,
1785159679.431263,105.50215908500104,0.0,0.0,0.0,0.0,0.0,-8.153200337090994e-18,0.0,-2.273181642920008e-15,0.0886593045395937,0.009357035994397845,0.5021149752314167,before_ekf,both,-8.153200337090994e-18,-2.273181642920008e-15,0.0886593045395937,0.009357035994397845,0.5021149752314167,1.894381005260125e-05,1.190711210612968e-05,0.08985289156870332,0.007566348629614797,0.4700272264843131,nan,nan,nan,nan,0.0,nan,nan,nan,,0.07233326899950043,0.06125271699784207,0.04796941499807872,0.04796941499807872,0.035515014998964034,0.02383377399746678,nan,profile,1,1,2,2,5.503624439239502,4.496375560760498,0.0,0.0,
1785159679.544998,105.61589296500097,0.0,0.0,0.0,0.0,0.0,-8.153200337090994e-18,0.0,-2.273181642920008e-15,0.0886593045395937,0.009357035994397845,0.5021149752314167,before_ekf,both,-8.153200337090994e-18,-2.273181642920008e-15,0.0886593045395937,0.009357035994397845,0.5021149752314167,2.0107094967796098e-05,4.520096428727419e-06,0.08985291959086743,0.007566350120039047,0.47002726218010954,nan,nan,nan,nan,0.0,nan,nan,nan,,0.07508689499809407,0.06381766000049538,0.05167212699961965,0.05167212699961965,0.03944909399797325,0.027643359997455264,nan,profile,1,1,2,2,5.61715841293335,4.38284158706665,0.0,0.0,
1785159679.6551113,105.72601260300144,0.0,0.0,0.0,0.0,0.0,-8.153200337090994e-18,0.0,-2.273181642920008e-15,0.0886593045395937,0.009357035994397845,0.5021149752314167,before_ekf,both,-8.153200337090994e-18,-2.273181642920008e-15,0.0886593045395937,0.009357035994397845,0.5021149752314167,1.8092350185047205e-05,5.060064962469274e-07,0.08985289082750743,0.007566310994247554,0.47002725163744596,nan,nan,nan,nan,0.0,nan,nan,nan,,0.07211735699820565,0.06031616800100892,0.04811954099932336,0.04811954099932336,0.03517420899879653,0.023306554001464974,nan,profile,1,1,2,2,5.726889371871948,4.273110628128052,0.0,0.0,
1785159679.7686534,105.83954894900307,0.0,0.0,0.0,0.0,0.0,-8.153200337090994e-18,0.0,-2.273181642920008e-15,0.0886593045395937,0.009357035994397845,0.5021149752314167,before_ekf,both,-8.153200337090994e-18,-2.273181642920008e-15,0.0886593045395937,0.009357035994397845,0.5021149752314167,1.5880247811631283e-05,6.929022238065588e-08,0.08985283666451188,0.007566262360338637,0.4700272545531341,nan,nan,nan,nan,0.0,nan,nan,nan,,0.07450842500111321,0.06307293099962408,0.05093944200052647,0.05093944200052647,0.0387408630012942,0.025171872002829332,nan,profile,1,1,2,2,5.8406455516815186,4.1593544483184814,0.0,0.0,
1785159679.8745291,105.94542610999997,0.0,0.0,0.0,0.0,0.0,-8.153200337090994e-18,0.0,-2.273181642920008e-15,0.0886593045395937,0.009357035994397845,0.5021149752314167,before_ekf,both,-8.153200337090994e-18,-2.273181642920008e-15,0.0886593045395937,0.009357035994397845,0.5021149752314167,1.5047780758131443e-05,2.3646025526720583e-08,0.08985284593660518,0.0075662572794496195,0.4700272548723694,nan,nan,nan,nan,0.0,nan,nan,nan,,0.06969524699889007,0.05847516499852645,0.04657648699867423,0.04657648699867423,0.034737488997052424,0.023236039996845648,nan,profile,1,1,2,2,5.9461669921875,4.0538330078125,0.0,0.0,
1785159679.979527,106.05042520500137,0.0,0.0,0.0,0.0,0.0,-8.153200337090994e-18,0.0,-2.273181642920008e-15,0.0886593045395937,0.009357035994397845,0.5021149752314167,before_ekf,both,-8.153200337090994e-18,-2.273181642920008e-15,0.0886593045395937,0.009357035994397845,0.5021149752314167,1.390162786178542e-05,3.064849519541115e-09,0.08985284549169958,0.007566240982641936,0.4700272549504483,nan,nan,nan,nan,0.0,nan,nan,nan,,0.0695293809985742,0.05813708500136272,0.04634763300055056,0.04634763300055056,0.03478389199881349,0.023139737000747118,nan,profile,1,1,2,2,6.0514771938323975,3.9485228061676025,0.0,0.0,
1785159680.0880103,106.15890627000044,0.0,0.0,0.0,0.0,0.0,-8.153200337090994e-18,0.0,-2.273181642920008e-15,0.0886593045395937,0.009357035994397845,0.5021149752314167,before_ekf,both,-8.153200337090994e-18,-2.273181642920008e-15,0.0886593045395937,0.009357035994397845,0.5021149752314167,1.4488814210126264e-05,3.650032606744792e-10,0.08985295650527277,0.007566283604878709,0.470027254963604,nan,nan,nan,nan,0.0,nan,nan,nan,,0.07157025599735789,0.06031126499874517,0.04823909499828005,0.04823909499828005,0.035428382998361485,0.023727411000436405,nan,profile,1,1,2,2,6.16046142578125,3.83953857421875,0.0,0.0,
1785159680.2108712,106.28177333700296,0.0,0.0,0.0,0.0,0.0,-8.153200337090994e-18,0.0,-2.273181642920008e-15,0.0886593045395937,0.009357035994397845,0.5021149752314167,before_ekf,both,-8.153200337090994e-18,-2.273181642920008e-15,0.0886593045395937,0.009357035994397845,0.5021149752314167,1.2575100767244772e-05,1.363240939534557e-10,0.08985287119683431,0.0075662341687702086,0.4700272549628295,nan,nan,nan,nan,0.0,nan,nan,nan,,0.07822212900282466,0.06211666500166757,0.04885355100122979,0.04885355100122979,0.03673255200192216,0.025290749999840045,nan,profile,1,1,2,2,6.282494068145752,3.717505931854248,0.0,0.0,
1785159680.3203185,106.39121524300208,0.0,0.0,0.0,0.0,0.0,-8.153200337090994e-18,0.0,-2.273181642920008e-15,0.0886593045395937,0.009357035994397845,0.5021149752314167,before_ekf,both,-8.153200337090994e-18,-2.273181642920008e-15,0.0886593045395937,0.009357035994397845,0.5021149752314167,1.2440045749508744e-05,1.6323761456448296e-11,0.08985292718917058,0.007566251834941849,0.4700272549632656,nan,nan,nan,nan,0.0,nan,nan,nan,,0.07241456500196364,0.060478843999590026,0.04839198899935582,0.04839198899935582,0.0354343200015137,0.023908834999019746,nan,profile,1,1,2,2,6.392334938049316,3.6076650619506836,0.0,0.0,
1785159680.4401097,106.51100121500349,0.0,0.0,0.0,0.0,0.0,-8.153200337090994e-18,0.0,-2.273181642920008e-15,0.0886593045395937,0.009357035994397845,0.5021149752314167,before_ekf,both,-8.153200337090994e-18,-2.273181642920008e-15,0.0886593045395937,0.009357035994397845,0.5021149752314167,1.1269301703862455e-05,2.0851038385693126e-12,0.08985291571606228,0.007566236903758416,0.4700272549632789,nan,nan,nan,nan,0.0,nan,nan,nan,,0.08101518100011162,0.06986223300191341,0.05773207000311231,0.05773207000311231,0.045561727001768304,0.03387093400306185,nan,profile,1,1,2,2,6.514073133468628,3.485926866531372,0.0,0.0,
1785159680.562735,106.63363168600335,0.0,0.0,0.0,0.0,0.0,-8.153200337090994e-18,0.0,-2.273181642920008e-15,0.0886593045395937,0.009357035994397845,0.5021149752314167,before_ekf,both,-8.153200337090994e-18,-2.273181642920008e-15,0.0886593045395937,0.009357035994397845,0.5021149752314167,1.0525715098626998e-05,2.5534386172190563e-13,0.08985294165020669,0.007566242390480014,0.47002725496328424,nan,nan,nan,nan,0.0,nan,nan,nan,,0.0817459179997968,0.06426026600092882,0.051794590002828045,0.051794590002828045,0.03584625000075903,0.024272456001199316,nan,profile,1,1,2,2,6.63494086265564,3.3650591373443604,0.0,0.0,
1785159680.7522047,106.82310147900353,0.0,0.0,0.0,0.0,0.0,-8.153200337090994e-18,0.0,-2.273181642920008e-15,0.0886593045395937,0.009357035994397845,0.5021149752314167,before_ekf,both,-8.153200337090994e-18,-2.273181642920008e-15,0.0886593045395937,0.009357035994397845,0.5021149752314167,8.878788415741632e-06,1.0733589792966465e-14,0.08985291131298176,0.007566217617718915,0.47002725496328557,nan,nan,nan,nan,0.0,nan,nan,nan,,0.14890593200107105,0.13416273400071077,0.053984405003575375,0.053984405003575375,0.03590748100032215,0.02407078900068882,nan,profile,1,1,2,2,6.824188709259033,3.175811290740967,0.0,0.0,
1785159680.8623376,106.93323451200195,0.0,0.0,0.0,0.0,0.0,-8.153200337090994e-18,0.0,-2.273181642920008e-15,0.0886593045395937,0.009357035994397845,0.5021149752314167,before_ekf,both,-8.153200337090994e-18,-2.273181642920008e-15,0.0886593045395937,0.009357035994397845,0.5021149752314167,8.381646847771596e-06,2.963148476239443e-15,0.08985290356204638,0.007566211050386747,0.4700272549632852,nan,nan,nan,nan,0.0,nan,nan,nan,,0.0726529669991578,0.061197490998893045,0.047941754000930814,0.047941754000930814,0.03577953300191439,0.02363514099852182,nan,profile,1,1,2,2,6.93478798866272,3.0652120113372803,0.0,0.0,
1785159680.9799,107.05079711300277,0.0,0.0,0.0,0.0,0.0,-8.153200337090994e-18,0.0,-2.273181642920008e-15,0.0886593045395937,0.009357035994397845,0.5021149752314167,before_ekf,both,-8.153200337090994e-18,-2.273181642920008e-15,0.0886593045395937,0.009357035994397845,0.5021149752314167,7.593027061499235e-06,-6.836418262092793e-16,0.0898528933042502,0.007566201211291286,0.4700272549632852,nan,nan,nan,nan,0.0,nan,nan,nan,,0.07084003000272787,0.059310749002179364,0.04746208500000648,0.04746208500000648,0.03544938100094441,0.02421102200241876,nan,profile,1,1,2,2,7.051886081695557,2.9481139183044434,0.0,0.0,
1785159681.0861566,107.15705373700257,0.0,0.0,0.0,0.0,0.0,-8.153200337090994e-18,0.0,-2.273181642920008e-15,0.0886593045395937,0.009357035994397845,0.5021149752314167,before_ekf,both,-8.153200337090994e-18,-2.273181642920008e-15,0.0886593045395937,0.009357035994397845,0.5021149752314167,7.54858327158832e-06,-1.0977134894794808e-15,0.08985292711979648,0.007566214468579798,0.4700272549632852,nan,nan,nan,nan,0.0,nan,nan,nan,,0.0693623139995907,0.0582167569991725,0.04636140699949465,0.04636140699949465,0.0347289390010701,0.022937862999242498,nan,profile,1,1,2,2,7.158220052719116,2.841779947280884,0.0,0.0,
1785159681.200687,107.27158321100069,0.0,0.0,0.0,0.0,0.0,-8.153200337090994e-18,0.0,-2.273181642920008e-15,0.0886593045395937,0.009357035994397845,0.5021149752314167,before_ekf,both,-8.153200337090994e-18,-2.273181642920008e-15,0.0886593045395937,0.009357035994397845,0.5021149752314167,6.639686028874372e-06,-1.1948515192176839e-15,0.08985288669235193,0.0075661922093475335,0.4700272549632852,nan,nan,nan,nan,0.0,nan,nan,nan,,0.07429851299821166,0.063185634000547,0.051285191999340896,0.051285191999340896,0.037621546998707345,0.023904435998701956,nan,profile,1,1,2,2,7.272817373275757,2.727182626724243,0.0,0.0,
1785159681.3036723,107.37457620200075,0.0,0.0,0.0,0.0,0.0,-8.153200337090994e-18,0.0,-2.273181642920008e-15,0.0886593045395937,0.009357035994397845,0.5021149752314167,before_ekf,both,-8.153200337090994e-18,-2.273181642920008e-15,0.0886593045395937,0.009357035994397845,0.5021149752314167,6.6613798582518295e-06,-1.2326907924796267e-15,0.08985291955799152,0.007566205865675894,0.4700272549632852,nan,nan,nan,nan,0.0,nan,nan,nan,,0.06730509000044549,0.05632039400006761,0.044640951997280354,0.044640951997280354,0.03309334799996577,0.021922437998000532,nan,profile,1,1,2,2,7.375114917755127,2.624885082244873,0.0,0.0,
1785159681.4060352,107.47693859800347,0.0,0.0,0.0,0.0,0.0,-8.153200337090994e-18,0.0,-2.273181642920008e-15,0.0886593045395937,0.009357035994397845,0.5021149752314167,before_ekf,both,-8.153200337090994e-18,-2.273181642920008e-15,0.0886593045395937,0.009357035994397845,0.5021149752314167,5.181799072064417e-06,-1.5421160468279122e-15,0.08985285636873919,0.007566172425138986,0.4700272549632852,nan,nan,nan,nan,0.0,nan,nan,nan,,0.06839517100161174,0.05745729600312188,0.04445632400165778,0.04445632400165778,0.032820289001392666,0.02200619300128892,nan,profile,1,1,2,2,7.477566719055176,2.522433280944824,0.0,0.0,
1785159681.509885,107.58078180100347,0.0,0.0,0.0,0.0,0.0,-8.153200337090994e-18,0.0,-2.273181642920008e-15,0.0886593045395937,0.009357035994397845,0.5021149752314167,before_ekf,both,-8.153200337090994e-18,-2.273181642920008e-15,0.0886593045395937,0.009357035994397845,0.5021149752314167,5.904091159811751e-06,-1.1076038460385577e-15,0.08985294729397686,0.007566216259285179,0.4700272549632852,nan,nan,nan,nan,0.0,nan,nan,nan,,0.06939736300046206,0.05828569600271294,0.04594588899999508,0.04594588899999508,0.034435419001965784,0.02321932300037588,nan,profile,1,1,2,2,7.581824064254761,2.4181759357452393,0.0,0.0,
1785159681.6167898,107.68768645500313,0.0,0.0,0.0,0.0,0.0,-8.153200337090994e-18,0.0,-2.273181642920008e-15,0.0886593045395937,0.009357035994397845,0.5021149752314167,before_ekf,both,-8.153200337090994e-18,-2.273181642920008e-15,0.0886593045395937,0.009357035994397845,0.5021149752314167,5.172162989140656e-06,-1.1853516993617369e-15,0.08985292457734112,0.007566202723673667,0.4700272549632852,nan,nan,nan,nan,0.0,nan,nan,nan,,0.0717587530016317,0.060641973999736365,0.047116359000938246,0.047116359000938246,0.03486963400064269,0.02356445100303972,nan,profile,1,1,2,2,7.6887946128845215,2.3112053871154785,0.0,0.0,
1785159681.7224665,107.79336398500163,0.0,0.0,0.0,0.0,0.0,-8.153200337090994e-18,0.0,-2.273181642920008e-15,0.0886593045395937,0.009357035994397845,0.5021149752314167,before_ekf,both,-8.153200337090994e-18,-2.273181642920008e-15,0.0886593045395937,0.009357035994397845,0.5021149752314167,5.1857480483865545e-06,-1.1585843267375795e-15,0.0898529362315473,0.0075662077658664685,0.4700272549632852,nan,nan,nan,nan,0.0,nan,nan,nan,,0.069148573998973,0.05812090100153,0.046623468999314355,0.046623468999314355,0.03486097000131849,0.02342669299832778,nan,profile,1,1,2,2,7.794496297836304,2.2055037021636963,0.0,0.0,
1785159681.8265934,107.8974916240004,0.0,0.0,0.0,0.0,0.0,-8.153200337090994e-18,0.0,-2.273181642920008e-15,0.0886593045395937,0.009357035994397845,0.5021149752314167,before_ekf,both,-8.153200337090994e-18,-2.273181642920008e-15,0.0886593045395937,0.009357035994397845,0.5021149752314167,4.521189484454502e-06,-1.1911797797982246e-15,0.0898529147431115,0.007566195302071918,0.4700272549632852,nan,nan,nan,nan,0.0,nan,nan,nan,,0.06850423099967884,0.05729979799798457,0.04530928599706385,0.04530928599706385,0.03349314699880779,0.02221237899721018,nan,profile,1,1,2,2,7.898469924926758,2.101530075073242,0.0,0.0,
1785159681.9288669,107.99976382900059,0.0,0.0,0.0,0.0,0.0,-8.153200337090994e-18,0.0,-2.273181642920008e-15,0.0886593045395937,0.009357035994397845,0.5021149752314167,before_ekf,both,-8.153200337090994e-18,-2.273181642920008e-15,0.0886593045395937,0.009357035994397845,0.5021149752314167,4.529975326990462e-06,-1.1621456140118974e-15,0.08985292470399248,0.007566199681174816,0.4700272549632852,nan,nan,nan,nan,0.0,nan,nan,nan,,0.06685663600001135,0.05608971699984977,0.0447870440002589,0.0447870440002589,0.03355271299733431,0.022528523997607408,nan,profile,1,1,2,2,8.00077748298645,1.9992225170135498,0.0,0.0,
1785159682.031672,108.102569081002,0.0,0.0,0.0,0.0,0.0,-8.153200337090994e-18,0.0,-2.273181642920008e-15,0.0886593045395937,0.009357035994397845,0.5021149752314167,before_ekf,both,-8.153200337090994e-18,-2.273181642920008e-15,0.0886593045395937,0.009357035994397845,0.5021149752314167,3.9248009493282e-06,-1.1976106254438731e-15,0.08985290546485239,0.007566188698082498,0.4700272549632852,nan,nan,nan,nan,0.0,nan,nan,nan,,0.06787371700193034,0.05677384999944479,0.04539322100026766,0.04539322100026766,0.033946257000934565,0.02289695099898381,nan,profile,1,1,2,2,8.103420734405518,1.8965792655944824,0.0,0.0,
1785159682.1332335,108.20413809300226,0.0,0.0,0.0,0.0,0.0,-8.153200337090994e-18,0.0,-2.273181642920008e-15,0.0886593045395937,0.009357035994397845,0.5021149752314167,before_ekf,both,-8.153200337090994e-18,-2.273181642920008e-15,0.0886593045395937,0.009357035994397845,0.5021149752314167,4.011893284408894e-06,-1.1638037419300827e-15,0.08985291795487554,0.00756619452202618,0.4700272549632852,nan,nan,nan,nan,0.0,nan,nan,nan,,0.06715391800025827,0.05631048999930499,0.04470812200088403,0.04470812200088403,0.03344499699960579,0.021910234001552453,nan,profile,1,1,2,2,8.204693794250488,1.7953062057495117,0.0,0.0,
1785159682.2342002,108.3051035990029,0.0,0.0,0.0,0.0,0.0,-8.153200337090994e-18,0.0,-2.273181642920008e-15,0.0886593045395937,0.009357035994397845,0.5021149752314167,before_ekf,both,-8.153200337090994e-18,-2.273181642920008e-15,0.0886593045395937,0.009357035994397845,0.5021149752314167,3.518613885253277e-06,-1.1922563295496855e-15,0.08985290303831092,0.007566186011642975,0.4700272549632852,nan,nan,nan,nan,0.0,nan,nan,nan,,0.06690048500240664,0.05579528900125297,0.04420637500152225,0.04420637500152225,0.0330207650004013,0.022020934000465786,nan,profile,1,1,2,2,8.305781126022339,1.6942188739776611,0.0,0.0,
1785159682.3370028,108.40789998700347,0.0,0.0,0.0,0.0,0.0,-8.153200337090994e-18,0.0,-2.273181642920008e-15,0.0886593045395937,0.009357035994397845,0.5021149752314167,before_ekf,both,-8.153200337090994e-18,-2.273181642920008e-15,0.0886593045395937,0.009357035994397845,0.5021149752314167,3.59281563314916e-06,-1.159884914944437e-15,0.0898529154496498,0.007566191906389162,0.4700272549632852,nan,nan,nan,nan,0.0,nan,nan,nan,,0.06754921600077068,0.05670007600201643,0.045347759001742816,0.045347759001742816,0.03385563400297542,0.022854480001115007,nan,profile,1,1,2,2,8.408978462219238,1.5910215377807617,0.0,0.0,
1785159682.4481595,108.51905692900255,0.0,0.0,0.0,0.0,0.0,-8.153200337090994e-18,0.0,-2.273181642920008e-15,0.0886593045395937,0.009357035994397845,0.5021149752314167,before_ekf,both,-8.153200337090994e-18,-2.273181642920008e-15,0.0886593045395937,0.009357035994397845,0.5021149752314167,3.1032937117812347e-06,-1.1897158210897365e-15,0.08985289835388269,0.007566182497299199,0.4700272549632852,nan,nan,nan,nan,0.0,nan,nan,nan,,0.07539169400115497,0.06360580900218338,0.049466464999568416,0.049466464999568416,0.03706117700130562,0.025594763999833958,nan,profile,1,1,2,2,8.520079851150513,1.4799201488494873,0.0,0.0,
1785159682.559225,108.6301192380015,0.0,0.0,0.0,0.0,0.0,-8.153200337090994e-18,0.0,-2.273181642920008e-15,0.0886593045395937,0.009357035994397845,0.5021149752314167,before_ekf,both,-8.153200337090994e-18,-2.273181642920008e-15,0.0886593045395937,0.009357035994397845,0.5021149752314167,2.7775620678925093e-06,-1.2939201879818687e-15,0.089852890783688,0.007566178038503687,0.4700272549632852,nan,nan,nan,nan,0.0,nan,nan,nan,,0.07030466400101432,0.05916904100013198,0.04718241600130568,0.04718241600130568,0.03505107999808388,0.023457703999156365,nan,profile,1,1,2,2,8.631219625473022,1.3687803745269775,0.0,0.0,
1785159682.6672797,108.73817827400126,0.0,0.0,0.0,0.0,0.0,-8.153200337090994e-18,0.0,-2.273181642920008e-15,0.0886593045395937,0.009357035994397845,0.5021149752314167,before_ekf,both,-8.153200337090994e-18,-2.273181642920008e-15,0.0886593045395937,0.009357035994397845,0.5021149752314167,2.7539088976189172e-06,-1.1558838197552666e-15,0.08985290001024336,0.007566182456471914,0.4700272549632852,nan,nan,nan,nan,0.0,nan,nan,nan,,0.06904223699893919,0.05792244599797414,0.04596159300126601,0.04596159300126601,0.03422666699771071,0.022922559001017362,nan,profile,1,1,2,2,8.739147901535034,1.2608520984649658,0.0,0.0,
1785159682.7735784,108.84447633900345,0.0,0.0,0.0,0.0,0.0,-8.153200337090994e-18,0.0,-2.273181642920008e-15,0.0886593045395937,0.009357035994397845,0.5021149752314167,before_ekf,both,-8.153200337090994e-18,-2.273181642920008e-15,0.0886593045395937,0.009357035994397845,0.5021149752314167,2.433786237171697e-06,-1.2126483886682182e-15,0.08985289228695696,0.007566178057272569,0.4700272549632852,nan,nan,nan,nan,0.0,nan,nan,nan,,0.06960298500052886,0.05883459899996524,0.047151328002655646,0.047151328002655646,0.03504383400286315,0.023597231000167085,nan,profile,1,1,2,2,8.848734617233276,1.1512653827667236,0.0,0.0,
1785159682.8913062,108.96220835500208,0.0,0.0,0.0,0.0,0.0,-8.153200337090994e-18,0.0,-2.273181642920008e-15,0.0886593045395937,0.009357035994397845,0.5021149752314167,before_ekf,both,-8.153200337090994e-18,-2.273181642920008e-15,0.0886593045395937,0.009357035994397845,0.5021149752314167,2.423893208063969e-06,-1.153168275596601e-15,0.08985290184703293,0.007566182513182421,0.4700272549632852,nan,nan,nan,nan,0.0,nan,nan,nan,,0.07698125400202116,0.06356290300027467,0.050113353001506766,0.050113353001506766,0.033307747999060666,0.0221459300009883,nan,profile,1,1,2,2,8.963071823120117,1.0369281768798828,0.0,0.0,
1785159682.9956665,109.06656462000319,0.0,0.0,0.0,0.0,0.0,-8.153200337090994e-18,0.0,-2.273181642920008e-15,0.0886593045395937,0.009357035994397845,0.5021149752314167,before_ekf,both,-8.153200337090994e-18,-2.273181642920008e-15,0.0886593045395937,0.009357035994397845,0.5021149752314167,2.117832184415146e-06,-1.215170689661869e-15,0.08985288815956509,0.007566175382838472,0.4700272549632852,nan,nan,nan,nan,0.0,nan,nan,nan,,0.06907432899970445,0.058099961999687366,0.0466757169997436,0.0466757169997436,0.035138423001626506,0.023800308001227677,nan,profile,1,1,2,2,9.067656755447388,0.9323432445526123,0.0,0.0,
1785159683.101349,109.17224751600224,0.0,0.0,0.0,0.0,0.0,-8.153200337090994e-18,0.0,-2.273181642920008e-15,0.0886593045395937,0.009357035994397845,0.5021149752314167,before_ekf,both,-8.153200337090994e-18,-2.273181642920008e-15,0.0886593045395937,0.009357035994397845,0.5021149752314167,1.8840170010822582e-06,-1.2380726467569628e-15,0.08985288366253685,0.007566172788402875,0.4700272549632852,nan,nan,nan,nan,0.0,nan,nan,nan,,0.07038840300083393,0.05908935000115889,0.04716769900187501,0.04716769900187501,0.03492060400094488,0.023054277000483125,nan,profile,1,1,2,2,9.173221826553345,0.8267781734466553,0.0,0.0,
1785159683.2058632,109.2767618570033,0.0,0.0,0.0,0.0,0.0,-8.153200337090994e-18,0.0,-2.273181642920008e-15,0.0886593045395937,0.009357035994397845,0.5021149752314167,before_ekf,both,-8.153200337090994e-18,-2.273181642920008e-15,0.0886593045395937,0.009357035994397845,0.5021149752314167,1.8947820472971752e-06,-1.2101254496618343e-15,0.08985288875996858,0.007566175241096151,0.4700272549632852,nan,nan,nan,nan,0.0,nan,nan,nan,,0.06937987900164444,0.05836446000103024,0.046674933000758756,0.046674933000758756,0.0347687820030842,0.022266914002102567,nan,profile,1,1,2,2,9.27742886543274,0.7225711345672607,0.0,0.0,
1785159683.3092892,109.38018576600007,0.0,0.0,0.0,0.0,0.0,-8.153200337090994e-18,0.0,-2.273181642920008e-15,0.0886593045395937,0.009357035994397845,0.5021149752314167,before_ekf,both,-8.153200337090994e-18,-2.273181642920008e-15,0.0886593045395937,0.009357035994397845,0.5021149752314167,1.6260631718869633e-06,-1.2493605328656492e-15,0.08985288044771635,0.007566170775980762,0.4700272549632852,nan,nan,nan,nan,0.0,nan,nan,nan,,0.06870248099949094,0.05780428199796006,0.04641211099806242,0.04641211099806242,0.034499162997235544,0.02311700299833319,nan,profile,1,1,2,2,9.381261825561523,0.6187381744384766,0.0,0.0,
1785159683.4121616,109.48306459500236,0.0,0.0,0.0,0.0,0.0,-8.153200337090994e-18,0.0,-2.273181642920008e-15,0.0886593045395937,0.009357035994397845,0.5021149752314167,before_ekf,both,-8.153200337090994e-18,-2.273181642920008e-15,0.0886593045395937,0.009357035994397845,0.5021149752314167,1.6557124651085095e-06,-1.1851751309172068e-15,0.08985288969173325,0.007566175268152752,0.4700272549632852,nan,nan,nan,nan,0.0,nan,nan,nan,,0.06772697999986121,0.05684396300057415,0.045615228002134245,0.045615228002134245,0.033744856002158485,0.022282491001533344,nan,profile,1,1,2,2,9.483740091323853,0.5162599086761475,0.0,0.0,
1785159683.513921,109.58482346700112,0.0,0.0,0.0,0.0,0.0,-8.153200337090994e-18,0.0,-2.273181642920008e-15,0.0886593045395937,0.009357035994397845,0.5021149752314167,before_ekf,both,-8.153200337090994e-18,-2.273181642920008e-15,0.0886593045395937,0.009357035994397845,0.5021149752314167,1.5110174824222244e-06,-1.239486514203589e-15,0.08985288466524079,0.007566172624415882,0.4700272549632852,nan,nan,nan,nan,0.0,nan,nan,nan,,0.06758980700033135,0.05667741599972942,0.04487001999950735,0.04487001999950735,0.033538215000589844,0.022044450000976212,nan,profile,1,1,2,2,9.585495233535767,0.4145047664642334,0.0,0.0,
1785159683.6182263,109.68912792300034,0.0,0.0,0.0,0.0,0.0,-8.153200337090994e-18,0.0,-2.273181642920008e-15,0.0886593045395937,0.009357035994397845,0.5021149752314167,before_ekf,both,-8.153200337090994e-18,-2.273181642920008e-15,0.0886593045395937,0.009357035994397845,0.5021149752314167,1.4600617243823205e-06,-1.180099838152583e-15,0.0898528888382665,0.0075661745854986116,0.4700272549632852,nan,nan,nan,nan,0.0,nan,nan,nan,,0.06947380199926556,0.05868419800026459,0.04533285499928752,0.04533285499928752,0.033874392000143416,0.022622095999395242,nan,profile,1,1,2,2,9.689908981323242,0.3100910186767578,0.0,0.0,
1785159683.7236066,109.79450802500287,0.0,0.0,0.0,0.0,0.0,-8.153200337090994e-18,0.0,-2.273181642920008e-15,0.0886593045395937,0.009357035994397845,0.5021149752314167,before_ekf,both,-8.153200337090994e-18,-2.273181642920008e-15,0.0886593045395937,0.009357035994397845,0.5021149752314167,1.1797022721722938e-06,-1.273102583364566e-15,0.08985287716377782,0.007566168580216917,0.4700272549632852,nan,nan,nan,nan,0.0,nan,nan,nan,,0.0707930810021935,0.060014110000338405,0.046405393000895856,0.046405393000895856,0.03445337000084692,0.023040864001814043,nan,profile,1,1,2,2,9.795396327972412,0.2046036720275879,0.0,0.0,
1785159683.8311408,109.90203780700176,0.0,0.0,0.0,0.0,0.0,-8.153200337090994e-18,0.0,-2.273181642920008e-15,0.0886593045395937,0.009357035994397845,0.5021149752314167,before_ekf,both,-8.153200337090994e-18,-2.273181642920008e-15,0.0886593045395937,0.009357035994397845,0.5021149752314167,1.0529270551655082e-06,-1.2984426813234841e-15,0.08985287474107832,0.007566167228219432,0.4700272549632852,nan,nan,nan,nan,0.0,nan,nan,nan,,0.07020056400142494,0.057865522998326924,0.04609921500014025,0.04609921500014025,0.03410956999869086,0.02291498499835143,nan,profile,1,1,2,2,9.903003692626953,0.09699630737304688,0.0,0.0,
