timestamp_ros,time_sec,left_wheel_setpoint,left_wheel_actual,right_wheel_setpoint,right_wheel_actual,cmd_linear_x,actual_linear_x,cmd_angular_z,actual_angular_z,odom_x,odom_y,odom_yaw,odom_source,raw_actual_linear_x,raw_actual_angular_z,raw_odom_x,raw_odom_y,raw_odom_yaw,filtered_actual_linear_x,filtered_actual_angular_z,filtered_odom_x,filtered_odom_y,filtered_odom_yaw,map_x,map_y,map_yaw,imu_yaw,imu_angular_z,goal_x,goal_y,goal_yaw,nav_status,wheel_data_age_sec,cmd_vel_age_sec,odom_age_sec,raw_odom_age_sec,filtered_odom_age_sec,imu_age_sec,map_pose_age_sec,manual_mode,manual_repeat_index,manual_repeat_total,manual_step_index,manual_step_total,manual_step_elapsed_sec,manual_step_remaining_sec,manual_left_target_mps,manual_right_target_mps,note
1785152430.7651315,0.07576281900037429,0.0,0.0,0.0,0.0,0.0,0.0,0.0,0.0,0.0,0.0,0.0,before_ekf,0.0,0.0,0.0,0.0,0.0,0.0,0.0,0.0,0.0,0.0,nan,nan,nan,nan,nan,nan,nan,nan,,0.052133876000880264,0.04163503000017954,0.03126073500061466,0.03126073500061466,0.020740861000376754,nan,nan,profile,1,1,1,3,0.07633566856384277,4.923664331436157,-0.2,-0.2,
1785152430.848879,0.15951041399966925,-2.2222222222222223,0.0,-2.2222222222222223,0.0,-0.2,0.0,0.0,0.0,0.0,0.0,0.0,before_ekf,0.0,0.0,0.0,0.0,0.0,0.0,0.0,0.0,0.0,0.0,nan,nan,nan,nan,nan,nan,nan,nan,,0.051925567000580486,0.041646588000730844,0.031205195000438835,0.031205195000438835,0.02062042199941061,nan,nan,profile,1,1,1,3,0.15970706939697266,4.840292930603027,-0.2,-0.2,
1785152430.9317813,0.24241276599968842,-2.2222222222222223,0.0,-2.2222222222222223,0.0,-0.2,0.0,0.0,0.0,0.0,0.0,0.0,before_ekf,0.0,0.0,0.0,0.0,0.0,0.0,0.0,0.0,0.0,0.0,nan,nan,nan,nan,nan,nan,nan,nan,,0.051737788000536966,0.041482774999167304,0.03101615800005675,0.03101615800005675,0.0205784110003151,nan,nan,profile,1,1,1,3,0.24257230758666992,4.75742769241333,-0.2,-0.2,
1785152431.0043755,0.3150056569993467,-2.2222222222222223,0.0,-2.2222222222222223,0.0,-0.2,0.0,0.0,0.0,0.0,0.0,0.0,before_ekf,0.0,0.0,0.0,0.0,0.0,0.0,0.0,0.0,0.0,0.0,nan,nan,nan,nan,nan,nan,nan,nan,,0.05185304499900667,0.04148559699933685,0.031108729999687057,0.031108729999687057,0.02072507999946538,nan,nan,profile,1,1,1,3,0.31516051292419434,4.684839487075806,-0.2,-0.2,
1785152431.0765548,0.3871864489992731,-2.2222222222222223,0.0,-2.2222222222222223,0.0,-0.2,0.0,0.0,0.0,0.0,0.0,0.0,before_ekf,0.0,0.0,0.0,0.0,0.0,0.0,0.0,0.0,0.0,0.0,nan,nan,nan,nan,nan,nan,nan,nan,,0.04110071099967172,0.11366638899926329,0.030772553000133485,0.030772553000133485,0.02050073399914254,nan,nan,profile,1,1,1,3,0.38732171058654785,4.612678289413452,-0.2,-0.2,
1785152431.1499002,0.46053111699984584,-2.2222222222222223,0.0,-2.2222222222222223,0.0,-0.2,0.0,0.0,0.0,0.0,0.0,0.0,before_ekf,0.0,0.0,0.0,0.0,0.0,0.0,0.0,0.0,0.0,0.0,nan,nan,nan,nan,nan,nan,nan,nan,,0.042055736999827786,0.03167573000064294,0.0211581000003207,0.0211581000003207,0.09384540199971525,nan,nan,profile,1,1,1,3,0.4607555866241455,4.5392444133758545,-0.2,-0.2,
1785152431.233376,0.5440073419995315,-2.2222222222222223,0.0,-2.2222222222222223,0.0,-0.2,0.0,0.0,0.0,0.0,0.0,0.0,before_ekf,0.0,0.0,0.0,0.0,0.0,-0.01633835285840258,0.013910127881334593,-0.001372959418745663,-2.5179272557719085e-07,0.001014288848252054,nan,nan,nan,nan,nan,nan,nan,nan,,0.052005117999215145,0.041650896999271936,0.03115794199948141,0.03115794199948141,0.02077001699944958,nan,nan,profile,1,1,1,3,0.5441920757293701,4.45580792427063,-0.2,-0.2,
1785152431.3060682,0.6166984400006186,-2.2222222222222223,0.0,-2.2222222222222223,0.0,-0.2,0.0,0.0,0.0,0.0,0.0,0.0,before_ekf,0.0,0.0,0.0,0.0,0.0,-0.027457210372621048,0.017534372615388153,-0.0031247875721862658,-1.7170531132807386e-06,0.002129848623047881,nan,nan,nan,nan,nan,nan,nan,nan,,0.05172532600045088,0.04143720200045209,0.031007067000246025,0.031007067000246025,0.02066988600017794,nan,nan,profile,1,1,1,3,0.6171493530273438,4.382850646972656,-0.2,-0.2,
1785152431.3792856,0.6899169179996534,-2.2222222222222223,0.0,-2.2222222222222223,0.0,-0.2,0.0,0.0,0.0,0.0,0.0,0.0,before_ekf,0.0,0.0,0.0,0.0,0.0,-0.04434064193718572,0.01925123627147766,-0.005974951206759247,-6.605018252984757e-06,0.003387865749731489,nan,nan,nan,nan,nan,nan,nan,nan,,0.04116713300027186,0.11465567999948689,0.030828094999378663,0.030828094999378663,0.02052112599994871,nan,nan,profile,1,1,1,3,0.690068244934082,4.309931755065918,-0.2,-0.2,
1785152431.4618137,0.7724447759992472,-2.2222222222222223,0.0,-2.2222222222222223,0.0,-0.2,0.0,0.0,0.0,0.0,0.0,0.0,before_ekf,0.0,0.0,0.0,0.0,0.0,-0.06787689091615401,0.020034665522047527,-0.010361734276755954,-1.8853033297261406e-05,0.004714346504731904,nan,nan,nan,nan,nan,nan,nan,nan,,0.05153375999907439,0.04131248599878745,0.03092793199903099,0.03092793199903099,0.020606826999937766,nan,nan,profile,1,1,1,3,0.7726080417633057,4.227391958236694,-0.2,-0.2,
1785152431.5443447,0.8549752910003008,-2.2222222222222223,0.0,-2.2222222222222223,0.0,-0.2,0.0,0.0,0.0,0.0,0.0,0.0,before_ekf,0.0,0.0,0.0,0.0,0.0,-0.09421270193147223,0.013566424527273089,-0.01646702357439877,-4.271557057418718e-05,0.0056986695025527095,nan,nan,nan,nan,nan,nan,nan,nan,,0.05153743700066116,0.0412814770006662,0.030851400000756257,0.030851400000756257,0.02054855200003658,nan,nan,profile,1,1,1,3,0.8551435470581055,4.1448564529418945,-0.2,-0.2,
1785152431.6272926,0.9379236959994159,-2.2222222222222223,0.0,-2.2222222222222223,0.0,-0.2,0.0,0.0,0.0,0.0,0.0,0.0,before_ekf,0.0,0.0,0.0,0.0,0.0,-0.12137910113108723,0.003853390765012777,-0.024349769511487696,-8.096326152922277e-05,0.006072634599257221,nan,nan,nan,nan,nan,nan,nan,nan,,0.05188220600030036,0.041559817998859216,0.031185943000309635,0.031185943000309635,0.02074444699974265,nan,nan,profile,1,1,1,3,0.9381213188171387,4.061878681182861,-0.2,-0.2,
1785152431.6997936,1.0104243030000362,-2.2222222222222223,0.0,-2.2222222222222223,0.0,-0.2,0.0,0.0,0.0,0.0,0.0,0.0,before_ekf,0.0,0.0,0.0,0.0,0.0,-0.15213252008422976,0.001737945212302521,-0.034241063713435056,-0.00013543516309960277,0.006213813383836974,nan,nan,nan,nan,nan,nan,nan,nan,,0.051482576000125846,0.041273066999565344,0.03097823600000993,0.03097823600000993,0.02069445400047698,nan,nan,profile,1,1,1,3,1.0106585025787354,3.9893414974212646,-0.2,-0.2,
1785152431.7734592,1.0840897119996953,-2.2222222222222223,0.0,-2.2222222222222223,0.0,-0.2,0.0,0.0,0.0,0.0,0.0,0.0,before_ekf,0.0,0.0,0.0,0.0,0.0,-0.1940453199175898,0.0031971238142452594,-0.05202255336144296,-0.0002405723032525288,0.006467800588595196,nan,nan,nan,nan,nan,nan,nan,nan,,0.04216444899975613,0.11493847599922447,0.03163121299985505,0.03163121299985505,0.02113056899906951,nan,nan,profile,1,1,1,3,1.0843784809112549,3.915621519088745,-0.2,-0.2,
1785152431.8572574,1.16788826300035,-2.2222222222222223,0.0,-2.2222222222222223,0.0,-0.2,0.0,0.0,0.0,0.0,0.0,0.0,before_ekf,0.0,0.0,0.0,0.0,0.0,-0.22437826522158105,0.009068532203589427,-0.07368380950668145,-0.0003832993480499165,0.007220184922660522,nan,nan,nan,nan,nan,nan,nan,nan,,0.05224455500137992,0.0420265049997397,0.03160396900057094,0.03160396900057094,0.0208180400004494,nan,nan,profile,1,1,1,3,1.168137550354004,3.831862449645996,-0.2,-0.2,
1785152431.9409478,1.2515789270000823,-2.2222222222222223,0.0,-2.2222222222222223,0.0,-0.2,0.0,0.0,0.0,0.0,0.0,0.0,before_ekf,0.0,0.0,0.0,0.0,0.0,-0.23206842343223585,0.008615703734822299,-0.09646407443905769,-0.0005482470188323776,0.008104260968553767,nan,nan,nan,nan,nan,nan,nan,nan,,0.05201780599963968,0.041734853000889416,0.03100567200090154,0.03100567200090154,0.020589551000739448,nan,nan,profile,1,1,1,3,1.2517356872558594,3.7482643127441406,-0.2,-0.2,
1785152432.0246294,1.3352606400003424,-2.2222222222222223,0.0,-2.2222222222222223,0.0,-0.2,0.0,0.0,0.0,0.0,0.0,0.0,before_ekf,0.0,0.0,0.0,0.0,0.0,-0.22968126557200355,0.004481079434793541,-0.11909340333381081,-0.0007360694854227575,0.008730661943186835,nan,nan,nan,nan,nan,nan,nan,nan,,0.05274432800069917,0.04219242300132464,0.03186226300022099,0.03186226300022099,0.020936347000315436,nan,nan,profile,1,1,1,3,1.335442066192627,3.664557933807373,-0.2,-0.2,
1785152432.0976691,1.4083002589995886,-2.2222222222222223,0.0,-2.2222222222222223,0.0,-0.2,0.0,0.0,0.0,0.0,0.0,0.0,before_ekf,0.0,0.0,0.0,0.0,0.0,-0.22674796854094315,-0.004499678907557686,-0.1340385746108929,-0.0008630021101895464,0.008575301876816432,nan,nan,nan,nan,nan,nan,nan,nan,,0.05196158400030981,0.041727771998921526,0.03140706699923612,0.03140706699923612,0.020608974000424496,nan,nan,profile,1,1,1,3,1.4084737300872803,3.5915262699127197,-0.2,-0.2,
1785152432.1702974,1.480928982999103,-2.2222222222222223,0.0,-2.2222222222222223,0.0,-0.2,0.0,0.0,0.0,0.0,0.0,0.0,before_ekf,0.0,0.0,0.0,0.0,0.0,-0.22198573607259847,-0.025939985359371216,-0.16364224193219554,-0.0010975578658934842,0.006339094812382041,nan,nan,nan,nan,nan,nan,nan,nan,,0.04134809300012421,0.114356495998436,0.03093661699858785,0.03093661699858785,0.020609021999916877,nan,nan,profile,1,1,1,3,1.4810798168182373,3.5189201831817627,-0.2,-0.2,
1785152432.2534637,1.5640949400003592,-2.2222222222222223,0.0,-2.2222222222222223,0.0,-0.2,0.0,0.0,0.0,0.0,0.0,0.0,before_ekf,0.0,0.0,0.0,0.0,0.0,-0.2224635656377587,-0.03195692585382633,-0.178282505007758,-0.0011871352855917926,0.004303905492798687,nan,nan,nan,nan,nan,nan,nan,nan,,0.05211042900009488,0.04186535600092611,0.031383179000840755,0.031383179000840755,0.020987519001209876,nan,nan,profile,1,1,1,3,1.5642459392547607,3.4357540607452393,-0.2,-0.2,
1785152432.3265672,1.6371983549997822,-2.2222222222222223,0.0,-2.2222222222222223,0.0,-0.2,0.0,0.0,0.0,0.0,0.0,0.0,before_ekf,0.0,0.0,0.0,0.0,0.0,-0.2224635656377587,-0.03195692585382633,-0.178282505007758,-0.0011871352855917926,0.004303905492798687,nan,nan,nan,nan,nan,nan,nan,nan,,0.04175190299974929,0.031450717000552686,0.020932363000611076,0.020932363000611076,0.09409093400063284,nan,nan,profile,1,1,1,3,1.6374962329864502,3.36250376701355,-0.2,-0.2,
1785152432.39957,1.7102013570001873,-2.2222222222222223,0.0,-2.2222222222222223,0.0,-0.2,0.0,0.0,0.0,0.0,0.0,0.0,before_ekf,0.0,0.0,0.0,0.0,0.0,-0.21819309411506288,-0.030836802312995636,-0.20733496453822964,-0.0012897517476280146,8.655146475211593e-05,nan,nan,nan,nan,nan,nan,nan,nan,,0.05180989700056671,0.04145312000036938,0.031012440000267816,0.031012440000267816,0.02068182000039087,nan,nan,profile,1,1,1,3,1.7103617191314697,3.2896382808685303,-0.2,-0.2,
1785152432.4614859,1.7721174729995255,-2.2222222222222223,0.0,-2.2222222222222223,0.0,-0.2,0.0,0.0,0.0,0.0,0.0,0.0,before_ekf,0.0,0.0,0.0,0.0,0.0,-0.21819309411506288,-0.030836802312995636,-0.20733496453822964,-0.0012897517476280146,8.655146475211593e-05,nan,nan,nan,nan,nan,nan,nan,nan,,0.030964517000029446,0.1033692359997076,0.020598781999069615,0.020598781999069615,0.08259793599972909,nan,nan,profile,1,1,1,3,1.77225661277771,3.22774338722229,-0.2,-0.2,
1785152432.5443184,1.8549501039997267,-2.2222222222222223,0.0,-2.2222222222222223,0.0,-0.2,0.0,0.0,0.0,0.0,0.0,0.0,before_ekf,0.0,0.0,0.0,0.0,0.0,-0.21430727335939648,-0.024765669500225546,-0.22882591741131147,-0.001293959255772264,-0.0026893462322568062,nan,nan,nan,nan,nan,nan,nan,nan,,0.05173396300051536,0.0413428739993833,0.030865029999404214,0.030865029999404214,0.02053687599982368,nan,nan,profile,1,1,1,3,1.8551018238067627,3.1448981761932373,-0.2,-0.2,
1785152432.6269217,1.9375525929990545,-2.2222222222222223,0.0,-2.2222222222222223,0.0,-0.2,0.0,0.0,0.0,0.0,0.0,0.0,before_ekf,0.0,0.0,0.0,0.0,0.0,-0.20971578902805446,-0.019668740720973396,-0.24964054837923547,-0.0012280169239190833,-0.004808619581754938,nan,nan,nan,nan,nan,nan,nan,nan,,0.05151794599987625,0.04129541699876427,0.031016697999803,0.031016697999803,0.020689646999016986,nan,nan,profile,1,1,1,3,1.937713623046875,3.062286376953125,-0.2,-0.2,
1785152432.700209,2.0108396699997684,-2.2222222222222223,-0.5239260879432197,-2.2222222222222223,0.0,-0.2,0.0,0.0,0.0,0.0,0.0,0.0,before_ekf,0.0,0.0,0.0,0.0,0.0,-0.20921864139752597,-0.018013028409516452,-0.26344502330692754,-0.001161364622377921,-0.006032976767242903,nan,nan,nan,nan,nan,nan,nan,nan,,0.05255106599906867,0.0423042649999843,0.031767512000442366,0.031767512000442366,0.021335475999876508,nan,nan,profile,1,1,1,3,2.011051654815674,2.988948345184326,-0.2,-0.2,
1785152432.7733078,2.0839387840005656,-2.2222222222222223,-0.5239645604976279,-2.2222222222222223,-0.5239645604976279,-0.2,0.0,0.0,0.0,0.0,0.0,0.0,before_ekf,0.0,0.0,0.0,0.0,0.0,-0.20576958273304535,-0.01226507390515931,-0.29088415909347654,-0.0009856186843198275,-0.007937604839182821,nan,nan,nan,nan,nan,nan,nan,nan,,0.041526500001054956,0.11540337900078157,0.031068234000485973,0.031068234000485973,0.020711705001303926,nan,nan,profile,1,1,1,3,2.084151268005371,2.915848731994629,-0.2,-0.2,
1785152432.8473606,2.1579920429994672,-2.2222222222222223,-0.7884904098926365,-2.2222222222222223,-0.7884904098926365,-0.2,0.0,0.0,0.0,0.0,0.0,0.0,before_ekf,0.0,0.0,0.0,0.0,0.0,-0.20576958273304535,-0.01226507390515931,-0.29088415909347654,-0.0009856186843198275,-0.007937604839182821,nan,nan,nan,nan,nan,nan,nan,nan,,0.042654237999158795,0.03180131400040409,0.021371835999161704,0.021371835999161704,0.09476496400020551,nan,nan,profile,1,1,1,3,2.158139228820801,2.841860771179199,-0.2,-0.2,
1785152432.9319174,2.242548590000297,-2.2222222222222223,-1.3101133652010368,-2.2222222222222223,-1.3101133652010368,-0.2,0.0,0.0,0.0,0.0,0.0,0.0,before_ekf,0.0,0.0,0.0,0.0,0.0,-0.20138717726230457,0.0007020155949072882,-0.3178721124097694,-0.0007702449986743474,-0.008580136396318938,nan,nan,nan,nan,nan,nan,nan,nan,,0.05300767399967299,0.042141380999964895,0.03143815000112227,0.03143815000112227,0.020877779001239105,nan,nan,profile,1,1,1,3,2.242753267288208,2.757246732711792,-0.2,-0.2,
1785152433.0047123,2.3153437620003388,-2.2222222222222223,-1.8267726211160717,-2.2222222222222223,-1.8267726211160717,-0.2,0.0,0.0,0.0,0.0,0.0,0.0,before_ekf,0.0,0.0,0.0,0.0,0.0,-0.2006746326141617,0.006952477293026848,-0.3311278250519363,-0.0006587390824704268,-0.008216940568990694,nan,nan,nan,nan,nan,nan,nan,nan,,0.051712504000533954,0.04144025200002943,0.030993631000455935,0.030993631000455935,0.02067701000123634,nan,nan,profile,1,1,1,3,2.315500020980835,2.684499979019165,-0.2,-0.2,
1785152433.0666566,2.377287842999067,-2.2222222222222223,-2.351263350156496,-2.2222222222222223,-2.351263350156496,-0.2,0.0,0.0,0.0,0.0,0.0,0.0,before_ekf,0.0,0.0,0.0,0.0,0.0,-0.2006746326141617,0.006952477293026848,-0.3311278250519363,-0.0006587390824704268,-0.008216940568990694,nan,nan,nan,nan,nan,nan,nan,nan,,0.0309174689991778,0.1033843329987576,0.02059187599843426,0.02059187599843426,0.08262109099996451,nan,nan,profile,1,1,1,3,2.3774337768554688,2.6225662231445312,-0.2,-0.2,
1785152433.1499429,2.4605741089999356,-2.2222222222222223,-2.3564208008460583,-2.2222222222222223,-2.3564208008460583,-0.2,0.0,0.0,0.0,0.0,0.0,0.0,before_ekf,0.0,0.0,0.0,0.0,0.0,-0.20038721783735147,0.01025360740142718,-0.35112141739802766,-0.0004949156721691137,-0.0073483072735385235,nan,nan,nan,nan,nan,nan,nan,nan,,0.052223171000150614,0.04202044399971783,0.03165934500066214,0.03165934500066214,0.021126879000803456,nan,nan,profile,1,1,1,3,2.46073055267334,2.53926944732666,-0.2,-0.2,
1785152433.2329836,2.5436151459998655,-2.2222222222222223,-2.8770898083522254,-2.2222222222222223,-2.615536189411114,-0.2,0.0,0.0,0.0,0.0,0.0,0.0,before_ekf,0.0,0.0,0.0,0.0,0.0,-0.19889330968632538,0.015036951841814541,-0.3708744858964003,-0.0003571379017220717,-0.005936379012002389,nan,nan,nan,nan,nan,nan,nan,nan,,0.051477459999659914,0.04117989100086561,0.03082519199961098,0.03082519199961098,0.020511257000180194,nan,nan,profile,1,1,1,3,2.5437803268432617,2.4562196731567383,-0.2,-0.2,
1785152433.3052788,2.615908578000017,-2.2222222222222223,-2.8815157206278057,-2.2222222222222223,-2.619559746025278,-0.2,0.0,0.0,0.0,0.0,0.0,0.0,before_ekf,0.0,0.0,0.0,0.0,0.0,-0.20068207178630834,0.015808091077230572,-0.3841681028304339,-0.00027853312555393435,-0.004895034391904308,nan,nan,nan,nan,nan,nan,nan,nan,,0.0515597430003254,0.041315423000924056,0.030924844000765006,0.030924844000765006,0.020571704999383655,nan,nan,profile,1,1,1,3,2.6161117553710938,2.3838882446289062,-0.2,-0.2,
1785152433.3777297,2.6883598580006947,-2.2222222222222223,-2.363055266700921,-2.2222222222222223,-2.363055266700921,-0.2,0.0,0.0,0.0,0.0,0.0,0.0,before_ekf,0.0,0.0,0.0,0.0,0.0,-0.20120698552772018,0.01621705679374588,-0.4042061280873285,-0.0001802537312546437,-0.0032937279736677816,nan,nan,nan,nan,nan,nan,nan,nan,,0.04125733300134016,0.11376670300160185,0.03088070100056939,0.03088070100056939,0.020550959001411684,nan,nan,profile,1,1,1,3,2.688553810119629,2.311446189880371,-0.2,-0.2,
1785152433.4603817,2.7710131740004726,-2.2222222222222223,-2.355884597132438,-2.2222222222222223,-2.6176495523693752,-0.2,0.0,0.0,0.0,0.0,0.0,0.0,before_ekf,0.0,0.0,0.0,0.0,0.0,-0.20034379226378,0.014048900888125694,-0.41749999482599337,-0.00013496624746534973,-0.002334415620342423,nan,nan,nan,nan,nan,nan,nan,nan,,0.05159192700011772,0.041379301001143176,0.031014569000035408,0.031014569000035408,0.020684971999799018,nan,nan,profile,1,1,1,3,2.7712368965148926,2.2287631034851074,-0.2,-0.2,
1785152433.5441542,2.8547853130003205,-2.2222222222222223,-2.3555970872150565,-2.2222222222222223,-2.617330096905618,-0.2,0.0,0.0,0.0,0.0,0.0,0.0,before_ekf,0.0,0.0,0.0,0.0,0.0,-0.20099020554500063,0.010852368405595067,-0.43084394767000794,-0.00010178485240847494,-0.0015767199030900514,nan,nan,nan,nan,nan,nan,nan,nan,,0.05223070600004576,0.04188127300039923,0.0313285749998613,0.0313285749998613,0.020798303001356544,nan,nan,profile,1,1,1,3,2.855038642883301,2.144961357116699,-0.2,-0.2,
1785152433.6282113,2.9388406750003924,-2.2222222222222223,-2.3541787246593553,-2.2222222222222223,-2.6157541385103946,-0.2,0.0,0.0,0.0,0.0,0.0,0.0,before_ekf,0.0,0.0,0.0,0.0,0.0,-0.2008983828625642,0.008874563370147751,-0.45085493260243387,-7.332846990611775e-05,-0.0006473993377000832,nan,nan,nan,nan,nan,nan,nan,nan,,0.0527987170007691,0.042334786001447355,0.031966832000762224,0.031966832000762224,0.020898557000691653,nan,nan,profile,1,1,1,3,2.9391226768493652,2.0608773231506348,-0.2,-0.2,
1785152433.7010334,3.011664887000734,-2.2222222222222223,-2.357996825065584,-2.2222222222222223,-2.6199964722950932,-0.2,0.0,0.0,0.0,0.0,0.0,0.0,before_ekf,0.0,0.0,0.0,0.0,0.0,-0.2010671901635018,0.008493214923342004,-0.4708825320883295,-6.021463715319638e-05,0.00021944970208043202,nan,nan,nan,nan,nan,nan,nan,nan,,0.051800826000544475,0.041620027001044946,0.031292076000681845,0.031292076000681845,0.021004976000767783,nan,nan,profile,1,1,1,3,3.0118629932403564,1.9881370067596436,-0.2,-0.2,
1785152433.7742758,3.0849072210003214,-2.2222222222222223,-2.3654159459869777,-2.2222222222222223,-2.6282399399855305,-0.2,0.0,0.0,0.0,0.0,0.0,0.0,before_ekf,0.0,0.0,0.0,0.0,0.0,-0.20161772260606647,0.00633763120134625,-0.4909198390708628,-6.720673370672155e-05,0.0009447440659378081,nan,nan,nan,nan,nan,nan,nan,nan,,0.04168392999963544,0.11486236100063252,0.031192432001262205,0.031192432001262205,0.020704103000753094,nan,nan,profile,1,1,1,3,3.0851118564605713,1.9148881435394287,-0.2,-0.2,
1785152433.8467422,3.1573736840000493,-2.2222222222222223,-2.3577346331867814,-2.2222222222222223,-2.3577346331867814,-0.2,0.0,0.0,0.0,0.0,0.0,0.0,before_ekf,0.0,0.0,0.0,0.0,0.0,-0.20161772260606647,0.00633763120134625,-0.4909198390708628,-6.720673370672155e-05,0.0009447440659378081,nan,nan,nan,nan,nan,nan,nan,nan,,0.041167216000758344,0.030944731001000036,0.02057461799995508,0.02057461799995508,0.0931705660004809,nan,nan,profile,1,1,1,3,3.1575608253479004,1.8424391746520996,-0.2,-0.2,
1785152433.9296634,3.240294516999711,-2.2222222222222223,-2.3547318720373474,-2.2222222222222223,-2.3547318720373474,-0.2,0.0,0.0,0.0,0.0,0.0,0.0,before_ekf,0.0,0.0,0.0,0.0,0.0,-0.1999514006774147,0.0045785159792628306,-0.5175762076850402,-9.556833981771396e-05,0.0016560060184915852,nan,nan,nan,nan,nan,nan,nan,nan,,0.051830116999553866,0.04158094699960202,0.031227477998982067,0.031227477998982067,0.02077104199997848,nan,nan,profile,1,1,1,3,3.2405190467834473,1.7594809532165527,-0.2,-0.2,
1785152434.0025053,3.3131365760000335,-2.2222222222222223,-2.0962212255138017,-2.2222222222222223,-2.3582488787030274,-0.2,0.0,0.0,0.0,0.0,0.0,0.0,before_ekf,0.0,0.0,0.0,0.0,0.0,-0.19973735928101372,0.004323798448101342,-0.5308727487805636,-0.00011761694259548069,0.001948984998907388,nan,nan,nan,nan,nan,nan,nan,nan,,0.05161180799950671,0.04137679300038144,0.030970298999818624,0.030970298999818624,0.020608868000635994,nan,nan,profile,1,1,1,3,3.3133320808410645,1.6866679191589355,-0.2,-0.2,
1785152434.0759206,3.3865504440000223,-2.2222222222222223,-2.3586167896353003,-2.2222222222222223,-2.3586167896353003,-0.2,0.0,0.0,0.0,0.0,0.0,0.0,before_ekf,0.0,0.0,0.0,0.0,0.0,-0.19878300468213148,0.0019491218135024827,-0.544095031385388,-0.0001423530359298899,0.0021138716736848195,nan,nan,nan,nan,nan,nan,nan,nan,,0.042025595999803045,0.11479066100037016,0.031534228000964504,0.031534228000964504,0.020998825999413384,nan,nan,profile,1,1,1,3,3.3868720531463623,1.6131279468536377,-0.2,-0.2,
1785152434.1595416,3.4701724000005925,-2.2222222222222223,-2.3561640485528375,-2.2222222222222223,-2.3561640485528375,-0.2,0.0,0.0,0.0,0.0,0.0,0.0,before_ekf,0.0,0.0,0.0,0.0,0.0,-0.1985921402783709,0.000870520908808653,-0.557260399586174,-0.00016974439223220385,0.0021858526281888224,nan,nan,nan,nan,nan,nan,nan,nan,,0.05191575500066392,0.04160654000042996,0.031152053999903728,0.031152053999903728,0.020696867000879138,nan,nan,profile,1,1,1,3,3.4704179763793945,1.5295820236206055,-0.2,-0.2,
1785152434.2423072,3.55293845199958,-2.2222222222222223,-2.355719812650096,-2.2222222222222223,-2.355719812650096,-0.2,0.0,0.0,0.0,0.0,0.0,0.0,before_ekf,0.0,0.0,0.0,0.0,0.0,-0.19931636147397885,-0.0018887682509107612,-0.5705034393118963,-0.00019717951915024446,0.0020944036933685517,nan,nan,nan,nan,nan,nan,nan,nan,,0.0515270670002792,0.04121858699909353,0.030870917998981895,0.030870917998981895,0.020526045000224258,nan,nan,profile,1,1,1,3,3.5531201362609863,1.4468798637390137,-0.2,-0.2,
1785152434.3255026,3.636134137999761,-2.2222222222222223,-2.3564921387143856,-2.2222222222222223,-2.094659678857232,-0.2,-0.012943390171730948,0.0,0.012420253208240462,-0.004319677113164522,-7.841760797874774e-06,0.004131500070475793,before_ekf,-0.012943390171730948,0.012420253208240462,-0.004319677113164522,-7.841760797874774e-06,0.004131500070475793,-0.19868325869171116,-0.0054104943540728544,-0.5837220724130047,-0.00022298270068153196,0.0017763161627830648,nan,nan,nan,nan,nan,nan,nan,nan,,0.05196655899999314,0.041721030000189785,0.03133617999992566,0.03133617999992566,0.02091747899976326,nan,nan,profile,1,1,1,3,3.6363308429718018,1.3636691570281982,-0.2,-0.2,
1785152434.3988037,3.7094350080005825,-2.2222222222222223,-2.356240460443728,-2.2222222222222223,-2.0944359648388695,-0.2,-0.02000970598095601,0.0,0.020680602508871777,-0.00667583510882693,-2.08211813202501e-05,0.006885833450792986,before_ekf,-0.02000970598095601,0.020680602508871777,-0.00667583510882693,-2.08211813202501e-05,0.006885833450792986,-0.1985471449664472,-0.006987924850826916,-0.5969155679338575,-0.00024558509441522644,0.0013294721331251758,nan,nan,nan,nan,nan,nan,nan,nan,,0.05162847300016438,0.04135224900164758,0.03096648500104493,0.03096648500104493,0.020632859001125325,nan,nan,profile,1,1,1,3,3.709620952606201,1.2903790473937988,-0.2,-0.2,
1785152434.4710448,3.781675570000516,-2.2222222222222223,-2.0849278827126523,-2.2222222222222223,-2.0849278827126523,-0.2,-0.0317895252229242,0.0,0.020680602508871784,-0.010602732827631738,-4.786157236228708e-05,0.00688583345079299,before_ekf,-0.0317895252229242,0.020680602508871784,-0.010602732827631738,-4.786157236228708e-05,0.00688583345079299,-0.1993446600667577,-0.005421630638838356,-0.6101699814785922,-0.00026415747507325184,0.0009493252502039695,nan,nan,nan,nan,nan,nan,nan,nan,,0.04119503100082511,0.11359281100158114,0.03088590300103533,0.03088590300103533,0.020564987000398105,nan,nan,profile,1,1,1,3,3.7818334102630615,1.2181665897369385,-0.2,-0.2,
1785152434.553817,3.8644474070006254,-2.2222222222222223,-2.357090231622166,-2.2222222222222223,-2.095191316997481,-0.2,-0.05065723941141899,0.0,0.020680602508871784,-0.01688576917771943,-9.112619802954625e-05,0.00688583345079299,before_ekf,-0.05065723941141899,0.020680602508871784,-0.01688576917771943,-9.112619802954625e-05,0.00688583345079299,-0.19872663294033363,-0.006385871751449862,-0.6366609505295977,-0.0002854876280327557,0.00019632945741632213,nan,nan,nan,nan,nan,nan,nan,nan,,0.05157242000132101,0.041326620001200354,0.030963754001277266,0.030963754001277266,0.020615454001017497,nan,nan,profile,1,1,1,3,3.864640951156616,1.1353590488433838,-0.2,-0.2,
1785152434.6366482,3.947279358999367,-2.2222222222222223,-2.356185890113846,-2.2222222222222223,-2.0943874578789745,-0.2,-0.10365224242127254,0.0,0.008241887984283588,-0.03691297361103723,-0.000224976185613482,0.00550866676063439,before_ekf,-0.10365224242127254,0.008241887984283588,-0.03691297361103723,-0.000224976185613482,0.00550866676063439,-0.19931976766012477,-0.005170487959979795,-0.6499126957859647,-0.00028879847429320296,-0.00016603702344664123,nan,nan,nan,nan,nan,nan,nan,nan,,0.051732418998653884,0.04151748000003863,0.031088698999155895,0.031088698999155895,0.02069422400018084,nan,nan,profile,1,1,1,3,3.9475529193878174,1.0524470806121826,-0.2,-0.2,
1785152434.7201178,4.030749147999813,-2.2222222222222223,-2.357298931887913,-2.2222222222222223,-2.0953768283448118,-0.2,-0.13076583744808454,0.0,-0.0041398541921327,-0.050264539806860714,-0.000298526258489356,0.005508666760634402,before_ekf,-0.13076583744808454,-0.0041398541921327,-0.050264539806860714,-0.000298526258489356,0.005508666760634402,-0.19974831533861567,-0.005594472655786547,-0.6765203817166255,-0.0002800753394088162,-0.0009359360107659143,nan,nan,nan,nan,nan,nan,nan,nan,,0.051845595000486355,0.041564866000044276,0.03118722900035209,0.03118722900035209,0.020782458999747178,nan,nan,profile,1,1,1,3,4.030917644500732,0.9690823554992676,-0.2,-0.2,
1785152434.7929094,4.103539268000532,-2.2222222222222223,-2.361587221845173,-2.2222222222222223,-2.361587221845173,-0.2,-0.16256110117194794,0.0,-2.461180694523363e-06,-0.06479409438516198,-0.00039343809681965274,0.006885833450792999,before_ekf,-0.16256110117194794,-2.461180694523363e-06,-0.06479409438516198,-0.00039343809681965274,0.006885833450792999,-0.19954909073840138,-0.0047851675663266,-0.6897810318067669,-0.0002680836823843654,-0.0012667699392814313,nan,nan,nan,nan,nan,nan,nan,nan,,0.051832770001055906,0.04159066600004735,0.031239662001098623,0.031239662001098623,0.020925677999912295,nan,nan,profile,1,1,1,3,4.103763103485107,0.8962368965148926,-0.2,-0.2,
1785152434.866885,4.177516268000545,-2.2222222222222223,-2.0966910000051113,-2.2222222222222223,-2.35877737500575,-0.2,-0.20369922475739705,0.0,0.004138669232754235,-0.08874804683616364,-0.0005748787864642152,0.00826300014095161,before_ekf,-0.20369922475739705,0.004138669232754235,-0.08874804683616364,-0.0005748787864642152,0.00826300014095161,-0.19946689610769835,-0.004413666712912356,-0.7030723103801861,-0.00025141248525781934,-0.0015667213767085464,nan,nan,nan,nan,nan,nan,nan,nan,,0.042192668001007405,0.11556766600006085,0.031550609000987606,0.031550609000987606,0.02059025400012615,nan,nan,profile,1,1,1,3,4.177656888961792,0.822343111038208,-0.2,-0.2,
1785152434.9400427,4.2506742240002495,-2.2222222222222223,-2.094362011473414,-2.2222222222222223,-2.356157262907591,-0.2,-0.22151715025682286,0.0,0.008301826459360227,-0.1048480131861081,-0.0007244111661865447,0.009640166831110217,before_ekf,-0.22151715025682286,0.008301826459360227,-0.1048480131861081,-0.0007244111661865447,0.009640166831110217,-0.19946689610769835,-0.004413666712912356,-0.7030723103801861,-0.00025141248525781934,-0.0015667213767085464,nan,nan,nan,nan,nan,nan,nan,nan,,0.04151942300086375,0.031086742001207313,0.02058318200033682,0.02058318200033682,0.09374820999983058,nan,nan,profile,1,1,1,3,4.250834226608276,0.7491657733917236,-0.2,-0.2,
1785152435.0229895,4.333619945000464,-2.2222222222222223,-2.094403040180718,-2.2222222222222223,-2.094403040180718,-0.2,-0.22740568026822955,0.0,0.012441680651492981,-0.11270162987659176,-0.000800123686717523,0.009640166831110217,before_ekf,-0.22740568026822955,0.012441680651492981,-0.11270162987659176,-0.000800123686717523,0.009640166831110217,-0.20118536230126488,-0.002877410203754562,-0.7297475352547784,-0.00020848166564005,-0.001985387598450128,nan,nan,nan,nan,nan,nan,nan,nan,,0.05163815900050395,0.041396677001102944,0.030994833001386723,0.030994833001386723,0.020697560999906273,nan,nan,profile,1,1,1,3,4.333818674087524,0.6661813259124756,-0.2,-0.2,
1785152435.0955446,4.40617597200071,-2.2222222222222223,-2.3558867878189877,-2.2222222222222223,-2.094121589172434,-0.2,-0.22857459822100284,0.0,0.008308029376376235,-0.14882816288073536,-0.0011586761864030334,0.009640166831110217,before_ekf,-0.22857459822100284,0.008308029376376235,-0.14882816288073536,-0.0011586761864030334,0.009640166831110217,-0.20084712754934309,-0.0013480215794472424,-0.7431193950255606,-0.00018273477388107938,-0.002098155548815761,nan,nan,nan,nan,nan,nan,nan,nan,,0.05156895700019959,0.04132809700058715,0.03090698699998029,0.03090698699998029,0.020573930001773988,nan,nan,profile,1,1,1,3,4.4063944816589355,0.5936055183410645,-0.2,-0.2,
1785152435.1679053,4.478535465999812,-2.2222222222222223,-2.355777894429494,-2.2222222222222223,-2.355777894429494,-0.2,-0.22616940599121543,0.0,3.379858999270208e-05,-0.15628914590596182,-0.0012254655828142582,0.008263000140951658,before_ekf,-0.22616940599121543,3.379858999270208e-05,-0.15628914590596182,-0.0012254655828142582,0.008263000140951658,-0.20061286080498314,-0.0002825969110193849,-0.7698459138279272,-0.0001265422734293503,-0.0021938132275178823,nan,nan,nan,nan,nan,nan,nan,nan,,0.04122212299989769,0.11368759099968884,0.03086427900052513,0.03086427900052513,0.0205879780005489,nan,nan,profile,1,1,1,3,4.478774785995483,0.5212252140045166,-0.2,-0.2,
1785152435.2409418,4.551573108999946,-2.2222222222222223,-2.3526531825158945,-2.2222222222222223,-2.091247273347462,-0.2,-0.22260782969977116,0.0,-0.012392136549124074,-0.17121135252053915,-0.0013282190362938538,0.00550866676063444,before_ekf,-0.22260782969977116,-0.012392136549124074,-0.17121135252053915,-0.0013282190362938538,0.00550866676063444,-0.20061286080498314,-0.0002825969110193849,-0.7698459138279272,-0.0001265422734293503,-0.0021938132275178823,nan,nan,nan,nan,nan,nan,nan,nan,,0.04146642500018061,0.031124868999540922,0.02069170499999018,0.02069170499999018,0.09362562100068317,nan,nan,profile,1,1,1,3,4.5517683029174805,0.44823169708251953,-0.2,-0.2,
1785152435.3245165,4.635147838000194,-2.2222222222222223,-2.3548288778295143,-2.2222222222222223,-2.093181224737346,-0.2,-0.22022552382639593,0.0,-0.028907954953347463,-0.1932024196655813,-0.0013779736436896368,1.48318857196017e-16,before_ekf,-0.22022552382639593,-0.028907954953347463,-0.1932024196655813,-0.0013779736436896368,1.48318857196017e-16,-0.1997490610587914,-0.00258341952807008,-0.7898525291995141,-8.125702005465044e-05,-0.002338925732408903,nan,nan,nan,nan,nan,nan,nan,nan,,0.052252916000725236,0.04184196599999268,0.03119367900035286,0.03119367900035286,0.02065246600068349,nan,nan,profile,1,1,1,3,4.635390996932983,0.3646090030670166,-0.2,-0.2,
1785152435.3969877,4.70761768400007,-2.2222222222222223,-2.35814167852055,-2.2222222222222223,-2.0961259364627107,-0.2,-0.21897925722272754,0.0,-0.03303514904091699,-0.20027100313615834,-0.0013779736436896378,1.48318857196017e-16,before_ekf,-0.21897925722272754,-0.03303514904091699,-0.20027100313615834,-0.0013779736436896378,1.48318857196017e-16,-0.1993580283174813,-0.0013138787347377404,-0.8097366742402672,-3.562076854388728e-05,-0.0024015545527804605,nan,nan,nan,nan,nan,nan,nan,nan,,0.05145120700035477,0.04121658900112379,0.030837227001029532,0.030837227001029532,0.02053061300102854,nan,nan,profile,1,1,1,3,4.70778489112854,0.29221510887145996,-0.2,-0.2,
1785152435.4694004,4.7800318419995165,-2.2222222222222223,-2.3558510306705833,-2.2222222222222223,-2.0940898050405186,-0.2,-0.22021790444980707,0.0,-0.037188636906182244,-0.21519354937274415,-0.001357422797087962,-0.0027543333803170217,before_ekf,-0.22021790444980707,-0.037188636906182244,-0.21519354937274415,-0.001357422797087962,-0.0027543333803170217,-0.20097044554076182,0.001603945042805201,-0.8231191129520716,-5.1549647379596986e-06,-0.0023414246324455763,nan,nan,nan,nan,nan,nan,nan,nan,,0.041217715999664506,0.11363074700057041,0.030904088000170304,0.030904088000170304,0.02055212599952938,nan,nan,profile,1,1,1,3,4.780206203460693,0.21979379653930664,-0.2,-0.2,
1785152435.5417066,4.852337918999183,-2.2222222222222223,-2.3466296979424226,-2.2222222222222223,-2.085893064837709,-0.2,-0.2167074141946786,0.0,-0.03305947719057617,-0.23600647346823614,-0.0012857653494801494,-0.004131500070475583,before_ekf,-0.2167074141946786,-0.03305947719057617,-0.23600647346823614,-0.0012857653494801494,-0.004131500070475583,-0.20097044554076182,0.001603945042805201,-0.8231191129520716,-5.1549647379596986e-06,-0.0023414246324455763,nan,nan,nan,nan,nan,nan,nan,nan,,0.041291837000244414,0.031049405999510782,0.020621985999241588,0.020621985999241588,0.09285820299919578,nan,nan,profile,1,1,1,3,4.852536678314209,0.14746332168579102,-0.2,-0.2,
1785152435.624097,4.934727779000241,-2.2222222222222223,-2.0935453532697568,-2.2222222222222223,-2.0935453532697568,-0.2,-0.21557787185324423,0.0,-0.028931693234196816,-0.2430749966110384,-0.001256561579454747,-0.004131500070475583,before_ekf,-0.21557787185324423,-0.028931693234196816,-0.2430749966110384,-0.001256561579454747,-0.004131500070475583,-0.2008471290039142,0.0082411655736973,-0.8498916926576022,5.058211263607557e-05,-0.0015606210739900206,nan,nan,nan,nan,nan,nan,nan,nan,,0.05136401600066165,0.0411828529995546,0.030864468000800116,0.030864468000800116,0.020553981001285138,nan,nan,profile,1,1,1,3,4.934891700744629,0.0651082992553711,-0.2,-0.2,
1785152435.696267,5.006898240000737,-2.2222222222222223,-2.095755247548855,-2.2222222222222223,-2.095755247548855,-0.2,-0.2085253761796794,0.0,-0.020649302838332766,-0.27723914306015834,-0.0010448351087386971,-0.008263000140951365,before_ekf,-0.2085253761796794,-0.020649302838332766,-0.27723914306015834,-0.0010448351087386971,-0.008263000140951365,-0.2006047812297419,0.008265207097534854,-0.8699454482537706,8.188539103958342e-05,-0.0007354827830399202,nan,nan,nan,nan,nan,nan,nan,nan,,0.0513718610000069,0.041181296001013834,0.03084544600096706,0.03084544600096706,0.020549222001136513,nan,nan,profile,1,1,2,3,0.007079124450683594,4.992920875549316,-0.6,-0.6,
1785152435.7694907,5.080120919999899,-2.2222222222222223,-2.093469265610479,-2.2222222222222223,-2.355152923811789,-0.2,-0.2073007077439087,0.0,-0.016536420204666853,-0.284307485220666,-0.0009864280671748847,-0.008263000140951268,before_ekf,-0.2073007077439087,-0.016536420204666853,-0.284307485220666,-0.0009864280671748847,-0.008263000140951268,-0.20047695313312763,0.008269212746338517,-0.8899785323142418,9.290715425860612e-05,9.192808535951616e-05,nan,nan,nan,nan,nan,nan,nan,nan,,0.041970779000621405,0.11440397600017604,0.03146069899958093,0.03146069899958093,0.020961034000720247,nan,nan,profile,1,1,2,3,0.08039307594299316,4.919606924057007,-0.6,-0.6,
1785152435.8529136,5.163545162000446,-6.666666666666667,-2.3646302850880936,-6.666666666666667,-2.3646302850880936,-0.6,-0.20729263988109475,0.0,-0.01655695542428732,-0.2980513566330934,-0.0008585278650659128,-0.009640166831109872,before_ekf,-0.20729263988109475,-0.01655695542428732,-0.2980513566330934,-0.0008585278650659128,-0.009640166831109872,-0.20043265672237573,0.00827257082272131,-0.9033308217079387,9.165414719147482e-05,0.000643558729410021,nan,nan,nan,nan,nan,nan,nan,nan,,0.051762469000095734,0.0414568070009409,0.0310027949999494,0.0310027949999494,0.020629156000723015,nan,nan,profile,1,1,2,3,0.16372108459472656,4.836278915405273,-0.6,-0.6,
1785152435.9255404,5.2361715600000025,-6.666666666666667,-2.097687969059506,-6.666666666666667,-2.097687969059506,-0.6,-0.20500167666496352,0.0,-0.008286958993442983,-0.3180782058060697,-0.0006792510641726182,-0.008263000140951365,before_ekf,-0.20500167666496352,-0.008286958993442983,-0.3180782058060697,-0.0006792510641726182,-0.008263000140951365,-0.20043265672237573,0.00827257082272131,-0.9033308217079387,9.165414719147482e-05,0.000643558729410021,nan,nan,nan,nan,nan,nan,nan,nan,,0.041412910000872216,0.03116804300043441,0.02068224899994675,0.02068224899994675,0.09325555400027952,nan,nan,profile,1,1,2,3,0.23638200759887695,4.763617992401123,-0.6,-0.6,
1785152435.997952,5.308583424999597,-6.666666666666667,-2.0958022449784965,-6.666666666666667,-2.0958022449784965,-0.6,-0.20376429264311277,0.0,-0.01240964615643666,-0.32475382219706184,-0.0006194921305415244,-0.00964016683110997,before_ekf,-0.20376429264311277,-0.01240964615643666,-0.32475382219706184,-0.0006194921305415244,-0.00964016683110997,-0.2040631483795919,0.008273007312935291,-0.9303096312765311,6.883318319030767e-05,0.0017458649612502879,nan,nan,nan,nan,nan,nan,nan,nan,,0.051472384000589955,0.0412098969991348,0.030907328000466805,0.030907328000466805,0.020558439999149414,nan,nan,profile,1,1,2,3,0.30875706672668457,4.691242933273315,-0.6,-0.6,
1785152436.071475,5.38210667400017,-6.666666666666667,-2.086935684697952,-6.666666666666667,-2.086935684697952,-0.6,-0.20140144763974802,0.0,0.0041128950722644836,-0.34438810175592677,-0.00045725038329335845,-0.006885833450792752,before_ekf,-0.20140144763974802,0.0041128950722644836,-0.34438810175592677,-0.00045725038329335845,-0.006885833450792752,-0.2098134109831537,0.008272239093498482,-0.9442698509293219,4.4944876381279337e-05,0.0022980682646358557,nan,nan,nan,nan,nan,nan,nan,nan,,0.04220561399961298,0.11473314599970763,0.03162727100061602,0.03162727100061602,0.02115813800082833,nan,nan,profile,1,1,2,3,0.3822610378265381,4.617738962173462,-0.6,-0.6,
1785152436.144489,5.455120376000195,-6.666666666666667,-2.094436781685151,-6.666666666666667,-2.094436781685151,-0.6,-0.19907973437874207,0.0,0.004112895072264194,-0.35067113810601447,-0.0004139857576261008,-0.006885833450792752,before_ekf,-0.19907973437874207,0.004112895072264194,-0.35067113810601447,-0.0004139857576261008,-0.006885833450792752,-0.2098134109831537,0.008272239093498482,-0.9442698509293219,4.4944876381279337e-05,0.0022980682646358557,nan,nan,nan,nan,nan,nan,nan,nan,,0.04132521900100983,0.03102040500016301,0.020640402000935865,0.020640402000935865,0.09417184000085399,nan,nan,profile,1,1,2,3,0.45530200004577637,4.544697999954224,-0.6,-0.6,
1785152436.2272391,5.537869928999498,-6.666666666666667,-2.355881417110825,-6.666666666666667,-2.094116815209622,-0.6,-0.19911864704201454,0.0,0.012400443859362925,-0.3644153096648997,-0.00032394119660682257,-0.005508666760634046,before_ekf,-0.19911864704201454,0.012400443859362925,-0.3644153096648997,-0.00032394119660682257,-0.005508666760634046,-0.23537852606350287,0.0016692891326042362,-0.9743890957424653,-2.226585462068544e-05,0.0028806027332364268,nan,nan,nan,nan,nan,nan,nan,nan,,0.05152189399996132,0.04128987900003267,0.030874568999934127,0.030874568999934127,0.02055216900043888,nan,nan,profile,1,1,2,3,0.5380809307098389,4.461919069290161,-0.6,-0.6,
1785152436.2999604,5.610591212000145,-6.666666666666667,-2.3544960273930644,-6.666666666666667,-2.0928853576827238,-0.6,-0.19773910102102432,0.0,0.01648562514174663,-0.39740170506956,-0.0001790040616140051,-0.002754333380317022,before_ekf,-0.19773910102102432,0.01648562514174663,-0.39740170506956,-0.0001790040616140051,-0.002754333380317022,-0.2535181099865813,-0.001437115660384731,-0.9911437931303978,-6.66316442951084e-05,0.002832109688079676,nan,nan,nan,nan,nan,nan,nan,nan,,0.05192010199971264,0.04164106499956688,0.031053607001013006,0.031053607001013006,0.02067792200068652,nan,nan,profile,1,1,2,3,0.6107752323150635,4.3892247676849365,-0.6,-0.6,
1785152436.3731863,5.683817007999096,-6.666666666666667,-2.09483019862545,-6.666666666666667,-2.356683973453631,-0.6,-0.19788531724364114,0.0,0.01648562514174663,-0.4036848665435258,-0.00016169809646926722,-0.002754333380317022,before_ekf,-0.19788531724364114,0.01648562514174663,-0.4036848665435258,-0.00016169809646926722,-0.002754333380317022,-0.30153995429333025,-0.006873208098295365,-1.0290925927412726,-0.00016221376524936813,0.0022116336601829545,nan,nan,nan,nan,nan,nan,nan,nan,,0.0418173919988476,0.11486686099851795,0.031286931998693035,0.031286931998693035,0.02077921099953528,nan,nan,profile,1,1,2,3,0.6840364933013916,4.315963506698608,-0.6,-0.6,
1785152436.4458437,5.7564750439996715,-6.666666666666667,-2.3631027611733315,-6.666666666666667,-2.3631027611733315,-0.6,-0.20039344843703488,0.0,0.016485920105657376,-0.41742929281898516,-0.00012843818816799595,-0.0013771666901584133,before_ekf,-0.20039344843703488,0.016485920105657376,-0.41742929281898516,-0.00012843818816799595,-0.0013771666901584133,-0.30153995429333025,-0.006873208098295365,-1.0290925927412726,-0.00016221376524936813,0.0022116336601829545,nan,nan,nan,nan,nan,nan,nan,nan,,0.0412240940004267,0.030992926000180887,0.020604703999197227,0.020604703999197227,0.0934372470001108,nan,nan,profile,1,1,2,3,0.7566583156585693,4.243341684341431,-0.6,-0.6,
1785152436.5287626,5.839393862999714,-6.666666666666667,-2.0938250166559103,-6.666666666666667,-2.0938250166559103,-0.6,-0.20029374250430107,0.0,0.016484075917360293,-0.4374569143321256,-9.625989106358105e-05,2.936019483090746e-16,before_ekf,-0.20029374250430107,0.016484075917360293,-0.4374569143321256,-9.625989106358105e-05,2.936019483090746e-16,-0.33831871222674287,-0.005227817492372983,-1.061483830650719,-0.00023288736858349826,0.0016075813726796895,nan,nan,nan,nan,nan,nan,nan,nan,,0.05188231600004656,0.04170560999955342,0.031375044000014896,0.031375044000014896,0.020931537999786087,nan,nan,profile,1,1,2,3,0.8395919799804688,4.160408020019531,-0.6,-0.6,
1785152436.601331,5.911962191999919,-6.666666666666667,-2.0944059933043606,-6.666666666666667,-2.0944059933043606,-0.6,-0.19910549201528874,0.0,0.012344781669552602,-0.450808678889415,-8.706608690851792e-05,1.962405932198763e-16,before_ekf,-0.19910549201528874,0.012344781669552602,-0.450808678889415,-8.706608690851792e-05,1.962405932198763e-16,-0.37963924246743563,-0.0036515801045297956,-1.0986167966680704,-0.00028724681966826323,0.0011164617870695892,nan,nan,nan,nan,nan,nan,nan,nan,,0.051535212000089814,0.041318203999253456,0.03090341300048749,0.03090341300048749,0.02056133400037652,nan,nan,profile,1,1,2,3,0.9121048450469971,4.087895154953003,-0.6,-0.6,
1785152436.6743226,5.984954256000492,-6.666666666666667,-2.0955401684074184,-6.666666666666667,-2.0955401684074184,-0.6,-0.20037318071046312,0.0,0.008247942991604458,-0.4641604476671716,-8.706608690851986e-05,1.5670837292298853e-18,before_ekf,-0.20037318071046312,0.008247942991604458,-0.4641604476671716,-8.706608690851986e-05,1.5670837292298853e-18,-0.40215110433839557,-0.0039048438870729245,-1.1250632107874066,-0.0003160521498376039,0.0008607829955376012,nan,nan,nan,nan,nan,nan,nan,nan,,0.04196000800038746,0.11431026799982646,0.03158632300073805,0.03158632300073805,0.02128997300133051,nan,nan,profile,1,1,2,3,0.9850893020629883,4.014910697937012,-0.6,-0.6,
1785152436.74775,6.05837754499953,-6.666666666666667,-2.094437787035295,-6.666666666666667,-2.094437787035295,-0.6,-0.2001365506002321,0.0,0.00824137506224582,-0.48418809450310574,-0.00010085679314111566,0.0013771666901586112,before_ekf,-0.2001365506002321,0.00824137506224582,-0.48418809450310574,-0.00010085679314111566,0.0013771666901586112,-0.40215110433839557,-0.0039048438870729245,-1.1250632107874066,-0.0003160521498376039,0.0008607829955376012,nan,nan,nan,nan,nan,nan,nan,nan,,0.042119423998883576,0.03167445899998711,0.021242011000140337,0.021242011000140337,0.09471326200036856,nan,nan,profile,1,1,2,3,1.0585782527923584,3.9414217472076416,-0.6,-0.6,
1785152436.8314955,6.142126831000496,-6.666666666666667,-2.356011946386739,-6.666666666666667,-2.0942328412326567,-0.6,-0.20022258524385222,0.0,0.008233359728298273,-0.5042157202367094,-0.00013303509605769803,0.002754333380317415,before_ekf,-0.20022258524385222,0.008233359728298273,-0.5042157202367094,-0.00013303509605769803,0.002754333380317415,-0.4500209158014597,-0.005356950442010403,-1.182559611576237,-0.000355697823278472,0.00018010230638942915,nan,nan,nan,nan,nan,nan,nan,nan,,0.05178225000054226,0.04150136099997326,0.03113806500005012,0.03113806500005012,0.020653968000260647,nan,nan,profile,1,1,2,3,1.1422743797302246,3.8577256202697754,-0.6,-0.6,
1785152436.905071,6.215702307999891,-6.666666666666667,-2.3579217150070217,-6.666666666666667,-2.095930413339575,-0.6,-0.20027461934191643,0.0,0.008219563955003412,-0.5175674594712051,-0.00016061649108458032,0.0027543333803172203,before_ekf,-0.20027461934191643,0.008219563955003412,-0.5175674594712051,-0.00016061649108458032,0.0027543333803172203,-0.47246075594400083,-0.0068936596949694786,-1.2137248070315705,-0.0003595608555162294,-0.0002560503762167877,nan,nan,nan,nan,nan,nan,nan,nan,,0.05238618099974701,0.04182172100081516,0.031132166999668698,0.031132166999668698,0.020655129999795463,nan,nan,profile,1,1,2,3,1.2158963680267334,3.7841036319732666,-0.6,-0.6,
1785152436.978406,6.289036681000653,-6.666666666666667,-2.3576199779596188,-6.666666666666667,-2.095662202630772,-0.6,-0.20142185378290084,0.0,0.004090334107198094,-0.524243329088453,-0.00017440718859802043,0.001377166690158514,before_ekf,-0.20142185378290084,0.004090334107198094,-0.524243329088453,-0.00017440718859802043,0.001377166690158514,-0.5194317779342633,-0.00725588985498153,-1.2804475339564974,-0.0003281824933327093,-0.0012966029598628914,nan,nan,nan,nan,nan,nan,nan,nan,,0.041850361001706915,0.115156094001577,0.0313628650001192,0.0313628650001192,0.020707736000986188,nan,nan,profile,1,1,2,3,1.2892391681671143,3.7107608318328857,-0.6,-0.6,
1785152437.061099,6.371729565000351,-6.666666666666667,-2.101222942295266,-6.666666666666667,-2.101222942295266,-0.6,-0.19909647428252714,0.0,0.004092188992722059,-0.5438782297969145,-0.00021929454876963992,0.001377166690158514,before_ekf,-0.19909647428252714,0.004092188992722059,-0.5438782297969145,-0.00021929454876963992,0.001377166690158514,-0.5414062372806056,-0.0077919498953886845,-1.3162107238756524,-0.0002817326904196549,-0.0018088158688955855,nan,nan,nan,nan,nan,nan,nan,nan,,0.05142568399969605,0.041216255000108504,0.030896012000084738,0.030896012000084738,0.020586571001331322,nan,nan,profile,1,1,2,3,1.3719453811645508,3.628054618835449,-0.6,-0.6,
1785152437.1448028,6.455434322000656,-6.666666666666667,-2.093792362385835,-6.666666666666667,-2.093792362385835,-0.6,-0.1992486931556035,0.0,0.004123590189837656,-0.5505540994141623,-0.0002330852462830821,0.0027543333803170256,before_ekf,-0.1992486931556035,0.004123590189837656,-0.5505540994141623,-0.0002330852462830821,0.0027543333803170256,-0.5616424146610097,-0.008057044131839547,-1.3532009288970521,-0.0002151371950759921,-0.0023413397003979597,nan,nan,nan,nan,nan,nan,nan,nan,,0.05226724100066349,0.041777331000048434,0.03127283100002387,0.03127283100002387,0.020783364001545124,nan,nan,profile,1,1,2,3,1.455620288848877,3.544379711151123,-0.6,-0.6,
1785152437.2290418,6.539671042999544,-6.666666666666667,-2.3554649791336573,-6.666666666666667,-2.0937466481188065,-0.6,-0.19779715640150455,0.0,-2.6521058963433625e-05,-0.5768648876147792,-0.0002831103296013588,0.0013771666901587084,before_ekf,-0.19779715640150455,-2.6521058963433625e-05,-0.5768648876147792,-0.0002831103296013588,0.0013771666901587084,-0.581112191884933,-0.0036491812444148317,-1.3915233254163057,-0.00013300226687989049,-0.0026415796321845875,nan,nan,nan,nan,nan,nan,nan,nan,,0.052716408999913256,0.04191593999894394,0.031502370000453084,0.031502370000453084,0.020956209000360104,nan,nan,profile,1,1,2,3,1.5398948192596436,3.4601051807403564,-0.6,-0.6,
1785152437.302148,6.612779568999031,-6.666666666666667,-2.3575013003131344,-6.666666666666667,-2.3575013003131344,-0.6,-0.19795339828257513,0.0,-2.0213786441510965e-05,-0.590216643731135,-0.0003014979350045,0.001377166690158903,before_ekf,-0.19795339828257513,-2.0213786441510965e-05,-0.590216643731135,-0.0003014979350045,0.001377166690158903,-0.5993005995328623,0.0006154501211711304,-1.4310617716062142,-3.6220364128480164e-05,-0.002653273359281894,nan,nan,nan,nan,nan,nan,nan,nan,,0.0520714259982924,0.041811969998889253,0.031156094999460038,0.031156094999460038,0.02069229699918651,nan,nan,profile,1,1,2,3,1.6129677295684814,3.3870322704315186,-0.6,-0.6,
1785152437.3746493,6.685280912999588,-6.666666666666667,-2.357556143894374,-6.666666666666667,-2.0956054612394435,-0.6,-0.19906757404377998,0.0,-0.004161138081026092,-0.6035684082884244,-0.00031069173915956215,0.0013771666901590978,before_ekf,-0.19906757404377998,-0.004161138081026092,-0.6035684082884244,-0.00031069173915956215,0.0013771666901590978,-0.615407902211549,0.0002683853894890914,-1.4717790796551162,7.203493685672601e-05,-0.0026310906904236653,nan,nan,nan,nan,nan,nan,nan,nan,,0.04134246300054656,0.11431331399944611,0.0309318549989257,0.0309318549989257,0.020578311999997823,nan,nan,profile,1,1,2,3,1.6854517459869385,3.3145482540130615,-0.6,-0.6,
1785152437.4568481,6.767479521000496,-6.666666666666667,-2.3576016483121562,-6.666666666666667,-2.3576016483121562,-0.6,-0.19790457456039706,0.0,-0.008307618401398556,-0.6165274758742487,-0.00031528864123709597,3.907464629637758e-16,before_ekf,-0.19790457456039706,-0.008307618401398556,-0.6165274758742487,-0.00031528864123709597,3.907464629637758e-16,-0.6287819204359139,0.00010785407327253404,-1.5132202537378743,0.00018124329115411158,-0.0026220199179074473,nan,nan,nan,nan,nan,nan,nan,nan,,0.051294749000589945,0.0411188010002661,0.0308367100005853,0.0308367100005853,0.020587552000506548,nan,nan,profile,1,1,2,3,1.7676520347595215,3.2323479652404785,-0.6,-0.6,
1785152437.5407345,6.851365593000082,-6.666666666666667,-2.355225385602931,-6.666666666666667,-2.355225385602931,-0.6,-0.19799792782836803,0.0,-0.008286212180504843,-0.6298792446520054,-0.0003152886412371031,5.854199724544222e-16,before_ekf,-0.19799792782836803,-0.008286212180504843,-0.6298792446520054,-0.0003152886412371031,5.854199724544222e-16,-0.6376110049030916,3.535626704531745e-05,-1.555295369528002,0.00029195780489242357,-0.0026188095010950545,nan,nan,nan,nan,nan,nan,nan,nan,,0.05243637500097975,0.04212963999998465,0.03161026000088896,0.03161026000088896,0.02086409200092021,nan,nan,profile,1,1,2,3,1.8516197204589844,3.1483802795410156,-0.6,-0.6,
1785152437.6238835,6.934514844999285,-6.666666666666667,-2.6158775545735176,-6.666666666666667,-2.6158775545735176,-0.6,-0.19907581680788763,0.0,-0.004118313252509474,-0.6632586644861633,-0.00031069173915958736,-0.0013771666901581216,before_ekf,-0.19907581680788763,-0.004118313252509474,-0.6632586644861633,-0.00031069173915958736,-0.0013771666901581216,-0.6400446279088594,-0.005329394464083965,-1.6401795708946034,0.0005292745675245288,-0.0030001378944497503,nan,nan,nan,nan,nan,nan,nan,nan,,0.0516766259988799,0.041467978999207844,0.03107263600031729,0.03107263600031729,0.020703545998912887,nan,nan,profile,1,1,2,3,1.9346740245819092,3.065325975418091,-0.6,-0.6,
1785152437.6964598,7.007091120000041,-6.666666666666667,-2.881637513799475,-6.666666666666667,-2.881637513799475,-0.6,-0.1979079888280423,0.0,-0.008253129611512639,-0.6695418438350367,-0.00030203874838164243,-0.0013771666901581216,before_ekf,-0.1979079888280423,-0.008253129611512639,-0.6695418438350367,-0.00030203874838164243,-0.0013771666901581216,-0.6297566584954161,-0.007647384617401028,-1.7241593878727135,0.0008013346237519903,-0.0038893506634449797,nan,nan,nan,nan,nan,nan,nan,nan,,0.0517583820001164,0.041191801999957534,0.0308723470006953,0.0308723470006953,0.020565740000165533,nan,nan,profile,1,1,2,3,2.0072574615478516,2.9927425384521484,-0.6,-0.6,
1785152437.7691858,7.079817076999461,-6.666666666666667,-3.4065176235040364,-6.666666666666667,-3.4065176235040364,-0.6,-0.19912893120288783,0.0,-0.004114699109706998,-0.6828935999513924,-0.00028365114297851157,-0.0013771666901579269,before_ekf,-0.19912893120288783,-0.004114699109706998,-0.6828935999513924,-0.00028365114297851157,-0.0013771666901579269,-0.6244706195017612,-0.010171010130305774,-1.7655751527095664,0.0009685347549411004,-0.004527717635645525,nan,nan,nan,nan,nan,nan,nan,nan,,0.041335575999255525,0.11391775899937784,0.030846487999951933,0.030846487999951933,0.02054380499976105,nan,nan,profile,1,1,2,3,2.0799882411956787,2.9200117588043213,-0.6,-0.6,
1785152437.8520741,7.162704340000346,-6.666666666666667,-3.665498378022268,-6.666666666666667,-3.665498378022268,-0.6,-0.20021383575084775,0.0,-0.008215621342472605,-0.702921208803136,-0.00024227905043818922,-0.0027543333803164384,before_ekf,-0.20021383575084775,-0.008215621342472605,-0.702921208803136,-0.00024227905043818922,-0.0027543333803164384,-0.619215060505827,-0.011349655323752988,-1.8065918462915531,0.0011581744220041637,-0.00526718694608741,nan,nan,nan,nan,nan,nan,nan,nan,,0.05162184900109423,0.04135425300046336,0.03094917500129668,0.03094917500129668,0.02062870000008843,nan,nan,profile,1,1,2,3,2.1628780364990234,2.8371219635009766,-0.6,-0.6,
1785152437.925135,7.235766251000314,-6.666666666666667,-3.9222962206407566,-6.666666666666667,-3.9222962206407566,-0.6,-0.19907242447972276,0.0,-0.004081456042444389,-0.7095970784203839,-0.0002284883529247491,-0.0013771666901577322,before_ekf,-0.19907242447972276,-0.004081456042444389,-0.7095970784203839,-0.0002284883529247491,-0.0013771666901577322,-0.619215060505827,-0.011349655323752988,-1.8065918462915531,0.0011581744220041637,-0.00526718694608741,nan,nan,nan,nan,nan,nan,nan,nan,,0.04125895700053661,0.031021863000205485,0.020692924001195934,0.020692924001195934,0.09369061100005638,nan,nan,profile,1,1,2,3,2.2359766960144043,2.7640233039855957,-0.6,-0.6,
1785152437.9979477,7.308578844000294,-6.666666666666667,-4.4498487372692725,-6.666666666666667,-4.4498487372692725,-0.6,-0.1990652600675612,0.0,-0.004081456042444974,-0.7229488345367396,-0.00021010074752162084,-0.0013771666901579269,before_ekf,-0.1990652600675612,-0.004081456042444974,-0.7229488345367396,-0.00021010074752162084,-0.0013771666901579269,-0.6082268767054235,-0.01542390155230214,-1.8878614951723982,0.0016240780904385502,-0.007105313950486192,nan,nan,nan,nan,nan,nan,nan,nan,,0.05161449499973969,0.041378112000529654,0.031078604000867927,0.031078604000867927,0.02053384200007713,nan,nan,profile,1,1,2,3,2.3087613582611084,2.6912386417388916,-0.6,-0.6,
1785152438.0708215,7.381452211000578,-6.666666666666667,-4.713000539334674,-6.666666666666667,-4.713000539334674,-0.6,-0.19906605649974915,0.0,-0.004104742732107998,-0.7359078656279532,-0.00017900408486344607,-0.002754333380316828,before_ekf,-0.19906605649974915,-0.004104742732107998,-0.7359078656279532,-0.00017900408486344607,-0.002754333380316828,-0.6060937557737657,-0.013768192659594433,-1.928024464667508,0.001908538413465997,-0.008046868685948285,nan,nan,nan,nan,nan,nan,nan,nan,,0.04170249100025103,0.11425147900081356,0.031144291000600788,0.031144291000600788,0.02079565300118702,nan,nan,profile,1,1,2,3,2.3816962242126465,2.6183037757873535,-0.6,-0.6,
1785152438.1552284,7.465859829999317,-6.666666666666667,-4.973711836852751,-6.666666666666667,-4.711937529649974,-0.6,-0.20019111278852417,0.0,2.684993292208504e-05,-0.756328140418342,-0.00012275969814305382,-0.002754333380316633,before_ekf,-0.20019111278852417,2.684993292208504e-05,-0.756328140418342,-0.00012275969814305382,-0.002754333380316633,-0.6054056229675985,-0.008487629973890212,-1.9681422605593941,0.0022241085947079914,-0.008685585926440087,nan,nan,nan,nan,nan,nan,nan,nan,,0.05227537099926849,0.04193711100015207,0.03132699500019953,0.03132699500019953,0.020823417999054072,nan,nan,profile,1,1,2,3,2.466042995452881,2.533957004547119,-0.6,-0.6,
1785152438.238546,7.54917719399964,-6.666666666666667,-4.969620044957512,-6.666666666666667,-5.231178994692118,-0.6,-0.20144659061444248,0.0,-0.004113835197686821,-0.7633966970765534,-0.00010329048735522644,-0.002754333380316633,before_ekf,-0.20144659061444248,-0.004113835197686821,-0.7633966970765534,-0.00010329048735522644,-0.002754333380316633,-0.60423924938399,-0.0033331712274233495,-2.02844423848614,0.0027415554055564327,-0.009256226601512818,nan,nan,nan,nan,nan,nan,nan,nan,,0.05189774199970998,0.0415062920001219,0.030982952999693225,0.030982952999693225,0.02060533099938766,nan,nan,profile,1,1,2,3,2.549356698989868,2.450643301010132,-0.6,-0.6,
1785152438.3223007,7.6329318179996335,-6.666666666666667,-5.490577027840719,-6.666666666666667,-5.752033076785515,-0.6,-0.20028466616115342,0.0,-1.0510466151918125e-05,-0.7963833159171921,-2.1627951251047456e-05,-0.002754333380316828,before_ekf,-0.20028466616115342,-1.0510466151918125e-05,-0.7963833159171921,-2.1627951251047456e-05,-0.002754333380316828,-0.6036684233314333,0.0031609976035877905,-2.0685117325936613,0.0031019842251749355,-0.009105352401094446,nan,nan,nan,nan,nan,nan,nan,nan,,0.052400247999685234,0.04196670300007099,0.03098095600034867,0.03098095600034867,0.020698005999292945,nan,nan,profile,1,1,2,3,2.6331138610839844,2.3668861389160156,-0.6,-0.6,
1785152438.3953595,7.705990922999263,-6.666666666666667,-5.763427971592913,-6.666666666666667,-5.763427971592913,-0.6,-0.2003328853152365,0.0,-1.0510466151918125e-05,-0.8026664773911578,-4.321986106310955e-06,-0.002754333380316828,before_ekf,-0.2003328853152365,-1.0510466151918125e-05,-0.8026664773911578,-4.321986106310955e-06,-0.002754333380316828,-0.6018233450299074,0.0039071307499673105,-2.1283919739749204,0.0036433533340550165,-0.008729078457375028,nan,nan,nan,nan,nan,nan,nan,nan,,0.05209891099912056,0.041870705999826896,0.03145830499852309,0.03145830499852309,0.021067183999548433,nan,nan,profile,1,1,2,3,2.7061471939086914,2.2938528060913086,-0.6,-0.6,
1785152438.4684803,7.779111493999153,-6.666666666666667,-6.022549897599147,-6.666666666666667,-6.284399893146936,-0.6,-0.19915601350592907,0.0,-0.004132775753666424,-0.8226940102745924,6.463141427742222e-05,-0.004131500070475535,before_ekf,-0.19915601350592907,-0.004132775753666424,-0.8226940102745924,6.463141427742222e-05,-0.004131500070475535,-0.6002124048297337,-0.0003607274511549666,-2.1682658560855055,0.004000175536666088,-0.008684996297157356,nan,nan,nan,nan,nan,nan,nan,nan,,0.041925909999918076,0.11499127699971723,0.03094277599848283,0.03094277599848283,0.020632060999560053,nan,nan,profile,1,1,2,3,2.779268980026245,2.220731019973755,-0.6,-0.6,
1785152438.5515072,7.862137285999779,-6.666666666666667,-6.540678508469115,-6.666666666666667,-6.27905136813035,-0.6,-0.19906089796839468,0.0,0.004145150096084167,-0.8360457241863185,0.00010140657858543822,-0.0013771666901579273,before_ekf,-0.19906089796839468,0.004145150096084167,-0.8360457241863185,0.00010140657858543822,-0.0013771666901579273,-0.599420042186734,-0.00691459596056083,-2.208144444026819,0.004358599582546172,-0.00905046103392948,nan,nan,nan,nan,nan,nan,nan,nan,,0.051917611999670044,0.041612130000430625,0.031071322000570945,0.031071322000570945,0.02068184299969289,nan,nan,profile,1,1,2,3,2.862346649169922,2.137653350830078,-0.6,-0.6,
1785152438.6351254,7.945756585999334,-6.666666666666667,-6.544848300340156,-6.666666666666667,-6.544848300340156,-0.6,-0.19910698439560726,0.0,-0.004101500653240482,-0.8427215938035664,0.00011519727609887833,-0.0027543333803166335,before_ekf,-0.19910698439560726,-0.004101500653240482,-0.8427215938035664,0.00011519727609887833,-0.0027543333803166335,-0.5983645663993165,-0.01216520134719989,-2.2478279338002403,0.004727830048915833,-0.009791304771447072,nan,nan,nan,nan,nan,nan,nan,nan,,0.052441190999161336,0.042241973998898175,0.031737676999910036,0.031737676999910036,0.020752111999172485,nan,nan,profile,1,1,2,3,2.9459540843963623,2.0540459156036377,-0.6,-0.6,
1785152438.7090917,8.019722315999388,-6.666666666666667,-6.8073653637062925,-6.666666666666667,-6.8073653637062925,-0.6,-0.2014545038635794,0.0,0.012452757013692323,-0.8764936852863918,0.0001519724810929737,9.744317119422211e-16,before_ekf,-0.2014545038635794,0.012452757013692323,-0.8764936852863918,0.0001519724810929737,9.744317119422211e-16,-0.5963002279583935,-0.014542766728288487,-2.2874366746522794,0.005121254983128036,-0.010730955568743372,nan,nan,nan,nan,nan,nan,nan,nan,,0.05279404099928797,0.04245005200027663,0.03190056200037361,0.03190056200037361,0.021298178999131778,nan,nan,profile,1,1,2,3,3.0199663639068604,1.9800336360931396,-0.6,-0.6,
1785152438.7818017,8.092433125999378,-6.666666666666667,-7.07486920887435,-6.666666666666667,-7.07486920887435,-0.6,-0.20021916392911626,0.0,0.008320454976105904,-0.8827768705935714,0.00015197248109296758,9.744317119422211e-16,before_ekf,-0.20021916392911626,0.008320454976105904,-0.8827768705935714,0.00015197248109296758,9.744317119422211e-16,-0.5972582539396231,-0.010818166297813887,-2.3667929193022976,0.005995472398193687,-0.012416892329271793,nan,nan,nan,nan,nan,nan,nan,nan,,0.041321425000205636,0.1151608620002662,0.030879334999553976,0.030879334999553976,0.020574397000018507,nan,nan,profile,1,1,2,3,3.0926010608673096,1.9073989391326904,-0.6,-0.6,
1785152438.8547935,8.16542501100048,-6.666666666666667,-7.070438046476625,-6.666666666666667,-7.332306122272056,-0.6,-0.20026497670958396,0.0,0.008281406626998413,-0.9028045156916664,0.00013872258823747612,0.0013771666901596816,before_ekf,-0.20026497670958396,0.008281406626998413,-0.9028045156916664,0.00013872258823747612,0.0013771666901596816,-0.5972582539396231,-0.010818166297813887,-2.3667929193022976,0.005995472398193687,-0.012416892329271793,nan,nan,nan,nan,nan,nan,nan,nan,,0.041729814000063925,0.031508440000834526,0.020927978001054726,0.020927978001054726,0.09356628200112027,nan,nan,profile,1,1,2,3,3.165564775466919,1.834435224533081,-0.6,-0.6,
1785152438.9375815,8.248212903999956,-6.666666666666667,-7.063610900411472,-6.666666666666667,-7.32522611894523,-0.6,-0.20028987136371526,0.0,0.00827043233519932,-0.9161562718080222,0.00012033498283432444,0.0013771666901594868,before_ekf,-0.20028987136371526,0.00827043233519932,-0.9161562718080222,0.00012033498283432444,0.0013771666901594868,-0.5978174055753076,-0.004349758073414556,-2.4264722386668782,0.006727007323134596,-0.013167532794331027,nan,nan,nan,nan,nan,nan,nan,nan,,0.05165771199972369,0.04141682999943441,0.031080329999895184,0.031080329999895184,0.020668166000177735,nan,nan,profile,1,1,2,3,3.2483863830566406,1.7516136169433594,-0.6,-0.6,
1785152439.0210905,8.331721771999582,-6.666666666666667,-7.0730754393270425,-6.666666666666667,-7.0730754393270425,-0.6,-0.2002761714696474,0.0,0.008270432335199902,-0.9232248485755047,0.00011060036820912609,0.0013771666901596816,before_ekf,-0.2002761714696474,0.008270432335199902,-0.9232248485755047,0.00011060036820912609,0.0013771666901596816,-0.5982050614415334,0.0009268437313504972,-2.4860669320989848,0.00750694903662541,-0.013227539336720717,nan,nan,nan,nan,nan,nan,nan,nan,,0.051925498999480624,0.041606213999330066,0.03126248300031875,0.03126248300031875,0.020795745000214083,nan,nan,profile,1,1,2,3,3.331878423690796,1.668121576309204,-0.6,-0.6,
1785152439.0936778,8.404309327999727,-6.666666666666667,-6.811868734075748,-6.666666666666667,-7.073863685386354,-0.6,-0.20019971444480342,0.0,0.008275520153525163,-0.9361838796667182,7.950370555093968e-05,0.0027543333803183878,before_ekf,-0.20019971444480342,0.008275520153525163,-0.9361838796667182,7.950370555093968e-05,0.0027543333803183878,-0.5985395317169891,0.0026277184456413505,-2.525875498830393,0.008031607812933361,-0.013079472542008475,nan,nan,nan,nan,nan,nan,nan,nan,,0.051758847999735735,0.041466352000497864,0.031050294999658945,0.031050294999658945,0.020568067999192863,nan,nan,profile,1,1,2,3,3.4044528007507324,1.5955471992492676,-0.6,-0.6,
1785152439.1665027,8.47713370800011,-6.666666666666667,-6.781491290342122,-6.666666666666667,-7.042317878432203,-0.6,-0.2026291989478229,0.0,0.008275520153525163,-0.9573895496413528,2.1096073187420038e-05,0.0027543333803183878,before_ekf,-0.2026291989478229,0.008275520153525163,-0.9573895496413528,2.1096073187420038e-05,0.0027543333803183878,-0.5976023479422771,0.005683434080888219,-2.565696369217717,0.008548575940971578,-0.01274466595124979,nan,nan,nan,nan,nan,nan,nan,nan,,0.04164971499994863,0.11429073200088169,0.03118721400096547,0.03118721400096547,0.02073701799963601,nan,nan,profile,1,1,2,3,3.4772934913635254,1.5227065086364746,-0.6,-0.6,
1785152439.2499628,8.560592292000365,-6.666666666666667,-6.544779581586649,-6.666666666666667,-6.8065707648501155,-0.6,-0.20496163183908975,0.0,0.008271572095087049,-0.9648507873822402,-4.592448524170495e-06,0.0041315000704769,before_ekf,-0.20496163183908975,0.008271572095087049,-0.9648507873822402,-4.592448524170495e-06,0.0041315000704769,-0.6004234637351306,0.00974218655667346,-2.625415228079978,0.009303383020579117,-0.011959776543319037,nan,nan,nan,nan,nan,nan,nan,nan,,0.05224664900015341,0.04199993899965193,0.03151149100085604,0.03151149100085604,0.0209098150007776,nan,nan,profile,1,1,2,3,3.560880661010742,1.4391193389892578,-0.6,-0.6,
1785152439.334002,8.644632661000287,-6.666666666666667,-6.805371763975708,-6.666666666666667,-6.805371763975708,-0.6,-0.23085943706799078,0.0,-1.74400670520839e-05,-1.0068693370134156,-0.0001476369416670544,0.002754333380318583,before_ekf,-0.23085943706799078,-1.74400670520839e-05,-1.0068693370134156,-0.0001476369416670544,0.002754333380318583,-0.6024716754994337,0.011218247660038018,-2.665499141336457,0.009780328927606191,-0.011225133020998701,nan,nan,nan,nan,nan,nan,nan,nan,,0.05236114900071698,0.04202534100113553,0.03157586999986961,0.03157586999986961,0.021159122001336073,nan,nan,profile,1,1,2,3,3.644902229309082,1.355097770690918,-0.6,-0.6,
1785152439.407292,8.71792328599986,-6.666666666666667,-6.83966584472305,-6.666666666666667,-6.83966584472305,-0.6,-0.24035480812065152,0.0,-1.74400670520839e-05,-1.0162940792243644,-0.00017359588938417616,0.002754333380318583,before_ekf,-0.24035480812065152,-1.74400670520839e-05,-1.0162940792243644,-0.00017359588938417616,0.002754333380318583,-0.6030181947146334,0.012105895745818607,-2.7256760727674068,0.010438986612653158,-0.010030748994785288,nan,nan,nan,nan,nan,nan,nan,nan,,0.05216934000054607,0.04191563799940923,0.03139374099919223,0.03139374099919223,0.02063385300061782,nan,nan,profile,1,1,2,3,3.718092203140259,1.2819077968597412,-0.6,-0.6,
1785152439.4701056,8.780737033999685,-6.666666666666667,-6.5500706283195065,-6.666666666666667,-6.812073453452287,-0.6,-0.26030406840131504,0.0,-0.004137186843078307,-1.0371070683645995,-0.00022362095526574048,0.0013771666901600714,before_ekf,-0.26030406840131504,-0.004137186843078307,-1.0371070683645995,-0.00022362095526574048,0.0013771666901600714,-0.6030181947146334,0.012105895745818607,-2.7256760727674068,0.010438986612653158,-0.010030748994785288,nan,nan,nan,nan,nan,nan,nan,nan,,0.031197332000374445,0.10472938599923509,0.020726484999613604,0.020726484999613604,0.08344760100044368,nan,nan,profile,1,1,2,3,3.7809596061706543,1.2190403938293457,-0.6,-0.6,
1785152439.5534573,8.864088643000287,-6.666666666666667,-6.527439199508025,-6.666666666666667,-6.527439199508025,-0.6,-0.2968585636212373,0.0,-0.008260580323607008,-1.071664554783403,-0.0002712124045444999,0.0013771666901600714,before_ekf,-0.2968585636212373,-0.008260580323607008,-1.071664554783403,-0.0002712124045444999,0.0013771666901600714,-0.602659220184569,0.007072956555294219,-2.8058814207033893,0.011230736787983744,-0.008754119576944053,nan,nan,nan,nan,nan,nan,nan,nan,,0.052123823001238634,0.04190515499976755,0.031481354000789,0.031481354000789,0.020636348001062288,nan,nan,profile,1,1,2,3,3.8643486499786377,1.1356513500213623,-0.6,-0.6,
1785152439.6366048,8.947236242000145,-6.666666666666667,-6.541125038738378,-6.666666666666667,-6.541125038738378,-0.6,-0.34739593862061763,0.0,-0.0041197467760273904,-1.1227153869929984,-0.00034151795461539374,0.001377166690159682,before_ekf,-0.34739593862061763,-0.0041197467760273904,-1.1227153869929984,-0.00034151795461539374,0.001377166690159682,-0.6021104355609095,0.0032829234361999196,-2.8459532599910657,0.011587849715832967,-0.008473194878369839,nan,nan,nan,nan,nan,nan,nan,nan,,0.05179711600067094,0.04151182600071479,0.03112143200087303,0.03112143200087303,0.020697547000963823,nan,nan,profile,1,1,2,3,3.947474718093872,1.052525281906128,-0.6,-0.6,
1785152439.7205741,9.031205143999614,-6.666666666666667,-6.541185247527709,-6.666666666666667,-6.541185247527709,-0.6,-0.37452783165226794,0.0,-0.008239669856986409,-1.151382401957955,-0.0003709922060345408,1.5588658835996583e-15,before_ekf,-0.37452783165226794,-0.008239669856986409,-1.151382401957955,-0.0003709922060345408,1.5588658835996583e-15,-0.6002897727630054,0.000651450505851889,-2.9259963183355318,0.012266207935555497,-0.00824174156187452,nan,nan,nan,nan,nan,nan,nan,nan,,0.052594730999771855,0.0423854830005439,0.03199014399979205,0.03199014399979205,0.02159057400058373,nan,nan,profile,1,1,2,3,4.031512260437012,0.9684877395629883,-0.6,-0.6,
1785152439.7936983,9.104329527999653,-6.666666666666667,-6.8109602230386415,-6.666666666666667,-6.8109602230386415,-0.6,-0.3862520515842208,0.0,-2.3788441273278615e-06,-1.1659122633879464,-0.000380997228203287,0.0013771666901600712,before_ekf,-0.3862520515842208,-2.3788441273278615e-06,-1.1659122633879464,-0.000380997228203287,0.0013771666901600712,-0.6004557539542469,-0.0019095046740867493,-2.9659535477106376,0.01259984275255434,-0.008329694723653969,nan,nan,nan,nan,nan,nan,nan,nan,,0.05191621700032556,0.04164303200013819,0.031194733999655,0.031194733999655,0.02076893299999938,nan,nan,profile,1,1,2,3,4.104532957077026,0.8954670429229736,-0.6,-0.6,
1785152439.8671346,9.177765705999263,-6.666666666666667,-6.803231435322361,-6.666666666666667,-6.803231435322361,-0.6,-0.4087373661267956,0.0,-0.004127657021825904,-1.1961500736866466,-0.00041209391547880565,1.9480944635219544e-15,before_ekf,-0.4087373661267956,-0.004127657021825904,-1.1961500736866466,-0.00041209391547880565,1.9480944635219544e-15,-0.5996311157273799,-0.005386474220381483,-3.00589003262054,0.012938360502244157,-0.008639709380476646,nan,nan,nan,nan,nan,nan,nan,nan,,0.04173705299945141,0.11507920999974885,0.03123448899896175,0.03123448899896175,0.020705090999399545,nan,nan,profile,1,1,2,3,4.177967071533203,0.8220329284667969,-0.6,-0.6,
1785152439.9397917,9.250423027999204,-6.666666666666667,-6.546463410133817,-6.666666666666667,-6.546463410133817,-0.6,-0.4429005518235002,0.0,-0.008242326820804327,-1.2444520553979401,-0.0004004664572827472,-0.0013771666901569537,before_ekf,-0.4429005518235002,-0.008242326820804327,-1.2444520553979401,-0.0004004664572827472,-0.0013771666901569537,-0.5996311157273799,-0.005386474220381483,-3.00589003262054,0.012938360502244157,-0.008639709380476646,nan,nan,nan,nan,nan,nan,nan,nan,,0.04118788199957635,0.031009542999527184,0.020628281999961473,0.020628281999961473,0.09336241299934045,nan,nan,profile,1,1,2,3,4.250594854354858,0.7494051456451416,-0.6,-0.6,
1785152440.0224907,9.33312229600051,-6.666666666666667,-6.5385655236615365,-6.666666666666667,-6.5385655236615365,-0.6,-0.45584068804257133,0.0,-0.004107036835551939,-1.2613381105733354,-0.00038883899908664004,1.9480944635219544e-15,before_ekf,-0.45584068804257133,-0.004107036835551939,-1.2613381105733354,-0.00038883899908664004,1.9480944635219544e-15,-0.6004974715219387,-0.005647873231430189,-3.085790628038957,0.01364172195281336,-0.009425330636696485,nan,nan,nan,nan,nan,nan,nan,nan,,0.05161618400052248,0.041384855001524556,0.030897737000486813,0.030897737000486813,0.020507604000158608,nan,nan,profile,1,1,2,3,4.333254337310791,0.666745662689209,-0.6,-0.6,
1785152440.0950184,9.405650091999632,-6.666666666666667,-6.53785855990561,-6.666666666666667,-6.799372902301835,-0.6,-0.5123933107912496,0.0,-0.012365577169526711,-1.351658764309144,-0.00026174826242352737,-0.002754333380315465,before_ekf,-0.5123933107912496,-0.012365577169526711,-1.351658764309144,-0.00026174826242352737,-0.002754333380315465,-0.6043329232291051,0.00023136787431275643,-3.145988981827953,0.014199138475628825,-0.009689923488251042,nan,nan,nan,nan,nan,nan,nan,nan,,0.051751242999671376,0.04154982799991558,0.031272303000150714,0.031272303000150714,0.02087101600045571,nan,nan,profile,1,1,2,3,4.4058473110198975,0.5941526889801025,-0.6,-0.6,
1785152440.1681478,9.4787790270002,-6.666666666666667,-6.548976033912364,-6.666666666666667,-6.548976033912364,-0.6,-0.5241684818764554,0.0,-0.004114166243384017,-1.370900976735329,-0.00022199860488479365,-0.0013771666901565643,before_ekf,-0.5241684818764554,-0.004114166243384017,-1.370900976735329,-0.00022199860488479365,-0.0013771666901565643,-0.6057650923431418,0.005220838520806703,-3.206532377154669,0.014774187264668467,-0.00931524247876103,nan,nan,nan,nan,nan,nan,nan,nan,,0.04148382200037304,0.11467876300048374,0.03109517700067954,0.03109517700067954,0.020743630000652047,nan,nan,profile,1,1,2,3,4.479006052017212,0.5209939479827881,-0.6,-0.6,
1785152440.2519436,9.562574976000178,-6.666666666666667,-6.825048184722129,-6.666666666666667,-6.825048184722129,-0.6,-0.5461969647439009,0.0,-0.008257167891042635,-1.4097780687676569,-0.00012816780626877743,-0.002754333380315465,before_ekf,-0.5461969647439009,-0.008257167891042635,-1.4097780687676569,-0.00012816780626877743,-0.002754333380315465,-0.6053507583444476,0.004690169896764412,-3.2467788154079638,0.015150118752445551,-0.008994561280528224,nan,nan,nan,nan,nan,nan,nan,nan,,0.05192671100121515,0.04163812800106825,0.031123022999963723,0.031123022999963723,0.020718630999908783,nan,nan,profile,1,1,2,3,4.562796592712402,0.43720340728759766,-0.6,-0.6,
1785152440.325164,9.635794712999996,-6.666666666666667,-6.539975008722304,-6.666666666666667,-6.801574009071197,-0.6,-0.5654045746025624,0.0,-0.00827778807731894,-1.4498332231641888,-1.7842278471135328e-05,-0.002754333380315465,before_ekf,-0.5654045746025624,-0.00827778807731894,-1.4498332231641888,-1.7842278471135328e-05,-0.002754333380315465,-0.6053507583444476,0.004690169896764412,-3.2467788154079638,0.015150118752445551,-0.008994561280528224,nan,nan,nan,nan,nan,nan,nan,nan,,0.04181784200045513,0.03151426300064486,0.021072382000056677,0.021072382000056677,0.09393836799972632,nan,nan,profile,1,1,2,3,4.636151313781738,0.3638486862182617,-0.6,-0.6,
1785152440.399173,9.709803249999823,-6.666666666666667,-6.545621780346617,-6.666666666666667,-6.545621780346617,-0.6,-0.5843974037419728,0.0,-1.2117340747883065e-05,-1.4910665032318797,8.139663579113472e-05,-0.0013771666901565643,before_ekf,-0.5843974037419728,-1.2117340747883065e-05,-1.4910665032318797,8.139663579113472e-05,-0.0013771666901565643,-0.6022719033079195,-0.005597858108634826,-3.3272249737769455,0.015889993283403434,-0.00917536935827856,nan,nan,nan,nan,nan,nan,nan,nan,,0.05272243299987167,0.042468010000447975,0.031901656000627554,0.031901656000627554,0.021299250000083703,nan,nan,profile,1,1,2,3,4.710161447525024,0.2898385524749756,-0.6,-0.6,
1785152440.472796,9.783426964000682,-6.666666666666667,-6.5475296542800585,-6.666666666666667,-6.809430840451261,-0.6,-0.6019392597074497,0.0,0.0041272325157131915,-1.5334779638367748,0.00013980432354219663,-0.0013771666901565643,before_ekf,-0.6019392597074497,0.0041272325157131915,-1.5334779638367748,0.00013980432354219663,-0.0013771666901565643,-0.6007387810503343,-0.004807401602440289,-3.367226002718572,0.016255845728472204,-0.009507941246059914,nan,nan,nan,nan,nan,nan,nan,nan,,0.041459158001089236,0.11609172400130774,0.030951755001296988,0.030951755001296988,0.020631619001505896,nan,nan,profile,1,1,2,3,4.783624172210693,0.21637582778930664,-0.6,-0.6,
1785152440.5458477,9.856479042999126,-6.666666666666667,-6.806922603652869,-6.666666666666667,-6.545117888127758,-0.6,-0.6170947532787754,0.0,-1.686877230376929e-05,-1.5766747672424961,0.00022903824862920017,-0.001377166690156564,before_ekf,-0.6170947532787754,-1.686877230376929e-05,-1.5766747672424961,0.00022903824862920017,-0.001377166690156564,-0.6007387810503343,-0.004807401602440289,-3.367226002718572,0.016255845728472204,-0.009507941246059914,nan,nan,nan,nan,nan,nan,nan,nan,,0.041542139999364736,0.03130499699909706,0.020937735000188695,0.020937735000188695,0.0936836979999498,nan,nan,profile,1,1,2,3,4.856638669967651,0.14336133003234863,-0.6,-0.6,
1785152440.6300075,9.940639070000543,-6.666666666666667,-6.802627065404488,-6.666666666666667,-6.802627065404488,-0.6,-0.6363287754281244,0.0,-2.4340827641445592e-05,-1.6618901788692606,0.0004488781082630381,-0.0027543333803150757,before_ekf,-0.6363287754281244,-2.4340827641445592e-05,-1.6618901788692606,0.0004488781082630381,-0.0027543333803150757,-0.5976206402187986,-0.011904022943474514,-3.4269977683124013,0.016836220138237417,-0.010362376572103482,nan,nan,nan,nan,nan,nan,nan,nan,,0.05263168200144719,0.04179242200007138,0.031292996000047424,0.031292996000047424,0.020530867001070874,nan,nan,profile,1,1,2,3,4.940788745880127,0.05921125411987305,-0.6,-0.6,
1785152440.7028587,10.013490078999894,-6.666666666666667,-6.804094832336354,-6.666666666666667,-6.542398877246494,-0.6,-0.6372011365132454,0.0,-0.004188399885725802,-1.724721701503583,0.0006506006512279486,-0.0027543333803146863,before_ekf,-0.6372011365132454,-0.004188399885725802,-1.724721701503583,0.0006506006512279486,-0.0027543333803146863,-0.5969184133166732,-0.00987185802138589,-3.466756742713963,0.017244767543680886,-0.011040667569454321,nan,nan,nan,nan,nan,nan,nan,nan,,0.052071677999265376,0.04183275799914554,0.03139891799946781,0.03139891799946781,0.020583014000294497,nan,nan,profile,1,1,3,3,0.013637781143188477,4.9863622188568115,-0.4,-0.4,
1785152440.776101,10.086730908999016,-6.666666666666667,-6.805061925756334,-6.666666666666667,-6.543328774765706,-0.6,-0.6358578768267514,0.0,-0.008297625141260662,-1.745534627833427,0.0007222581065286816,-0.004131500070473588,before_ekf,-0.6358578768267514,-0.008297625141260662,-1.745534627833427,0.0007222581065286816,-0.004131500070473588,-0.5977192384416401,-0.005521133944813412,-3.526480533995528,0.017905826648437952,-0.011678650718366157,nan,nan,nan,nan,nan,nan,nan,nan,,0.04184768099912617,0.11507358799826761,0.031338495999079896,0.031338495999079896,0.020877302998997038,nan,nan,profile,1,1,3,3,0.08696842193603516,4.913031578063965,-0.4,-0.4,
1785152440.8597927,10.170423666000715,-4.444444444444445,-6.546677927757971,-4.444444444444445,-6.80854504486829,-0.4,-0.6268269143795788,0.0,-0.00825785197449856,-1.8071877941610806,0.0009907704407943671,-0.005508666760632489,before_ekf,-0.6268269143795788,-0.00825785197449856,-1.8071877941610806,0.0009907704407943671,-0.005508666760632489,-0.5983685448537371,-0.0024463795239004897,-3.6062037797527684,0.018842149793957208,-0.012226570165434492,nan,nan,nan,nan,nan,nan,nan,nan,,0.05218417000105546,0.04181218000121589,0.03123930700166966,0.03123930700166966,0.020897465001326054,nan,nan,profile,1,1,3,3,0.17064690589904785,4.829353094100952,-0.4,-0.4,
1785152440.9434156,10.25404488300046,-4.444444444444445,-6.545941318843071,-4.444444444444445,-6.545941318843071,-0.4,-0.6243221427802574,0.0,-0.008257851974496229,-1.8276078365782222,0.0011032587875456606,-0.0055086667606321,before_ekf,-0.6243221427802574,-0.008257851974496229,-1.8276078365782222,0.0011032587875456606,-0.0055086667606321,-0.5984507039222443,-0.001161960466969879,-3.6461177961597775,0.01932825235666584,-0.012325241877769066,nan,nan,nan,nan,nan,nan,nan,nan,,0.05240080000112357,0.042189114001303096,0.031532955001239316,0.031532955001239316,0.02103496200106747,nan,nan,profile,1,1,3,3,0.25451207160949707,4.745487928390503,-0.4,-0.4,
1785152441.0279593,10.33859052600019,-4.444444444444445,-6.802677646416627,-4.444444444444445,-6.541036198477525,-0.4,-0.6182274317960619,0.0,-0.01236640498087661,-1.8680551459904737,0.0013398627057277725,-0.006885833450791001,before_ekf,-0.6182274317960619,-0.01236640498087661,-1.8680551459904737,0.0013398627057277725,-0.006885833450791001,-0.5977643388011151,0.00623466628449554,-3.6858974408353027,0.01980688424229995,-0.012017494211778779,nan,nan,nan,nan,nan,nan,nan,nan,,0.05233974200018565,0.04195606299981591,0.031340270001237513,0.031340270001237513,0.020808934999877238,nan,nan,profile,1,1,3,3,0.33878326416015625,4.661216735839844,-0.4,-0.4,
1785152441.100473,10.41110461199969,-4.444444444444445,-6.800808688240137,-4.444444444444445,-6.800808688240137,-0.4,-0.6076700331698677,0.0,-0.016457983313390982,-1.9685830945280287,0.002114838530082663,-0.009640166831108804,before_ekf,-0.6076700331698677,-0.016457983313390982,-1.9685830945280287,0.002114838530082663,-0.009640166831108804,-0.5935101268250971,0.007347445815591589,-3.7253944336512923,0.020280265303873966,-0.011542921204161335,nan,nan,nan,nan,nan,nan,nan,nan,,0.051704740999412024,0.041453374000411713,0.031043593000504188,0.031043593000504188,0.02061599399894476,nan,nan,profile,1,1,3,3,0.4113180637359619,4.588681936264038,-0.4,-0.4,
1785152441.1742654,10.484897000000274,-4.444444444444445,-6.548980358875293,-4.444444444444445,-6.548980358875293,-0.4,-0.6029077559006738,0.0,-0.016457983313390982,-1.9882171362542378,0.00230411983141008,-0.009640166831108804,before_ekf,-0.6029077559006738,-0.016457983313390982,-1.9882171362542378,0.00230411983141008,-0.009640166831108804,-0.5697042859678438,0.0073749154926549074,-3.8024468733371926,0.02115465918463432,-0.010466655600589899,nan,nan,nan,nan,nan,nan,nan,nan,,0.04152924000118219,0.11524576200099546,0.031071752000570996,0.031071752000570996,0.020642510000470793,nan,nan,profile,1,1,3,3,0.4850893020629883,4.514910697937012,-0.4,-0.4,
1785152441.2584229,10.569053822999194,-4.444444444444445,-6.545457604290646,-4.444444444444445,-6.545457604290646,-0.4,-0.6021186109387717,0.0,-0.012329314237583912,-2.0282705813757045,0.002690253686117997,-0.009640166831108804,before_ekf,-0.6021186109387717,-0.012329314237583912,-2.0282705813757045,0.002690253686117997,-0.009640166831108804,-0.5501741393278702,0.007872664302023328,-3.8392431927226864,0.0215397052831303,-0.009948969759097981,nan,nan,nan,nan,nan,nan,nan,nan,,0.051920437999797286,0.04160620299990114,0.031195546998787904,0.031195546998787904,0.020747237000250607,nan,nan,profile,1,1,3,3,0.5692529678344727,4.430747032165527,-0.4,-0.4,
1785152441.3418055,10.652436909000244,-4.444444444444445,-6.538912791338954,-4.444444444444445,-6.8004693029925125,-0.4,-0.6023067719003151,0.0,-0.004091295223295358,-2.0687170856790362,0.003038261940417722,-0.008263000140949519,before_ekf,-0.6023067719003151,-0.004091295223295358,-2.0687170856790362,0.003038261940417722,-0.008263000140949519,-0.5255995875704663,0.0035749160664236574,-3.874387610199411,0.021896585954489334,-0.009651293495279043,nan,nan,nan,nan,nan,nan,nan,nan,,0.051898256000640686,0.04161876000034681,0.031262092999895685,0.031262092999895685,0.02072448500075552,nan,nan,profile,1,1,3,3,0.6526103019714355,4.3473896980285645,-0.4,-0.4,
1785152441.4254606,10.736091774999295,-4.444444444444445,-6.539259115874649,-4.444444444444445,-6.800829480509636,-0.4,-0.6010009322864277,0.0,0.00825727946215148,-2.168852671403416,0.0037686220746009588,-0.006885833450791782,before_ekf,-0.6010009322864277,0.00825727946215148,-2.168852671403416,0.0037686220746009588,-0.006885833450791782,-0.5029819202698605,0.0016116511897859257,-3.908078658677121,0.022224951134617723,-0.009518375682601832,nan,nan,nan,nan,nan,nan,nan,nan,,0.05196373899889295,0.041228550999221625,0.03088211799877172,0.03088211799877172,0.0206101679996209,nan,nan,profile,1,1,3,3,0.7362487316131592,4.263751268386841,-0.4,-0.4,
1785152441.4979787,10.808609743000488,-4.444444444444445,-6.81187855050824,-4.444444444444445,-6.81187855050824,-0.4,-0.5994386033270486,0.0,0.004140556902996252,-2.2085142370730377,0.004055520359825418,-0.008263000140950298,before_ekf,-0.5994386033270486,0.004140556902996252,-2.2085142370730377,0.004055520359825418,-0.008263000140950298,-0.4802466235615992,0.002993302293196224,-3.9402466237762788,0.02252915389051629,-0.009335870406915973,nan,nan,nan,nan,nan,nan,nan,nan,,0.05167343600078311,0.041439161001108005,0.03105834600137314,0.03105834600137314,0.02067410000017844,nan,nan,profile,1,1,3,3,0.8087794780731201,4.19122052192688,-0.4,-0.4,
1785152441.5712206,10.881851709998955,-4.444444444444445,-6.81002865282924,-4.444444444444445,-6.548104473874269,-0.4,-0.5996977898578891,0.0,0.004140556902998579,-2.228148520852226,0.0042177621419471,-0.008263000140950298,before_ekf,-0.5996977898578891,0.004140556902998579,-2.228148520852226,0.0042177621419471,-0.008263000140950298,-0.45840495229208106,0.003617577035242887,-3.9709944655745195,0.022815273531925584,-0.00910218397457818,nan,nan,nan,nan,nan,nan,nan,nan,,0.04175005999968562,0.11468112799957453,0.03124144499997783,0.03124144499997783,0.020751361998918583,nan,nan,profile,1,1,3,3,0.8820657730102539,4.117934226989746,-0.4,-0.4,
1785152441.6548975,10.965528875000018,-4.444444444444445,-6.808056576632625,-4.444444444444445,-6.808056576632625,-0.4,-0.5972187696954963,0.0,-0.004117637202175299,-2.267809411751411,0.004586320244167903,-0.009640166831108805,before_ekf,-0.5972187696954963,-0.004117637202175299,-2.267809411751411,0.004586320244167903,-0.009640166831108805,-0.43595739794550387,0.0016298742113428854,-4.000285953410773,0.023084518085130803,-0.008969687548888494,nan,nan,nan,nan,nan,nan,nan,nan,,0.0521949650010356,0.04187667999940459,0.03152428300018073,0.03152428300018073,0.021181338999667787,nan,nan,profile,1,1,3,3,0.9656741619110107,4.034325838088989,-0.4,-0.4,
1785152441.7386887,11.0492951060005,-4.444444444444445,-6.80693975749014,-4.444444444444445,-6.545134382202057,-0.4,-0.5969885179178089,0.0,-0.012377723131953604,-2.307470036765297,0.004982458477252674,-0.011017333521267318,before_ekf,-0.5969885179178089,-0.012377723131953604,-2.307470036765297,0.004982458477252674,-0.011017333521267318,-0.4055035782658098,0.003127612371035482,-4.042191746532935,0.023458115136212127,-0.008724011860063552,nan,nan,nan,nan,nan,nan,nan,nan,,0.0521302300003299,0.041758518000278855,0.031295635000788025,0.031295635000788025,0.020783938000022317,nan,nan,profile,1,1,3,3,1.0496881008148193,3.9503118991851807,-0.4,-0.4,
1785152441.8230412,11.133672631000081,-4.444444444444445,-6.544466634999909,-4.444444444444445,-6.806245300399906,-0.4,-0.5959367001934825,0.0,-0.016500792853574402,-2.3471300786210474,0.005433215609098804,-0.012394500211426608,before_ekf,-0.5959367001934825,-0.016500792853574402,-2.3471300786210474,0.005433215609098804,-0.012394500211426608,-0.3787055658353736,0.008931827239262105,-4.080561200314599,0.023780078489832924,-0.007984511751430112,nan,nan,nan,nan,nan,nan,nan,nan,,0.05252268100048241,0.041737305000424385,0.031194741999570397,0.031194741999570397,0.020610958999895956,nan,nan,profile,1,1,3,3,1.1338307857513428,3.8661692142486572,-0.4,-0.4,
1785152441.897856,11.208487226000216,-4.444444444444445,-6.54309701149092,-4.444444444444445,-6.54309701149092,-0.4,-0.5950885318024792,0.0,-0.012383008166284433,-2.4464751376594083,0.006678402787734749,-0.01377166690158512,before_ekf,-0.5950885318024792,-0.012383008166284433,-2.4464751376594083,0.006678402787734749,-0.01377166690158512,-0.3624376136237054,0.013569259247043237,-4.129861816921294,0.02415645413097308,-0.006485004809221095,nan,nan,nan,nan,nan,nan,nan,nan,,0.05264171499948134,0.041794226001002244,0.031285577000744524,0.031285577000744524,0.020820338000703487,nan,nan,profile,1,1,3,3,1.2086584568023682,3.791341543197632,-0.4,-0.4,
1785152441.9707494,11.281380733000333,-4.444444444444445,-6.549273093507634,-4.444444444444445,-6.81124401724794,-0.4,-0.5962000826816476,0.0,-0.008254457128330122,-2.4665010752305427,0.006940418751947435,-0.012394500211426608,before_ekf,-0.5962000826816476,-0.008254457128330122,-2.4665010752305427,0.006940418751947435,-0.012394500211426608,-0.3631552335548928,0.012873237328275933,-4.154275887927938,0.024316216419471428,-0.005614752179552874,nan,nan,nan,nan,nan,nan,nan,nan,,0.04163347299981979,0.11468773300111934,0.03124788199966133,0.03124788199966133,0.020894575000056648,nan,nan,profile,1,1,3,3,1.2815313339233398,3.71846866607666,-0.4,-0.4,
1785152442.0432148,11.353846116999193,-4.444444444444445,-6.548339147190275,-4.444444444444445,-6.810272713077887,-0.4,-0.5961113563268639,0.0,6.750032865503186e-06,-2.5257942464662055,0.00766157384523091,-0.011017333521267318,before_ekf,-0.5961113563268639,6.750032865503186e-06,-2.5257942464662055,0.00766157384523091,-0.011017333521267318,-0.3631552335548928,0.012873237328275933,-4.154275887927938,0.024316216419471428,-0.005614752179552874,nan,nan,nan,nan,nan,nan,nan,nan,,0.041286369998488226,0.03098447699994722,0.020614006998584955,0.020614006998584955,0.09335995899891714,nan,nan,profile,1,1,3,3,1.3539979457855225,3.6460020542144775,-0.4,-0.4,
1785152442.1265583,11.437188456000513,-4.444444444444445,-6.5457443286080705,-4.444444444444445,-6.5457443286080705,-0.4,-0.5960738089178681,0.0,-3.7834323156290012e-06,-2.565453971794139,0.008139369727023438,-0.012394500211426608,before_ekf,-0.5960738089178681,-3.7834323156290012e-06,-2.565453971794139,0.008139369727023438,-0.012394500211426608,-0.36524392558186614,0.012593469131344213,-4.190855813966663,0.024523307617275315,-0.004342086508774656,nan,nan,nan,nan,nan,nan,nan,nan,,0.0522823219998827,0.04201994499999273,0.03161486499993771,0.03161486499993771,0.020904284001517226,nan,nan,profile,1,1,3,3,1.437499761581421,3.562500238418579,-0.4,-0.4,
1785152442.1995168,11.510148175999348,-4.444444444444445,-6.545519660300573,-4.444444444444445,-6.545519660300573,-0.4,-0.5973487867964234,0.0,0.004121818851239212,-2.585480251214343,0.008373806397325018,-0.011017333521267318,before_ekf,-0.5973487867964234,0.004121818851239212,-2.585480251214343,0.008373806397325018,-0.011017333521267318,-0.37224651253063273,0.01246437838138994,-4.228276114030885,0.024678218114468863,-0.003094119711717802,nan,nan,nan,nan,nan,nan,nan,nan,,0.05169913299869222,0.04144823199931125,0.03110184099932667,0.03110184099932667,0.02079507099915645,nan,nan,profile,1,1,3,3,1.5103082656860352,3.489691734313965,-0.4,-0.4,
1785152442.2617815,11.572412835999785,-4.444444444444445,-6.544644111699163,-4.444444444444445,-6.544644111699163,-0.4,-0.5971212281128521,0.0,0.004121818851236869,-2.625533126582857,0.00881510013887591,-0.011017333521267318,before_ekf,-0.5971212281128521,0.004121818851236869,-2.625533126582857,0.00881510013887591,-0.011017333521267318,-0.37224651253063273,0.01246437838138994,-4.228276114030885,0.024678218114468863,-0.003094119711717802,nan,nan,nan,nan,nan,nan,nan,nan,,0.03111124200040649,0.10371289199974854,0.020650999000281445,0.020650999000281445,0.08305973099959374,nan,nan,profile,1,1,3,3,1.572620153427124,3.427379846572876,-0.4,-0.4,
1785152442.3448992,11.655530333999195,-4.444444444444445,-6.545404779057455,-4.444444444444445,-6.545404779057455,-0.4,-0.5957873898240837,0.0,0.008228931618417477,-2.6651934723060804,0.00923827753217782,-0.009640166831108027,before_ekf,-0.5957873898240837,0.008228931618417477,-2.6651934723060804,0.00923827753217782,-0.009640166831108027,-0.3785997967921006,0.012442376989499961,-4.265986177943846,0.024797638667569614,-0.0018487329023657577,nan,nan,nan,nan,nan,nan,nan,nan,,0.05161966599916923,0.041415752999455435,0.031068591999428463,0.031068591999428463,0.020612498999980744,nan,nan,profile,1,1,3,3,1.655691146850586,3.344308853149414,-0.4,-0.4,
1785152442.4278092,11.738440711000294,-4.444444444444445,-6.801103257249171,-4.444444444444445,-6.539522362739587,-0.4,-0.599759022839987,0.0,0.012372414105776686,-2.7256668019499117,0.009766103216465927,-0.006885833450791005,before_ekf,-0.599759022839987,0.012372414105776686,-2.7256668019499117,0.009766103216465927,-0.006885833450791005,-0.38458824082331,0.010120040778471055,-4.291737462516622,0.024850224003753453,-0.0011481505438433184,nan,nan,nan,nan,nan,nan,nan,nan,,0.05182139600037772,0.04157256399957987,0.031162625000433763,0.031162625000433763,0.020539226999972016,nan,nan,profile,1,1,3,3,1.7385869026184082,3.261413097381592,-0.4,-0.4,
1785152442.5002055,11.810836528999062,-4.444444444444445,-6.7999055702991935,-4.444444444444445,-6.538370740672301,-0.4,-0.6021134281296212,0.0,0.0123834575062065,-2.8057753128329166,0.010345307865123502,-0.006885833450791005,before_ekf,-0.6021134281296212,0.0123834575062065,-2.8057753128329166,0.010345307865123502,-0.006885833450791005,-0.3897804658513199,0.00910632156497949,-4.317872136371243,0.024883702407207234,-0.0005290554875281295,nan,nan,nan,nan,nan,nan,nan,nan,,0.05164007199891785,0.0413896569989447,0.030946307999329292,0.030946307999329292,0.020602714999768068,nan,nan,profile,1,1,3,3,1.8110082149505615,3.1889917850494385,-0.4,-0.4,
1785152442.5734067,11.884038094000061,-4.444444444444445,-6.288399522295484,-4.444444444444445,-6.288399522295484,-0.4,-0.6019431542874903,0.0,0.012383457506204166,-2.8261951809707018,0.010485917898542054,-0.006885833450791005,before_ekf,-0.6019431542874903,0.012383457506204166,-2.8261951809707018,0.010485917898542054,-0.006885833450791005,-0.3938486593170226,0.006377596064778302,-4.344242737989837,0.024902858897900698,-7.266474977818405e-05,nan,nan,nan,nan,nan,nan,nan,nan,,0.042025320000902866,0.11459122199994454,0.03158678100044199,0.03158678100044199,0.02127117500094755,nan,nan,profile,1,1,3,3,1.8842031955718994,3.1157968044281006,-0.4,-0.4,
1785152442.6568458,11.967476961999637,-4.444444444444445,-6.286430299635955,-4.444444444444445,-6.286430299635955,-0.4,-0.6008276905474979,0.0,0.00825458622594785,-2.8858838237159214,0.010924512513780805,-0.006885833450790226,before_ekf,-0.6008276905474979,0.00825458622594785,-2.8858838237159214,0.010924512513780805,-0.006885833450790226,-0.39689675968419386,0.004675360730603478,-4.384118982285905,0.02490516419728472,0.00043106346615839897,nan,nan,nan,nan,nan,nan,nan,nan,,0.05214221499954874,0.04181376599990472,0.031184593999569188,0.031184593999569188,0.020855353999650106,nan,nan,profile,1,1,3,3,1.9676663875579834,3.0323336124420166,-0.4,-0.4,
1785152442.7402873,12.050918033999551,-4.444444444444445,-6.01831627716327,-4.444444444444445,-5.756650352069214,-0.4,-0.6019426641075324,0.0,0.0041200066393884995,-2.906303691853706,0.011065122547199338,-0.006885833450790226,before_ekf,-0.6019426641075324,0.0041200066393884995,-2.906303691853706,0.011065122547199338,-0.006885833450790226,-0.3984164395960699,0.0022006502975820286,-4.410711923667101,0.024897622861509046,0.0006178267076113464,nan,nan,nan,nan,nan,nan,nan,nan,,0.05210567699941748,0.04174147699995956,0.031231918999765185,0.031231918999765185,0.020762289999765926,nan,nan,profile,1,1,3,3,2.0511326789855957,2.9488673210144043,-0.4,-0.4,
1785152442.823605,12.134236177000275,-4.444444444444445,-5.507779688159178,-4.444444444444445,-5.245504464913502,-0.4,-0.6007013099576741,0.0,-2.0873444257046157e-05,-3.0060468939113485,0.011751948479666848,-0.006885833450790226,before_ekf,-0.6007013099576741,-2.0873444257046157e-05,-3.0060468939113485,0.011751948479666848,-0.006885833450790226,-0.39714375118907097,0.000444270512770151,-4.463863328120711,0.024865883340527563,0.0007739162266751088,nan,nan,nan,nan,nan,nan,nan,nan,,0.051941484000053606,0.04140237600040564,0.030935673999920255,0.030935673999920255,0.020582078001098125,nan,nan,profile,1,1,3,3,2.13441801071167,2.86558198928833,-0.4,-0.4,
1785152442.8978574,12.208488700000089,-4.444444444444445,-4.976416459125083,-4.444444444444445,-4.976416459125083,-0.4,-0.5985390888689761,0.0,-2.0873444257046157e-05,-3.0256813825053728,0.011887150434876979,-0.006885833450790226,before_ekf,-0.5985390888689761,-2.0873444257046157e-05,-3.0256813825053728,0.011887150434876979,-0.006885833450790226,-0.3961012689635521,-0.0019988315766324245,-4.490351564845408,0.024848483472972863,0.0006783360400515193,nan,nan,nan,nan,nan,nan,nan,nan,,0.05259179600034258,0.04215493999981845,0.031842888000028324,0.031842888000028324,0.021254659000987886,nan,nan,profile,1,1,3,3,2.208641290664673,2.791358709335327,-0.4,-0.4,
1785152442.970395,12.281026540998937,-4.444444444444445,-4.978305526420299,-4.444444444444445,-4.978305526420299,-0.4,-0.5995245850264551,0.0,-0.004134816358999662,-3.066128114711326,0.012207578218297887,-0.008263000140948742,before_ekf,-0.5995245850264551,-0.004134816358999662,-3.066128114711326,0.012207578218297887,-0.008263000140948742,-0.3952409734220727,-0.0009047528377161902,-4.516760621816791,0.0248298189208239,0.0006026526326783356,nan,nan,nan,nan,nan,nan,nan,nan,,0.04136104899953352,0.11469278099866642,0.031009705999167636,0.031009705999167636,0.02059095999902638,nan,nan,profile,1,1,3,3,2.2811732292175293,2.7188267707824707,-0.4,-0.4,
1785152443.0531678,12.363799270000527,-4.444444444444445,-4.710044696938129,-4.444444444444445,-4.710044696938129,-0.4,-0.5983745577004543,0.0,-0.00827867993693783,-3.1057892476634907,0.012549096801312927,-0.009640166831105695,before_ekf,-0.5983745577004543,-0.00827867993693783,-3.1057892476634907,0.012549096801312927,-0.009640166831105695,-0.39490697281546977,-0.00040555232985162745,-4.54317461523846,0.024813853155749525,0.0005691019897202665,nan,nan,nan,nan,nan,nan,nan,nan,,0.05168497500017111,0.04140068900051119,0.031000446000689408,0.031000446000689408,0.020635363000110374,nan,nan,profile,1,1,3,3,2.3639321327209473,2.6360678672790527,-0.4,-0.4,
1785152443.136802,12.447433568000633,-4.444444444444445,-4.185565937777542,-4.444444444444445,-4.185565937777542,-0.4,-0.6004426415683743,0.0,-0.008241008031885863,-3.166262601139798,0.013076381856506222,-0.009640166831106474,before_ekf,-0.6004426415683743,-0.008241008031885863,-3.166262601139798,0.013076381856506222,-0.009640166831106474,-0.39470743701753197,-0.0001750489363712008,-4.569590225654531,0.02479904874079,0.0005545532302093648,nan,nan,nan,nan,nan,nan,nan,nan,,0.05190366300121241,0.04169375600031344,0.03133351100041182,0.03133351100041182,0.020934906000547926,nan,nan,profile,1,1,3,3,2.447603225708008,2.552396774291992,-0.4,-0.4,
1785152443.2198522,12.530482345000564,-4.444444444444445,-3.9223468759565145,-4.444444444444445,-3.9223468759565145,-0.4,-0.5995584252933502,0.0,-0.004078420829546236,-3.1862894503127746,0.013255658657399517,-0.008263000140947965,before_ekf,-0.5995584252933502,-0.004078420829546236,-3.1862894503127746,0.013255658657399517,-0.008263000140947965,-0.39564983925596997,-0.0023333765987287726,-4.596036086760455,0.02478754264871413,0.0004250505517626734,nan,nan,nan,nan,nan,nan,nan,nan,,0.051916596999944886,0.04169714800082147,0.03131624600064242,0.03131624600064242,0.020872949000477092,nan,nan,profile,1,1,3,3,2.530726194381714,2.469273805618286,-0.4,-0.4,
1785152443.2935865,12.604217498999787,-4.444444444444445,-3.9274502501175,-4.444444444444445,-4.189280266792,-0.4,-0.6046275511560211,0.0,0.004190205859710707,-3.2872104178151376,0.013991967714279931,-0.006885833450791007,before_ekf,-0.6046275511560211,0.004190205859710707,-3.2872104178151376,0.013991967714279931,-0.006885833450791007,-0.3968347175952564,-0.001049724046732148,-4.622535773022215,0.024775415829422578,0.00033989125185085456,nan,nan,nan,nan,nan,nan,nan,nan,,0.05259566499989887,0.042237890000251355,0.031726159000754706,0.031726159000754706,0.021023442999648978,nan,nan,profile,1,1,3,3,2.6044435501098633,2.3955564498901367,-0.4,-0.4,
1785152443.3673408,12.677972278999732,-4.444444444444445,-3.9343674411900773,-4.444444444444445,-3.9343674411900773,-0.4,-0.6055270411424533,0.0,0.008334069437651203,-3.3076302859529223,0.014132577747698475,-0.006885833450790228,before_ekf,-0.6055270411424533,0.008334069437651203,-3.3076302859529223,0.014132577747698475,-0.006885833450790228,-0.3988927289589069,-0.005438866775712958,-4.662410778298349,0.02476793931660881,-5.680049660838903e-06,nan,nan,nan,nan,nan,nan,nan,nan,,0.04211396800019429,0.11599267000019609,0.0316438139998354,0.0316438139998354,0.021265384000798804,nan,nan,profile,1,1,3,3,2.6781342029571533,2.3218657970428467,-0.4,-0.4,
1785152443.4506767,12.761307959999613,-4.444444444444445,-3.9261266765057417,-4.444444444444445,-3.9261266765057417,-0.4,-0.6043407083458853,0.0,0.0042235817770500065,-3.347684819943141,0.014380808890560327,-0.006885833450790228,before_ekf,-0.6043407083458853,0.0042235817770500065,-3.347684819943141,0.014380808890560327,-0.006885833450790228,-0.40263195131283896,-0.009567223934735802,-4.702717591421985,0.02478044029958186,-0.0008397562918096568,nan,nan,nan,nan,nan,nan,nan,nan,,0.05170219899991935,0.041430052999203326,0.031014320000394946,0.031014320000394946,0.020722249999380438,nan,nan,profile,1,1,3,3,2.761467933654785,2.238532066345215,-0.4,-0.4,
1785152443.5342565,12.844887810000728,-4.444444444444445,-4.19106964374423,-4.444444444444445,-4.19106964374423,-0.4,-0.6029836959421714,0.0,-0.008228680631236837,-3.4073730299709037,0.014874023803589872,-0.009640166831105697,before_ekf,-0.6029836959421714,-0.008228680631236837,-3.4073730299709037,0.014874023803589872,-0.009640166831105697,-0.40398760355266145,-0.01327398183513998,-4.7296980002372,0.024807733629574644,-0.001668094313731494,nan,nan,nan,nan,nan,nan,nan,nan,,0.052336442000523675,0.04208676100097364,0.031731541001136065,0.031731541001136065,0.02103142600026331,nan,nan,profile,1,1,3,3,2.8450846672058105,2.1549153327941895,-0.4,-0.4,
1785152443.6076932,12.918324423999366,-4.444444444444445,-4.203535956710374,-4.444444444444445,-3.9408149594159747,-0.4,-0.6006053927421015,0.0,-0.008228680631236837,-3.427007071697113,0.01506330510491723,-0.009640166831105697,before_ekf,-0.6006053927421015,-0.008228680631236837,-3.427007071697113,0.01506330510491723,-0.009640166831105697,-0.40512359436470197,-0.01730587035586847,-4.756798771220892,0.024857685917144188,-0.0027659811866325157,nan,nan,nan,nan,nan,nan,nan,nan,,0.05220605799877376,0.04187015400020755,0.03150116500000877,0.03150116500000877,0.020679363999079214,nan,nan,profile,1,1,3,3,2.918508768081665,2.081491231918335,-0.4,-0.4,
1785152443.6799684,12.99059945999943,-4.444444444444445,-4.45925374424045,-4.444444444444445,-4.1969447004616,-0.4,-0.5994243089653396,0.0,-0.004120522001115039,-3.4670602382724667,0.01547701896843254,-0.009640166831106476,before_ekf,-0.5994243089653396,-0.004120522001115039,-3.4670602382724667,0.01547701896843254,-0.009640166831106476,-0.4046766313022871,-0.01688221980492579,-4.783778748696276,0.024931856418302676,-0.003895078780432826,nan,nan,nan,nan,nan,nan,nan,nan,,0.041224943999623065,0.11414519000027212,0.030926293999073096,0.030926293999073096,0.020628561000194168,nan,nan,profile,1,1,3,3,2.990764856338501,2.009235143661499,-0.4,-0.4,
1785152443.762938,13.073569698999563,-4.444444444444445,-4.452664667900722,-4.444444444444445,-4.452664667900722,-0.4,-0.5961434050228813,0.0,-0.008274445245013556,-3.566407221799751,0.01655781056482994,-0.011017333521264208,before_ekf,-0.5961434050228813,-0.008274445245013556,-3.566407221799751,0.01655781056482994,-0.011017333521264208,-0.4045981095315595,-0.016672653803978425,-4.810779367800026,0.02503676192362536,-0.00500851168751737,nan,nan,nan,nan,nan,nan,nan,nan,,0.051828304000082426,0.041530434999003774,0.031076150999069796,0.031076150999069796,0.020614995999494568,nan,nan,profile,1,1,3,3,3.0737361907958984,1.9262638092041016,-0.4,-0.4,
1785152443.8466458,13.157276080999509,-4.444444444444445,-4.453366801190099,-4.444444444444445,-4.191404048178916,-0.4,-0.5973931316526598,0.0,-0.004159977487650974,-3.6064597806401593,0.017026683905430533,-0.011017333521263429,before_ekf,-0.5973931316526598,-0.004159977487650974,-3.6064597806401593,0.017026683905430533,-0.011017333521263429,-0.4043761025712394,-0.012038329575018226,-4.837913084063837,0.025167105355008153,-0.0058726250380858325,nan,nan,nan,nan,nan,nan,nan,nan,,0.052027071000338765,0.0417940749994159,0.03130680299909727,0.03130680299909727,0.02084261199888715,nan,nan,profile,1,1,3,3,3.157487154006958,1.842512845993042,-0.4,-0.4,
1785152443.929976,13.240606888999537,-4.444444444444445,-4.448207488511294,-4.444444444444445,-4.448207488511294,-0.4,-0.5974179315670289,0.0,-0.004159977487650974,-3.6260935430757057,0.01724300436697501,-0.011017333521263429,before_ekf,-0.5974179315670289,-0.004159977487650974,-3.6260935430757057,0.01724300436697501,-0.011017333521263429,-0.4036850804590278,-0.007693462116163855,-4.864784871287525,0.025319653373731134,-0.006434773302803175,nan,nan,nan,nan,nan,nan,nan,nan,,0.051799241999106016,0.04154408899921691,0.031185841999104014,0.031185841999104014,0.020678081998994458,nan,nan,profile,1,1,3,3,3.240816593170166,1.759183406829834,-0.4,-0.4,
1785152444.002357,13.312988239000333,-4.444444444444445,-4.44933172201441,-4.444444444444445,-4.44933172201441,-0.4,-0.5974606728642737,0.0,-0.0041377981715449855,-3.686172052147678,0.01797389382871656,-0.012394500211421163,before_ekf,-0.5974606728642737,-0.0041377981715449855,-3.686172052147678,0.01797389382871656,-0.012394500211421163,-0.4045596935922597,-0.00344513827951751,-4.891743278079585,0.025487809725202988,-0.006713974725249374,nan,nan,nan,nan,nan,nan,nan,nan,,0.05145793300107471,0.04122520300006727,0.030864240001392318,0.030864240001392318,0.020530847001282382,nan,nan,profile,1,1,3,3,3.3131539821624756,1.6868460178375244,-0.4,-0.4,
1785152444.074947,13.385578261999399,-4.444444444444445,-4.450918916076141,-4.444444444444445,-4.450918916076141,-0.4,-0.598300142293693,0.0,-2.421257615166858e-05,-3.706198331567882,0.018208330499016788,-0.011017333521263429,before_ekf,-0.598300142293693,-2.421257615166858e-05,-3.706198331567882,0.018208330499016788,-0.011017333521263429,-0.4048993030459913,0.0059340060628375775,-4.945784221549468,0.02583829983108384,-0.006415787567651599,nan,nan,nan,nan,nan,nan,nan,nan,,0.041364184999110876,0.11381522599913296,0.030988611999418936,0.030988611999418936,0.02066755299892975,nan,nan,profile,1,1,3,3,3.3857409954071045,1.6142590045928955,-0.4,-0.4,
1785152444.158213,13.468842420999863,-4.444444444444445,-4.430141256682832,-4.444444444444445,-4.6907378011935865,-0.4,-0.5980263898943553,0.0,-4.440257301465342e-05,-3.74625089040829,0.018677203839617247,-0.011017333521263429,before_ekf,-0.5980263898943553,-4.440257301465342e-05,-3.74625089040829,0.018677203839617247,-0.011017333521263429,-0.4031288284796793,0.007351098079253482,-4.986136938101705,0.026095552918256004,-0.005750451086833583,nan,nan,nan,nan,nan,nan,nan,nan,,0.05210338899996714,0.041841501000817516,0.03143233999981021,0.03143233999981021,0.020991138999306713,nan,nan,profile,1,1,3,3,3.4690866470336914,1.5309133529663086,-0.4,-0.4,
1785152444.2415004,13.552131836000626,-4.444444444444445,-4.449773593104037,-4.444444444444445,-4.449773593104037,-0.4,-0.5970653388978409,0.0,0.012394724025897228,-3.7855192097074064,0.019028726863234403,-0.008263000140947187,before_ekf,-0.5970653388978409,0.012394724025897228,-3.7855192097074064,0.019028726863234403,-0.008263000140947187,-0.40084639829474406,0.003265483271939115,-5.012953064904954,0.026254701475789514,-0.005487141626788982,nan,nan,nan,nan,nan,nan,nan,nan,,0.0517710399999487,0.04154374700010521,0.03110481900148443,0.03110481900148443,0.02077625700076169,nan,nan,profile,1,1,3,3,3.5523452758789062,1.4476547241210938,-0.4,-0.4,
1785152444.3274043,13.638035420999586,-4.444444444444445,-4.447269794629245,-4.444444444444445,-4.1856656890628186,-0.4,-0.573644819188748,0.0,0.012391022029782076,-3.8774074455320147,0.01981235402085029,-0.008263000140947187,before_ekf,-0.573644819188748,0.012391022029782076,-3.8774074455320147,0.01981235402085029,-0.008263000140947187,-0.39780491600206735,0.003757295722075513,-5.039495049437564,0.02639979203341687,-0.005242194232151665,nan,nan,nan,nan,nan,nan,nan,nan,,0.054353086999981315,0.04344358900016232,0.032760932999735815,0.032760932999735815,0.022044928999093827,nan,nan,profile,1,1,3,3,3.6382100582122803,1.3617899417877197,-0.4,-0.4,
1785152444.401077,13.711707534999732,-4.444444444444445,-4.46512307703776,-4.444444444444445,-4.46512307703776,-0.4,-0.5644530908872785,0.0,0.004148177068048591,-3.8942928281680533,0.019963508970623066,-0.009640166831105699,before_ekf,-0.5644530908872785,0.004148177068048591,-3.8942928281680533,0.019963508970623066,-0.009640166831105699,-0.39436742439629563,0.001703279184486485,-5.065805176206122,0.026540268278044572,-0.005105770576897316,nan,nan,nan,nan,nan,nan,nan,nan,,0.05252302900044015,0.042066079999131034,0.03156385699912789,0.03156385699912789,0.02085868600079266,nan,nan,profile,1,1,3,3,3.711942434310913,1.288057565689087,-0.4,-0.4,
1785152444.4743114,13.784942095999213,-4.444444444444445,-4.453091562079695,-4.444444444444445,-4.191144999604419,-0.4,-0.5421835140189664,0.0,0.00830484159062166,-3.9268854392198733,0.020266629750730854,-0.008263000140948745,before_ekf,-0.5421835140189664,0.00830484159062166,-3.9268854392198733,0.020266629750730854,-0.008263000140948745,-0.392003019100214,0.0035535984351467206,-5.105154975957948,0.026736498393650516,-0.004788580851415427,nan,nan,nan,nan,nan,nan,nan,nan,,0.041799254999205004,0.11530064099861193,0.03120662899891613,0.03120662899891613,0.020783669999218546,nan,nan,profile,1,1,3,3,3.7851743698120117,1.2148256301879883,-0.4,-0.4,
1785152444.55873,13.869360483000492,-4.444444444444445,-4.44992908961077,-4.444444444444445,-4.44992908961077,-0.4,-0.5161908541945761,0.0,-1.7760244885675848e-06,-3.9575149219154073,0.02051972693084063,-0.008263000140947966,before_ekf,-0.5161908541945761,-1.7760244885675848e-06,-3.9575149219154073,0.02051972693084063,-0.008263000140947966,-0.3909283509143556,0.001670455437705448,-5.131231494868836,0.026863416843487097,-0.004646563835685846,nan,nan,nan,nan,nan,nan,nan,nan,,0.05287545700048213,0.04178249500000675,0.03139572400141333,0.03139572400141333,0.020859599000687012,nan,nan,profile,1,1,3,3,3.869540214538574,1.1304597854614258,-0.4,-0.4,
1785152444.6420991,13.952730491999318,-4.444444444444445,-4.4465236024729675,-4.444444444444445,-4.4465236024729675,-0.4,-0.4947719067106733,0.0,-6.969617924518224e-06,-3.988144569207499,0.020751733082629755,-0.008263000140948745,before_ekf,-0.4947719067106733,-6.969617924518224e-06,-3.988144569207499,0.020751733082629755,-0.008263000140948745,-0.3943402152243886,0.006924532338888047,-5.18368414128288,0.027096577998022453,-0.004012762794656234,nan,nan,nan,nan,nan,nan,nan,nan,,0.05201419399963925,0.041769376999582164,0.0308961039991118,0.0308961039991118,0.020559786999001517,nan,nan,profile,1,1,3,3,3.952887535095215,1.0471124649047852,-0.4,-0.4,
1785152444.7248876,14.03551817600055,-4.444444444444445,-4.447002773558471,-4.444444444444445,-4.447002773558471,-0.4,-0.4511589665557432,0.0,0.004131280932274157,-4.044691306491561,0.021218989415140083,-0.008263000140949524,before_ekf,-0.4511589665557432,0.004131280932274157,-4.044691306491561,0.021218989415140083,-0.008263000140949524,-0.3968944748941051,0.007734936379961075,-5.223295333509302,0.027254754039306956,-0.0032792402982422253,nan,nan,nan,nan,nan,nan,nan,nan,,0.05163730000094802,0.041459945001406595,0.031131319999985863,0.031131319999985863,0.020772003001184203,nan,nan,profile,1,1,3,3,4.035765886306763,0.9642341136932373,-0.4,-0.4,
1785152444.7978046,14.108435861999169,-4.444444444444445,-4.453766018509942,-4.444444444444445,-4.453766018509942,-0.4,-0.4287684575145311,0.0,-5.193593431247756e-06,-4.069823189728922,0.021426658896255786,-0.008263000140947966,before_ekf,-0.4287684575145311,-5.193593431247756e-06,-4.069823189728922,0.021426658896255786,-0.008263000140947966,-0.397539897723385,0.008052105346455311,-5.249796633711795,0.027341377952842333,-0.0027465629579244153,nan,nan,nan,nan,nan,nan,nan,nan,,0.051719115999731,0.041408437999052694,0.030986064999524388,0.030986064999524388,0.02059827299854078,nan,nan,profile,1,1,3,3,4.10858941078186,0.8914105892181396,-0.4,-0.4,
1785152444.8704336,14.181064795000566,-4.444444444444445,-4.452671483664442,-4.444444444444445,-4.714593335644704,-0.4,-0.3989550580223875,0.0,0.004092532572120444,-4.105950641045961,0.02167543044084855,-0.005508666760630939,before_ekf,-0.3989550580223875,0.004092532572120444,-4.105950641045961,0.02167543044084855,-0.005508666760630939,-0.39889181796125894,0.007501321389590044,-5.289738495262387,0.027443018349500244,-0.0018906004717971216,nan,nan,nan,nan,nan,nan,nan,nan,,0.04138951200002339,0.11403737100044964,0.03096602300138329,0.03096602300138329,0.02060570800131245,nan,nan,profile,1,1,3,3,4.1812098026275635,0.8187901973724365,-0.4,-0.4,
1785152444.95412,14.264749743999346,-4.444444444444445,-4.451152218225925,-4.444444444444445,-4.712984701650979,-0.4,-0.38160674757533297,0.0,0.008152841897749731,-4.130297514647859,0.021826316037489902,-0.005508666760630939,before_ekf,-0.38160674757533297,0.008152841897749731,-4.130297514647859,0.021826316037489902,-0.005508666760630939,-0.3988625956155919,0.010106340380592504,-5.316421304207093,0.027490656331455872,-0.0012578040557245096,nan,nan,nan,nan,nan,nan,nan,nan,,0.05247521799901733,0.04191392000029737,0.031554519999190234,0.031554519999190234,0.02115534099903016,nan,nan,profile,1,1,3,3,4.264978647232056,0.7350213527679443,-0.4,-0.4,
1785152445.0379336,14.348564452999199,-4.444444444444445,-4.447709389416237,-4.444444444444445,-4.709339353499544,-0.4,-0.3757984490256806,0.0,0.012281629018163931,-4.142471043802089,0.021884993917901354,-0.004131500070471648,before_ekf,-0.3757984490256806,0.012281629018163931,-4.142471043802089,0.021884993917901354,-0.004131500070471648,-0.4006073831024505,0.006834346625447851,-5.3431087679300076,0.027528043785074487,-0.000754944614121289,nan,nan,nan,nan,nan,nan,nan,nan,,0.05240363199845888,0.042060712999955285,0.031486882999161026,0.031486882999161026,0.020856074999755947,nan,nan,profile,1,1,3,3,4.348790168762207,0.651209831237793,-0.4,-0.4,
1785152445.121704,14.432335034000062,-4.444444444444445,-4.447772995858184,-4.444444444444445,-4.447772995858184,-0.4,-0.3629312040518141,0.0,0.016415439281521886,-4.190772649395753,0.022076170482577068,-0.002754333380313915,before_ekf,-0.3629312040518141,0.016415439281521886,-4.190772649395753,0.022076170482577068,-0.002754333380313915,-0.39846104709844127,0.0026616156348969362,-5.383016270198838,0.027562693139288667,-0.0002957482239667186,nan,nan,nan,nan,nan,nan,nan,nan,,0.05223531699994055,0.041772546001084265,0.03129652499956137,0.03129652499956137,0.02092028900005971,nan,nan,profile,1,1,3,3,4.432513475418091,0.5674865245819092,-0.4,-0.4,
1785152445.194915,14.505546540000068,-4.444444444444445,-4.453291939200086,-4.444444444444445,-4.715250288564796,-0.4,-0.36628539391989967,0.0,0.012267320245834004,-4.215905295291616,0.02214539434315593,-0.002754333380312358,before_ekf,-0.36628539391989967,0.012267320245834004,-4.215905295291616,0.02214539434315593,-0.002754333380312358,-0.3987345441742891,0.002535252507212586,-5.42290531076572,0.02757356700753749,-8.803453830097398e-05,nan,nan,nan,nan,nan,nan,nan,nan,,0.05227004200060037,0.041955134000090766,0.030976074000136578,0.030976074000136578,0.020568063000609982,nan,nan,profile,1,1,3,3,4.505686283111572,0.49431371688842773,-0.4,-0.4,
1785152445.2687478,14.579378889999134,-4.444444444444445,-4.454914869432272,-4.444444444444445,-4.454914869432272,-0.4,-0.3686793440437653,0.0,0.012411163302687545,-4.253211657283267,0.022205154048792145,-0.001377166690154625,before_ekf,-0.3686793440437653,0.012411163302687545,-4.253211657283267,0.022205154048792145,-0.001377166690154625,-0.39915203826202345,-0.0010372513270866198,-5.449520284171916,0.02758010657670295,-0.00010196634966108675,nan,nan,nan,nan,nan,nan,nan,nan,,0.04210674499881861,0.1157874839991564,0.031717541000034544,0.031717541000034544,0.021083341000121436,nan,nan,profile,1,1,3,3,4.57957649230957,0.4204235076904297,-0.4,-0.4,
1785152445.342317,14.652948495999226,-4.444444444444445,-4.432428205580279,-4.444444444444445,-4.432428205580279,-0.4,-0.3733701692539325,0.0,0.012425258971137599,-4.278737093497348,0.022214077446942586,4.665972469508617e-15,before_ekf,-0.3733701692539325,0.012425258971137599,-4.278737093497348,0.022214077446942586,4.665972469508617e-15,-0.39915203826202345,-0.0010372513270866198,-5.449520284171916,0.02758010657670295,-0.00010196634966108675,nan,nan,nan,nan,nan,nan,nan,nan,,0.042244045000188635,0.03191487499861978,0.02144473499902233,0.02144473499902233,0.09465294700021332,nan,nan,profile,1,1,3,3,4.653111696243286,0.34688830375671387,-0.4,-0.4,
1785152445.425917,14.736547754999265,-4.444444444444445,-4.446583043400116,-4.444444444444445,-4.708146751835416,-0.4,-0.3757807890766132,0.0,0.012425258971132922,-4.292088862275104,0.022214077446942534,3.1085843935834453e-15,before_ekf,-0.3757807890766132,0.012425258971132922,-4.292088862275104,0.022214077446942534,3.1085843935834453e-15,-0.3994462065267435,-0.00022797841182121192,-5.502797425474176,0.027585753654679558,-0.00017678924489850087,nan,nan,nan,nan,nan,nan,nan,nan,,0.052260444999774336,0.04193678699994052,0.031569927999953507,0.031569927999953507,0.021127197000168962,nan,nan,profile,1,1,3,3,4.736700057983398,0.26329994201660156,-0.4,-0.4,
1785152445.499416,14.810047771999962,-4.444444444444445,-4.453138613659386,-4.444444444444445,-4.191189283444127,-0.4,-0.3887935737668163,0.0,0.00827886177057634,-4.357669571306981,0.022150532041684642,0.0013771666901639572,before_ekf,-0.3887935737668163,0.00827886177057634,-4.357669571306981,0.022150532041684642,0.0013771666901639572,-0.3994804458797457,-0.004462656773221158,-5.529670429787282,0.027595259278975225,-0.00040950202324463447,nan,nan,nan,nan,nan,nan,nan,nan,,0.05255823399966175,0.041854573999444256,0.031491788000494125,0.031491788000494125,0.021109156999955303,nan,nan,profile,1,1,3,3,4.810194969177246,0.1898050308227539,-0.4,-0.4,
1785152445.5735095,14.884140596999714,-4.444444444444445,-4.454105529867652,-4.444444444444445,-4.454105529867652,-0.4,-0.393583647664274,0.0,0.00827886177057633,-4.384373083539692,0.02211375683087824,0.0013771666901639572,before_ekf,-0.393583647664274,0.00827886177057633,-4.384373083539692,0.02211375683087824,0.0013771666901639572,-0.3985949730669817,-0.011378003807170052,-5.582762146200775,0.027632446467548217,-0.0014555671977225513,nan,nan,nan,nan,nan,nan,nan,nan,,0.04215097300038906,0.1159473989991966,0.03165481900032319,0.03165481900032319,0.020760942999913823,nan,nan,profile,1,1,3,3,4.8843677043914795,0.11563229560852051,-0.4,-0.4,
1785152445.646819,14.957450029000029,-4.444444444444445,-4.450669081535337,-4.444444444444445,-4.450669081535337,-0.4,-0.39705699456317217,0.0,0.0041359789817074135,-4.4110765957724025,0.022076981620071826,0.0013771666901623999,before_ekf,-0.39705699456317217,0.0041359789817074135,-4.4110765957724025,0.022076981620071826,0.0013771666901623999,-0.3985949730669817,-0.011378003807170052,-5.582762146200775,0.027632446467548217,-0.0014555671977225513,nan,nan,nan,nan,nan,nan,nan,nan,,0.04185018700081855,0.0315061790006439,0.02103846399950271,0.02103846399950271,0.09407037500022852,nan,nan,profile,1,1,3,3,4.9576499462127686,0.042350053787231445,-0.4,-0.4,
1785152601.6956964,171.00632651500018,0.0,0.0,0.0,0.0,0.0,2.1805474093028466e-16,0.0,-6.938893903907228e-18,-6.041302559975934,0.030869018512033563,-0.00672735075771591,after_ekf,2.1805474093028466e-16,-6.938893903907228e-18,-6.041540446705071,0.028162140619338288,-0.006885833450790228,2.1805474093028466e-16,-6.938893903907228e-18,-6.041302559975934,0.030869018512033563,-0.00672735075771591,nan,nan,nan,nan,nan,nan,nan,nan,,0.05194055200081493,0.04172920100063493,0.020892784999887226,0.031396520000271266,0.020892784999887226,nan,nan,profile,1,1,1,3,0.02176499366760254,4.9782350063323975,-0.2,-0.2,
1785152601.7692096,171.07984085099997,0.0,0.0,0.0,0.0,0.0,2.1805474093028466e-16,0.0,-6.938893903907228e-18,-6.041302559975934,0.030869018512033563,-0.00672735075771591,after_ekf,2.1805474093028466e-16,-6.938893903907228e-18,-6.041540446705071,0.028162140619338288,-0.006885833450790228,2.1805474093028466e-16,-6.938893903907228e-18,-6.041302559975934,0.030869018512033563,-0.00672735075771591,nan,nan,nan,nan,nan,nan,nan,nan,,0.042010266000943375,0.11524353700042411,0.020764136999787297,0.031424914001036086,0.020764136999787297,nan,nan,profile,1,1,1,3,0.09518027305603027,4.90481972694397,-0.2,-0.2,
1785152601.8529155,171.16354627500004,-2.2222222222222223,0.0,-2.2222222222222223,0.0,-0.2,2.1805474093028466e-16,0.0,-6.938893903907228e-18,-6.041302559975934,0.030869018512033563,-0.00672735075771591,after_ekf,2.1805474093028466e-16,-6.938893903907228e-18,-6.041540446705071,0.028162140619338288,-0.006885833450790228,2.1805474093028466e-16,-6.938893903907228e-18,-6.041302559975934,0.030869018512033563,-0.00672735075771591,nan,nan,nan,nan,nan,nan,nan,nan,,0.05168874099945242,0.04145400800007337,0.020675670999480644,0.031016672000987455,0.020675670999480644,nan,nan,profile,1,1,1,3,0.17890024185180664,4.821099758148193,-0.2,-0.2,
1785152601.937178,171.247806804,-2.2222222222222223,0.0,-2.2222222222222223,0.0,-0.2,2.1805474093028466e-16,0.0,-6.938893903907228e-18,-6.041302559975934,0.030869018512033563,-0.00672735075771591,after_ekf,2.1805474093028466e-16,-6.938893903907228e-18,-6.041540446705071,0.028162140619338288,-0.006885833450790228,2.1805474093028466e-16,-6.938893903907228e-18,-6.041302559975934,0.030869018512033563,-0.00672735075771591,nan,nan,nan,nan,nan,nan,nan,nan,,0.05250698900090356,0.042201481001029606,0.020969663999494514,0.0317262930002471,0.020969663999494514,nan,nan,profile,1,1,1,3,0.2632322311401367,4.736767768859863,-0.2,-0.2,
1785152602.0101423,171.32077368799946,-2.2222222222222223,0.0,-2.2222222222222223,0.0,-0.2,2.1805474093028466e-16,0.0,-6.938893903907228e-18,-6.041302559975934,0.030869018512033563,-0.00672735075771591,after_ekf,2.1805474093028466e-16,-6.938893903907228e-18,-6.041540446705071,0.028162140619338288,-0.006885833450790228,2.1805474093028466e-16,-6.938893903907228e-18,-6.041302559975934,0.030869018512033563,-0.00672735075771591,nan,nan,nan,nan,nan,nan,nan,nan,,0.04133762499986915,0.031035890999191906,0.09393654799896467,0.020633340000131284,0.09393654799896467,nan,nan,profile,1,1,1,3,0.33608198165893555,4.6639180183410645,-0.2,-0.2,
1785152602.0826995,171.39333112699933,-2.2222222222222223,0.0,-2.2222222222222223,0.0,-0.2,2.1805474093028466e-16,0.0,-6.938893903907228e-18,-6.041302559975934,0.030869018512033563,-0.00672735075771591,after_ekf,2.1805474093028466e-16,-6.938893903907228e-18,-6.041540446705071,0.028162140619338288,-0.006885833450790228,2.1805474093028466e-16,-6.938893903907228e-18,-6.041302559975934,0.030869018512033563,-0.00672735075771591,nan,nan,nan,nan,nan,nan,nan,nan,,0.051801640998746734,0.04157069499888166,0.020587746999808587,0.031165181999313063,0.020587746999808587,nan,nan,profile,1,1,1,3,0.4086325168609619,4.591367483139038,-0.2,-0.2,
1785152602.1560676,171.46669909000047,-2.2222222222222223,0.0,-2.2222222222222223,0.0,-0.2,-0.008192581336159367,0.0,0.003166310015198969,-6.041979011499638,0.030873538938648297,-0.00647427720137328,after_ekf,2.1805474093028466e-16,-6.938893903907228e-18,-6.041540446705071,0.028162140619338288,-0.006885833450790228,-0.008192581336159367,0.003166310015198969,-6.041979011499638,0.030873538938648297,-0.00647427720137328,nan,nan,nan,nan,nan,nan,nan,nan,,0.04138954200061562,0.11493865800002823,0.020631111001421232,0.031000378001408535,0.020631111001421232,nan,nan,profile,1,1,1,3,0.48236894607543945,4.5176310539245605,-0.2,-0.2,
1785152602.2394133,171.55004448900036,-2.2222222222222223,0.0,-2.2222222222222223,0.0,-0.2,-0.02078902183524963,0.0,0.0014941807301571575,-6.043299079637995,0.030882236896610255,-0.006347390771644257,after_ekf,2.1805474093028466e-16,-6.938893903907228e-18,-6.041540446705071,0.028162140619338288,-0.006885833450790228,-0.02078902183524963,0.0014941807301571575,-6.043299079637995,0.030882236896610255,-0.006347390771644257,nan,nan,nan,nan,nan,nan,nan,nan,,0.05149596500086773,0.04127085500113026,0.02062310800101841,0.030966880000050878,0.02062310800101841,nan,nan,profile,1,1,1,3,0.5653669834136963,4.434633016586304,-0.2,-0.2,
1785152602.3228178,171.63344868199965,-2.2222222222222223,0.0,-2.2222222222222223,0.0,-0.2,-0.04790035367409826,0.0,0.0031180099216720643,-6.0471084897667655,0.03090670285603179,-0.006113241351221266,after_ekf,2.1805474093028466e-16,-6.938893903907228e-18,-6.041540446705071,0.028162140619338288,-0.006885833450790228,-0.04790035367409826,0.0031180099216720643,-6.0471084897667655,0.03090670285603179,-0.006113241351221266,nan,nan,nan,nan,nan,nan,nan,nan,,0.05193767699893215,0.041707955999299884,0.021031566000601742,0.031375426000522566,0.021031566000601742,nan,nan,profile,1,1,1,3,0.6488027572631836,4.351197242736816,-0.2,-0.2,
1785152602.396164,171.70679498199934,-2.2222222222222223,0.0,-2.2222222222222223,0.0,-0.2,-0.06993301793116333,0.0,0.006019364594725889,-6.051710323185091,0.030935002869447024,-0.005740885610098001,after_ekf,2.1805474093028466e-16,-6.938893903907228e-18,-6.041540446705071,0.028162140619338288,-0.006885833450790228,-0.06993301793116333,0.006019364594725889,-6.051710323185091,0.030935002869447024,-0.005740885610098001,nan,nan,nan,nan,nan,nan,nan,nan,,0.051742124000156764,0.041515195998726995,0.020752750999236014,0.0310744500002329,0.020752750999236014,nan,nan,profile,1,1,1,3,0.7221143245697021,4.277885675430298,-0.2,-0.2,
1785152602.4700067,171.7806380410002,-2.2222222222222223,0.0,-2.2222222222222223,0.0,-0.2,-0.08720308402318284,0.0,0.00499912983519741,-6.057434950956749,0.03096857892073145,-0.00539560496471525,after_ekf,2.1805474093028466e-16,-6.938893903907228e-18,-6.041540446705071,0.028162140619338288,-0.006885833450790228,-0.08720308402318284,0.00499912983519741,-6.057434950956749,0.03096857892073145,-0.00539560496471525,nan,nan,nan,nan,nan,nan,nan,nan,,0.041689783000038005,0.11535825499959174,0.020587388000421925,0.031033429000672186,0.020587388000421925,nan,nan,profile,1,1,1,3,0.7959322929382324,4.204067707061768,-0.2,-0.2,
1785152602.553786,171.86441727400052,-2.2222222222222223,0.0,-2.2222222222222223,0.0,-0.2,-0.11687043674618257,0.0,0.006291566352097762,-6.06847927469058,0.031027819894527197,-0.004840741594846598,after_ekf,2.1805474093028466e-16,-6.938893903907228e-18,-6.041540446705071,0.028162140619338288,-0.006885833450790228,-0.11687043674618257,0.006291566352097762,-6.06847927469058,0.031027819894527197,-0.004840741594846598,nan,nan,nan,nan,nan,nan,nan,nan,,0.052321379000204615,0.041987102000348386,0.020794353000383126,0.03146056100013084,0.020794353000383126,nan,nan,profile,1,1,1,3,0.8797738552093506,4.120226144790649,-0.2,-0.2,
1785152602.6364977,171.9471290599995,-2.2222222222222223,0.0,-2.2222222222222223,0.0,-0.2,-0.166843567480874,0.0,0.00784871017871401,-6.088152374726014,0.031121406929635786,-0.0038841451798954374,after_ekf,2.1805474093028466e-16,-6.938893903907228e-18,-6.041540446705071,0.028162140619338288,-0.006885833450790228,-0.166843567480874,0.00784871017871401,-6.088152374726014,0.031121406929635786,-0.0038841451798954374,nan,nan,nan,nan,nan,nan,nan,nan,,0.05143868599952839,0.041225330000088434,0.020600589999958174,0.0308921960004227,0.020600589999958174,nan,nan,profile,1,1,1,3,0.9624621868133545,4.0375378131866455,-0.2,-0.2,
1785152602.6990557,172.00968680599908,-2.2222222222222223,0.0,-2.2222222222222223,0.0,-0.2,-0.166843567480874,0.0,0.00784871017871401,-6.088152374726014,0.031121406929635786,-0.0038841451798954374,after_ekf,2.1805474093028466e-16,-6.938893903907228e-18,-6.041540446705071,0.028162140619338288,-0.006885833450790228,-0.166843567480874,0.00784871017871401,-6.088152374726014,0.031121406929635786,-0.0038841451798954374,nan,nan,nan,nan,nan,nan,nan,nan,,0.04162721099964983,0.03126229699955729,0.08315833599954203,0.0209211419987696,0.08315833599954203,nan,nan,profile,1,1,1,3,1.0249967575073242,3.975003242492676,-0.2,-0.2,
1785152602.772074,172.0827052709992,-2.2222222222222223,0.0,-2.2222222222222223,0.0,-0.2,-0.21980331431268121,0.0,0.0016420058280101357,-6.114747219066023,0.031227068908400525,-0.0033085353387427574,after_ekf,2.1805474093028466e-16,-6.938893903907228e-18,-6.041540446705071,0.028162140619338288,-0.006885833450790228,-0.21980331431268121,0.0016420058280101357,-6.114747219066023,0.031227068908400525,-0.0033085353387427574,nan,nan,nan,nan,nan,nan,nan,nan,,0.0416810449987679,0.10428076199968928,0.020834537999689928,0.031212338999466738,0.020834537999689928,nan,nan,profile,1,1,1,3,1.0980446338653564,3.9019553661346436,-0.2,-0.2,
1785152602.8559375,172.16656903900002,-2.2222222222222223,0.0,-2.2222222222222223,0.0,-0.2,-0.23478421729894294,0.0,0.0007656600595258131,-6.130158897204795,0.031279299002373605,-0.0032428534545898557,after_ekf,2.1805474093028466e-16,-6.938893903907228e-18,-6.041540446705071,0.028162140619338288,-0.006885833450790228,-0.23478421729894294,0.0007656600595258131,-6.130158897204795,0.031279299002373605,-0.0032428534545898557,nan,nan,nan,nan,nan,nan,nan,nan,,0.052089523000176996,0.04177465800057689,0.020720585000162828,0.03113573700102279,0.020720585000162828,nan,nan,profile,1,1,1,3,1.1819555759429932,3.818044424057007,-0.2,-0.2,
1785152602.9293242,172.2399392999996,-2.2222222222222223,0.0,-2.2222222222222223,0.0,-0.2,-0.23478421729894294,0.0,0.0007656600595258131,-6.130158897204795,0.031279299002373605,-0.0032428534545898557,after_ekf,2.1805474093028466e-16,-6.938893903907228e-18,-6.041540446705071,0.028162140619338288,-0.006885833450790228,-0.23478421729894294,0.0007656600595258131,-6.130158897204795,0.031279299002373605,-0.0032428534545898557,nan,nan,nan,nan,nan,nan,nan,nan,,0.04181913499996881,0.03156116900026973,0.09409084599974449,0.02112903299894242,0.09409084599974449,nan,nan,profile,1,1,1,3,1.2554140090942383,3.7445859909057617,-0.2,-0.2,
1785152603.002367,172.31299830900025,-2.2222222222222223,0.0,-2.2222222222222223,0.0,-0.2,-0.24265660768395084,0.0,-0.005136070320830021,-6.161831629037225,0.03138566541976239,-0.003557751787824248,after_ekf,2.1805474093028466e-16,-6.938893903907228e-18,-6.041540446705071,0.028162140619338288,-0.006885833450790228,-0.24265660768395084,-0.005136070320830021,-6.161831629037225,0.03138566541976239,-0.003557751787824248,nan,nan,nan,nan,nan,nan,nan,nan,,0.051869236000129604,0.041592300000047544,0.020684495000750758,0.03116039099950285,0.020684495000750758,nan,nan,profile,1,1,1,3,1.3283720016479492,3.671627998352051,-0.2,-0.2,
1785152603.0648446,172.37547593199997,-2.2222222222222223,0.0,-2.2222222222222223,0.0,-0.2,-0.24265660768395084,0.0,-0.005136070320830021,-6.161831629037225,0.03138566541976239,-0.003557751787824248,after_ekf,2.1805474093028466e-16,-6.938893903907228e-18,-6.041540446705071,0.028162140619338288,-0.006885833450790228,-0.24265660768395084,-0.005136070320830021,-6.161831629037225,0.03138566541976239,-0.003557751787824248,nan,nan,nan,nan,nan,nan,nan,nan,,0.031097520999537664,0.10406992299976991,0.08316211800047313,0.02068055100062338,0.08316211800047313,nan,nan,profile,1,1,1,3,1.3908298015594482,3.6091701984405518,-0.2,-0.2,
1785152603.1497,172.46033142099986,-2.2222222222222223,0.0,-2.2222222222222223,0.0,-0.2,-0.23155567240963562,0.0,-0.006313206818944638,-6.1929803087089565,0.03149908152594596,-0.004287678929898675,after_ekf,2.1805474093028466e-16,-6.938893903907228e-18,-6.041540446705071,0.028162140619338288,-0.006885833450790228,-0.23155567240963562,-0.006313206818944638,-6.1929803087089565,0.03149908152594596,-0.004287678929898675,nan,nan,nan,nan,nan,nan,nan,nan,,0.05304676699961419,0.04256689700014249,0.02094139700056985,0.03168292800000927,0.02094139700056985,nan,nan,profile,1,1,1,3,1.475750207901001,3.524249792098999,-0.2,-0.2,
1785152603.233089,172.5437205569997,-2.2222222222222223,0.0,-2.2222222222222223,0.0,-0.2,-0.22560322804106794,0.0,-0.005136470932911896,-6.207848154978084,0.03156151781201489,-0.004648751086962388,after_ekf,2.1805474093028466e-16,-6.938893903907228e-18,-6.041540446705071,0.028162140619338288,-0.006885833450790228,-0.22560322804106794,-0.005136470932911896,-6.207848154978084,0.03156151781201489,-0.004648751086962388,nan,nan,nan,nan,nan,nan,nan,nan,,0.05191107199971157,0.041648682999948505,0.020752759999595582,0.03115270899979805,0.020752759999595582,nan,nan,profile,1,1,1,3,1.5591073036193848,3.4408926963806152,-0.2,-0.2,
1785152603.3059967,172.61662795300072,-2.2222222222222223,0.0,-2.2222222222222223,0.0,-0.2,-0.21925736288034506,0.0,-0.0068377749533816735,-6.22232158836079,0.03162950385976276,-0.005080442221869763,after_ekf,2.1805474093028466e-16,-6.938893903907228e-18,-6.041540446705071,0.028162140619338288,-0.006885833450790228,-0.21925736288034506,-0.0068377749533816735,-6.22232158836079,0.03162950385976276,-0.005080442221869763,nan,nan,nan,nan,nan,nan,nan,nan,,0.05195420000018203,0.04155536400139681,0.02059654600088834,0.031042805001561646,0.02059654600088834,nan,nan,profile,1,1,1,3,1.63201904296875,3.36798095703125,-0.2,-0.2,
1785152603.379296,172.68992735599932,-2.2222222222222223,0.0,-2.2222222222222223,0.0,-0.2,-0.21315109756657064,0.0,-0.005354328108211886,-6.236351975416601,0.03169970500628397,-0.005456162495072192,after_ekf,2.1805474093028466e-16,-6.938893903907228e-18,-6.041540446705071,0.028162140619338288,-0.006885833450790228,-0.21315109756657064,-0.005354328108211886,-6.236351975416601,0.03169970500628397,-0.005456162495072192,nan,nan,nan,nan,nan,nan,nan,nan,,0.04181159299878345,0.11485476699999708,0.020637515999624156,0.03113389600002847,0.020637515999624156,nan,nan,profile,1,1,1,3,1.7052984237670898,3.29470157623291,-0.2,-0.2,
1785152603.4621317,172.7727627919994,-2.2222222222222223,0.0,-2.2222222222222223,0.0,-0.2,-0.20872412545817284,0.0,-0.006952176813806622,-6.250120470485036,0.03177585010272065,-0.005899697802639546,after_ekf,2.1805474093028466e-16,-6.938893903907228e-18,-6.041540446705071,0.028162140619338288,-0.006885833450790228,-0.20872412545817284,-0.006952176813806622,-6.250120470485036,0.03177585010272065,-0.005899697802639546,nan,nan,nan,nan,nan,nan,nan,nan,,0.05152492799970787,0.04126863800047431,0.020571627999743214,0.030920586999855004,0.020571627999743214,nan,nan,profile,1,1,1,3,1.788144826889038,3.211855173110962,-0.2,-0.2,
1785152603.545939,172.85656919800022,-2.2222222222222223,0.0,-2.2222222222222223,0.0,-0.2,-0.20464164703862803,0.0,-0.005237947883913833,-6.270614535194428,0.03189585281893194,-0.006501048838571499,after_ekf,2.1805474093028466e-16,-6.938893903907228e-18,-6.041540446705071,0.028162140619338288,-0.006885833450790228,-0.20464164703862803,-0.005237947883913833,-6.270614535194428,0.03189585281893194,-0.006501048838571499,nan,nan,nan,nan,nan,nan,nan,nan,,0.052239628001188976,0.0418995170002745,0.020648154000809882,0.031284799000786734,0.020648154000809882,nan,nan,profile,1,1,1,3,1.871938705444336,3.128061294555664,-0.2,-0.2,
1785152603.629232,172.93986315999973,-2.2222222222222223,-0.26176380101040203,-2.2222222222222223,-0.26176380101040203,-0.2,-0.2035085658738191,0.0,-0.004608519250636682,-6.284042986193745,0.03198294757660892,-0.00681385772648202,after_ekf,2.1805474093028466e-16,-6.938893903907228e-18,-6.041540446705071,0.028162140619338288,-0.006885833450790228,-0.2035085658738191,-0.004608519250636682,-6.284042986193745,0.03198294757660892,-0.00681385772648202,nan,nan,nan,nan,nan,nan,nan,nan,,0.051898513000196544,0.04163125100058096,0.020797626999410568,0.031195576999380137,0.020797626999410568,nan,nan,profile,1,1,1,3,1.9552571773529053,3.0447428226470947,-0.2,-0.2,
1785152603.7030454,173.01367634899907,-2.2222222222222223,-0.5231515019901574,-2.2222222222222223,-0.5231515019901574,-0.2,-0.20159405790872753,0.0,-0.004330667945540296,-6.297353455352991,0.03207373889979812,-0.007105199513736782,after_ekf,2.1805474093028466e-16,-6.938893903907228e-18,-6.041540446705071,0.028162140619338288,-0.006885833450790228,-0.20159405790872753,-0.004330667945540296,-6.297353455352991,0.03207373889979812,-0.007105199513736782,nan,nan,nan,nan,nan,nan,nan,nan,,0.052680441998745664,0.042301905999920564,0.02110488600010285,0.031678469998951186,0.02110488600010285,nan,nan,profile,1,1,1,3,2.029127359390259,2.970872640609741,-0.2,-0.2,
1785152603.7775326,173.08816392500012,-2.2222222222222223,-1.307517600507357,-2.2222222222222223,-1.0460140804058857,-0.2,-0.2016975019248966,0.0,-0.006473542732706809,-6.310691215619428,0.03217009824656999,-0.0075138628945454755,after_ekf,2.1805474093028466e-16,-6.938893903907228e-18,-6.041540446705071,0.028162140619338288,-0.006885833450790228,-0.2016975019248966,-0.006473542732706809,-6.310691215619428,0.03217009824656999,-0.0075138628945454755,nan,nan,nan,nan,nan,nan,nan,nan,,0.04237354100041557,0.11678948200096784,0.021344488000977435,0.03174177900109498,0.021344488000977435,nan,nan,profile,1,1,1,3,2.1038167476654053,2.8961832523345947,-0.2,-0.2,
1785152603.8619683,173.17259966200072,-2.2222222222222223,-1.0475592838929189,-2.2222222222222223,-0.7856694629196891,-0.2,-0.20044842597277224,0.0,-0.00468303111109662,-6.33056473601526,0.03232113888600108,-0.008019193532847524,after_ekf,2.1805474093028466e-16,-6.938893903907228e-18,-6.041540446705071,0.028162140619338288,-0.006885833450790228,-0.20044842597277224,-0.00468303111109662,-6.33056473601526,0.03232113888600108,-0.008019193532847524,nan,nan,nan,nan,nan,nan,nan,nan,,0.052051238000785816,0.04167750500164402,0.020764512000823743,0.03108944100131339,0.020764512000823743,nan,nan,profile,1,1,1,3,2.187981605529785,2.812018394470215,-0.2,-0.2,
1785152603.9452374,173.25586895699962,-2.2222222222222223,-1.0481721731283375,-2.2222222222222223,-1.0481721731283375,-0.2,-0.200544538654408,0.0,-0.004347069702644613,-6.3505543390595225,0.032481631745234496,-0.008470785375257252,after_ekf,2.1805474093028466e-16,-6.938893903907228e-18,-6.041540446705071,0.028162140619338288,-0.006885833450790228,-0.200544538654408,-0.004347069702644613,-6.3505543390595225,0.032481631745234496,-0.008470785375257252,nan,nan,nan,nan,nan,nan,nan,nan,,0.0519521940004779,0.04171645699898363,0.020744473000377184,0.03133164300015778,0.020744473000377184,nan,nan,profile,1,1,1,3,2.271253824234009,2.728746175765991,-0.2,-0.2,
1785152604.0282726,173.33890404900012,-2.2222222222222223,-1.5707269320790374,-2.2222222222222223,-1.5707269320790374,-0.2,-0.20032156353894343,0.0,-0.004225195676873966,-6.363831001848963,0.032594335610926346,-0.008754361849578006,after_ekf,2.1805474093028466e-16,-6.938893903907228e-18,-6.041540446705071,0.028162140619338288,-0.006885833450790228,-0.20032156353894343,-0.004225195676873966,-6.363831001848963,0.032594335610926346,-0.008754361849578006,nan,nan,nan,nan,nan,nan,nan,nan,,0.051748207999480655,0.04151170700060902,0.020667422999395058,0.031073239999386715,0.020667422999395058,nan,nan,profile,1,1,1,3,2.354257583618164,2.645742416381836,-0.2,-0.2,
1785152604.1009471,173.41157886200017,-2.2222222222222223,-2.093416785926628,-2.2222222222222223,-2.093416785926628,-0.2,-0.19970718196014048,0.0,-0.0029369747266706596,-6.383648072835345,0.032768564251319195,-0.009027829468999382,after_ekf,2.1805474093028466e-16,-6.938893903907228e-18,-6.041540446705071,0.028162140619338288,-0.006885833450790228,-0.19970718196014048,-0.0029369747266706596,-6.383648072835345,0.032768564251319195,-0.009027829468999382,nan,nan,nan,nan,nan,nan,nan,nan,,0.051544207000915776,0.04121958799987624,0.02056498000092688,0.030863485000736546,0.02056498000092688,nan,nan,profile,1,1,1,3,2.4269001483917236,2.5730998516082764,-0.2,-0.2,
1785152604.1740355,173.4846669870003,-2.2222222222222223,-2.6203023381483797,-2.2222222222222223,-2.6203023381483797,-0.2,-0.20030845881974085,0.0,-0.0025750595777168646,-6.410231806805759,0.033010236462688004,-0.009347246643943041,after_ekf,2.1805474093028466e-16,-6.938893903907228e-18,-6.041540446705071,0.028162140619338288,-0.006885833450790228,-0.20030845881974085,-0.0025750595777168646,-6.410231806805759,0.033010236462688004,-0.009347246643943041,nan,nan,nan,nan,nan,nan,nan,nan,,0.04144107800129859,0.11430771300001652,0.02058420800130989,0.03091979700002412,0.02058420800130989,nan,nan,profile,1,1,1,3,2.499995470046997,2.500004529953003,-0.2,-0.2,
1785152604.2568758,173.5675070519992,-2.2222222222222223,-2.6181153323617625,-2.2222222222222223,-2.8799268655979384,-0.2,-0.20018903755409553,0.0,-0.003367196918983499,-6.423488535225981,0.033134855230142986,-0.009558506258344313,after_ekf,2.1805474093028466e-16,-6.938893903907228e-18,-6.041540446705071,0.028162140619338288,-0.006885833450790228,-0.20018903755409553,-0.003367196918983499,-6.423488535225981,0.033134855230142986,-0.009558506258344313,nan,nan,nan,nan,nan,nan,nan,nan,,0.05183635599860281,0.04163839699867822,0.020791907998500392,0.03129475599962461,0.020791907998500392,nan,nan,profile,1,1,1,3,2.5828919410705566,2.4171080589294434,-0.2,-0.2,
1785152604.330363,173.640993686,-2.2222222222222223,-2.6181280570544185,-2.2222222222222223,-2.8799408627598604,-0.2,-0.20018903755409553,0.0,-0.003367196918983499,-6.423488535225981,0.033134855230142986,-0.009558506258344313,after_ekf,2.1805474093028466e-16,-6.938893903907228e-18,-6.041540446705071,0.028162140619338288,-0.006885833450790228,-0.20018903755409553,-0.003367196918983499,-6.423488535225981,0.033134855230142986,-0.009558506258344313,nan,nan,nan,nan,nan,nan,nan,nan,,0.041629778999777045,0.031278540000130306,0.09427854199930152,0.020841855999606196,0.09427854199930152,nan,nan,profile,1,1,1,3,2.6564624309539795,2.3435375690460205,-0.2,-0.2,
1785152604.4028971,173.71352777500033,-2.2222222222222223,-2.61854969134898,-2.2222222222222223,-2.61854969134898,-0.2,-0.2010090889067106,0.0,-0.0006480140533508613,-6.45018517357114,0.033390504979981646,-0.00979459363891122,after_ekf,2.1805474093028466e-16,-6.938893903907228e-18,-6.041540446705071,0.028162140619338288,-0.006885833450790228,-0.2010090889067106,-0.0006480140533508613,-6.45018517357114,0.033390504979981646,-0.00979459363891122,nan,nan,nan,nan,nan,nan,nan,nan,,0.051472082999680424,0.04123919500125339,0.02059352200012654,0.030895420000888407,0.02059352200012654,nan,nan,profile,1,1,1,3,2.7288575172424316,2.2711424827575684,-0.2,-0.2,
1785152604.4648457,173.77547553899967,-2.2222222222222223,-2.6195829432006694,-2.2222222222222223,-2.6195829432006694,-0.2,-0.2010090889067106,0.0,-0.0006480140533508613,-6.45018517357114,0.033390504979981646,-0.00979459363891122,after_ekf,2.1805474093028466e-16,-6.938893903907228e-18,-6.041540446705071,0.028162140619338288,-0.006885833450790228,-0.2010090889067106,-0.0006480140533508613,-6.45018517357114,0.033390504979981646,-0.00979459363891122,nan,nan,nan,nan,nan,nan,nan,nan,,0.03088765400025295,0.10318695900059538,0.08254128599946853,0.020560128999932203,0.08254128599946853,nan,nan,profile,1,1,1,3,2.7907869815826416,2.2092130184173584,-0.2,-0.2,
1785152604.5472007,173.85783183499916,-2.2222222222222223,-2.351616269574087,-2.2222222222222223,-2.61290696619343,-0.2,-0.20142838520123307,0.0,-0.0014094327389080987,-6.476929397852448,0.03365442009874997,-0.00998461854851973,after_ekf,2.1805474093028466e-16,-6.938893903907228e-18,-6.041540446705071,0.028162140619338288,-0.006885833450790228,-0.20142838520123307,-0.0014094327389080987,-6.476929397852448,0.03365442009874997,-0.00998461854851973,nan,nan,nan,nan,nan,nan,nan,nan,,0.05141168199952517,0.041245794998758356,0.02062126599957992,0.030936185999962618,0.02062126599957992,nan,nan,profile,1,1,1,3,2.8732402324676514,2.1267597675323486,-0.2,-0.2,
1785152604.619551,173.93018229600057,-2.2222222222222223,-2.356622452829779,-2.2222222222222223,-2.356622452829779,-0.2,-0.20142838520123307,0.0,-0.0014094327389080987,-6.476929397852448,0.03365442009874997,-0.00998461854851973,after_ekf,2.1805474093028466e-16,-6.938893903907228e-18,-6.041540446705071,0.028162140619338288,-0.006885833450790228,-0.20142838520123307,-0.0014094327389080987,-6.476929397852448,0.03365442009874997,-0.00998461854851973,nan,nan,nan,nan,nan,nan,nan,nan,,0.041160931999911554,0.030952535000324133,0.092971727000986,0.02056599200113851,0.092971727000986,nan,nan,profile,1,1,1,3,2.945528984069824,2.054471015930176,-0.2,-0.2,
1785152604.6915922,174.0022223069991,-2.2222222222222223,-2.0874384424168437,-2.2222222222222223,-2.348368247718949,-0.2,-0.2022443594183832,0.0,-0.003049463703717392,-6.497053762930602,0.03385649165143059,-0.01020749641719565,after_ekf,2.1805474093028466e-16,-6.938893903907228e-18,-6.041540446705071,0.028162140619338288,-0.006885833450790228,-0.2022443594183832,-0.003049463703717392,-6.497053762930602,0.03385649165143059,-0.01020749641719565,nan,nan,nan,nan,nan,nan,nan,nan,,0.05120111099859059,0.041029239999261335,0.02049371499924746,0.030763863998799934,0.02049371499924746,nan,nan,profile,1,1,1,3,3.017544984817505,1.9824550151824951,-0.2,-0.2,
1785152604.7642946,174.07492549000017,-2.2222222222222223,-2.356741749193925,-2.2222222222222223,-2.0948815548390445,-0.2,-0.20280563909992294,0.0,-0.0019398190941301646,-6.517289341068257,0.03406426004256012,-0.010472604479306202,after_ekf,2.1805474093028466e-16,-6.938893903907228e-18,-6.041540446705071,0.028162140619338288,-0.006885833450790228,-0.20280563909992294,-0.0019398190941301646,-6.517289341068257,0.03406426004256012,-0.010472604479306202,nan,nan,nan,nan,nan,nan,nan,nan,,0.041514672000630526,0.11373242300032871,0.020751254000060726,0.03111666599943419,0.020751254000060726,nan,nan,profile,1,1,1,3,3.090305805206299,1.9096941947937012,-0.2,-0.2,
1785152604.84879,174.15942121199987,-2.2222222222222223,-2.354593578472406,-2.2222222222222223,-2.354593578472406,-0.2,-0.201526638184059,0.0,-0.0007850935544479228,-6.537371187696453,0.034274376169936296,-0.010608222169434356,after_ekf,2.1805474093028466e-16,-6.938893903907228e-18,-6.041540446705071,0.028162140619338288,-0.006885833450790228,-0.201526638184059,-0.0007850935544479228,-6.537371187696453,0.034274376169936296,-0.010608222169434356,nan,nan,nan,nan,nan,nan,nan,nan,,0.052943184000469046,0.04264483000042674,0.021045289999165107,0.03181085500000336,0.021045289999165107,nan,nan,profile,1,1,1,3,3.1748454570770264,1.8251545429229736,-0.2,-0.2,
1785152604.9330513,174.24368247200073,-2.2222222222222223,-2.357288743627137,-2.2222222222222223,-2.357288743627137,-0.2,-0.20113355766055133,0.0,-0.00034478094739467165,-6.5507258604066285,0.03441602590998042,-0.010636379200090303,after_ekf,2.1805474093028466e-16,-6.938893903907228e-18,-6.041540446705071,0.028162140619338288,-0.006885833450790228,-0.20113355766055133,-0.00034478094739467165,-6.5507258604066285,0.03441602590998042,-0.010636379200090303,nan,nan,nan,nan,nan,nan,nan,nan,,0.05246692800028541,0.042165634000411956,0.02139008500125783,0.03174050000052375,0.02139008500125783,nan,nan,profile,1,1,1,3,3.2590548992156982,1.7409451007843018,-0.2,-0.2,
1785152605.0053542,174.31598423600008,-2.2222222222222223,-2.094626998548205,-2.2222222222222223,-2.3564553733667304,-0.2,-0.20096169727344465,0.0,-0.00015734005360718207,-6.5640716172623454,0.03455805877811931,-0.010648983665864087,after_ekf,2.1805474093028466e-16,-6.938893903907228e-18,-6.041540446705071,0.028162140619338288,-0.006885833450790228,-0.20096169727344465,-0.00015734005360718207,-6.5640716172623454,0.03455805877811931,-0.010648983665864087,nan,nan,nan,nan,nan,nan,nan,nan,,0.05138029199952143,0.04116069500014419,0.02053556899954856,0.030821979000393185,0.02053556899954856,nan,nan,profile,1,1,1,3,3.3313097953796387,1.6686902046203613,-0.2,-0.2,
1785152605.077527,174.38815766699918,-2.2222222222222223,-2.357593155908019,-2.2222222222222223,-2.357593155908019,-0.2,-0.20093772413639185,0.0,-7.446354420619527e-05,-6.57740918995765,0.034700205284107936,-0.010654891988913562,after_ekf,2.1805474093028466e-16,-6.938893903907228e-18,-6.041540446705071,0.028162140619338288,-0.006885833450790228,-0.20093772413639185,-7.446354420619527e-05,-6.57740918995765,0.034700205284107936,-0.010654891988913562,nan,nan,nan,nan,nan,nan,nan,nan,,0.041164225000102306,0.11333412599924486,0.02057827299904602,0.030825537000055192,0.02057827299904602,nan,nan,profile,1,1,1,3,3.4035017490386963,1.5964982509613037,-0.2,-0.2,
1785152605.161177,174.47180854699945,-2.2222222222222223,-2.0936383358803083,-2.2222222222222223,-2.3553431278653467,-0.2,-0.20007469163776012,0.0,-0.001955790843353153,-6.597380856101899,0.03491446746986889,-0.010764517383799355,after_ekf,2.1805474093028466e-16,-6.938893903907228e-18,-6.041540446705071,0.028162140619338288,-0.006885833450790228,-0.20007469163776012,-0.001955790843353153,-6.597380856101899,0.03491446746986889,-0.010764517383799355,nan,nan,nan,nan,nan,nan,nan,nan,,0.05212834799931443,0.04187418099900242,0.020715808999739238,0.031185642999844276,0.020715808999739238,nan,nan,profile,1,1,1,3,3.4871864318847656,1.5128135681152344,-0.2,-0.2,
1785152605.2440603,174.55469140999958,-2.2222222222222223,-2.3545020976295894,-2.2222222222222223,-2.3545020976295894,-0.2,-0.20071449377444478,0.0,-0.0008197822173751541,-6.617391434246377,0.0351293923827653,-0.010903799842059136,after_ekf,2.1805474093028466e-16,-6.938893903907228e-18,-6.041540446705071,0.028162140619338288,-0.006885833450790228,-0.20071449377444478,-0.0008197822173751541,-6.617391434246377,0.0351293923827653,-0.010903799842059136,nan,nan,nan,nan,nan,nan,nan,nan,,0.05175195099945995,0.04152294599953166,0.02072370699897874,0.03114047000053688,0.02072370699897874,nan,nan,profile,1,1,1,3,3.5700979232788086,1.4299020767211914,-0.2,-0.2,
1785152605.3268707,174.63750083000014,-2.2222222222222223,-2.09277205302747,-2.2222222222222223,-2.09277205302747,-0.2,-0.19992364942703403,0.0,-0.002691654560379751,-6.630681946475269,0.03527558287666448,-0.011060981767762712,after_ekf,-0.010604782725534176,0.004131090340147905,-6.045074673271583,0.02818350256326322,-0.0055086667606293795,-0.19992364942703403,-0.002691654560379751,-6.630681946475269,0.03527558287666448,-0.011060981767762712,nan,nan,nan,nan,nan,nan,nan,nan,,0.051519090000510914,0.04129480700066779,0.020675596000728547,0.03096847500091826,0.020675596000728547,nan,nan,profile,1,1,1,3,3.6529018878936768,1.3470981121063232,-0.2,-0.2,
1785152605.3997624,174.71037849099957,-2.2222222222222223,-2.0965757718192224,-2.2222222222222223,-2.0965757718192224,-0.2,-0.19966796876548917,0.0,-0.0035072019607620313,-6.643956910615695,0.0354230514802008,-0.011285594564648616,after_ekf,-0.02587666347894173,2.706197898533283e-05,-6.05017967257998,0.028213517458476684,-0.00688583345078867,-0.19966796876548917,-0.0035072019607620313,-6.643956910615695,0.0354230514802008,-0.011285594564648616,nan,nan,nan,nan,nan,nan,nan,nan,,0.05180494199885288,0.04160162200059858,0.020899639999697683,0.031241598999258713,0.020899639999697683,nan,nan,profile,1,1,1,3,3.725816011428833,1.274183988571167,-0.2,-0.2,
1785152605.4740815,174.78471219399944,-2.2222222222222223,-2.3583549555836054,-2.2222222222222223,-2.3583549555836054,-0.2,-0.1996180098656883,0.0,-0.003876136172225753,-6.657210849283789,0.03557298331377314,-0.011539486434163582,after_ekf,-0.05539229974968625,0.004178886275658434,-6.059996960322682,0.028274358424863606,-0.005508666760630937,-0.1996180098656883,-0.003876136172225753,-6.657210849283789,0.03557298331377314,-0.011539486434163582,nan,nan,nan,nan,nan,nan,nan,nan,,0.04151443099908647,0.11593532500046422,0.02061165799932496,0.031027147999338922,0.02061165799932496,nan,nan,profile,1,1,1,3,3.800055980682373,1.199944019317627,-0.2,-0.2,
1785152605.5572507,174.86788204100048,-2.2222222222222223,-2.094716117638223,-2.2222222222222223,-2.094716117638223,-0.2,-0.19955976315569005,0.0,-0.004058761427290515,-6.6705275354196045,0.03572689547146367,-0.011808893647850649,after_ekf,-0.09297370861263139,0.004168924170834931,-6.074526667830046,0.028341689277761026,-0.004131500070474762,-0.19955976315569005,-0.004058761427290515,-6.6705275354196045,0.03572689547146367,-0.011808893647850649,nan,nan,nan,nan,nan,nan,nan,nan,,0.052043146000869456,0.041814723999777925,0.020997995001380332,0.031380927001009695,0.020997995001380332,nan,nan,profile,1,1,1,3,3.8832123279571533,1.1167876720428467,-0.2,-0.2,
1785152605.6403286,174.95095956300065,-2.2222222222222223,-2.092126714003537,-2.2222222222222223,-2.353642553253979,-0.2,-0.1991193916888909,0.0,-0.005372914252960518,-6.6903344568449326,0.03596447191805136,-0.012364641155942827,after_ekf,-0.11193066066408319,0.004168924170830305,-6.0847367568140935,0.02838387250113103,-0.004131500070474762,-0.1991193916888909,-0.005372914252960518,-6.6903344568449326,0.03596447191805136,-0.012364641155942827,nan,nan,nan,nan,nan,nan,nan,nan,,0.0518657880002138,0.041593036001358996,0.02063756600000488,0.03109679900080664,0.02063756600000488,nan,nan,profile,1,1,1,3,3.9663045406341553,1.0336954593658447,-0.2,-0.2,
1785152605.724051,175.0346794119996,-2.2222222222222223,-2.3543691948429673,-2.2222222222222223,-2.092772617638193,-0.2,-0.19938190224507224,0.0,-0.0047617121802078985,-6.70359216198136,0.03612816315384404,-0.012692054611383785,after_ekf,-0.12257545464524937,0.008272952531992877,-6.091019888496584,0.02840983140782027,-0.004131500070474762,-0.19938190224507224,-0.0047617121802078985,-6.70359216198136,0.03612816315384404,-0.012692054611383785,nan,nan,nan,nan,nan,nan,nan,nan,,0.05222976400000334,0.042007330999695114,0.021141870000064955,0.031541262000246206,0.021141870000064955,nan,nan,profile,1,1,1,3,4.050194978713989,0.9498050212860107,-0.2,-0.2,
1785152605.7977343,175.10836506099986,-2.2222222222222223,-2.3649761907330604,-2.2222222222222223,-2.102201058429387,-0.2,-0.2004078408787623,0.0,-0.0069322141335793445,-6.723563221022269,0.0363828798065848,-0.013281117030312206,after_ekf,-0.1602190849206362,0.008262793114611547,-6.11340360122273,0.02848635615598757,-0.0027543333803154713,-0.2004078408787623,-0.0069322141335793445,-6.723563221022269,0.0363828798065848,-0.013281117030312206,nan,nan,nan,nan,nan,nan,nan,nan,,0.05251492100069299,0.04228325700023561,0.020746049000081257,0.03141168100046343,0.020746049000081257,nan,nan,profile,1,1,1,3,4.123720407485962,0.8762795925140381,-0.2,-0.2,
1785152605.8701937,175.18082506499923,-2.2222222222222223,-2.0955158261673463,-2.2222222222222223,-2.3574553044382642,-0.2,-0.200527498350113,0.0,-0.004094740285735313,-6.743611089943375,0.03665101343645301,-0.013842396702512529,after_ekf,-0.1743381356269394,0.008262793114611547,-6.121257553065187,0.028507988612418482,-0.0027543333803154713,-0.200527498350113,-0.004094740285735313,-6.743611089943375,0.03665101343645301,-0.013842396702512529,nan,nan,nan,nan,nan,nan,nan,nan,,0.041270036999776494,0.11474326099960308,0.02048965099857014,0.030861854000249878,0.02048965099857014,nan,nan,profile,1,1,1,3,4.196125507354736,0.8038744926452637,-0.2,-0.2,
1785152605.9534912,175.26412171799893,-2.2222222222222223,-2.095482490166993,-2.2222222222222223,-2.357417801437867,-0.2,-0.20059393328214425,0.0,-0.0019639757506748653,-6.756938806504522,0.03683443856388648,-0.01400632714613348,after_ekf,-0.2145793284367512,4.181486926334299e-06,-6.145997446627075,0.028593166342304233,-0.004131500070474762,-0.20059393328214425,-0.0019639757506748653,-6.756938806504522,0.03683443856388648,-0.01400632714613348,nan,nan,nan,nan,nan,nan,nan,nan,,0.05174942299890972,0.041499813998598256,0.02071475499906228,0.031147160998443724,0.02071475499906228,nan,nan,profile,1,1,1,3,4.2795069217681885,0.7204930782318115,-0.2,-0.2,
1785152606.038419,175.3490500120006,-2.2222222222222223,-2.3545848253681783,-2.2222222222222223,-2.0929642892161584,-0.2,-0.20059293354502608,0.0,-0.0009414229620273524,-6.77028086327245,0.03702088972606531,-0.014083800337096442,after_ekf,-0.22618239554019287,4.181486921620696e-06,-6.1546367526905,0.02862885983900194,-0.004131500070474762,-0.20059293354502608,-0.0009414229620273524,-6.77028086327245,0.03702088972606531,-0.014083800337096442,nan,nan,nan,nan,nan,nan,nan,nan,,0.052761984001335804,0.04233001600005082,0.020765507000760408,0.03158598400113988,0.020765507000760408,nan,nan,profile,1,1,1,3,4.364416122436523,0.6355838775634766,-0.2,-0.2,
1785152606.122925,175.43355598800008,-2.2222222222222223,-2.354535908008026,-2.2222222222222223,-2.354535908008026,-0.2,-0.1997121136207514,0.0,0.002084996813608417,-6.790246839049617,0.037300695981017734,-0.014015293628629077,after_ekf,-0.23783949643832444,4.1814869263335005e-06,-6.170344581896728,0.02869375710572503,-0.004131500070474762,-0.1997121136207514,0.002084996813608417,-6.790246839049617,0.037300695981017734,-0.014015293628629077,nan,nan,nan,nan,nan,nan,nan,nan,,0.05292183100027614,0.04232928599958541,0.02128209600050468,0.031971136000720435,0.02128209600050468,nan,nan,profile,1,1,1,3,4.448875665664673,0.5511243343353271,-0.2,-0.2,
1785152606.1968796,175.50751081700037,-2.2222222222222223,-2.3590979736143503,-2.2222222222222223,-2.0969759765460894,-0.2,-0.19947373349259864,0.0,0.0031866421361628093,-6.803525231436122,0.03748626771283503,-0.013813033784467965,after_ekf,-0.24032574633441528,-0.008260700270819658,-6.201367520994145,0.02882706686799677,-0.005508666760632495,-0.19947373349259864,0.0031866421361628093,-6.803525231436122,0.03748626771283503,-0.013813033784467965,nan,nan,nan,nan,nan,nan,nan,nan,,0.05229991400119616,0.0420323489997827,0.020977326999854995,0.03155615000105172,0.020977326999854995,nan,nan,profile,1,1,1,3,4.522822380065918,0.47717761993408203,-0.2,-0.2,
1785152606.270021,175.5806522139992,-2.2222222222222223,-2.3420583412971103,-2.2222222222222223,-2.3420583412971103,-0.2,-0.19932720795936115,0.0,0.0038728362261856394,-6.823462150322063,0.037759773391589896,-0.013438030025493486,after_ekf,-0.23201117435307558,-0.004108447112603895,-6.223358434713099,0.028928198362396372,-0.005508666760632495,-0.19932720795936115,0.0038728362261856394,-6.823462150322063,0.037759773391589896,-0.013438030025493486,nan,nan,nan,nan,nan,nan,nan,nan,,0.04182842099908157,0.11517374599861796,0.020766148998518474,0.031114482999328175,0.020766148998518474,nan,nan,profile,1,1,1,3,4.595985651016235,0.40401434898376465,-0.2,-0.2,
1785152606.3446581,175.65528933899986,-2.2222222222222223,-2.3555496820223882,-2.2222222222222223,-2.3555496820223882,-0.2,-0.19932720795936115,0.0,0.0038728362261856394,-6.823462150322063,0.037759773391589896,-0.013438030025493486,after_ekf,-0.2261587663532914,-0.008236968642149015,-6.230034190378135,0.028969570219539966,-0.006885833450791786,-0.19932720795936115,0.0038728362261856394,-6.823462150322063,0.037759773391589896,-0.013438030025493486,nan,nan,nan,nan,nan,nan,nan,nan,,0.04275092100033362,0.032004167000195594,0.09540327399918169,0.02097608400072204,0.09540327399918169,nan,nan,profile,1,1,1,3,4.670639514923096,0.3293604850769043,-0.2,-0.2,
1785152606.429348,175.7399794489993,-2.2222222222222223,-2.0936356360662125,-2.2222222222222223,-2.3553400905744892,-0.2,-0.20031794519381713,0.0,0.0015395198204662748,-6.843409587380478,0.03802914849809224,-0.013167813493176975,after_ekf,-0.2204414344593279,-0.0041118083084930165,-6.24377836193702,0.029059614780559212,-0.005508666760632495,-0.20031794519381713,0.0015395198204662748,-6.843409587380478,0.03802914849809224,-0.013167813493176975,nan,nan,nan,nan,nan,nan,nan,nan,,0.05286446900026931,0.042295335999369854,0.02138109099905705,0.031899780999083305,0.02138109099905705,nan,nan,profile,1,1,1,3,4.755414724349976,0.24458527565002441,-0.2,-0.2,
1785152606.5018408,175.81247205199907,-2.2222222222222223,-2.096508529746777,-2.2222222222222223,-2.3585720959651244,-0.2,-0.19964141330722682,0.0,0.002291928017371332,-6.863392850248605,0.03829161204666395,-0.013000759924361116,after_ekf,-0.2085329397106444,-0.004129810911550298,-6.27087398573984,0.029241596671121365,-0.006885833450791786,-0.19964141330722682,0.002291928017371332,-6.863392850248605,0.03829161204666395,-0.013000759924361116,nan,nan,nan,nan,nan,nan,nan,nan,,0.051489135999872815,0.04125579699939408,0.020644338999773026,0.03093475499917986,0.020644338999773026,nan,nan,profile,1,1,1,3,4.827780485153198,0.17221951484680176,-0.2,-0.2,
1785152606.5753129,175.88594345899946,-2.2222222222222223,-2.356246893123248,-2.2222222222222223,-2.0944416827762202,-0.2,-0.20066831365226206,0.0,0.001739692875273531,-6.890127053510254,0.03863763852415899,-0.012692102148077922,after_ekf,-0.20496431871372017,-0.00826791528888869,-6.284225437983776,0.029333534000664272,-0.006885833450791786,-0.20066831365226206,0.001739692875273531,-6.890127053510254,0.03863763852415899,-0.012692102148077922,nan,nan,nan,nan,nan,nan,nan,nan,,0.042189642999801436,0.11472720399979153,0.020998377000069013,0.03155637599957117,0.020998377000069013,nan,nan,profile,1,1,1,3,4.901368856430054,0.09863114356994629,-0.2,-0.2,
1785152606.659754,175.9703847790006,-2.2222222222222223,-2.3567683397153822,-2.2222222222222223,-2.0949051908581175,-0.2,-0.20050544253895997,0.0,0.0008209677852158965,-6.903429808680686,0.03880702230432418,-0.012622777917393965,after_ekf,-0.20145786305597765,-0.0041306117080789065,-6.304252443312156,0.029494423855845105,-0.008263000140949522,-0.20050544253895997,0.0008209677852158965,-6.903429808680686,0.03880702230432418,-0.012622777917393965,nan,nan,nan,nan,nan,nan,nan,nan,,0.052386049001142965,0.04204420499991102,0.02070760300011898,0.031228345000272384,0.02070760300011898,nan,nan,profile,1,1,1,3,4.985763072967529,0.014236927032470703,-0.2,-0.2,
1785152606.7323415,176.04295720200025,-2.2222222222222223,-2.355170932904904,-2.2222222222222223,-2.0934852736932483,-0.2,-0.20050544253895997,0.0,0.0008209677852158965,-6.903429808680686,0.03880702230432418,-0.012622777917393965,after_ekf,-0.2014418914406658,-0.004114552560228123,-6.317603756282003,0.029604748267687844,-0.00826300014095108,-0.20050544253895997,0.0008209677852158965,-6.903429808680686,0.03880702230432418,-0.012622777917393965,nan,nan,nan,nan,nan,nan,nan,nan,,0.04140542700042715,0.03117958100119722,0.09328002599977481,0.0208052760008286,0.09328002599977481,nan,nan,profile,1,1,2,3,0.058397769927978516,4.9416022300720215,-0.6,-0.6,
1785152606.8071167,176.11774818599952,-2.2222222222222223,-2.3562368553310034,-2.2222222222222223,-2.094432760294225,-0.2,-0.2002258664463664,0.0,0.0014401785948484089,-6.930074437648662,0.039141909338688864,-0.012418517059073597,after_ekf,-0.19925394469125798,-0.004104173738890857,-6.330954989063987,0.029724266134949967,-0.00826300014095108,-0.2002258664463664,0.0014401785948484089,-6.930074437648662,0.039141909338688864,-0.012418517059073597,nan,nan,nan,nan,nan,nan,nan,nan,,0.05248391900022398,0.042222797999784234,0.02104006199988362,0.03177882300042256,0.02104006199988362,nan,nan,profile,1,1,2,3,0.13306021690368652,4.8669397830963135,-0.6,-0.6,
1785152606.8802936,176.1909247450003,-2.2222222222222223,-2.3555036209803113,-2.2222222222222223,-2.3555036209803113,-0.2,-0.20032404517931104,0.0,0.0006692295366874525,-6.943434193862346,0.03930826816599347,-0.012361901576441792,after_ekf,-0.2002505960225235,-0.00823284281469557,-6.344698860476414,0.029852166337058963,-0.009640166831108809,-0.20032404517931104,0.0006692295366874525,-6.943434193862346,0.03930826816599347,-0.012361901576441792,nan,nan,nan,nan,nan,nan,nan,nan,,0.04158201500104042,0.11539935700056958,0.02075420000073791,0.031164148000243586,0.02075420000073791,nan,nan,profile,1,1,2,3,0.20627617835998535,4.793723821640015,-0.6,-0.6,
1785152606.9646018,176.2752329390005,-6.666666666666667,-2.094337822253757,-6.666666666666667,-2.3561300500354765,-0.6,-0.20053542157410037,0.0,0.00030397525175258704,-6.956779066903754,0.039473456350789596,-0.012336500894882363,after_ekf,-0.1990820046877339,-0.004118290254476802,-6.364332902202621,0.030041447638386377,-0.009640166831110367,-0.20053542157410037,0.00030397525175258704,-6.956779066903754,0.039473456350789596,-0.012336500894882363,nan,nan,nan,nan,nan,nan,nan,nan,,0.052743792000910616,0.042169537000518176,0.020931928000209155,0.031766586000230745,0.020931928000209155,nan,nan,profile,1,1,2,3,0.2906007766723633,4.709399223327637,-0.6,-0.6,
1785152607.048904,176.35953522599993,-6.666666666666667,-2.3560594408651943,-6.666666666666667,-2.0942750585468395,-0.6,-0.20048468830493194,0.0,0.00012357638428741688,-6.970131728516225,0.03963831037462568,-0.012325912422094461,after_ekf,-0.19908687766075436,-0.004118290254467453,-6.3839669439288285,0.0302307289397138,-0.009640166831108809,-0.20048468830493194,0.00012357638428741688,-6.970131728516225,0.03963831037462568,-0.012325912422094461,nan,nan,nan,nan,nan,nan,nan,nan,,0.052146882999295485,0.0414423780002835,0.02066619300057937,0.031012145000204328,0.02066619300057937,nan,nan,profile,1,1,2,3,0.3749105930328369,4.625089406967163,-0.6,-0.6,
1785152607.1323152,176.44294605200048,-6.666666666666667,-2.0944875530737885,-6.666666666666667,-2.0944875530737885,-0.6,-0.20295625887758623,0.0,0.0023103237965034257,-6.983619950313557,0.03980324068052043,-0.012198974730179833,after_ekf,-0.19901839229468996,-0.00412866907580472,-6.39731809230265,0.03035944022461644,-0.009640166831108809,-0.20295625887758623,0.0023103237965034257,-6.983619950313557,0.03980324068052043,-0.012198974730179833,nan,nan,nan,nan,nan,nan,nan,nan,,0.05219233800016809,0.04195738000089477,0.02100603300095827,0.031531776001429535,0.02100603300095827,nan,nan,profile,1,1,2,3,0.45848679542541504,4.541513204574585,-0.6,-0.6,
1785152607.2071147,176.517746178999,-6.666666666666667,-2.3565524505095774,-6.666666666666667,-2.0947132893418465,-0.6,-0.20788998492354374,0.0,0.0055560401221032224,-6.997461452463047,0.039970058198604615,-0.011867599225695358,after_ekf,-0.1979364537056137,-4.681448008262895e-15,-6.410669240676471,0.030488151509519085,-0.009640166831110367,-0.20788998492354374,0.0055560401221032224,-6.997461452463047,0.039970058198604615,-0.011867599225695358,nan,nan,nan,nan,nan,nan,nan,nan,,0.05244209099873842,0.04191593599898624,0.02075501999934204,0.03124034299980849,0.02075501999934204,nan,nan,profile,1,1,2,3,0.5331635475158691,4.466836452484131,-0.6,-0.6,
1785152607.2818177,176.5924491299993,-6.666666666666667,-2.3580133201867377,-6.666666666666667,-2.3580133201867377,-0.6,-0.21448167006601623,0.0,0.007020288369107209,-7.011700422091648,0.04013808151285134,-0.011417402516543882,after_ekf,-0.19896813457826798,-0.004107734912922097,-6.41734476843903,0.030557103820105482,-0.011017333521268102,-0.21448167006601623,0.007020288369107209,-7.011700422091648,0.04013808151285134,-0.011417402516543882,nan,nan,nan,nan,nan,nan,nan,nan,,0.04204097599904344,0.11661888699927658,0.020865181999397464,0.031373488000099314,0.020865181999397464,nan,nan,profile,1,1,2,3,0.6077706813812256,4.392229318618774,-0.6,-0.6,
1785152607.3659728,176.67660294800044,-6.666666666666667,-2.3566832663017756,-6.666666666666667,-2.0948295700460227,-0.6,-0.24485450675208584,0.0,0.0073051593183239985,-7.04284860077095,0.04048673875562921,-0.01036259641989501,after_ekf,-0.19903265259890002,-0.0040893942833115675,-6.444046879489264,0.03083291306245078,-0.011017333521268102,-0.24485450675208584,0.0073051593183239985,-7.04284860077095,0.04048673875562921,-0.01036259641989501,nan,nan,nan,nan,nan,nan,nan,nan,,0.052312629000880406,0.04142298000078881,0.020617285999833257,0.030941951999921002,0.020617285999833257,nan,nan,profile,1,1,2,3,0.6919198036193848,4.308080196380615,-0.6,-0.6,
1785152607.4510965,176.7617276609999,-6.666666666666667,-2.100207321144096,-6.666666666666667,-2.3627332362871076,-0.6,-0.2900611538718605,0.0,0.0028267903568089765,-7.079297121228362,0.040863186652988166,-0.009688212652401607,after_ekf,-0.19906763053903537,-0.004057604633715065,-6.457397935014381,0.03097081768362343,-0.011017333521268102,-0.2900611538718605,0.0028267903568089765,-7.079297121228362,0.040863186652988166,-0.009688212652401607,nan,nan,nan,nan,nan,nan,nan,nan,,0.05280999599926872,0.042519190999882994,0.021266076999381767,0.032053651000751415,0.021266076999381767,nan,nan,profile,1,1,2,3,0.7770543098449707,4.222945690155029,-0.6,-0.6,
1785152607.5341609,176.84479215399915,-6.666666666666667,-2.0939072848130524,-6.666666666666667,-2.355645695414684,-0.6,-0.31677449924543244,0.0,0.0035418657676428177,-7.100119768172211,0.04106572635820332,-0.009463838403553027,after_ekf,-0.20023178967030328,5.0500967075250285e-05,-6.4774245183020565,0.03117767461538255,-0.00964016683110881,-0.31677449924543244,0.0035418657676428177,-7.100119768172211,0.04106572635820332,-0.009463838403553027,nan,nan,nan,nan,nan,nan,nan,nan,,0.05186218199924042,0.04157228299845883,0.020698657999673742,0.031087616998775047,0.020698657999673742,nan,nan,profile,1,1,2,3,0.8601303100585938,4.139869689941406,-0.6,-0.6,
1785152607.60766,176.91829093900014,-6.666666666666667,-2.0988571257224824,-6.666666666666667,-2.0988571257224824,-0.6,-0.3442413135038239,0.0,0.0016222063617954184,-7.122816951591658,0.04128354535818592,-0.009328015343881724,after_ekf,-0.2002669699261518,4.324363999874056e-05,-6.484100046064615,0.031246626925968874,-0.011017333521268102,-0.3442413135038239,0.0016222063617954184,-7.122816951591658,0.04128354535818592,-0.009328015343881724,nan,nan,nan,nan,nan,nan,nan,nan,,0.05244723900068493,0.04173916000036115,0.020705561999420752,0.03117755799939914,0.020705561999420752,nan,nan,profile,1,1,2,3,0.9336256980895996,4.0663743019104,-0.6,-0.6,
1785152607.6706147,176.9812462789996,-6.666666666666667,-2.358135872712273,-6.666666666666667,-2.358135872712273,-0.6,-0.3442413135038239,0.0,0.0016222063617954184,-7.122816951591658,0.04128354535818592,-0.009328015343881724,after_ekf,-0.20149912042831503,-0.00412356016563011,-6.504519053488213,0.031480793405658215,-0.011017333521268102,-0.3442413135038239,0.0016222063617954184,-7.122816951591658,0.04128354535818592,-0.009328015343881724,nan,nan,nan,nan,nan,nan,nan,nan,,0.031214742999509326,0.10469449999982317,0.08366090199888276,0.02085005499975523,0.08366090199888276,nan,nan,profile,1,1,2,3,0.9965517520904541,4.003448247909546,-0.6,-0.6,
1785152607.7542367,177.064867694,-6.666666666666667,-2.3562131749628223,-6.666666666666667,-2.3562131749628223,-0.6,-0.3964236737394976,0.0,0.0003274259459223048,-7.173098471809233,0.04175492308290068,-0.009214935013641679,after_ekf,-0.20030113411437928,1.4234145784677853e-06,-6.510801857467587,0.031550015953352474,-0.011017333521268102,-0.3964236737394976,0.0003274259459223048,-7.173098471809233,0.04175492308290068,-0.009214935013641679,nan,nan,nan,nan,nan,nan,nan,nan,,0.05229352599963022,0.041948486999899615,0.02079836700067972,0.031303808000302524,0.02079836700067972,nan,nan,profile,1,1,2,3,1.0802464485168457,3.9197535514831543,-0.6,-0.6,
1785152607.8375714,177.1482028800001,-6.666666666666667,-2.3543006671926485,-6.666666666666667,-2.092711704171243,-0.6,-0.43100868880679233,0.0,0.00013116610745618934,-7.214747192159452,0.04214037971453192,-0.009192211544906568,after_ekf,-0.20149020410896812,-0.004137167739694027,-6.544571823347357,0.03193128034689212,-0.011017333521268102,-0.43100868880679233,0.00013116610745618934,-7.214747192159452,0.04214037971453192,-0.009192211544906568,nan,nan,nan,nan,nan,nan,nan,nan,,0.05189830699964659,0.041631316000348306,0.020623058000637684,0.031008321000626893,0.020623058000637684,nan,nan,profile,1,1,2,3,1.1635487079620361,3.836451292037964,-0.6,-0.6,
1785152607.920805,177.23143593399982,-6.666666666666667,-2.0933417119103455,-6.666666666666667,-2.3550094258991385,-0.6,-0.4652397002749811,0.0,-0.004350232012259126,-7.260460318112668,0.042571163133253695,-0.00958605483003705,after_ekf,-0.20251790204912537,-2.217549970010141e-05,-6.551639977824154,0.03200915571304816,-0.011017333521268102,-0.4652397002749811,-0.004350232012259126,-7.260460318112668,0.042571163133253695,-0.00958605483003705,nan,nan,nan,nan,nan,nan,nan,nan,,0.051982520999445114,0.04180699099924823,0.02082137499928649,0.03132317900053749,0.02082137499928649,nan,nan,profile,1,1,2,3,1.246805191040039,3.753194808959961,-0.6,-0.6,
1785152607.993475,177.3041064579993,-6.666666666666667,-2.0957030935649823,-6.666666666666667,-2.357665980260605,-0.6,-0.4862467964257883,0.0,-0.004232397200560529,-7.292352250763187,0.04287721771087453,-0.009868647685940424,after_ekf,-0.2002746382420645,1.3040961096416614e-06,-6.5712737402596995,0.03222547617459272,-0.011017333521268102,-0.4862467964257883,-0.004232397200560529,-7.292352250763187,0.04287721771087453,-0.009868647685940424,nan,nan,nan,nan,nan,nan,nan,nan,,0.0516905679996853,0.04145101500034798,0.020587437000358477,0.03092389700032072,0.020587437000358477,nan,nan,profile,1,1,2,3,1.3194260597229004,3.6805739402770996,-0.6,-0.6,
1785152608.0677197,177.37835113800065,-6.666666666666667,-2.3582482414208332,-6.666666666666667,-2.096220659040741,-0.6,-0.5077836430638565,0.0,-0.004170886244483999,-7.325858924784853,0.04320814413949523,-0.010147806638550525,after_ekf,-0.20028881301966311,4.19854732924066e-06,-6.5846245932065015,0.032381767288126195,-0.011017333521268102,-0.5077836430638565,-0.004170886244483999,-7.325858924784853,0.04320814413949523,-0.010147806638550525,nan,nan,nan,nan,nan,nan,nan,nan,,0.04225760300141701,0.11569569500170473,0.020970219000446377,0.03170386400051939,0.020970219000446377,nan,nan,profile,1,1,2,3,1.3936855792999268,3.6063144207000732,-0.6,-0.6,
1785152608.1511405,177.46177074600018,-6.666666666666667,-2.0899094461525403,-6.666666666666667,-2.0899094461525403,-0.6,-0.5282139869215388,0.0,-0.006409702090131585,-7.360706303938947,0.043565050013793336,-0.010545543351274667,after_ekf,-0.2002218583777256,-4.283688792010992e-06,-6.597975446153304,0.032538058401659506,-0.011017333521268102,-0.5282139869215388,-0.006409702090131585,-7.360706303938947,0.043565050013793336,-0.010545543351274667,nan,nan,nan,nan,nan,nan,nan,nan,,0.05188249999991967,0.04164380300062476,0.020821658999921056,0.03120543700060807,0.020821658999921056,nan,nan,profile,1,1,2,3,1.4771294593811035,3.5228705406188965,-0.6,-0.6,
1785152608.2341328,177.5447639489994,-6.666666666666667,-2.355809833562721,-6.666666666666667,-2.355809833562721,-0.6,-0.549126461129078,0.0,-0.007423299000348299,-7.3969999251047565,0.043949312532886683,-0.011028643658554048,after_ekf,-0.20035106038385667,-6.561122445829931e-06,-6.624677152046908,0.032850640628726294,-0.011017333521268102,-0.549126461129078,-0.007423299000348299,-7.3969999251047565,0.043949312532886683,-0.011028643658554048,nan,nan,nan,nan,nan,nan,nan,nan,,0.051699077999728615,0.04149681499984581,0.020700801998827956,0.03112651899937191,0.020700801998827956,nan,nan,profile,1,1,2,3,1.5600776672363281,3.439922332763672,-0.6,-0.6,
1785152608.3070898,177.61772014000053,-6.666666666666667,-2.3578599881735913,-6.666666666666667,-2.3578599881735913,-0.6,-0.5700781883069727,0.0,-0.0056162970373913315,-7.434547022367803,0.04436041250047185,-0.011424160083232326,after_ekf,-0.199055323847177,-0.004129277710507806,-6.631352578520309,0.03292878618549295,-0.012394500211427392,-0.5700781883069727,-0.0056162970373913315,-7.434547022367803,0.04436041250047185,-0.011424160083232326,nan,nan,nan,nan,nan,nan,nan,nan,,0.052258584000810515,0.041934064000088256,0.020958527000402682,0.03139403200111701,0.020958527000402682,nan,nan,profile,1,1,2,3,1.6331572532653809,3.366842746734619,-0.6,-0.6,
1785152608.3810966,177.69172784799957,-6.666666666666667,-2.1005509560193962,-6.666666666666667,-2.1005509560193962,-0.6,-0.5885158532573649,0.0,-0.007073118356655491,-7.47334071597363,0.04480582088395701,-0.011877935118294046,after_ekf,-0.20027073036558846,-4.611171206867562e-05,-6.651378857940512,0.033163222855792915,-0.011017333521268102,-0.5885158532573649,-0.007073118356655491,-7.47334071597363,0.04480582088395701,-0.011877935118294046,nan,nan,nan,nan,nan,nan,nan,nan,,0.042082332000063616,0.11594177199913247,0.021167561999391182,0.03156115599995246,0.021167561999391182,nan,nan,profile,1,1,2,3,1.7070667743682861,3.292933225631714,-0.6,-0.6,
1785152608.4638722,177.77450353399945,-6.666666666666667,-2.093817418167523,-6.666666666666667,-2.093817418167523,-0.6,-0.6048662176769735,0.0,-0.01000644266471613,-7.5132569375675615,0.04528481928450939,-0.01251015885545481,after_ekf,-0.19908761253375548,-0.004175171135390651,-6.664336987104385,0.03331924336023675,-0.012394500211425836,-0.6048662176769735,-0.01000644266471613,-7.5132569375675615,0.04528481928450939,-0.01251015885545481,nan,nan,nan,nan,nan,nan,nan,nan,,0.051575749999756226,0.04133708299923455,0.020521268999800668,0.030883743000231334,0.020521268999800668,nan,nan,profile,1,1,2,3,1.7898054122924805,3.2101945877075195,-0.6,-0.6,
1785152608.546408,177.8570385109997,-6.666666666666667,-2.3491393434934245,-6.666666666666667,-2.088123860883044,-0.6,-0.6281096771216758,0.0,-0.015224381764843732,-7.595486130012564,0.0463485436851894,-0.014265409652332028,after_ekf,-0.19906113289295024,-0.004173100473366636,-6.67768773032164,0.03348472762405059,-0.012394500211427394,-0.6281096771216758,-0.015224381764843732,-7.595486130012564,0.0463485436851894,-0.014265409652332028,nan,nan,nan,nan,nan,nan,nan,nan,,0.05154456600030244,0.041329526000481565,0.020657674000176485,0.031001302000731812,0.020657674000176485,nan,nan,profile,1,1,2,3,1.872403860092163,3.127596139907837,-0.6,-0.6,
1785152608.6192253,177.92985653699907,-6.666666666666667,-2.618696552837517,-6.666666666666667,-2.3568268975537654,-0.6,-0.6281096771216758,0.0,-0.015224381764843732,-7.595486130012564,0.0463485436851894,-0.014265409652332028,after_ekf,-0.19907501352645934,-0.004208707928889904,-6.704388980416485,0.03383408224300071,-0.012394500211425838,-0.6281096771216758,-0.015224381764843732,-7.595486130012564,0.0463485436851894,-0.014265409652332028,nan,nan,nan,nan,nan,nan,nan,nan,,0.0413686100000632,0.031051336000018637,0.0934756999995443,0.02060380799957784,0.0934756999995443,nan,nan,profile,1,1,2,3,1.9451944828033447,3.0548055171966553,-0.6,-0.6,
1785152608.6918895,178.00252016299964,-6.666666666666667,-2.8739186025575973,-6.666666666666667,-2.6126532750523612,-0.6,-0.6346388908917218,0.0,-0.011067732975588123,-7.658512027960193,0.0472414836821707,-0.01557540941429414,after_ekf,-0.19791642117939345,-0.00833836761768234,-6.71734688242607,0.03400794809770148,-0.013771666901585128,-0.6346388908917218,-0.011067732975588123,-7.658512027960193,0.0472414836821707,-0.01557540941429414,nan,nan,nan,nan,nan,nan,nan,nan,,0.051846467998984735,0.04145311100000981,0.020568833000652376,0.030904449999070494,0.020568833000652376,nan,nan,profile,1,1,2,3,2.01781964302063,2.98218035697937,-0.6,-0.6,
1785152608.7650847,178.07571594699948,-6.666666666666667,-2.6171738912396303,-6.666666666666667,-2.6171738912396303,-0.6,-0.6372534248175191,0.0,-0.00891682550150977,-7.721584557004852,0.04823593801382386,-0.01650954645046853,after_ekf,-0.19905944630270875,-0.004202130054353432,-6.724414795597679,0.03410529119766016,-0.013771666901586686,-0.6372534248175191,-0.00891682550150977,-7.721584557004852,0.04823593801382386,-0.01650954645046853,nan,nan,nan,nan,nan,nan,nan,nan,,0.041953071999159874,0.11464889499984565,0.020765061999554746,0.031328102999395924,0.020765061999554746,nan,nan,profile,1,1,2,3,2.091122627258301,2.908877372741699,-0.6,-0.6,
1785152608.8483455,178.15897686300013,-6.666666666666667,-3.139952216953568,-6.666666666666667,-3.139952216953568,-0.6,-0.6361791326173423,0.0,-0.004163411111828481,-7.763741385611321,0.048925602270335676,-0.016863451924371553,after_ekf,-0.19906471598805245,-0.0042232421798090985,-6.7377654206451005,0.03427996850713527,-0.01377166690158513,-0.6361791326173423,-0.004163411111828481,-7.763741385611321,0.048925602270335676,-0.016863451924371553,nan,nan,nan,nan,nan,nan,nan,nan,,0.051748756999586476,0.04149225000037404,0.02071011699990777,0.03112913299992215,0.02071011699990777,nan,nan,profile,1,1,2,3,2.174333095550537,2.825666904449463,-0.6,-0.6,
1785152608.9321704,178.24280181299946,-6.666666666666667,-3.6663754117998244,-6.666666666666667,-3.4044914538141224,-0.6,-0.6313941142727129,0.0,-0.004151696171392844,-7.805585553682041,0.04963401765121287,-0.01714060488930258,after_ekf,-0.20027335044673583,-0.008349825896205715,-6.757791109216289,0.03456037039412049,-0.01514883359174442,-0.6313941142727129,-0.004151696171392844,-7.805585553682041,0.04963401765121287,-0.01714060488930258,nan,nan,nan,nan,nan,nan,nan,nan,,0.0523001679994195,0.04202029299995047,0.02107893500033242,0.031584651998855406,0.02107893500033242,nan,nan,profile,1,1,2,3,2.2582573890686035,2.7417426109313965,-0.6,-0.6,
1785152609.0057085,178.3163399999994,-6.666666666666667,-3.9298010963472607,-6.666666666666667,-3.9298010963472607,-0.6,-0.6265205962787351,0.0,-0.008688905812563126,-7.847013325532646,0.05035493311793123,-0.017659432673299943,after_ekf,-0.2004099939750045,-0.008323294144476986,-6.771141481043698,0.03475343356824715,-0.015148833591745976,-0.6265205962787351,-0.008688905812563126,-7.847013325532646,0.05035493311793123,-0.017659432673299943,nan,nan,nan,nan,nan,nan,nan,nan,,0.05190086800030258,0.04154177099917433,0.020695608998721582,0.03107189299953461,0.020695608998721582,nan,nan,profile,1,1,2,3,2.331696033477783,2.668303966522217,-0.6,-0.6,
1785152609.0787082,178.38933888999964,-6.666666666666667,-4.453868174025804,-6.666666666666667,-4.191875928494874,-0.6,-0.6131106605628235,0.0,-0.009656822755394548,-7.92902299135844,0.05183119610659348,-0.018943278876044634,after_ekf,-0.20013464322936877,-5.540171026577959e-05,-6.777816666957404,0.03484996515531043,-0.013771666901586686,-0.6131106605628235,-0.009656822755394548,-7.92902299135844,0.05183119610659348,-0.018943278876044634,nan,nan,nan,nan,nan,nan,nan,nan,,0.04161719799958519,0.11454066099940974,0.020858841999142896,0.03119182899899897,0.020858841999142896,nan,nan,profile,1,1,2,3,2.404672145843506,2.595327854156494,-0.6,-0.6,
1785152609.162466,178.47309685800064,-6.666666666666667,-4.4501656253064175,-6.666666666666667,-4.711940073853854,-0.6,-0.6084599281678205,0.0,-0.013342920116904003,-7.969366513772465,0.05260487829824096,-0.019777995929259884,after_ekf,-0.20023846363089995,-8.841959846683233e-05,-6.804517410612224,0.03523609150356364,-0.01377166690158513,-0.6084599281678205,-0.013342920116904003,-7.969366513772465,0.05260487829824096,-0.019777995929259884,nan,nan,nan,nan,nan,nan,nan,nan,,0.05242978500064055,0.0421550830014894,0.020658688999901642,0.031710962000943255,0.020658688999901642,nan,nan,profile,1,1,2,3,2.488477945327759,2.511522054672241,-0.6,-0.6,
1785152609.2460864,178.55671753500064,-6.666666666666667,-4.974135592605202,-6.666666666666667,-4.974135592605202,-0.6,-0.6003485697809645,0.0,-0.005975092536054554,-8.049526033728341,0.0542036934725573,-0.020977353413718536,after_ekf,-0.1990898568044514,0.004044710348365352,-6.824150502755581,0.03550648900344886,-0.013771666901586687,-0.6003485697809645,-0.005975092536054554,-8.049526033728341,0.0542036934725573,-0.020977353413718536,nan,nan,nan,nan,nan,nan,nan,nan,,0.05199933200128726,0.04173867600002268,0.02081637400078762,0.03137517100003606,0.02081637400078762,nan,nan,profile,1,1,2,3,2.572028636932373,2.427971363067627,-0.6,-0.6,
1785152609.3289912,178.63962228399942,-6.666666666666667,-5.231487578053471,-6.666666666666667,-5.231487578053471,-0.6,-0.599165077932129,0.0,-0.002754656972608647,-8.08922333667178,0.055033070730369865,-0.02120927339839751,after_ekf,-0.19908484861536396,0.004051415181723812,-6.837501005413063,0.035690359303370806,-0.01377166690158513,-0.599165077932129,-0.002754656972608647,-8.08922333667178,0.055033070730369865,-0.02120927339839751,nan,nan,nan,nan,nan,nan,nan,nan,,0.051383603999056504,0.041183299999829615,0.020569844999045017,0.030862472998705925,0.020569844999045017,nan,nan,profile,1,1,2,3,2.6551029682159424,2.3448970317840576,-0.6,-0.6,
1785152609.3922594,178.70288974200048,-6.666666666666667,-5.499599096696527,-6.666666666666667,-5.499599096696527,-0.6,-0.599165077932129,0.0,-0.002754656972608647,-8.08922333667178,0.055033070730369865,-0.02120927339839751,after_ekf,-0.19914654138838433,0.004101330086183797,-6.850851508070546,0.03587422960329275,-0.01377166690158513,-0.599165077932129,-0.002754656972608647,-8.08922333667178,0.055033070730369865,-0.02120927339839751,nan,nan,nan,nan,nan,nan,nan,nan,,0.04209403800086875,0.031733654001072864,0.08383730300010939,0.02094355799999903,0.08383730300010939,nan,nan,profile,1,1,2,3,2.7182743549346924,2.2817256450653076,-0.6,-0.6,
1785152609.4653938,178.77602477000073,-6.666666666666667,-5.498988342795738,-6.666666666666667,-5.760844930547916,-0.6,-0.598639532065307,0.0,0.008060708022350496,-8.16886817878111,0.05670565842116364,-0.020772781974970126,after_ekf,-0.19903581118317198,0.004078487577033086,-6.8575268205942566,0.03596156825803035,-0.012394500211427396,-0.598639532065307,0.008060708022350496,-8.16886817878111,0.05670565842116364,-0.020772781974970126,nan,nan,nan,nan,nan,nan,nan,nan,,0.041737510000530165,0.10486868200132449,0.02075843200145755,0.0313098020014877,0.02075843200145755,nan,nan,profile,1,1,2,3,2.791388750076294,2.208611249923706,-0.6,-0.6,
1785152609.5491714,178.85980220700003,-6.666666666666667,-6.017234809602337,-6.666666666666667,-6.017234809602337,-0.6,-0.5990688052783667,0.0,0.010383083018656196,-8.208661776132745,0.0575296205095624,-0.02011573625656915,after_ekf,-0.20031246530206018,-4.94882046077498e-05,-6.87755275816539,0.03622358422224297,-0.01377166690158513,-0.5990688052783667,0.010383083018656196,-8.208661776132745,0.0575296205095624,-0.02011573625656915,nan,nan,nan,nan,nan,nan,nan,nan,,0.0521694489998481,0.0418288439996104,0.020882908000203315,0.03120311299971945,0.020882908000203315,nan,nan,profile,1,1,2,3,2.875187873840332,2.124812126159668,-0.6,-0.6,
1785152609.6218774,178.9325091690007,-6.666666666666667,-6.276907395478925,-6.666666666666667,-6.015369587333969,-0.6,-0.5990688052783667,0.0,0.010383083018656196,-8.208661776132745,0.0575296205095624,-0.02011573625656915,after_ekf,-0.19896683810014057,0.004110827127284602,-6.897578695736523,0.03648560018645559,-0.012394500211427396,-0.5990688052783667,0.010383083018656196,-8.208661776132745,0.0575296205095624,-0.02011573625656915,nan,nan,nan,nan,nan,nan,nan,nan,,0.04115442700094718,0.030940781000026618,0.09358987000086927,0.020531535001282464,0.09358987000086927,nan,nan,profile,1,1,2,3,2.947835922241211,2.052164077758789,-0.6,-0.6,
1785152609.6943848,179.00501648799946,-6.666666666666667,-6.2882369623432846,-6.666666666666667,-6.2882369623432846,-0.6,-0.6019463409252411,0.0,0.016578931418817312,-8.288450607202181,0.059098512738346765,-0.01819832677560917,after_ekf,-0.20131018199871226,0.00409131395950526,-6.917997361310728,0.03674788681206734,-0.012394500211425838,-0.6019463409252411,0.016578931418817312,-8.288450607202181,0.059098512738346765,-0.01819832677560917,nan,nan,nan,nan,nan,nan,nan,nan,,0.051790825000352925,0.041607987999668694,0.020702982999864616,0.0310784049997892,0.020702982999864616,nan,nan,profile,1,1,2,3,3.0203309059143066,1.9796690940856934,-0.6,-0.6,
1785152609.7678237,179.0784550110002,-6.666666666666667,-6.806426609252368,-6.666666666666667,-6.806426609252368,-0.6,-0.6039379694948335,0.0,0.016566679989801665,-8.328690075927238,0.059831205712100176,-0.017089940954787334,after_ekf,-0.2001962384035648,-4.914611555302539e-06,-6.9242800640012,0.03682576175974443,-0.012394500211425838,-0.6039379694948335,0.016566679989801665,-8.328690075927238,0.059831205712100176,-0.017089940954787334,nan,nan,nan,nan,nan,nan,nan,nan,,0.04242648800027382,0.11504651100040064,0.02090788300120039,0.03131738500087522,0.02090788300120039,nan,nan,profile,1,1,2,3,3.0937705039978027,1.9062294960021973,-0.6,-0.6,
1785152609.8513913,179.16202260299906,-6.666666666666667,-6.804725993401181,-6.666666666666667,-7.066446223916611,-0.6,-0.600860271563547,0.0,0.011260282127551213,-8.408625272040872,0.06117675235705949,-0.01525609448559928,after_ekf,-0.20019107077494785,1.9497505588261188e-05,-6.937630807218455,0.036991246023558265,-0.012394500211427396,-0.600860271563547,0.011260282127551213,-8.408625272040872,0.06117675235705949,-0.01525609448559928,nan,nan,nan,nan,nan,nan,nan,nan,,0.05172369100000651,0.04150655299963546,0.020814987999983714,0.031139079999775277,0.020814987999983714,nan,nan,profile,1,1,2,3,3.1773295402526855,1.8226704597473145,-0.6,-0.6,
1785152609.9349983,179.24562819099992,-6.666666666666667,-6.80191126156921,-6.666666666666667,-7.063523233168026,-0.6,-0.5984704839820656,0.0,0.00964578515122441,-8.448473140890089,0.061787355740454845,-0.014587166587570088,after_ekf,-0.19923562420478474,0.004109539577668084,-6.957264253126183,0.03723460523504921,-0.012394500211427396,-0.5984704839820656,0.00964578515122441,-8.448473140890089,0.061787355740454845,-0.014587166587570088,nan,nan,nan,nan,nan,nan,nan,nan,,0.052422835000470513,0.04209818900017126,0.021083174000523286,0.03134831900024437,0.021083174000523286,nan,nan,profile,1,1,2,3,3.2611074447631836,1.7388925552368164,-0.6,-0.6,
1785152609.9982727,179.3089028939994,-6.666666666666667,-7.074295893768294,-6.666666666666667,-7.074295893768294,-0.6,-0.5984704839820656,0.0,0.00964578515122441,-8.448473140890089,0.061787355740454845,-0.014587166587570088,after_ekf,-0.20038533609985015,-1.9513167779377005e-05,-6.964332293652965,0.03732221455118595,-0.012394500211425838,-0.5984704839820656,0.00964578515122441,-8.448473140890089,0.061787355740454845,-0.014587166587570088,nan,nan,nan,nan,nan,nan,nan,nan,,0.041699202000017976,0.031431002000317676,0.08435787700000219,0.02089485299984517,0.08435787700000219,nan,nan,profile,1,1,2,3,3.324307918548584,1.675692081451416,-0.6,-0.6,
1785152610.071644,179.38227481799913,-6.666666666666667,-7.074808028176386,-6.666666666666667,-7.074808028176386,-0.6,-0.5961767636073119,0.0,0.0037972221126532342,-8.507958834189077,0.06266461922770378,-0.013933322262356107,after_ekf,-0.20015322486835987,-4.331810604576114e-17,-6.97768303687022,0.03748769881499978,-0.012394500211427396,-0.5961767636073119,0.0037972221126532342,-8.507958834189077,0.06266461922770378,-0.013933322262356107,nan,nan,nan,nan,nan,nan,nan,nan,,0.04194186599852401,0.10480292600004759,0.02083818899882317,0.031405665999045596,0.02083818899882317,nan,nan,profile,1,1,2,3,3.397650718688965,1.6023492813110352,-0.6,-0.6,
1785152610.155914,179.46654481599944,-6.666666666666667,-7.070305655628633,-6.666666666666667,-7.070305655628633,-0.6,-0.5948751157738512,0.0,0.003978563061677428,-8.547458172261411,0.06321440600270178,-0.013670071887518455,after_ekf,-0.20042285501374207,-4.683031033571722e-15,-6.9910337800874744,0.03765318307881363,-0.012394500211427396,-0.5948751157738512,0.003978563061677428,-8.547458172261411,0.06321440600270178,-0.013670071887518455,nan,nan,nan,nan,nan,nan,nan,nan,,0.05289270200046303,0.042080920000444166,0.020751109999764594,0.031379891999677056,0.020751109999764594,nan,nan,profile,1,1,2,3,3.4819040298461914,1.5180959701538086,-0.6,-0.6,
1785152610.2392187,179.54985019299966,-6.666666666666667,-7.065203265378779,-6.666666666666667,-7.065203265378779,-0.6,-0.5960126050605863,0.0,0.004057139970367956,-8.5870904394698,0.06375592442815077,-0.013400289778805252,after_ekf,-0.20375757291430321,0.004111957308023164,-7.018913216426069,0.03800280885610586,-0.011017333521268107,-0.5960126050605863,0.004057139970367956,-8.5870904394698,0.06375592442815077,-0.013400289778805252,nan,nan,nan,nan,nan,nan,nan,nan,,0.05194881100032944,0.041651774999991176,0.020706507999420865,0.03112722500009113,0.020706507999420865,nan,nan,profile,1,1,2,3,3.565199375152588,1.434800624847412,-0.6,-0.6,
1785152610.3228116,179.63344298499942,-6.666666666666667,-6.802096214109046,-6.666666666666667,-6.802096214109046,-0.6,-0.5973585797222284,0.0,0.0009733362612674551,-8.64665549505756,0.06455670583188851,-0.013240289850401599,after_ekf,-0.20963553810121455,0.008225718681392291,-7.034227611080143,0.03816586060592745,-0.009640166831110372,-0.5973585797222284,0.0009733362612674551,-8.64665549505756,0.06455670583188851,-0.013240289850401599,nan,nan,nan,nan,nan,nan,nan,nan,,0.05187097700036247,0.04162512499897275,0.020742131999213598,0.031178004999674158,0.020742131999213598,nan,nan,profile,1,1,2,3,3.6488149166107178,1.3511850833892822,-0.6,-0.6,
1785152610.3956528,179.7062843399999,-6.666666666666667,-6.565276981336499,-6.666666666666667,-7.090499139843419,-0.6,-0.5980721473058092,0.0,0.0026446473302440127,-8.68651139056028,0.06508147162368703,-0.013091041499183387,after_ekf,-0.21681935714999684,0.008225718681396944,-7.04993484446111,0.03831728564698939,-0.009640166831110372,-0.5980721473058092,0.0026446473302440127,-8.68651139056028,0.06508147162368703,-0.013091041499183387,nan,nan,nan,nan,nan,nan,nan,nan,,0.05174013599935279,0.04143347100034589,0.02066317699973297,0.03098233099990466,0.02066317699973297,nan,nan,profile,1,1,2,3,3.721698045730591,1.2783019542694092,-0.6,-0.6,
1785152610.4684255,179.77905689100044,-6.666666666666667,-6.551065656163413,-6.666666666666667,-6.813108282409949,-0.6,-0.5991200566098814,0.0,0.001190211624486211,-8.726292213216537,0.06560450912348326,-0.012990558973288824,after_ekf,-0.23915918950024614,0.012384568056532666,-7.077422617077081,0.03856984131556952,-0.009640166831108816,-0.5991200566098814,0.001190211624486211,-8.726292213216537,0.06560450912348326,-0.012990558973288824,nan,nan,nan,nan,nan,nan,nan,nan,,0.04148929000075441,0.1142060220008716,0.020741844000440324,0.031135106000874657,0.020741844000440324,nan,nan,profile,1,1,2,3,3.7944400310516357,1.2055599689483643,-0.6,-0.6,
1785152610.5522928,179.86292428699926,-6.666666666666667,-6.810623503671845,-6.666666666666667,-6.548676445838312,-0.6,-0.6010356742009926,0.0,0.0005247141219705827,-8.766313821419585,0.06612547117965344,-0.012946608481100073,after_ekf,-0.25090644546258434,0.004147541894882811,-7.088024925876439,0.038679353808853685,-0.011017333521268107,-0.6010356742009926,0.0005247141219705827,-8.766313821419585,0.06612547117965344,-0.012946608481100073,nan,nan,nan,nan,nan,nan,nan,nan,,0.05251053099891578,0.04230472999915946,0.02075639499889803,0.031968954999683774,0.02075639499889803,nan,nan,profile,1,1,2,3,3.8783135414123535,1.1216864585876465,-0.6,-0.6,
1785152610.6358206,179.94645161699918,-6.666666666666667,-6.80210518670416,-6.666666666666667,-6.540485756446307,-0.6,-0.6023620221032039,0.0,0.0025000910816644984,-8.806354124392977,0.06664036883974708,-0.012804674808709395,after_ekf,-0.2860699195858934,0.004154011719320234,-7.121402723078201,0.03900843261167768,-0.009640166831108816,-0.6023620221032039,0.0025000910816644984,-8.806354124392977,0.06664036883974708,-0.012804674808709395,nan,nan,nan,nan,nan,nan,nan,nan,,0.05201463299999887,0.041725834998942446,0.02074936699864338,0.031248311999661382,0.02074936699864338,nan,nan,profile,1,1,2,3,3.9618148803710938,1.0381851196289062,-0.6,-0.6,
1785152610.709089,180.0197202799991,-6.666666666666667,-6.551035558972781,-6.666666666666667,-6.551035558972781,-0.6,-0.6028798216079316,0.0,0.0033943965476343437,-8.84643056761963,0.06715181592676216,-0.012589322777637246,after_ekf,-0.3263177803714071,0.004165027732938037,-7.158707484283569,0.03935914406119577,-0.008263000140951089,-0.6028798216079316,0.0033943965476343437,-8.84643056761963,0.06715181592676216,-0.012589322777637246,nan,nan,nan,nan,nan,nan,nan,nan,,0.052320319999125786,0.042069559000083245,0.021027879000030225,0.03162177599915594,0.021027879000030225,nan,nan,profile,1,1,2,3,4.035032749176025,0.9649672508239746,-0.6,-0.6,
1785152610.7829578,180.093589271999,-6.666666666666667,-6.518806147312053,-6.666666666666667,-6.518806147312053,-0.6,-0.6048017923730614,0.0,0.0038091790085494786,-8.886683298221762,0.06765778249959348,-0.012340174779683633,after_ekf,-0.3533484620997119,2.384669668088063e-05,-7.185802713352519,0.039592501571691134,-0.009640166831105705,-0.6048017923730614,0.0038091790085494786,-8.886683298221762,0.06765778249959348,-0.012340174779683633,nan,nan,nan,nan,nan,nan,nan,nan,,0.04222996599855833,0.11593855099999928,0.02138167299926863,0.03181308899911528,0.02138167299926863,nan,nan,profile,1,1,2,3,4.108922719955444,0.8910772800445557,-0.6,-0.6,
1785152610.86727,180.17790073200013,-6.666666666666667,-6.82115871981768,-6.666666666666667,-6.558806461363154,-0.6,-0.6037093449932066,0.0,0.0007847859092527788,-8.966975992025287,0.06864854525296236,-0.012077000264913096,after_ekf,-0.3911734805609591,-1.0017030264555803e-06,-7.228997605150178,0.04000892043461136,-0.009640166831107263,-0.6037093449932066,0.0007847859092527788,-8.966975992025287,0.06864854525296236,-0.012077000264913096,nan,nan,nan,nan,nan,nan,nan,nan,,0.05243564100055664,0.04218948400011868,0.02081029100008891,0.0317611680002301,0.02081029100008891,nan,nan,profile,1,1,2,3,4.1932737827301025,0.8067262172698975,-0.6,-0.6,
1785152610.9502487,180.26087978099895,-6.666666666666667,-6.546477357280969,-6.666666666666667,-6.546477357280969,-0.6,-0.6010857048400078,0.0,-0.006367767536513281,-9.047220644175757,0.06963359560158577,-0.012524937954077942,after_ekf,-0.4027230095068465,-1.0017030217808707e-06,-7.2439194768620965,0.040152774223620166,-0.009640166831107263,-0.6010857048400078,-0.006367767536513281,-9.047220644175757,0.06963359560158577,-0.012524937954077942,nan,nan,nan,nan,nan,nan,nan,nan,,0.051708315999349,0.04147839599863801,0.020782806999704917,0.031187096999929054,0.020782806999704917,nan,nan,profile,1,1,2,3,4.276264905929565,0.7237350940704346,-0.6,-0.6,
1785152611.0232892,180.33392058000027,-6.666666666666667,-6.786585845983072,-6.666666666666667,-6.525563313445261,-0.6,-0.6010857048400078,0.0,-0.006367767536513281,-9.047220644175757,0.06963359560158577,-0.012524937954077942,after_ekf,-0.43807117052811995,-1.0017030217287528e-06,-7.291826538674045,0.04061462059885898,-0.009640166831107263,-0.6010857048400078,-0.006367767536513281,-9.047220644175757,0.06963359560158577,-0.012524937954077942,nan,nan,nan,nan,nan,nan,nan,nan,,0.04142125200087321,0.031130018000112614,0.09382360600102402,0.02075755000078061,0.09382360600102402,nan,nan,profile,1,1,2,3,4.349320888519287,0.6506791114807129,-0.6,-0.6,
1785152611.0960517,180.40668300700054,-6.666666666666667,-6.778403517307236,-6.666666666666667,-6.517695689718496,-0.6,-0.5992759217894343,0.0,-0.010426086700637029,-9.127049632629022,0.07065855619784092,-0.013773000192125018,after_ekf,-0.4695922389140411,-0.004128639565717506,-7.342482003125579,0.04113838768373231,-0.011017333521266551,-0.5992759217894343,-0.010426086700637029,-9.127049632629022,0.07065855619784092,-0.013773000192125018,nan,nan,nan,nan,nan,nan,nan,nan,,0.05177007800011779,0.041489880000881385,0.020734617000925937,0.031125709001571522,0.020734617000925937,nan,nan,profile,1,1,2,3,4.422093868255615,0.5779061317443848,-0.6,-0.6,
1785152611.1699781,180.4806082140003,-6.666666666666667,-6.806853989168355,-6.666666666666667,-6.545051912661879,-0.6,-0.599492124156043,0.0,-0.012015048073705901,-9.206810545865197,0.07178168379678206,-0.015283034595340975,after_ekf,-0.4912518554045377,-0.004128639565708155,-7.377822775509562,0.041527764514512455,-0.011017333521264994,-0.599492124156043,-0.012015048073705901,-9.206810545865197,0.07178168379678206,-0.015283034595340975,nan,nan,nan,nan,nan,nan,nan,nan,,0.042522861000179546,0.11541508700065606,0.021155497001018375,0.032046079000792815,0.021155497001018375,nan,nan,profile,1,1,2,3,4.496046781539917,0.503953218460083,-0.6,-0.6,
1785152611.254972,180.56560316799914,-6.666666666666667,-6.807024915319389,-6.666666666666667,-6.545216264730182,-0.6,-0.6002400838807065,0.0,-0.012239270233578809,-9.246837030375994,0.07239387216432094,-0.016096783179496026,after_ekf,-0.512570752653844,-0.004119580602684898,-7.414733957186017,0.04195986347546071,-0.01101733352126655,-0.6002400838807065,-0.012239270233578809,-9.246837030375994,0.07239387216432094,-0.016096783179496026,nan,nan,nan,nan,nan,nan,nan,nan,,0.052753367999685,0.04214432199842122,0.021014680998632684,0.0314566939996439,0.021014680998632684,nan,nan,profile,1,1,2,3,4.581089019775391,0.4189109802246094,-0.6,-0.6,
1785152611.3295505,180.6401815070003,-6.666666666666667,-6.577921598226158,-6.666666666666667,-6.577921598226158,-0.6,-0.6002400838807065,0.0,-0.012239270233578809,-9.246837030375994,0.07239387216432094,-0.016096783179496026,after_ekf,-0.5323522678279673,-0.00825688471057905,-7.452823000386653,0.04241873139388003,-0.012394500211424284,-0.6002400838807065,-0.012239270233578809,-9.246837030375994,0.07239387216432094,-0.016096783179496026,nan,nan,nan,nan,nan,nan,nan,nan,,0.04222821300027135,0.031890721000308986,0.09559301999979652,0.020679668999946443,0.09559301999979652,nan,nan,profile,1,1,2,3,4.655529975891113,0.3444700241088867,-0.6,-0.6,
1785152611.402035,180.71266581300006,-6.666666666666667,-6.5486689761447145,-6.666666666666667,-6.5486689761447145,-0.6,-0.6023857739758607,0.0,-0.00580956533585805,-9.326956271515046,0.07369266060868158,-0.017223806349799368,after_ekf,-0.5532735764450841,-0.008256884710583747,-7.492875230038421,0.04291518418532148,-0.012394500211424284,-0.6023857739758607,-0.00580956533585805,-9.326956271515046,0.07369266060868158,-0.017223806349799368,nan,nan,nan,nan,nan,nan,nan,nan,,0.05162538399963523,0.04136432599989348,0.020708698999442277,0.03102515700084041,0.020708698999442277,nan,nan,profile,1,1,2,3,4.72799825668335,0.2720017433166504,-0.6,-0.6,
1785152611.4758046,180.78643614000066,-6.666666666666667,-6.780620043248006,-6.666666666666667,-6.5198269646615445,-0.6,-0.6033011477655932,0.0,-0.002702106094517466,-9.367125764658347,0.07437953709987702,-0.017451740471901456,after_ekf,-0.5740977464906182,-0.004128245144870903,-7.533712797526499,0.04342137134522259,-0.012394500211425841,-0.6033011477655932,-0.002702106094517466,-9.367125764658347,0.07437953709987702,-0.017451740471901456,nan,nan,nan,nan,nan,nan,nan,nan,,0.042434578001120826,0.11513465300049575,0.020999947000746033,0.0318183270010195,0.020999947000746033,nan,nan,profile,1,1,2,3,4.801724195480347,0.19827580451965332,-0.6,-0.6,
1785152611.5586028,180.86923407799986,-6.666666666666667,-6.5465315749245745,-6.666666666666667,-6.8083928379215575,-0.6,-0.6041636698813404,0.0,0.0010037989630837661,-9.40747044638993,0.07507764053889993,-0.01743775415777371,after_ekf,-0.6067651795851063,-0.012420578317408688,-7.616956672777387,0.04459705736114188,-0.015148833591742867,-0.6041636698813404,0.0010037989630837661,-9.40747044638993,0.07507764053889993,-0.01743775415777371,nan,nan,nan,nan,nan,nan,nan,nan,,0.05173769499924674,0.04147781900064729,0.02075881800010393,0.03107940299923939,0.02075881800010393,nan,nan,profile,1,1,2,3,4.884672164916992,0.11532783508300781,-0.6,-0.6,
1785152611.6419463,180.9525777990002,-6.666666666666667,-6.809187249233757,-6.666666666666667,-6.547295431955535,-0.6,-0.6066378297826197,0.0,0.004761113384012772,-9.48800044528612,0.07646895274653635,-0.016956582572126067,after_ekf,-0.6243017926617329,-0.016546599152719818,-7.680565677151184,0.04561968854693939,-0.01790316697205989,-0.6066378297826197,0.004761113384012772,-9.48800044528612,0.07646895274653635,-0.016956582572126067,nan,nan,nan,nan,nan,nan,nan,nan,,0.05196312299995043,0.041745135000383016,0.021036844000263955,0.031378154000776703,0.021036844000263955,nan,nan,profile,1,1,2,3,4.967880487442017,0.0321195125579834,-0.6,-0.6,
1785152611.7251148,181.0357452900007,-6.666666666666667,-6.805374213402095,-6.666666666666667,-6.805374213402095,-0.6,-0.6061995198064972,0.0,-0.002219475937754306,-9.528462139472058,0.07716727860879934,-0.016999771041925626,after_ekf,-0.6270802726832734,-0.016546599152719818,-7.701768029184209,0.0459993183565313,-0.01790316697205989,-0.6061995198064972,-0.002219475937754306,-9.528462139472058,0.07716727860879934,-0.016999771041925626,nan,nan,nan,nan,nan,nan,nan,nan,,0.05154618300002767,0.04133769800137088,0.02068588500151236,0.031014304000564152,0.02068588500151236,nan,nan,profile,1,1,3,3,0.051442861557006836,4.948557138442993,-0.4,-0.4,
1785152611.8001847,181.11081565899985,-6.666666666666667,-6.550700574271822,-6.666666666666667,-6.812728597242695,-0.6,-0.6053926837209787,0.0,-0.0032743799662015285,-9.568682624239601,0.07785305336647189,-0.017203067174868195,after_ekf,-0.6313364944239327,-0.008268892684443094,-7.7649837045370775,0.04705844921687261,-0.0165260002819006,-0.6053926837209787,-0.0032743799662015285,-9.568682624239601,0.07785305336647189,-0.017203067174868195,nan,nan,nan,nan,nan,nan,nan,nan,,0.053143339000598644,0.042666545999964,0.020897301999866613,0.031663960000514635,0.020897301999866613,nan,nan,profile,1,1,3,3,0.12624764442443848,4.8737523555755615,-0.4,-0.4,
1785152611.8733108,181.18394137500036,-6.666666666666667,-6.814781365005346,-6.666666666666667,-6.552674389428217,-0.6,-0.6037696949606417,0.0,-0.008249348472380076,-9.608859244712063,0.0785531112592107,-0.017688608701944997,after_ekf,-0.6338349392742368,-0.0082615216062786,-7.806996525149619,0.04776714979136577,-0.01790316697205989,-0.6037696949606417,-0.008249348472380076,-9.608859244712063,0.0785531112592107,-0.017688608701944997,nan,nan,nan,nan,nan,nan,nan,nan,,0.041566597999917576,0.11579226200046833,0.020728269000755972,0.031123568000111845,0.020728269000755972,nan,nan,profile,1,1,3,3,0.19941091537475586,4.800589084625244,-0.4,-0.4,
1785152611.9567006,181.26733183000033,-4.444444444444445,-6.806486843497431,-4.444444444444445,-6.544698887978298,-0.4,-0.6011523776955461,0.0,-0.010488167411966513,-9.648873917789802,0.07926530053690752,-0.018359866216689724,after_ekf,-0.6312700095518917,1.0985188038484944e-05,-7.869425922790363,0.04887061933587637,-0.0165260002819006,-0.6011523776955461,-0.010488167411966513,-9.648873917789802,0.07926530053690752,-0.018359866216689724,nan,nan,nan,nan,nan,nan,nan,nan,,0.051866440000594594,0.04162787300083437,0.020787876999747823,0.03126187500129163,0.020787876999747823,nan,nan,profile,1,1,3,3,0.28269481658935547,4.7173051834106445,-0.4,-0.4,
1785152612.0402992,181.35093045599933,-4.444444444444445,-6.526833050119709,-4.444444444444445,-6.526833050119709,-0.4,-0.6002122422374465,0.0,-0.011505009439556032,-9.688985621099391,0.08000388652381081,-0.019117000015473447,after_ekf,-0.625389138274257,-0.0041419303157244946,-7.910259552996279,0.04962987547943505,-0.019280333662219182,-0.6002122422374465,-0.011505009439556032,-9.688985621099391,0.08000388652381081,-0.019117000015473447,nan,nan,nan,nan,nan,nan,nan,nan,,0.05175226199935423,0.041497565998724895,0.020722817000205396,0.031148828000368667,0.020722817000205396,nan,nan,profile,1,1,3,3,0.36626172065734863,4.633738279342651,-0.4,-0.4,
1785152612.1246076,181.435239000999,-4.444444444444445,-6.800719201394083,-4.444444444444445,-6.800719201394083,-0.4,-0.5970232257423288,0.0,-0.0074728059056395155,-9.72863255421088,0.08075529445185359,-0.01966078312581709,after_ekf,-0.6207439780840358,-0.012435786892745928,-7.95069976854753,0.050423466225912324,-0.02065750035237691,-0.5970232257423288,-0.0074728059056395155,-9.72863255421088,0.08075529445185359,-0.01966078312581709,nan,nan,nan,nan,nan,nan,nan,nan,,0.05270050199942489,0.04212426999947638,0.021204272999966634,0.03175148299851571,0.021204272999966634,nan,nan,profile,1,1,3,3,0.45058131217956543,4.549418687820435,-0.4,-0.4,
1785152612.1979227,181.50855309100007,-4.444444444444445,-6.826189232217772,-4.444444444444445,-6.826189232217772,-0.4,-0.5880357313861966,0.0,-0.005475746846237986,-9.78783357963463,0.08191732810005957,-0.0202999465137812,after_ekf,-0.6113300446649982,-0.012410862070416442,-8.010769035261111,0.05170590461001891,-0.0220346670425362,-0.5880357313861966,-0.005475746846237986,-9.78783357963463,0.08191732810005957,-0.0202999465137812,nan,nan,nan,nan,nan,nan,nan,nan,,0.05237298300016846,0.0420773330006341,0.021101323000038974,0.03167152599962719,0.021101323000038974,nan,nan,profile,1,1,3,3,0.5239064693450928,4.476093530654907,-0.4,-0.4,
1785152612.2707713,181.58140220799942,-4.444444444444445,-6.548415606367381,-4.444444444444445,-6.810352230622076,-0.4,-0.5708545665928118,0.0,-0.0006395848009302799,-9.845101257062392,0.08308004453670545,-0.02054680541537479,after_ekf,-0.6078440251811876,-0.008282724111809001,-8.03079212416564,0.052133384071387796,-0.02065750035237691,-0.5708545665928118,-0.0006395848009302799,-9.845101257062392,0.08308004453670545,-0.02054680541537479,nan,nan,nan,nan,nan,nan,nan,nan,,0.04172301200014772,0.11492644999998447,0.02095224199911172,0.031382242999825394,0.02095224199911172,nan,nan,profile,1,1,3,3,0.5967607498168945,4.4032392501831055,-0.4,-0.4,
1785152612.345433,181.65606366599968,-4.444444444444445,-6.806996733355835,-4.444444444444445,-6.806996733355835,-0.4,-0.5708545665928118,0.0,-0.0006395848009302799,-9.845101257062392,0.08308004453670545,-0.02054680541537479,after_ekf,-0.6033032593953143,-0.01654511596586252,-8.070445400702187,0.052993478198779455,-0.0220346670425362,-0.5708545665928118,-0.0006395848009302799,-9.845101257062392,0.08308004453670545,-0.02054680541537479,nan,nan,nan,nan,nan,nan,nan,nan,,0.04292593799982569,0.032321573000444914,0.09561369999937597,0.021295405000273604,0.09561369999937597,nan,nan,profile,1,1,3,3,0.6716175079345703,4.32838249206543,-0.4,-0.4,
1785152612.4296298,181.74026105600024,-4.444444444444445,-6.547630461495618,-4.444444444444445,-6.547630461495618,-0.4,-0.5324124436231388,0.0,0.0063337357951687235,-9.917929462347617,0.08456729386470706,-0.020100240810183138,after_ekf,-0.5971153660513904,-0.004084322976504646,-8.149752530942415,0.05468663201133393,-0.0220346670425362,-0.5324124436231388,0.0063337357951687235,-9.917929462347617,0.08456729386470706,-0.020100240810183138,nan,nan,nan,nan,nan,nan,nan,nan,,0.05204249999951571,0.04168016200128477,0.02067803600039042,0.031123774000661797,0.02067803600039042,nan,nan,profile,1,1,3,3,0.7556636333465576,4.244336366653442,-0.4,-0.4,
1785152612.502372,181.81300293799904,-4.444444444444445,-6.782807198471649,-4.444444444444445,-6.782807198471649,-0.4,-0.48677938373613544,0.0,0.011098926017525329,-9.985064033502047,0.0859016895213083,-0.018894376812050417,after_ekf,-0.596027864713001,4.626362069738774e-05,-8.189406384646093,0.05551969169649776,-0.02065750035237691,-0.48677938373613544,0.011098926017525329,-9.985064033502047,0.0859016895213083,-0.018894376812050417,nan,nan,nan,nan,nan,nan,nan,nan,,0.05177894799999194,0.041534877998856246,0.020636860999729834,0.03102468899851374,0.020636860999729834,nan,nan,profile,1,1,3,3,0.8283205032348633,4.171679496765137,-0.4,-0.4,
1785152612.5766516,181.8872820329998,-4.444444444444445,-6.545733919683182,-4.444444444444445,-6.80756327647051,-0.4,-0.4657355120851706,0.0,0.007368194624892469,-10.016326335550287,0.08649870141955995,-0.018342198938012366,after_ekf,-0.5956169000829338,0.008297176304964704,-8.24947790493216,0.056691827455320996,-0.01928033366222074,-0.4657355120851706,0.007368194624892469,-10.016326335550287,0.08649870141955995,-0.018342198938012366,nan,nan,nan,nan,nan,nan,nan,nan,,0.041522868999891216,0.11581397299960372,0.02070440699935716,0.03112024400070368,0.02070440699935716,nan,nan,profile,1,1,3,3,0.902632474899292,4.097367525100708,-0.4,-0.4,
1785152612.6605198,181.97115130800012,-4.444444444444445,-6.555523288662357,-4.444444444444445,-6.817744220208851,-0.4,-0.44475399575736735,0.0,0.007856029477938863,-10.04619875109017,0.08704687937952936,-0.01782516816799884,after_ekf,-0.5970381266375704,0.012453294188730183,-8.269502095305093,0.05706415510277146,-0.01790316697205833,-0.44475399575736735,0.007856029477938863,-10.04619875109017,0.08704687937952936,-0.01782516816799884,nan,nan,nan,nan,nan,nan,nan,nan,,0.05245904399998835,0.041953382000428974,0.020756043999426765,0.03147405700110539,0.020756043999426765,nan,nan,profile,1,1,3,3,0.986464262008667,4.013535737991333,-0.4,-0.4,
1785152612.7328057,182.04343696400065,-4.444444444444445,-6.526007782208928,-4.444444444444445,-6.526007782208928,-0.4,-0.44475399575736735,0.0,0.007856029477938863,-10.04619875109017,0.08704687937952936,-0.01782516816799884,after_ekf,-0.5969344806005068,0.012400982610936426,-8.309158586884266,0.05776041484083899,-0.01652600028189904,-0.44475399575736735,0.007856029477938863,-10.04619875109017,0.08704687937952936,-0.01782516816799884,nan,nan,nan,nan,nan,nan,nan,nan,,0.041181477999998606,0.03098230700015847,0.09304169999995793,0.02067716700003075,0.09304169999995793,nan,nan,profile,1,1,3,3,1.058802843093872,3.941197156906128,-0.4,-0.4,
1785152612.806417,182.11704816400015,-4.444444444444445,-6.551829391143663,-4.444444444444445,-6.551829391143663,-0.4,-0.4123865303300088,0.0,0.008109151070153137,-10.088680260378863,0.08780462079773296,-0.0170260976879475,after_ekf,-0.5996331196352374,0.020672660628817795,-8.369627293745081,0.058676515297416736,-0.013771666901583574,-0.4123865303300088,0.008109151070153137,-10.088680260378863,0.08780462079773296,-0.0170260976879475,nan,nan,nan,nan,nan,nan,nan,nan,,0.05182220400092774,0.04156347500065749,0.02063885400093568,0.03115166799943836,0.02063885400093568,nan,nan,profile,1,1,3,3,1.1324410438537598,3.8675589561462402,-0.4,-0.4,
1785152612.8795755,182.19020613199973,-4.444444444444445,-6.812225415951131,-4.444444444444445,-6.550216746106857,-0.4,-0.3839932320015446,0.0,0.0026198599117174953,-10.12774660860366,0.08847504611968234,-0.016759558052294565,after_ekf,-0.6007789633549316,0.016545083145698324,-8.389652851486197,0.058966110058605616,-0.01514883359173975,-0.3839932320015446,0.0026198599117174953,-10.12774660860366,0.08847504611968234,-0.016759558052294565,nan,nan,nan,nan,nan,nan,nan,nan,,0.04175614300038433,0.11472144300023501,0.020814534000237472,0.031313022000176716,0.020814534000237472,nan,nan,profile,1,1,3,3,1.2057597637176514,3.7942402362823486,-0.4,-0.4,
1785152612.964833,182.27546344999973,-4.444444444444445,-6.806296751930447,-4.444444444444445,-6.54451610762543,-0.4,-0.37030571740659685,0.0,0.00561637659194196,-10.152736989316573,0.08889047072009683,-0.01643112671072755,after_ekf,-0.5995644295276638,0.012399937983239106,-8.488996101486485,0.06034811071933069,-0.013771666901583574,-0.37030571740659685,0.00561637659194196,-10.152736989316573,0.08889047072009683,-0.01643112671072755,nan,nan,nan,nan,nan,nan,nan,nan,,0.05262234600013471,0.04220038200037379,0.02098415199907322,0.031606002999978955,0.02098415199907322,nan,nan,profile,1,1,3,3,1.290881633758545,3.709118366241455,-0.4,-0.4,
1785152613.0483785,182.35900952799966,-4.444444444444445,-6.812812468018336,-4.444444444444445,-6.812812468018336,-0.4,-0.361365992985148,0.0,0.007045428686860171,-10.17700375204794,0.08928768402033528,-0.01598277958804495,after_ekf,-0.5986718686591148,0.0082954138572843,-8.508629193629845,0.0606185082192159,-0.013771666901583574,-0.361365992985148,0.007045428686860171,-10.17700375204794,0.08928768402033528,-0.01598277958804495,nan,nan,nan,nan,nan,nan,nan,nan,,0.051982503000544966,0.04172127200035902,0.020675900999776786,0.03105786900050589,0.020675900999776786,nan,nan,profile,1,1,3,3,1.374333143234253,3.625666856765747,-0.4,-0.4,
1785152613.1320264,182.4426575260004,-4.444444444444445,-6.833920693441852,-4.444444444444445,-6.833920693441852,-0.4,-0.35954244708308986,0.0,0.009963411961989523,-10.201174928417249,0.08967119037785673,-0.015357058822684344,after_ekf,-0.5956514691118373,0.008244443734246721,-8.54828822334434,0.06115092168331363,-0.012394500211424284,-0.35954244708308986,0.009963411961989523,-10.201174928417249,0.08967119037785673,-0.015357058822684344,nan,nan,nan,nan,nan,nan,nan,nan,,0.05232475000047998,0.04208432800078299,0.02065240900083154,0.03173749699999462,0.02065240900083154,nan,nan,profile,1,1,3,3,1.4579801559448242,3.542019844055176,-0.4,-0.4,
1785152613.204817,182.51544838100017,-4.444444444444445,-6.544924088981673,-4.444444444444445,-6.544924088981673,-0.4,-0.36346719992173937,0.0,0.01894604708789388,-10.237518768106598,0.09022079754580653,-0.01387266899803663,after_ekf,-0.5937172788600293,-1.7086537295522146e-05,-8.607580698966563,0.06192669435890226,-0.013771666901583574,-0.36346719992173937,0.01894604708789388,-10.237518768106598,0.09022079754580653,-0.01387266899803663,nan,nan,nan,nan,nan,nan,nan,nan,,0.05174228400028369,0.041440635000981274,0.020633435000490863,0.030977317999713705,0.020633435000490863,nan,nan,profile,1,1,3,3,1.5307683944702148,3.469231605529785,-0.4,-0.4,
1785152613.277907,182.58853821199955,-4.444444444444445,-6.54508647107336,-4.444444444444445,-6.806889929916295,-0.4,-0.3711278416133366,0.0,0.017067928715912565,-10.27486835659455,0.09072831280644593,-0.012131398450617947,after_ekf,-0.5928958308142496,0.004121195719746534,-8.647240082445428,0.06243206953460571,-0.012394500211424284,-0.3711278416133366,0.017067928715912565,-10.27486835659455,0.09072831280644593,-0.012131398450617947,nan,nan,nan,nan,nan,nan,nan,nan,,0.041922845999579295,0.11453046600036032,0.02101012300045113,0.03134090099956666,0.02101012300045113,nan,nan,profile,1,1,3,3,1.6038987636566162,3.396101236343384,-0.4,-0.4,
1785152613.3514097,182.66204084799938,-4.444444444444445,-6.526155951918736,-4.444444444444445,-6.787202189995486,-0.4,-0.3711278416133366,0.0,0.017067928715912565,-10.27486835659455,0.09072831280644593,-0.012131398450617947,after_ekf,-0.5962130019080394,-6.706230630701415e-06,-8.726951695576062,0.06343389750175062,-0.013771666901583574,-0.3711278416133366,0.017067928715912565,-10.27486835659455,0.09072831280644593,-0.012131398450617947,nan,nan,nan,nan,nan,nan,nan,nan,,0.04170895599963842,0.031063624999660533,0.09451275900028122,0.020582478999131126,0.09451275900028122,nan,nan,profile,1,1,3,3,1.677384853363037,3.322615146636963,-0.4,-0.4,
1785152613.4354877,182.74611914900015,-4.444444444444445,-6.540743023128237,-4.444444444444445,-6.802372744053367,-0.4,-0.3800955272166585,0.0,0.009344171518177277,-10.312594866068418,0.09119672097907898,-0.010815077334788814,after_ekf,-0.5964237815347249,7.78766330785316e-06,-8.746977633147198,0.06369591346596316,-0.012394500211424284,-0.3800955272166585,0.009344171518177277,-10.312594866068418,0.09119672097907898,-0.010815077334788814,nan,nan,nan,nan,nan,nan,nan,nan,,0.052843057999780285,0.04256465999969805,0.02116858199951821,0.03212708399951225,0.02116858199951821,nan,nan,profile,1,1,3,3,1.761427402496338,3.238572597503662,-0.4,-0.4,
1785152613.5084248,182.81905486899996,-4.444444444444445,-6.544138603298715,-4.444444444444445,-6.805904147430664,-0.4,-0.3882179260877595,0.0,0.007264718803602039,-10.351592601906857,0.09161776872640284,-0.010092704463972254,after_ekf,-0.5969806331308334,0.0041145872593458775,-8.787029508289468,0.06421994539438824,-0.012394500211424284,-0.3882179260877595,0.007264718803602039,-10.351592601906857,0.09161776872640284,-0.010092704463972254,nan,nan,nan,nan,nan,nan,nan,nan,,0.052166526000291924,0.04187983500014525,0.020877053000731394,0.03139302300041891,0.020877053000731394,nan,nan,profile,1,1,3,3,1.8345310688018799,3.16546893119812,-0.4,-0.4,
1785152613.5813875,182.89201891599987,-4.444444444444445,-6.287878076345525,-4.444444444444445,-6.549872996193255,-0.4,-0.3922835867953178,0.0,0.003380752524750105,-10.377856732255108,0.09188866518301775,-0.009804426007212097,after_ekf,-0.5982501123507055,-2.4109931413666964e-05,-8.827081383431738,0.06474397732281333,-0.012394500211424284,-0.3922835867953178,0.003380752524750105,-10.377856732255108,0.09188866518301775,-0.009804426007212097,nan,nan,nan,nan,nan,nan,nan,nan,,0.04148260699912498,0.11484388200005924,0.02058910300002026,0.03104187099961564,0.02058910300002026,nan,nan,profile,1,1,3,3,1.9073362350463867,3.0926637649536133,-0.4,-0.4,
1785152613.664576,182.9752071490002,-4.444444444444445,-6.283516197142529,-4.444444444444445,-6.283516197142529,-0.4,-0.3994118691610351,0.0,-0.003914300149972928,-10.430926780216952,0.09242003849843358,-0.009972039598468374,after_ekf,-0.6005470272718751,-2.410993142297588e-05,-8.867133613083505,0.0652404301142548,-0.0123945002114274,-0.3994118691610351,-0.003914300149972928,-10.430926780216952,0.09242003849843358,-0.009972039598468374,nan,nan,nan,nan,nan,nan,nan,nan,,0.05171927400078857,0.041513694000968826,0.02062323300015123,0.031114419000005,0.02062323300015123,nan,nan,profile,1,1,3,3,1.9905357360839844,3.0094642639160156,-0.4,-0.4,
1785152613.7476232,183.05825367000034,-4.444444444444445,-6.04417621108548,-4.444444444444445,-6.306966481132675,-0.4,-0.4017059907789437,0.0,-0.00847002534089801,-10.457791089329346,0.09269390201872817,-0.010466684835450659,after_ekf,-0.6016605925200057,0.004126691848687676,-8.907579005436677,0.06569984006456218,-0.01101733352126811,-0.4017059907789437,-0.00847002534089801,-10.457791089329346,0.09269390201872817,-0.010466684835450659,nan,nan,nan,nan,nan,nan,nan,nan,,0.05192384600013611,0.04164788300113287,0.020841412000663695,0.03125033499964047,0.020841412000663695,nan,nan,profile,1,1,3,3,2.0736262798309326,2.9263737201690674,-0.4,-0.4,
1785152613.8205612,183.13119227599964,-4.444444444444445,-6.015870268724557,-4.444444444444445,-5.754310691823489,-0.4,-0.4017059907789437,0.0,-0.00847002534089801,-10.457791089329346,0.09269390201872817,-0.010466684835450659,after_ekf,-0.6044053018551537,0.0041503868463932305,-8.988470106671128,0.06659108036612565,-0.011017333521264994,-0.4017059907789437,-0.00847002534089801,-10.457791089329346,0.09269390201872817,-0.010466684835450659,nan,nan,nan,nan,nan,nan,nan,nan,,0.04131319800035271,0.03097250099926896,0.09378001799996127,0.020617895999748725,0.09378001799996127,nan,nan,profile,1,1,3,3,2.1465163230895996,2.8534836769104004,-0.4,-0.4,
1785152613.8931458,183.20377722500052,-4.444444444444445,-5.502941584075694,-4.444444444444445,-5.502941584075694,-0.4,-0.4029157260592128,0.0,-0.00501819116769403,-10.511610550652335,0.09326400668190361,-0.011324705371080768,after_ekf,-0.6009992330194709,1.7908412622991143e-05,-9.04776359443461,0.06728519670946266,-0.012394500211424284,-0.4029157260592128,-0.00501819116769403,-10.511610550652335,0.09326400668190361,-0.011324705371080768,nan,nan,nan,nan,nan,nan,nan,nan,,0.0517575570011104,0.041480605001197546,0.020673988001362886,0.03104444800010242,0.020673988001362886,nan,nan,profile,1,1,3,3,2.219101905822754,2.780898094177246,-0.4,-0.4,
1785152613.9678075,183.2784385140003,-4.444444444444445,-5.2216835804164665,-4.444444444444445,-4.960599401395644,-0.4,-0.40352395970348154,0.0,-0.00234563233284843,-10.53864638034181,0.09356758725500339,-0.011522614326124447,after_ekf,-0.6034549702119875,1.790841263230006e-05,-9.068182378178648,0.0675382902894132,-0.012394500211424284,-0.40352395970348154,-0.00234563233284843,-10.53864638034181,0.09356758725500339,-0.011522614326124447,nan,nan,nan,nan,nan,nan,nan,nan,,0.04300426699956006,0.1161418940009753,0.02116764200036414,0.031615231000614585,0.02116764200036414,nan,nan,profile,1,1,3,3,2.29382586479187,2.70617413520813,-0.4,-0.4,
1785152614.0510747,183.36170597099954,-4.444444444444445,-4.973368856463671,-4.444444444444445,-4.973368856463671,-0.4,-0.4023653348168005,0.0,0.004799953889094006,-10.592408614266562,0.09417974454426736,-0.011319067226124526,after_ekf,-0.598607775820957,-0.008248589290593914,-9.127474500036502,0.06834110125339614,-0.013771666901583574,-0.4023653348168005,0.004799953889094006,-10.592408614266562,0.09417974454426736,-0.011319067226124526,nan,nan,nan,nan,nan,nan,nan,nan,,0.05177238599935663,0.04154805399957695,0.020739894000143977,0.031162047998805065,0.020739894000143977,nan,nan,profile,1,1,3,3,2.377068042755127,2.622931957244873,-0.4,-0.4,
1785152614.1346018,183.44523320100052,-4.444444444444445,-4.972068675865945,-4.444444444444445,-4.710380850820368,-0.4,-0.4009697442160673,0.0,0.004430875148320962,-10.619263497714629,0.09448425236499934,-0.011017461988921175,after_ekf,-0.6006290420885567,-0.008248589290584566,-9.147892915865595,0.06862231465327673,-0.013771666901583574,-0.4009697442160673,0.004430875148320962,-10.619263497714629,0.09448425236499934,-0.011017461988921175,nan,nan,nan,nan,nan,nan,nan,nan,,0.05194038999979966,0.04157608400055324,0.020640556000216748,0.031116620000830153,0.020640556000216748,nan,nan,profile,1,1,3,3,2.460587501525879,2.539412498474121,-0.4,-0.4,
1785152614.1968594,183.50749067300058,-4.444444444444445,-4.454017404379951,-4.444444444444445,-4.192016380592896,-0.4,-0.4009697442160673,0.0,0.004430875148320962,-10.619263497714629,0.09448425236499934,-0.011017461988921175,after_ekf,-0.598479003278782,-0.016525626747997287,-9.207576314680688,0.06952651769883687,-0.016526000281902153,-0.4009697442160673,0.004430875148320962,-10.619263497714629,0.09448425236499934,-0.011017461988921175,nan,nan,nan,nan,nan,nan,nan,nan,,0.041225426000892185,0.030972470000051544,0.08289802800027246,0.020628606000173022,0.08289802800027246,nan,nan,profile,1,1,3,3,2.5228071212768555,2.4771928787231445,-0.4,-0.4,
1785152614.269936,183.58056719900014,-4.444444444444445,-4.192881324881517,-4.444444444444445,-3.930826242076422,-0.4,-0.3981580423015954,0.0,0.002186944884081474,-10.6725394458488,0.09506829060206111,-0.010557760580563348,after_ekf,-0.5982801264941184,-0.008273515428758562,-9.227601454611557,0.06984369070776027,-0.015148833591742863,-0.3981580423015954,0.002186944884081474,-10.6725394458488,0.09506829060206111,-0.010557760580563348,nan,nan,nan,nan,nan,nan,nan,nan,,0.041723315000126604,0.10404899599961936,0.02088096300030884,0.03133724200051802,0.02088096300030884,nan,nan,profile,1,1,3,3,2.5959250926971436,2.4040749073028564,-0.4,-0.4,
1785152614.3433971,183.6540278930006,-4.444444444444445,-3.9275583098874365,-4.444444444444445,-3.9275583098874365,-0.4,-0.3981580423015954,0.0,0.002186944884081474,-10.6725394458488,0.09506829060206111,-0.010557760580563348,after_ekf,-0.5973598244307896,-0.012434305086242806,-9.2872830861216,0.07085712345475192,-0.017903166972058328,-0.3981580423015954,0.002186944884081474,-10.6725394458488,0.09506829060206111,-0.010557760580563348,nan,nan,nan,nan,nan,nan,nan,nan,,0.04209683900080563,0.031864488000792335,0.09434165700076846,0.020905611001580837,0.09434165700076846,nan,nan,profile,1,1,3,3,2.6694092750549316,2.3305907249450684,-0.4,-0.4,
1785152614.4264953,183.73712601999978,-4.444444444444445,-4.18872452558583,-4.444444444444445,-3.9269292427367146,-0.4,-0.3961024839725969,0.0,-0.0015577933866033535,-10.725510403606984,0.09563005438793198,-0.010508108784804902,after_ekf,-0.599521509684275,-0.012434305086252172,-9.307700165857105,0.0712226929010256,-0.017903166972061443,-0.3961024839725969,-0.0015577933866033535,-10.725510403606984,0.09563005438793198,-0.010508108784804902,nan,nan,nan,nan,nan,nan,nan,nan,,0.051771168000414036,0.0415421960005915,0.02061447800042515,0.031156623999777366,0.02061447800042515,nan,nan,profile,1,1,3,3,2.752467393875122,2.247532606124878,-0.4,-0.4,
1785152614.4994771,183.8101086860006,-4.444444444444445,-4.170704611551137,-4.444444444444445,-3.9100355733291905,-0.4,-0.39538847022624146,0.0,-0.005166496122638289,-10.751924411174054,0.09591166048754667,-0.010794672200404865,after_ekf,-0.6018945088428928,-0.004170567635353752,-9.408214513511966,0.07304999617142627,-0.017903166972058328,-0.39538847022624146,-0.005166496122638289,-10.751924411174054,0.09591166048754667,-0.010794672200404865,nan,nan,nan,nan,nan,nan,nan,nan,,0.0513220420016296,0.04106011900148587,0.020519284000329208,0.030768727001486695,0.020519284000329208,nan,nan,profile,1,1,3,3,2.82540225982666,2.17459774017334,-0.4,-0.4,
1785152614.5719323,183.8825637810005,-4.444444444444445,-4.198242716191605,-4.444444444444445,-3.9358525464296292,-0.4,-0.3962541505954416,0.0,-0.004371869683954537,-10.804774662250212,0.09648816436018759,-0.011420809544834043,after_ekf,-0.601985639911742,-0.00416430116612627,-9.428239197653152,0.07339474682653828,-0.016526000281902153,-0.3962541505954416,-0.004371869683954537,-10.804774662250212,0.09648816436018759,-0.011420809544834043,nan,nan,nan,nan,nan,nan,nan,nan,,0.04149394200067036,0.11351521400138154,0.020638627000153065,0.031098457000553026,0.020638627000153065,nan,nan,profile,1,1,3,3,2.8978734016418457,2.1021265983581543,-0.4,-0.4,
1785152614.655095,183.9657259579999,-4.444444444444445,-4.188639078688432,-4.444444444444445,-4.188639078688432,-0.4,-0.3969968618014419,0.0,-0.0020444306667201724,-10.831307458728606,0.09678882835838126,-0.011592993459133002,after_ekf,-0.6029418104108204,-2.690568395156967e-06,-9.468681445618358,0.07407694886802346,-0.017903166972061443,-0.3969968618014419,-0.0020444306667201724,-10.831307458728606,0.09678882835838126,-0.011592993459133002,nan,nan,nan,nan,nan,nan,nan,nan,,0.052069559000301524,0.04182582800058299,0.020952848999513662,0.03139078700041864,0.020952848999513662,nan,nan,profile,1,1,3,3,2.9811015129089355,2.0188984870910645,-0.4,-0.4,
1785152614.728356,184.0389869669998,-4.444444444444445,-4.4506903117072945,-4.444444444444445,-3.9270796868005533,-0.4,-0.3969968618014419,0.0,-0.0020444306667201724,-10.831307458728606,0.09678882835838126,-0.011592993459133002,after_ekf,-0.6038090311707792,0.004081980400479709,-9.509123209495051,0.07478726896940922,-0.016526000281899038,-0.3969968618014419,-0.0020444306667201724,-10.831307458728606,0.09678882835838126,-0.011592993459133002,nan,nan,nan,nan,nan,nan,nan,nan,,0.04169460299999628,0.03140271099982783,0.09421385799942072,0.020975744000679697,0.09421385799942072,nan,nan,profile,1,1,3,3,3.05434513092041,1.9456548690795898,-0.4,-0.4,
1785152614.801606,184.11223688300015,-4.444444444444445,-4.188195816036179,-4.444444444444445,-4.188195816036179,-0.4,-0.3972774315793523,0.0,-0.0008033476483562062,-10.871060326129909,0.09724851280651711,-0.011731961144490379,after_ekf,-0.6056508787494844,0.00822968243199942,-9.569590610050799,0.07578664422905025,-0.016526000281902153,-0.3972774315793523,-0.0008033476483562062,-10.871060326129909,0.09724851280651711,-0.011731961144490379,nan,nan,nan,nan,nan,nan,nan,nan,,0.05221806800000195,0.04194315099994128,0.021001032000640407,0.03155538200007868,0.021001032000640407,nan,nan,profile,1,1,3,3,3.127574920654297,1.8724250793457031,-0.4,-0.4,
1785152614.8746386,184.18526958499933,-4.444444444444445,-4.188522600077472,-4.444444444444445,-4.450305262582314,-0.4,-0.39750138523956163,0.0,-0.00018272013322878416,-10.91093438993745,0.09771609121204491,-0.01176198346138202,after_ekf,-0.6065807100236278,0.004095280406993837,-9.590008173874818,0.07612409561542255,-0.016526000281899038,-0.39750138523956163,-0.00018272013322878416,-10.91093438993745,0.09771609121204491,-0.01176198346138202,nan,nan,nan,nan,nan,nan,nan,nan,,0.04186054499950842,0.11497585299912316,0.02100755500032392,0.03147696599990013,0.02100755500032392,nan,nan,profile,1,1,3,3,3.2005748748779297,1.7994251251220703,-0.4,-0.4,
1785152614.9586208,184.26925195100011,-4.444444444444445,-4.450684169624146,-4.444444444444445,-4.188879218469784,-0.4,-0.39752011933964004,0.0,-8.272973239914167e-05,-10.93743686316659,0.09802778405527811,-0.011769038011508748,after_ekf,-0.6044367186653762,-0.00415290430920264,-9.670105429134804,0.07758582921288137,-0.019280333662217614,-0.39752011933964004,-8.272973239914167e-05,-10.93743686316659,0.09802778405527811,-0.011769038011508748,nan,nan,nan,nan,nan,nan,nan,nan,,0.052322543000627775,0.04208189900055004,0.020794657000806183,0.031717571000626776,0.020794657000806183,nan,nan,profile,1,1,3,3,3.28460955619812,1.7153904438018799,-0.4,-0.4,
1785152615.0413392,184.35196998900028,-4.444444444444445,-4.451386479793154,-4.444444444444445,-4.189540216275909,-0.4,-0.3975722448877748,0.0,-3.4808761763483614e-05,-10.963996593057509,0.09834039316635904,-0.011772050742570705,after_ekf,-0.6025303564376904,-0.012354767327175062,-9.709760392496662,0.07836427815886408,-0.020657500352376908,-0.3975722448877748,-3.4808761763483614e-05,-10.963996593057509,0.09834039316635904,-0.011772050742570705,nan,nan,nan,nan,nan,nan,nan,nan,,0.05151459900116606,0.04131346699978167,0.02063610000004701,0.030995852999694762,0.02063610000004701,nan,nan,profile,1,1,3,3,3.3672995567321777,1.6327004432678223,-0.4,-0.4,
1785152615.1258953,184.43652603199916,-4.444444444444445,-4.465805216169762,-4.444444444444445,-4.465805216169762,-0.4,-0.39922151835834385,0.0,-1.573604104504066e-05,-10.990653475806397,0.09865431391631012,-0.011773351036391768,after_ekf,-0.599568094957808,-0.012332075857579547,-9.749807709750748,0.07916408602613621,-0.020657500352376908,-0.39922151835834385,-1.573604104504066e-05,-10.990653475806397,0.09865431391631012,-0.011773351036391768,nan,nan,nan,nan,nan,nan,nan,nan,,0.053121506000024965,0.04238257599899953,0.021550816998569644,0.03195807399970363,0.021550816998569644,nan,nan,profile,1,1,3,3,3.45186185836792,1.54813814163208,-0.4,-0.4,
1785152615.2003906,184.5110216310004,-4.444444444444445,-4.452883450966471,-4.444444444444445,-4.452883450966471,-0.4,-0.3997066066860952,0.0,-7.104172978899139e-06,-11.017356470860493,0.09896877071071365,-0.011773932830002389,after_ekf,-0.599360657693796,-0.012340322869907336,-9.789855027004835,0.07996389389340977,-0.020657500352376908,-0.3997066066860952,-7.104172978899139e-06,-11.017356470860493,0.09896877071071365,-0.011773932830002389,nan,nan,nan,nan,nan,nan,nan,nan,,0.05331977900095808,0.04297045299972524,0.020923169000525377,0.03177267300088715,0.020923169000525377,nan,nan,profile,1,1,3,3,3.5264008045196533,1.4735991954803467,-0.4,-0.4,
1785152615.2738235,184.5844549279991,-4.444444444444445,-4.454271493401987,-4.444444444444445,-4.454271493401987,-0.4,-0.4011780126871759,0.0,0.0032962818150071493,-11.070811030325277,0.09959256364063226,-0.011508719228508824,after_ekf,-0.5953088804691667,-0.004150277049214506,-9.828330766468437,0.08078532501525582,-0.020657500352376908,-0.4011780126871759,0.0032962818150071493,-11.070811030325277,0.09959256364063226,-0.011508719228508824,nan,nan,nan,nan,nan,nan,nan,nan,,0.0418407519991888,0.11640374999842606,0.020751310999912675,0.03140198399887595,0.020751310999912675,nan,nan,profile,1,1,3,3,3.5997982025146484,1.4002017974853516,-0.4,-0.4,
1785152615.3474095,184.65803834799954,-4.444444444444445,-4.709815913754688,-4.444444444444445,-4.44815947410165,-0.4,-0.4011780126871759,0.0,0.0032962818150071493,-11.070811030325277,0.09959256364063226,-0.011508719228508824,after_ekf,-0.5736771755874366,-0.004241103425369893,-9.920986902911919,0.08275048867200675,-0.020657500352376908,-0.4011780126871759,0.0032962818150071493,-11.070811030325277,0.09959256364063226,-0.011508719228508824,nan,nan,nan,nan,nan,nan,nan,nan,,0.04185285399944405,0.031105615000342368,0.09433473100034462,0.020775249000507756,0.09433473100034462,nan,nan,profile,1,1,3,3,3.673435688018799,1.3265643119812012,-0.4,-0.4,
1785152615.4302473,184.74087850099932,-4.444444444444445,-4.446897467025594,-4.444444444444445,-4.446897467025594,-0.4,-0.4003060411987004,0.0,0.006266844016307963,-11.110895313596819,0.10005054052481292,-0.011026968586913101,after_ekf,-0.5664729581519713,0.003992211807855703,-9.938654836994603,0.0831033450840392,-0.019280333662217614,-0.4003060411987004,0.006266844016307963,-11.110895313596819,0.10005054052481292,-0.011026968586913101,nan,nan,nan,nan,nan,nan,nan,nan,,0.05164577100003953,0.04128452399891103,0.02056089599864208,0.03092973099955998,0.02056089599864208,nan,nan,profile,1,1,3,3,3.756216049194336,1.243783950805664,-0.4,-0.4,
1785152615.5030622,184.8136928669992,-4.444444444444445,-4.7095447920938485,-4.444444444444445,-4.447903414755301,-0.4,-0.4002559683007591,0.0,0.007800236432285078,-11.1509785718522,0.10048440874316122,-0.010277505417850994,after_ekf,-0.536888831058979,0.008171371858178534,-9.988125724926336,0.08405727851515273,-0.019280333662220737,-0.4002559683007591,0.007800236432285078,-11.1509785718522,0.10048440874316122,-0.010277505417850994,nan,nan,nan,nan,nan,nan,nan,nan,,0.05164236800010258,0.0414145289996668,0.02071207900007721,0.03108625799904985,0.02071207900007721,nan,nan,profile,1,1,3,3,3.8290560245513916,1.1709439754486084,-0.4,-0.4,
1785152615.5761442,184.88677269400068,-4.444444444444445,-4.454661910864595,-4.444444444444445,-4.454661910864595,-0.4,-0.3990625426684528,0.0,0.0056165665930315275,-11.190987255043142,0.10089804389742917,-0.009605668653812849,after_ekf,-0.5253951557694642,0.008193808195698694,-10.003438341093872,0.08434199965732071,-0.017903166972058328,-0.3990625426684528,0.0056165665930315275,-11.190987255043142,0.10089804389742917,-0.009605668653812849,nan,nan,nan,nan,nan,nan,nan,nan,,0.041905083000528975,0.11449435600115976,0.021127222000359325,0.03147562100093637,0.021127222000359325,nan,nan,profile,1,1,3,3,3.902104139328003,1.097895860671997,-0.4,-0.4,
1785152615.6587389,184.9693701870001,-4.444444444444445,-4.459393014116499,-4.444444444444445,-4.459393014116499,-0.4,-0.39858674444347375,0.0,-0.0006327899469902852,-11.23088283271853,0.10128593927758839,-0.00949341067458587,after_ekf,-0.4916237606944268,0.01233738845560364,-10.0485916536079,0.0851404667081314,-0.016526000281902153,-0.39858674444347375,-0.0006327899469902852,-11.23088283271853,0.10128593927758839,-0.00949341067458587,nan,nan,nan,nan,nan,nan,nan,nan,,0.05147090699938417,0.04126615700079128,0.020621096000468242,0.03093322399945464,0.020621096000468242,nan,nan,profile,1,1,3,3,3.9847207069396973,1.0152792930603027,-0.4,-0.4,
1785152615.7309241,185.04155532500045,-4.444444444444445,-4.44871650498828,-4.444444444444445,-4.44871650498828,-0.4,-0.39858674444347375,0.0,-0.0006327899469902852,-11.23088283271853,0.10128593927758839,-0.00949341067458587,after_ekf,-0.47942903133319464,0.012368989011038995,-10.063119365631897,0.08539057992850677,-0.017903166972058328,-0.39858674444347375,-0.0006327899469902852,-11.23088283271853,0.10128593927758839,-0.00949341067458587,nan,nan,nan,nan,nan,nan,nan,nan,,0.04114655400007905,0.030978259001130937,0.09280623400081822,0.020685604000391322,0.09280623400081822,nan,nan,profile,1,1,3,3,4.0569047927856445,0.9430952072143555,-0.4,-0.4,
1785152615.8042386,185.11486913000044,-4.444444444444445,-4.453817764239239,-4.444444444444445,-4.453817764239239,-0.4,-0.39789267335266276,0.0,-0.006665520488775063,-11.28396578785998,0.10180041858720386,-0.01003466656648566,after_ekf,-0.4584262076399598,0.004120977857589811,-10.091389507948865,0.08587728673572372,-0.017903166972058328,-0.39789267335266276,-0.006665520488775063,-11.28396578785998,0.10180041858720386,-0.01003466656648566,nan,nan,nan,nan,nan,nan,nan,nan,,0.0523902069999167,0.042178536001301836,0.020896414000162622,0.03167698500146798,0.020896414000162622,nan,nan,profile,1,1,3,3,4.130270957946777,0.8697290420532227,-0.4,-0.4,
1785152615.8782291,185.1888605130007,-4.444444444444445,-4.4504605292301935,-4.444444444444445,-4.4504605292301935,-0.4,-0.39695233132504937,0.0,-0.00530792658181691,-11.31044950642475,0.1020647426633224,-0.010410597570973398,after_ekf,-0.4380252328780429,0.008261930146422016,-10.117696602088053,0.08632100198012055,-0.016526000281899038,-0.39695233132504937,-0.00530792658181691,-11.31044950642475,0.1020647426633224,-0.010410597570973398,nan,nan,nan,nan,nan,nan,nan,nan,,0.04223425300006056,0.11616991900154972,0.0205851620012254,0.031752510001751943,0.0205851620012254,nan,nan,profile,1,1,3,3,4.204190254211426,0.7958097457885742,-0.4,-0.4,
1785152615.95096,185.2615915009992,-4.444444444444445,-4.43038521952656,-4.444444444444445,-4.43038521952656,-0.4,-0.39695233132504937,0.0,-0.00530792658181691,-11.31044950642475,0.1020647426633224,-0.010410597570973398,after_ekf,-0.38757537989786955,-0.004112211028585217,-10.17777093007006,0.08733903192371668,-0.017903166972058328,-0.39695233132504937,-0.00530792658181691,-11.31044950642475,0.1020647426633224,-0.010410597570973398,nan,nan,nan,nan,nan,nan,nan,nan,,0.041448516998570994,0.031059015998835093,0.09331614999973681,0.0206905889990594,0.09331614999973681,nan,nan,profile,1,1,3,3,4.276986837387085,0.723013162612915,-0.4,-0.4,
1785152616.0343883,185.3450189920004,-4.444444444444445,-4.448943439023667,-4.444444444444445,-4.448943439023667,-0.4,-0.3977215917115233,0.0,-0.0010761925022776944,-11.363568770184717,0.10261815618554522,-0.010787108710465176,after_ekf,-0.3804348407998654,0.004135144628724944,-10.18994279690098,0.08754858624349018,-0.016526000281899038,-0.3977215917115233,-0.0010761925022776944,-11.363568770184717,0.10261815618554522,-0.010787108710465176,nan,nan,nan,nan,nan,nan,nan,nan,,0.05170395800087135,0.04147567700056243,0.020727193001221167,0.031151872000918956,0.020727193001221167,nan,nan,profile,1,1,3,3,4.3603904247283936,0.6396095752716064,-0.4,-0.4,
1785152616.1070385,185.41766972000005,-4.444444444444445,-4.452454057722212,-4.444444444444445,-4.452454057722212,-0.4,-0.398557496565316,0.0,0.001714914074272128,-11.390090430536384,0.10290126299384673,-0.010715377682643634,after_ekf,-0.367368941597648,0.008244814014294239,-10.213894304525153,0.08793606117242561,-0.015148833591739748,-0.398557496565316,0.001714914074272128,-11.390090430536384,0.10290126299384673,-0.010715377682643634,nan,nan,nan,nan,nan,nan,nan,nan,,0.051699716999792145,0.04134997000073781,0.02056299000105355,0.030968323999331915,0.02056299000105355,nan,nan,profile,1,1,3,3,4.432992458343506,0.5670075416564941,-0.4,-0.4,
1785152616.1807113,185.4913426160001,-4.444444444444445,-4.452820099229648,-4.444444444444445,-4.452820099229648,-0.4,-0.39881233469871796,0.0,0.0030404003499963387,-11.416744767139544,0.1031854726745407,-0.010531221808782298,after_ekf,-0.36053843969413346,0.008238500502601493,-10.237846323053654,0.08829055052586754,-0.013771666901580458,-0.39881233469871796,0.0030404003499963387,-11.416744767139544,0.1031854726745407,-0.010531221808782298,nan,nan,nan,nan,nan,nan,nan,nan,,0.04139940800087061,0.1150228660007997,0.02060396700107958,0.03098194899939699,0.02060396700107958,nan,nan,profile,1,1,3,3,4.50666880607605,0.4933311939239502,-0.4,-0.4,
1785152616.2643301,185.57496105800055,-4.444444444444445,-4.450555189793923,-4.444444444444445,-4.188757825688398,-0.4,-0.39873707191558666,0.0,-0.00089997869900318,-11.443413346585679,0.10347077889023122,-0.010539504673872989,after_ekf,-0.3615911448498584,0.012372183237523662,-10.262584357154312,0.08860556502692049,-0.012394500211421168,-0.39873707191558666,-0.00089997869900318,-11.443413346585679,0.10347077889023122,-0.010539504673872989,nan,nan,nan,nan,nan,nan,nan,nan,,0.05224771700159181,0.04199650300142821,0.02119904700157349,0.031572361000144156,0.02119904700157349,nan,nan,profile,1,1,3,3,4.590493440628052,0.40950655937194824,-0.4,-0.4,
1785152616.3477368,185.65836810600013,-4.444444444444445,-4.449395107974854,-4.444444444444445,-4.449395107974854,-0.4,-0.39891733755758707,0.0,-0.0026780727282928046,-11.469912670112526,0.10375215646681182,-0.010695814299608308,after_ekf,-0.36752485034998617,0.024749762936800077,-10.300280771902994,0.08905550986925516,-0.009640166831102585,-0.39891733755758707,-0.0026780727282928046,-11.469912670112526,0.10375215646681182,-0.010695814299608308,nan,nan,nan,nan,nan,nan,nan,nan,,0.05187950700019428,0.041646110999863595,0.02078322800116439,0.03121377200113784,0.02078322800116439,nan,nan,profile,1,1,3,3,4.673828363418579,0.3261716365814209,-0.4,-0.4,
1785152616.4319596,185.74259069099935,-4.444444444444445,-4.4340865874201505,-4.444444444444445,-4.4340865874201505,-0.4,-0.3991204412829314,0.0,-0.003482899586211476,-11.496582716839736,0.10403839310380146,-0.010918575851596389,after_ekf,-0.37234080535408537,0.01649241150127783,-10.325804757283183,0.08932780356754622,-0.011017333521264992,-0.3991204412829314,-0.003482899586211476,-11.496582716839736,0.10403839310380146,-0.010918575851596389,nan,nan,nan,nan,nan,nan,nan,nan,,0.05227660299897252,0.04196634899926721,0.020794404999833205,0.031339310999101144,0.020794404999833205,nan,nan,profile,1,1,3,3,4.757964849472046,0.2420351505279541,-0.4,-0.4,
1785152616.504923,185.81555443499929,-4.444444444444445,-4.454058324127204,-4.444444444444445,-4.454058324127204,-0.4,-0.3990897426547225,0.0,-0.0038460024401756336,-11.5231833947321,0.10432928814374413,-0.01117044883183027,after_ekf,-0.37479922986424635,0.016504797260551332,-10.338763134704623,0.08946165217044878,-0.009640166831102585,-0.3990897426547225,-0.0038460024401756336,-11.5231833947321,0.10432928814374413,-0.01117044883183027,nan,nan,nan,nan,nan,nan,nan,nan,,0.051968808998935856,0.04172073199879378,0.020831881998674362,0.031243035999068525,0.020831881998674362,nan,nan,profile,1,1,3,3,4.830869913101196,0.1691300868988037,-0.4,-0.4,
1785152616.5782108,185.88884150599915,-4.444444444444445,-4.454454321699591,-4.444444444444445,-4.454454321699591,-0.4,-0.40002601278820515,0.0,-0.0017522316755907512,-11.549865580297345,0.10462487601932333,-0.01131212002572024,after_ekf,-0.38998020721047005,0.0040940609446550365,-10.405125730006295,0.09014711921444754,-0.011017333521258764,-0.40002601278820515,-0.0017522316755907512,-11.549865580297345,0.10462487601932333,-0.01131212002572024,nan,nan,nan,nan,nan,nan,nan,nan,,0.0417376109999168,0.11500780299866165,0.02088325399927271,0.031302819999837084,0.02088325399927271,nan,nan,profile,1,1,3,3,4.904190301895142,0.0958096981048584,-0.4,-0.4,
1785152616.6615517,185.97218252600032,-4.444444444444445,-4.449710062894509,-4.444444444444445,-4.449710062894509,-0.4,-0.401111816037083,0.0,0.001812238478435293,-11.589901754718282,0.1050735331785498,-0.011291684610667652,after_ekf,-0.39106248378190855,0.00821713066625716,-10.418084107427735,0.09028096781735072,-0.009640166831102586,-0.401111816037083,0.001812238478435293,-11.589901754718282,0.1050735331785498,-0.011291684610667652,nan,nan,nan,nan,nan,nan,nan,nan,,0.051528743000744726,0.041290092000053846,0.020637810999687645,0.030946476001190604,0.020637810999687645,nan,nan,profile,1,1,3,3,4.987508535385132,0.012491464614868164,-0.4,-0.4,
