timestamp_ros,time_sec,left_wheel_setpoint,left_wheel_actual,right_wheel_setpoint,right_wheel_actual,cmd_linear_x,actual_linear_x,cmd_angular_z,actual_angular_z,odom_x,odom_y,odom_yaw,odom_source,raw_actual_linear_x,raw_actual_angular_z,raw_odom_x,raw_odom_y,raw_odom_yaw,filtered_actual_linear_x,filtered_actual_angular_z,filtered_odom_x,filtered_odom_y,filtered_odom_yaw,map_x,map_y,map_yaw,imu_yaw,imu_angular_z,goal_x,goal_y,goal_yaw,nav_status,wheel_data_age_sec,cmd_vel_age_sec,odom_age_sec,raw_odom_age_sec,filtered_odom_age_sec,imu_age_sec,map_pose_age_sec,manual_mode,manual_repeat_index,manual_repeat_total,manual_step_index,manual_step_total,manual_step_elapsed_sec,manual_step_remaining_sec,manual_left_target_mps,manual_right_target_mps,note
1785154070.535082,0.05202409699995769,0.0,0.0,0.0,0.0,0.0,-7.608497165634276e-16,0.0,-2.8449465006019634e-17,1.8238195223329012,1.7718500752219994,0.008263000141011466,before_ekf,-7.608497165634276e-16,-2.8449465006019634e-17,1.8238195223329012,1.7718500752219994,0.008263000141011466,-7.608497165634276e-16,-2.8449465006019634e-17,1.8233708792794117,1.8147943711414753,0.011286257018680244,nan,nan,nan,nan,nan,nan,nan,nan,,0.05268060699927446,0.042304812001020764,0.03178407000086736,0.03178407000086736,0.02128550300039933,nan,nan,profile,1,1,1,1,0.05276179313659668,11.947238206863403,0.4,-0.4,
1785154070.6195345,0.1364776089994848,0.0,0.0,0.0,0.0,0.0,-7.608497165634276e-16,0.0,-2.8449465006019634e-17,1.8238195223329012,1.7718500752219994,0.008263000141011466,before_ekf,-7.608497165634276e-16,-2.8449465006019634e-17,1.8238195223329012,1.7718500752219994,0.008263000141011466,-7.608497165634276e-16,-2.8449465006019634e-17,1.8233708792794117,1.8147943711414753,0.011286257018680244,nan,nan,nan,nan,nan,nan,nan,nan,,0.05230010199920798,0.041945185999793466,0.03132086900041031,0.03132086900041031,0.020769983999343822,nan,nan,profile,1,1,1,1,0.13670110702514648,11.863298892974854,0.4,-0.4,
1785154070.7031498,0.2200923079999484,4.4444444444444455,0.0,-4.4444444444444455,0.0,0.0,-7.608497165634276e-16,-1.4027704716815712,-2.8449465006019634e-17,1.8238195223329012,1.7718500752219994,0.008263000141011466,before_ekf,-7.608497165634276e-16,-2.8449465006019634e-17,1.8238195223329012,1.7718500752219994,0.008263000141011466,-7.608497165634276e-16,-2.8449465006019634e-17,1.8233708792794117,1.8147943711414753,0.011286257018680244,nan,nan,nan,nan,nan,nan,nan,nan,,0.05226650300028268,0.042004450000604265,0.03157445400029246,0.03157445400029246,0.02072320499974012,nan,nan,profile,1,1,1,1,0.22030878067016602,11.779691219329834,0.4,-0.4,
1785154070.7865498,0.3034925270003441,4.4444444444444455,0.0,-4.4444444444444455,0.0,0.0,-7.608497165634276e-16,-1.4027704716815712,-2.8449465006019634e-17,1.8238195223329012,1.7718500752219994,0.008263000141011466,before_ekf,-7.608497165634276e-16,-2.8449465006019634e-17,1.8238195223329012,1.7718500752219994,0.008263000141011466,-7.608497165634276e-16,-2.8449465006019634e-17,1.8233708792794117,1.8147943711414753,0.011286257018680244,nan,nan,nan,nan,nan,nan,nan,nan,,0.05201554100131034,0.0417562109996652,0.0313818930007983,0.0313818930007983,0.02097596500061627,nan,nan,profile,1,1,1,1,0.30370092391967773,11.696299076080322,0.4,-0.4,
1785154070.8696308,0.3865729810004268,4.4444444444444455,0.0,-4.4444444444444455,0.0,0.0,-7.608497165634276e-16,-1.4027704716815712,-2.8449465006019634e-17,1.8238195223329012,1.7718500752219994,0.008263000141011466,before_ekf,-7.608497165634276e-16,-2.8449465006019634e-17,1.8238195223329012,1.7718500752219994,0.008263000141011466,-7.608497165634276e-16,-2.8449465006019634e-17,1.8233708792794117,1.8147943711414753,0.011286257018680244,nan,nan,nan,nan,nan,nan,nan,nan,,0.051702761000342434,0.04143052800100122,0.03103642800124362,0.03103642800124362,0.02071719800005667,nan,nan,profile,1,1,1,1,0.3867678642272949,11.613232135772705,0.4,-0.4,
1785154070.952616,0.46955783699922904,4.4444444444444455,0.0,-4.4444444444444455,0.0,0.0,-7.608497165634276e-16,-1.4027704716815712,-2.8449465006019634e-17,1.8238195223329012,1.7718500752219994,0.008263000141011466,before_ekf,-7.608497165634276e-16,-2.8449465006019634e-17,1.8238195223329012,1.7718500752219994,0.008263000141011466,-7.608497165634276e-16,-2.8449465006019634e-17,1.8233708792794117,1.8147943711414753,0.011286257018680244,nan,nan,nan,nan,nan,nan,nan,nan,,0.05184510999970371,0.04138031999900704,0.030959009998696274,0.030959009998696274,0.02060581799923966,nan,nan,profile,1,1,1,1,0.4697563648223877,11.530243635177612,0.4,-0.4,
1785154071.03594,0.5528822420001234,4.4444444444444455,0.0,-4.4444444444444455,0.0,0.0,-7.608497165634276e-16,-1.4027704716815712,-2.8449465006019634e-17,1.8238195223329012,1.7718500752219994,0.008263000141011466,before_ekf,-7.608497165634276e-16,-2.8449465006019634e-17,1.8238195223329012,1.7718500752219994,0.008263000141011466,-7.608497165634276e-16,-2.8449465006019634e-17,1.8233708792794117,1.8147943711414753,0.011286257018680244,nan,nan,nan,nan,nan,nan,nan,nan,,0.05211428800066642,0.04180441599964979,0.031284323000363656,0.031284323000363656,0.020833480999499443,nan,nan,profile,1,1,1,1,0.5531027317047119,11.446897268295288,0.4,-0.4,
1785154071.119688,0.6366310749999684,4.4444444444444455,0.0,-4.4444444444444455,0.0,0.0,-7.608497165634276e-16,-1.4027704716815712,-2.8449465006019634e-17,1.8238195223329012,1.7718500752219994,0.008263000141011466,before_ekf,-7.608497165634276e-16,-2.8449465006019634e-17,1.8238195223329012,1.7718500752219994,0.008263000141011466,-7.608497165634276e-16,-2.8449465006019634e-17,1.8233708792794117,1.8147943711414753,0.011286257018680244,nan,nan,nan,nan,nan,nan,nan,nan,,0.052029709000635194,0.041558238001016434,0.031086213999515167,0.031086213999515167,0.02061849500023527,nan,nan,profile,1,1,1,1,0.6368024349212646,11.363197565078735,0.4,-0.4,
1785154071.2039099,0.7208532200002082,4.4444444444444455,0.0,-4.4444444444444455,0.0,0.0,-7.608497165634276e-16,-1.4027704716815712,-2.8449465006019634e-17,1.8238195223329012,1.7718500752219994,0.008263000141011466,before_ekf,-7.608497165634276e-16,-2.8449465006019634e-17,1.8238195223329012,1.7718500752219994,0.008263000141011466,0.0007295370453149224,-0.0258182728775024,1.8234180381782457,1.8147948937584315,0.00934960873768853,nan,nan,nan,nan,nan,nan,nan,nan,,0.05281203300000925,0.042573484000968165,0.0320140950007044,0.0320140950007044,0.02111303000128828,nan,nan,profile,1,1,1,1,0.721003532409668,11.278996467590332,0.4,-0.4,
1785154071.2877204,0.8046634870006528,4.4444444444444455,0.0,-4.4444444444444455,0.0,0.0,-7.608497165634276e-16,-1.4027704716815712,-2.8449465006019634e-17,1.8238195223329012,1.7718500752219994,0.008263000141011466,before_ekf,-7.608497165634276e-16,-2.8449465006019634e-17,1.8238195223329012,1.7718500752219994,0.008263000141011466,0.0052169699717838905,-0.04739412529075521,1.8237404484348816,1.8147982275635908,0.006506350235973012,nan,nan,nan,nan,nan,nan,nan,nan,,0.05193481000060274,0.041626144000474596,0.031169038000371074,0.031169038000371074,0.0206539500013605,nan,nan,profile,1,1,1,1,0.804832935333252,11.195167064666748,0.4,-0.4,
1785154071.3714073,0.8883500499996444,4.4444444444444455,0.0,-4.4444444444444455,0.0,0.0,-7.608497165634276e-16,-1.4027704716815712,-2.8449465006019634e-17,1.8238195223329012,1.7718500752219994,0.008263000141011466,before_ekf,-7.608497165634276e-16,-2.8449465006019634e-17,1.8238195223329012,1.7718500752219994,0.008263000141011466,0.01037737983474583,-0.08377171650404924,1.8245850107025883,1.8148041985169467,-0.00015594631152415767,nan,nan,nan,nan,nan,nan,nan,nan,,0.05258802000025753,0.04236164500071027,0.031533016999674146,0.031533016999674146,0.020958261999112437,nan,nan,profile,1,1,1,1,0.8885188102722168,11.111481189727783,0.4,-0.4,
1785154071.455789,0.9727316589996917,4.4444444444444455,0.0,-4.4444444444444455,0.0,0.0,-7.608497165634276e-16,-1.4027704716815712,-2.8449465006019634e-17,1.8238195223329012,1.7718500752219994,0.008263000141011466,before_ekf,-7.608497165634276e-16,-2.8449465006019634e-17,1.8238195223329012,1.7718500752219994,0.008263000141011466,0.015656366188439658,-0.12215655252428703,1.8260661801973426,1.8148013973039392,-0.011723931456730341,nan,nan,nan,nan,nan,nan,nan,nan,,0.052289444000052754,0.04166824599997199,0.03116821100047673,0.03116821100047673,0.020579725000061444,nan,nan,profile,1,1,1,1,0.9728751182556152,11.027124881744385,0.4,-0.4,
1785154071.5287268,1.045669977000216,4.4444444444444455,0.0,-4.4444444444444455,0.0,0.0,-7.608497165634276e-16,-1.4027704716815712,-2.8449465006019634e-17,1.8238195223329012,1.7718500752219994,0.008263000141011466,before_ekf,-7.608497165634276e-16,-2.8449465006019634e-17,1.8238195223329012,1.7718500752219994,0.008263000141011466,0.015656366188439658,-0.12215655252428703,1.8260661801973426,1.8148013973039392,-0.011723931456730341,nan,nan,nan,nan,nan,nan,nan,nan,,0.04191027200067765,0.03134075500020117,0.02055313700111583,0.02055313700111583,0.09351804300058575,nan,nan,profile,1,1,1,1,1.0458221435546875,10.954177856445312,0.4,-0.4,
1785154071.6123333,1.1292756519997056,4.4444444444444455,0.0,-4.4444444444444455,0.0,0.0,-7.608497165634276e-16,-1.4027704716815712,-2.8449465006019634e-17,1.8238195223329012,1.7718500752219994,0.008263000141011466,before_ekf,-7.608497165634276e-16,-2.8449465006019634e-17,1.8238195223329012,1.7718500752219994,0.008263000141011466,0.011959826419680613,-0.14044676641770293,1.8273907426239822,1.81478156816601,-0.024830844854188964,nan,nan,nan,nan,nan,nan,nan,nan,,0.05228955699931248,0.04191733799962094,0.03135795900016092,0.03135795900016092,0.02084704499975487,nan,nan,profile,1,1,1,1,1.129509687423706,10.870490312576294,0.4,-0.4,
1785154071.6967082,1.213649882000027,4.4444444444444455,0.0,-4.4444444444444455,0.0,0.0,-7.608497165634276e-16,-1.4027704716815712,-2.8449465006019634e-17,1.8238195223329012,1.7718500752219994,0.008263000141011466,before_ekf,-7.608497165634276e-16,-2.8449465006019634e-17,1.8238195223329012,1.7718500752219994,0.008263000141011466,0.010244371215397508,-0.1589204288075093,1.8280639187772838,1.8147614410956614,-0.03521266832528447,nan,nan,nan,nan,nan,nan,nan,nan,,0.052292565000243485,0.041676484999698005,0.03130610600055661,0.03130610600055661,0.020645857000999968,nan,nan,profile,1,1,1,1,1.2138326168060303,10.78616738319397,0.4,-0.4,
1785154071.7800586,1.2970015489991056,4.4444444444444455,0.0,-4.4444444444444455,0.0,0.0,-7.608497165634276e-16,-1.4027704716815712,-2.8449465006019634e-17,1.8238195223329012,1.7718500752219994,0.008263000141011466,before_ekf,-7.608497165634276e-16,-2.8449465006019634e-17,1.8238195223329012,1.7718500752219994,0.008263000141011466,0.007486639572170051,-0.20924643746756974,1.8288229734718422,1.8147248105590508,-0.05493206634139991,nan,nan,nan,nan,nan,nan,nan,nan,,0.05167258599976776,0.04140799400011019,0.031049657000039588,0.031049657000039588,0.020689773999038152,nan,nan,profile,1,1,1,1,1.2971751689910889,10.702824831008911,0.4,-0.4,
1785154071.8638887,1.380830865000462,4.4444444444444455,0.0,-4.4444444444444455,0.0,0.0,-7.608497165634276e-16,-1.4027704716815712,-2.8449465006019634e-17,1.8238195223329012,1.7718500752219994,0.008263000141011466,before_ekf,-7.608497165634276e-16,-2.8449465006019634e-17,1.8238195223329012,1.7718500752219994,0.008263000141011466,0.007233401249131807,-0.2764993420810952,1.829551238492565,1.814682061573861,-0.07918165541172906,nan,nan,nan,nan,nan,nan,nan,nan,,0.051787862001219764,0.04156886200144072,0.031218698000884615,0.031218698000884615,0.020888618000753922,nan,nan,profile,1,1,1,1,1.381021499633789,10.618978500366211,0.4,-0.4,
1785154071.946785,1.4637280019996979,4.4444444444444455,0.0,-4.4444444444444455,0.0,0.0,-7.608497165634276e-16,-1.4027704716815712,-2.8449465006019634e-17,1.8238195223329012,1.7718500752219994,0.008263000141011466,before_ekf,-7.608497165634276e-16,-2.8449465006019634e-17,1.8238195223329012,1.7718500752219994,0.008263000141011466,0.0071648615214446685,-0.3433651022218305,1.8300236681685138,1.8146423562015925,-0.10134306143438288,nan,nan,nan,nan,nan,nan,nan,nan,,0.05156331199941633,0.04134765600065293,0.031018022000353085,0.031018022000353085,0.020702034000350977,nan,nan,profile,1,1,1,1,1.46392822265625,10.53607177734375,0.4,-0.4,
1785154072.0296743,1.5466171570005827,4.4444444444444455,0.0,-4.4444444444444455,0.0,0.0,-7.608497165634276e-16,-1.4027704716815712,-2.8449465006019634e-17,1.8238195223329012,1.7718500752219994,0.008263000141011466,before_ekf,-7.608497165634276e-16,-2.8449465006019634e-17,1.8238195223329012,1.7718500752219994,0.008263000141011466,0.005016538854407448,-0.4496368227299468,1.830533651717975,1.814574989566687,-0.14370416802417774,nan,nan,nan,nan,nan,nan,nan,nan,,0.05138335000083316,0.04119380900010583,0.030891579001036007,0.030891579001036007,0.020635782000681502,nan,nan,profile,1,1,1,1,1.5467965602874756,10.453203439712524,0.4,-0.4,
1785154072.1119804,1.6289241190006578,4.4444444444444455,0.0,-4.4444444444444455,0.0,0.0,-7.608497165634276e-16,-1.4027704716815712,-2.8449465006019634e-17,1.8238195223329012,1.7718500752219994,0.008263000141011466,before_ekf,-7.608497165634276e-16,-2.8449465006019634e-17,1.8238195223329012,1.7718500752219994,0.008263000141011466,0.0031550231161206923,-0.5048432294998568,1.8307507207012867,1.8145332302925923,-0.17648489046974847,nan,nan,nan,nan,nan,nan,nan,nan,,0.05129881300126726,0.04108784800155263,0.03076279800006887,0.03076279800006887,0.0205072900007508,nan,nan,profile,1,1,1,1,1.6290652751922607,10.37093472480774,0.4,-0.4,
1785154072.1958594,1.7128022739998414,4.4444444444444455,0.0,-4.4444444444444455,0.0,0.0,-7.608497165634276e-16,-1.4027704716815712,-2.8449465006019634e-17,1.8238195223329012,1.7718500752219994,0.008263000141011466,before_ekf,-7.608497165634276e-16,-2.8449465006019634e-17,1.8238195223329012,1.7718500752219994,0.008263000141011466,-0.0007888867572561245,-0.5538067514075278,1.8307144604201737,1.8145158144478333,-0.21268735637849057,nan,nan,nan,nan,nan,nan,nan,nan,,0.05209391300013522,0.041743421999854036,0.031231318000209285,0.031231318000209285,0.020716168999570073,nan,nan,profile,1,1,1,1,1.7130093574523926,10.286990642547607,0.4,-0.4,
1785154072.2790983,1.7960408269991603,4.4444444444444455,0.0,-4.4444444444444455,0.0,0.0,-7.608497165634276e-16,-1.4027704716815712,-2.8449465006019634e-17,1.8238195223329012,1.7718500752219994,0.008263000141011466,before_ekf,-7.608497165634276e-16,-2.8449465006019634e-17,1.8238195223329012,1.7718500752219994,0.008263000141011466,-0.003648782764612407,-0.5943577227070753,1.8304904313011188,1.8145451356874551,-0.25173453136152574,nan,nan,nan,nan,nan,nan,nan,nan,,0.05182793399944785,0.041612572998928954,0.03128079699854425,0.03128079699854425,0.020771657998921,nan,nan,profile,1,1,1,1,1.796210765838623,10.203789234161377,0.4,-0.4,
1785154072.362495,1.8794374739991326,4.4444444444444455,0.0,-4.4444444444444455,0.0,0.0,-7.608497165634276e-16,-1.4027704716815712,-2.8449465006019634e-17,1.8238195223329012,1.7718500752219994,0.008263000141011466,before_ekf,-7.608497165634276e-16,-2.8449465006019634e-17,1.8238195223329012,1.7718500752219994,0.008263000141011466,-0.006180776427224156,-0.617247322667483,1.8301064220941075,1.8146255651322247,-0.2925789658520408,nan,nan,nan,nan,nan,nan,nan,nan,,0.05218490799961728,0.04157038799894508,0.030991527999503887,0.030991527999503887,0.02060076399902755,nan,nan,profile,1,1,1,1,1.879610300064087,10.120389699935913,0.4,-0.4,
1785154072.4462256,1.9631688129993563,4.4444444444444455,0.0,-4.4444444444444455,0.0,0.0,-7.608497165634276e-16,-1.4027704716815712,-2.8449465006019634e-17,1.8238195223329012,1.7718500752219994,0.008263000141011466,before_ekf,-7.608497165634276e-16,-2.8449465006019634e-17,1.8238195223329012,1.7718500752219994,0.008263000141011466,-0.0077706216359174915,-0.6299115168125755,1.8296248942970892,1.8147593746476705,-0.3344411941127942,nan,nan,nan,nan,nan,nan,nan,nan,,0.05253239999910875,0.04202983100003621,0.03159381099976599,0.03159381099976599,0.02126818699980504,nan,nan,profile,1,1,1,1,1.9633126258850098,10.03668737411499,0.4,-0.4,
1785154072.528867,2.0458103900000424,4.4444444444444455,0.0,-4.4444444444444455,0.0,0.0,-7.608497165634276e-16,-1.4027704716815712,-2.8449465006019634e-17,1.8238195223329012,1.7718500752219994,0.008263000141011466,before_ekf,-7.608497165634276e-16,-2.8449465006019634e-17,1.8238195223329012,1.7718500752219994,0.008263000141011466,-0.009198233642063219,-0.6337517266564678,1.8288125538701694,1.815033628408438,-0.39758445302511447,nan,nan,nan,nan,nan,nan,nan,nan,,0.051601520000986056,0.04137243799959833,0.031048364000525908,0.031048364000525908,0.020706511999378563,nan,nan,profile,1,1,1,1,2.0459883213043213,9.954011678695679,0.4,-0.4,
1785154072.611878,2.12882059399999,4.4444444444444455,0.0,-4.4444444444444455,0.0,0.0,-7.608497165634276e-16,-1.4027704716815712,-2.8449465006019634e-17,1.8238195223329012,1.7718500752219994,0.008263000141011466,before_ekf,-7.608497165634276e-16,-2.8449465006019634e-17,1.8238195223329012,1.7718500752219994,0.008263000141011466,-0.009205437592731923,-0.6203427342272182,1.8280104042582144,1.8153921333717535,-0.46003721776800793,nan,nan,nan,nan,nan,nan,nan,nan,,0.051624980000269716,0.04140609500063874,0.030918010999812395,0.030918010999812395,0.020506066999587347,nan,nan,profile,1,1,1,1,2.128999948501587,9.871000051498413,0.4,-0.4,
1785154072.6956036,2.2125448009992397,4.4444444444444455,0.5238249789389541,-4.4444444444444455,-0.5238249789389541,0.0,-7.608497165634276e-16,-1.4027704716815712,-2.8449465006019634e-17,1.8238195223329012,1.7718500752219994,0.008263000141011466,before_ekf,-7.608497165634276e-16,-2.8449465006019634e-17,1.8238195223329012,1.7718500752219994,0.008263000141011466,-0.008656077164709366,-0.6089423336784732,1.827502982184038,1.8156570170148474,-0.5008587122763362,nan,nan,nan,nan,nan,nan,nan,nan,,0.052390734999789856,0.04171081099957519,0.031332864999058074,0.031332864999058074,0.020873568999377312,nan,nan,profile,1,1,1,1,2.21279239654541,9.78720760345459,0.4,-0.4,
1785154072.780093,2.297034736000569,4.4444444444444455,0.7858902878957286,-4.4444444444444455,0.0,0.0,-7.608497165634276e-16,-1.4027704716815712,-2.8449465006019634e-17,1.8238195223329012,1.7718500752219994,0.008263000141011466,before_ekf,-7.608497165634276e-16,-2.8449465006019634e-17,1.8238195223329012,1.7718500752219994,0.008263000141011466,-0.0073062807862721455,-0.5736259187427349,1.8266228499627302,1.8161858173180003,-0.5796257539425693,nan,nan,nan,nan,nan,nan,nan,nan,,0.052497664000838995,0.04205989100046281,0.03143988300143974,0.03143988300143974,0.020949376001226483,nan,nan,profile,1,1,1,1,2.2973341941833496,9.70266580581665,0.4,-0.4,
1785154072.8635972,2.38053953599956,4.4444444444444455,0.5235181799744918,-4.4444444444444455,-0.2617590899872459,0.0,-7.608497165634276e-16,-1.4027704716815712,-2.8449465006019634e-17,1.8238195223329012,1.7718500752219994,0.008263000141011466,before_ekf,-7.608497165634276e-16,-2.8449465006019634e-17,1.8238195223329012,1.7718500752219994,0.008263000141011466,-0.005403427308247462,-0.5468481665087482,1.8261276873082521,1.8165496009972997,-0.6353531786040331,nan,nan,nan,nan,nan,nan,nan,nan,,0.05193857999984175,0.04171447299995634,0.03127652299917827,0.03127652299917827,0.02084479299992381,nan,nan,profile,1,1,1,1,2.380817413330078,9.619182586669922,0.4,-0.4,
1785154072.946337,2.463279301999137,4.4444444444444455,0.5235454420241198,-4.4444444444444455,-0.5235454420241198,0.0,-7.608497165634276e-16,-1.4027704716815712,-2.8449465006019634e-17,1.8238195223329012,1.7718500752219994,0.008263000141011466,before_ekf,-7.608497165634276e-16,-2.8449465006019634e-17,1.8238195223329012,1.7718500752219994,0.008263000141011466,-0.0041074566837866035,-0.5299518662455269,1.825919069777871,1.81673236350472,-0.6708555130951057,nan,nan,nan,nan,nan,nan,nan,nan,,0.051525826998840785,0.04133134099902236,0.03097502599848667,0.03097502599848667,0.020549969998683082,nan,nan,profile,1,1,1,1,2.4634885787963867,9.536511421203613,0.4,-0.4,
1785154073.0292637,2.5462049990001105,4.4444444444444455,0.5236457361479167,-4.4444444444444455,-0.2618228680739583,0.0,-7.608497165634276e-16,-1.4027704716815712,-2.8449465006019634e-17,1.8238195223329012,1.7718500752219994,0.008263000141011466,before_ekf,-7.608497165634276e-16,-2.8449465006019634e-17,1.8238195223329012,1.7718500752219994,0.008263000141011466,-0.0018436732613481917,-0.5082776410458637,1.8257642968915422,1.8169078853974723,-0.7221961264766126,nan,nan,nan,nan,nan,nan,nan,nan,,0.05169313099941064,0.04150983600084146,0.031091823000679142,0.031091823000679142,0.02067854599954444,nan,nan,profile,1,1,1,1,2.5464513301849365,9.453548669815063,0.4,-0.4,
1785154073.1123593,2.6293025329996453,4.4444444444444455,0.5236370168096365,-4.4444444444444455,-0.5236370168096365,0.0,-7.608497165634276e-16,-1.4027704716815712,-2.8449465006019634e-17,1.8238195223329012,1.7718500752219994,0.008263000141011466,before_ekf,-7.608497165634276e-16,-2.8449465006019634e-17,1.8238195223329012,1.7718500752219994,0.008263000141011466,-0.0005575551873301257,-0.49763973966684144,1.8257405670994498,1.8169578248520957,-0.7555258446628943,nan,nan,nan,nan,nan,nan,nan,nan,,0.05175073300051736,0.04150719800054503,0.031080613000085577,0.031080613000085577,0.020569390999298776,nan,nan,profile,1,1,1,1,2.629500150680542,9.370499849319458,0.4,-0.4,
1785154073.1961627,2.713105861999793,4.4444444444444455,0.7853163020261251,-4.4444444444444455,-0.7853163020261251,0.0,-7.608497165634276e-16,-1.4027704716815712,-2.8449465006019634e-17,1.8238195223329012,1.7718500752219994,0.008263000141011466,before_ekf,-7.608497165634276e-16,-2.8449465006019634e-17,1.8238195223329012,1.7718500752219994,0.008263000141011466,0.000787549545095469,-0.4840491619681544,1.8257713196546115,1.8169586792322086,-0.8045748813094517,nan,nan,nan,nan,nan,nan,nan,nan,,0.05176597900026536,0.04148837100001401,0.03109143499932543,0.03109143499932543,0.02065380199928768,nan,nan,profile,1,1,1,1,2.7133326530456543,9.286667346954346,0.4,-0.4,
1785154073.2792263,2.796169142000508,4.4444444444444455,1.0467227368287175,-4.4444444444444455,-1.0467227368287175,0.0,-7.608497165634276e-16,-1.4027704716815712,-2.8449465006019634e-17,1.8238195223329012,1.7718500752219994,0.008263000141011466,before_ekf,-7.608497165634276e-16,-2.8449465006019634e-17,1.8238195223329012,1.7718500752219994,0.008263000141011466,0.002938504048677717,-0.47202199619243357,1.8259605763809266,1.81680833260984,-0.8520676020231982,nan,nan,nan,nan,nan,nan,nan,nan,,0.05191167100019811,0.041731635999894934,0.031291097000575974,0.031291097000575974,0.02077420200112101,nan,nan,profile,1,1,1,1,2.7964231967926025,9.203576803207397,0.4,-0.4,
1785154073.3525655,2.869508097999642,4.4444444444444455,1.5700263387775701,-4.4444444444444455,-1.5700263387775701,0.0,-7.608497165634276e-16,-1.4027704716815712,-2.8449465006019634e-17,1.8238195223329012,1.7718500752219994,0.008263000141011466,before_ekf,-7.608497165634276e-16,-2.8449465006019634e-17,1.8238195223329012,1.7718500752219994,0.008263000141011466,0.002938504048677717,-0.47202199619243357,1.8259605763809266,1.81680833260984,-0.8520676020231982,nan,nan,nan,nan,nan,nan,nan,nan,,0.0417317239989643,0.03144203999909223,0.02091083199957211,0.02091083199957211,0.09411315800025477,nan,nan,profile,1,1,1,1,2.86975359916687,9.13024640083313,0.4,-0.4,
1785154073.435201,2.9521442740006023,4.4444444444444455,1.5696338559611718,-4.4444444444444455,-1.5696338559611718,0.0,-7.608497165634276e-16,-1.4027704716815712,-2.8449465006019634e-17,1.8238195223329012,1.7718500752219994,0.008263000141011466,before_ekf,-7.608497165634276e-16,-2.8449465006019634e-17,1.8238195223329012,1.7718500752219994,0.008263000141011466,0.004364354076147724,-0.4662422854102985,1.8262209580971547,1.816541887004059,-0.8991076245685073,nan,nan,nan,nan,nan,nan,nan,nan,,0.05138571499992395,0.041162717001498095,0.030830834000880714,0.030830834000880714,0.02052457700119703,nan,nan,profile,1,1,1,1,2.9523112773895264,9.047688722610474,0.4,-0.4,
1785154073.5181282,3.0350710399998206,4.4444444444444455,1.831391080483037,-4.4444444444444455,-1.831391080483037,0.0,-7.608497165634276e-16,-1.4027704716815712,-2.8449465006019634e-17,1.8238195223329012,1.7718500752219994,0.008263000141011466,before_ekf,-7.608497165634276e-16,-2.8449465006019634e-17,1.8238195223329012,1.7718500752219994,0.008263000141011466,0.003829781474752622,-0.46660442007447367,1.8263688656857875,1.816335121750315,-0.9300493876649085,nan,nan,nan,nan,nan,nan,nan,nan,,0.05194207699969411,0.041710642999532865,0.03138843300075678,0.03138843300075678,0.021080807000544155,nan,nan,profile,1,1,1,1,3.035238027572632,8.964761972427368,0.4,-0.4,
1785154073.6013885,3.1183312390003266,4.4444444444444455,1.8338731539556283,-4.4444444444444455,-2.0958550330921466,0.0,-7.608497165634276e-16,-1.4027704716815712,-2.8449465006019634e-17,1.8238195223329012,1.7718500752219994,0.008263000141011466,before_ekf,-7.608497165634276e-16,-2.8449465006019634e-17,1.8238195223329012,1.7718500752219994,0.008263000141011466,0.0028982346029384305,-0.47489123419882495,1.8265402955512384,1.8160651436688517,-0.977433501764405,nan,nan,nan,nan,nan,nan,nan,nan,,0.05199922700012394,0.04168653000124323,0.031003162999695633,0.031003162999695633,0.020633135000025504,nan,nan,profile,1,1,1,1,3.1185178756713867,8.881482124328613,0.4,-0.4,
1785154073.6840515,3.2009946050002327,4.4444444444444455,2.088143597210431,-4.4444444444444455,-2.3491615468617346,0.0,-7.608497165634276e-16,-1.4027704716815712,-2.8449465006019634e-17,1.8238195223329012,1.7718500752219994,0.008263000141011466,before_ekf,-7.608497165634276e-16,-2.8449465006019634e-17,1.8238195223329012,1.7718500752219994,0.008263000141011466,0.0017234787824174126,-0.47936631473898117,1.8265929249440778,1.8159457033180704,-1.009287679463407,nan,nan,nan,nan,nan,nan,nan,nan,,0.051521385001251474,0.04129101400030777,0.03095248099998571,0.03095248099998571,0.020666956001150538,nan,nan,profile,1,1,1,1,3.201155662536621,8.798844337463379,0.4,-0.4,
1785154073.767187,3.284130213000026,4.4444444444444455,2.094436027673176,-4.4444444444444455,-2.094436027673176,0.0,-7.608497165634276e-16,-1.4027704716815712,-2.8449465006019634e-17,1.8238195223329012,1.7718500752219994,0.008263000141011466,before_ekf,-7.608497165634276e-16,-2.8449465006019634e-17,1.8238195223329012,1.7718500752219994,0.008263000141011466,0.0013593531071968202,-0.48607664251714283,1.826636224820864,1.8158623422748552,-1.0415425362800175,nan,nan,nan,nan,nan,nan,nan,nan,,0.05201059899991378,0.04182045600100537,0.03130975699968985,0.03130975699968985,0.020857171999523416,nan,nan,profile,1,1,1,1,3.2843010425567627,8.715698957443237,0.4,-0.4,
1785154073.8501453,3.367088380999121,4.4444444444444455,2.0917110605944615,-4.4444444444444455,-2.3531749431687694,0.0,-7.608497165634276e-16,-1.4027704716815712,-2.8449465006019634e-17,1.8238195223329012,1.7718500752219994,0.008263000141011466,before_ekf,-7.608497165634276e-16,-2.8449465006019634e-17,1.8238195223329012,1.7718500752219994,0.008263000141011466,0.002085324619171535,-0.49134938131059935,1.8267123043239804,1.8157568417582615,-1.0742446676623572,nan,nan,nan,nan,nan,nan,nan,nan,,0.05144365500018466,0.04121255899917742,0.030839245999231935,0.030839245999231935,0.020567873998516006,nan,nan,profile,1,1,1,1,3.3672661781311035,8.632733821868896,0.4,-0.4,
1785154073.9342582,3.451200890000109,4.4444444444444455,1.8348738756493135,-4.4444444444444455,-2.0969987150277865,0.0,-7.608497165634276e-16,-1.4027704716815712,-2.8449465006019634e-17,1.8238195223329012,1.7718500752219994,0.008263000141011466,before_ekf,-7.608497165634276e-16,-2.8449465006019634e-17,1.8238195223329012,1.7718500752219994,0.008263000141011466,0.002350243327285822,-0.5014704863917101,1.8268527953958895,1.8154938652720065,-1.1405488998472628,nan,nan,nan,nan,nan,nan,nan,nan,,0.05249424599969643,0.042184056001133285,0.03160050800033787,0.03160050800033787,0.02105233400106954,nan,nan,profile,1,1,1,1,3.4514153003692627,8.548584699630737,0.4,-0.4,
1785154074.017171,3.5341138599997066,4.4444444444444455,1.8326005160073982,-4.4444444444444455,-2.0944005897227407,0.0,-7.608497165634276e-16,-1.4027704716815712,-2.8449465006019634e-17,1.8238195223329012,1.7718500752219994,0.008263000141011466,before_ekf,-7.608497165634276e-16,-2.8449465006019634e-17,1.8238195223329012,1.7718500752219994,0.008263000141011466,0.0002048617236546775,-0.5034080062703414,1.8268730213399713,1.8153505977470734,-1.2076416740685418,nan,nan,nan,nan,nan,nan,nan,nan,,0.0517073259998142,0.04149244899963378,0.030889802999809035,0.030889802999809035,0.020567318999383133,nan,nan,profile,1,1,1,1,3.5342857837677,8.4657142162323,0.4,-0.4,
1785154074.0898097,3.606753132000449,4.4444444444444455,1.5720903458003317,-4.4444444444444455,-1.8341054034337203,0.0,-7.608497165634276e-16,-1.4027704716815712,-2.8449465006019634e-17,1.8238195223329012,1.7718500752219994,0.008263000141011466,before_ekf,-7.608497165634276e-16,-2.8449465006019634e-17,1.8238195223329012,1.7718500752219994,0.008263000141011466,0.0002048617236546775,-0.5034080062703414,1.8268730213399713,1.8153505977470734,-1.2076416740685418,nan,nan,nan,nan,nan,nan,nan,nan,,0.04129859600107011,0.031078222000360256,0.02078322300076252,0.02078322300076252,0.09320659100012563,nan,nan,profile,1,1,1,1,3.60689640045166,8.39310359954834,0.4,-0.4,
1785154074.173134,3.6900771479995456,4.4444444444444455,1.5676783712822535,-4.4444444444444455,-1.8289580998292956,0.0,-7.608497165634276e-16,-1.4027704716815712,-2.8449465006019634e-17,1.8238195223329012,1.7718500752219994,0.008263000141011466,before_ekf,-7.608497165634276e-16,-2.8449465006019634e-17,1.8238195223329012,1.7718500752219994,0.008263000141011466,0.0009407333921810268,-0.5061128926114287,1.8269070511410106,1.815300076278391,-1.2580733321783355,nan,nan,nan,nan,nan,nan,nan,nan,,0.05202997299966228,0.0417624199999409,0.0311902449993795,0.0311902449993795,0.02082593600061955,nan,nan,profile,1,1,1,1,3.6902778148651123,8.309722185134888,0.4,-0.4,
1785154074.2558439,3.772787165000409,4.4444444444444455,1.567339371729822,-4.4444444444444455,-1.567339371729822,0.0,-7.608497165634276e-16,-1.4027704716815712,-2.8449465006019634e-17,1.8238195223329012,1.7718500752219994,0.008263000141011466,before_ekf,-7.608497165634276e-16,-2.8449465006019634e-17,1.8238195223329012,1.7718500752219994,0.008263000141011466,-0.0006263866995978381,-0.5065967801409609,1.8268744574019355,1.815305402928847,-1.3086460791043861,nan,nan,nan,nan,nan,nan,nan,nan,,0.05166330600150104,0.04137759100012772,0.031017991999760852,0.031017991999760852,0.020587979000993073,nan,nan,profile,1,1,1,1,3.7729403972625732,8.227059602737427,0.4,-0.4,
1785154074.339522,3.856464471000436,4.4444444444444455,1.577541848412453,-4.4444444444444455,-1.577541848412453,0.0,-5.554191332114884e-06,-1.4027704716815712,-0.02483911329906975,1.8238195335046723,1.7718473711901606,5.96189764223709e-14,before_ekf,-5.554191332114884e-06,-0.02483911329906975,1.8238195335046723,1.7718473711901606,5.96189764223709e-14,-0.00019893173153219643,-0.505127192347426,1.826878259091572,1.815326185668899,-1.3423992639479279,nan,nan,nan,nan,nan,nan,nan,nan,,0.05259096000008867,0.042395346999910544,0.031557764999888605,0.031557764999888605,0.02056462700056727,nan,nan,profile,1,1,1,1,3.8566625118255615,8.143337488174438,0.4,-0.4,
1785154074.4237766,3.9407194779996644,4.4444444444444455,1.5704326774041169,-4.4444444444444455,-1.5704326774041169,0.0,0.0011719293693330003,-1.4027704716815712,-0.037227157072506,1.8242122314691893,1.7718465599731725,-0.004131500070415916,before_ekf,0.0011719293693330003,-0.037227157072506,1.8242122314691893,1.7718465599731725,-0.004131500070415916,-5.546197755738308e-05,-0.504463241248649,1.8268789439542399,1.8153386417104327,-1.392810792675455,nan,nan,nan,nan,nan,nan,nan,nan,,0.05238676299995859,0.041767869999603136,0.031425953000507434,0.031425953000507434,0.02103263299977698,nan,nan,profile,1,1,1,1,3.940889358520508,8.059110641479492,0.4,-0.4,
1785154074.507725,4.024666397999681,4.4444444444444455,1.5723181735550806,-4.4444444444444455,-1.5723181735550806,0.0,0.01177901407237207,-1.4027704716815712,-0.10748149375263605,1.8277461052689044,1.771798160056906,-0.027543333803112954,before_ekf,0.01177901407237207,-0.10748149375263605,1.8277461052689044,1.771798160056906,-0.027543333803112954,-0.0008686155943783906,-0.5020101063895823,1.826855295164438,1.8153833341566405,-1.4262908445849087,nan,nan,nan,nan,nan,nan,nan,nan,,0.05263185500007239,0.04237553799976013,0.03189612899950589,0.03189612899950589,0.021449904999826686,nan,nan,profile,1,1,1,1,4.024901628494263,7.975098371505737,0.4,-0.4,
1785154074.5909693,4.107912789000693,4.4444444444444455,1.3081703715464854,-4.4444444444444455,-1.5698044458557827,0.0,0.015317103627424819,-1.4027704716815712,-0.13637543354901774,1.8285309990167173,1.7717700438723745,-0.03856066732438106,before_ekf,0.015317103627424819,-0.13637543354901774,1.8285309990167173,1.7717700438723745,-0.03856066732438106,-0.0011037720436292398,-0.5007995953438843,1.8268417973799274,1.8154516588043992,-1.459712599137486,nan,nan,nan,nan,nan,nan,nan,nan,,0.05178285000147298,0.041475671001535375,0.031098978000954958,0.031098978000954958,0.02072568700168631,nan,nan,profile,1,1,1,1,4.108070611953735,7.891929388046265,0.4,-0.4,
1785154074.673496,4.190439570998933,4.4444444444444455,1.5706213909843687,-4.4444444444444455,-1.5706213909843687,0.0,0.016487367314609664,-1.4027704716815712,-0.13213118701262774,1.828923373787869,1.7717540943152492,-0.04269216739485659,before_ekf,0.016487367314609664,-0.13213118701262774,1.828923373787869,1.7717540943152492,-0.04269216739485659,-0.00013291040674666635,-0.5033079080675179,1.826858600043291,1.8154849093062857,-1.5099892377398998,nan,nan,nan,nan,nan,nan,nan,nan,,0.05146480399889697,0.04125033299897041,0.030862638999678893,0.030862638999678893,0.020466086998567334,nan,nan,profile,1,1,1,1,4.190592288970947,7.809407711029053,0.4,-0.4,
1785154074.7568302,4.2737733329995535,4.4444444444444455,1.5708125061637102,-4.4444444444444455,-1.3090104218030918,0.0,0.009418522956158337,-1.4027704716815712,-0.17356075991170447,1.8297071942761105,1.7717043730164295,-0.07574416795866205,before_ekf,0.009418522956158337,-0.17356075991170447,1.8297071942761105,1.7717043730164295,-0.07574416795866205,0.00106702902645485,-0.5005578596073516,1.8268843102986712,1.8154099835779502,-1.5769210508166895,nan,nan,nan,nan,nan,nan,nan,nan,,0.05232162999891443,0.041436207000515424,0.03103054900020652,0.03103054900020652,0.020638398000301095,nan,nan,profile,1,1,1,1,4.273949861526489,7.726050138473511,0.4,-0.4,
1785154074.8395493,4.356491993999953,4.4444444444444455,1.569270493708454,-4.4444444444444455,-1.3077254114237116,0.0,0.007060538959394136,-1.4027704716815712,-0.21487183754225053,1.8300981953554025,1.7716679209856891,-0.09915600169135949,before_ekf,0.007060538959394136,-0.21487183754225053,1.8300981953554025,1.7716679209856891,-0.09915600169135949,0.0022651434620686137,-0.49920494431957374,1.8269001900664685,1.8151741161066883,-1.643687764259475,nan,nan,nan,nan,nan,nan,nan,nan,,0.051517768999474356,0.0412738619997981,0.030887107001035474,0.030887107001035474,0.020593490000464953,nan,nan,profile,1,1,1,1,4.356676816940308,7.643323183059692,0.4,-0.4,
1785154074.9123738,4.429317019999871,4.4444444444444455,1.3080393887612045,-4.4444444444444455,-1.5696472665134455,0.0,0.007060538959393471,-1.4027704716815712,-0.2313249390057274,1.8300981953554023,1.7716679209856891,-0.11017333521262838,before_ekf,0.007060538959393471,-0.2313249390057274,1.8300981953554023,1.7716679209856891,-0.11017333521262838,0.0022651434620686137,-0.49920494431957374,1.8269001900664685,1.8151741161066883,-1.643687764259475,nan,nan,nan,nan,nan,nan,nan,nan,,0.041254640000261134,0.031009923999590683,0.020607517000826192,0.020607517000826192,0.09341851600038353,nan,nan,profile,1,1,1,1,4.429481029510498,7.570518970489502,0.4,-0.4,
1785154074.9955657,4.512508641999375,4.4444444444444455,1.5715864890498612,-4.4444444444444455,-1.5715864890498612,0.0,0.007071861903081307,-1.4027704716815712,-0.3222876772546468,1.8312666121420935,1.7715182688708515,-0.155619835987862,before_ekf,0.007071861903081307,-0.3222876772546468,1.8312666121420935,1.7715182688708515,-0.155619835987862,0.002365144030744908,-0.49718537966949206,1.826883121173852,1.8149436291143952,-1.6934241219135246,nan,nan,nan,nan,nan,nan,nan,nan,,0.05183429699900444,0.04157648100044753,0.03124705099980929,0.03124705099980929,0.020802865999939968,nan,nan,profile,1,1,1,1,4.5127105712890625,7.4872894287109375,0.4,-0.4,
1785154075.0795677,4.596510761999525,4.4444444444444455,1.56511815637946,-4.4444444444444455,-1.56511815637946,0.0,0.00707186190308164,-1.4027704716815712,-0.39627308885852364,1.8312666121420935,1.7715182688708515,-0.19142616993198644,before_ekf,0.00707186190308164,-0.39627308885852364,1.8312666121420935,1.7715182688708515,-0.19142616993198644,0.003441648962737711,-0.4993075075786581,1.8268586156408715,1.8146248060197174,-1.7433302191559894,nan,nan,nan,nan,nan,nan,nan,nan,,0.05234095400010119,0.041962572000556975,0.0314284169999155,0.0314284169999155,0.02078423099919746,nan,nan,profile,1,1,1,1,4.596775531768799,7.403224468231201,0.4,-0.4,
1785154075.1524432,4.669383988999471,4.4444444444444455,1.5665465054421428,-4.4444444444444455,-1.5665465054421428,0.0,0.004714029304589519,-1.4027704716815712,-0.4956363306403205,1.8312666121420935,1.7715182688708515,-0.25202150429896564,before_ekf,0.004714029304589519,-0.4956363306403205,1.8312666121420935,1.7715182688708515,-0.25202150429896564,0.003441648962737711,-0.4993075075786581,1.8268586156408715,1.8146248060197174,-1.7433302191559894,nan,nan,nan,nan,nan,nan,nan,nan,,0.041511804000037955,0.03129692599941336,0.020961979000276187,0.020961979000276187,0.09365745799914293,nan,nan,profile,1,1,1,1,4.669635534286499,7.330364465713501,0.4,-0.4,
1785154075.235242,4.752185256998928,4.4444444444444455,1.5743722141486145,-4.4444444444444455,-1.5743722141486145,0.0,0.0023544689827247637,-1.4027704716815712,-0.5534250651633359,1.8308873567470985,1.7716201139996242,-0.2947136716938819,before_ekf,0.0023544689827247637,-0.5534250651633359,1.8308873567470985,1.7716201139996242,-0.2947136716938819,0.0024805790860169016,-0.49649951416589644,1.8267671312700677,1.814252320392548,-1.8097882249066373,nan,nan,nan,nan,nan,nan,nan,nan,,0.05152167300002475,0.04128959699846746,0.03095058599865297,0.03095058599865297,0.020604329998604953,nan,nan,profile,1,1,1,1,4.752370834350586,7.247629165649414,0.4,-0.4,
1785154075.318327,4.835269711000365,4.4444444444444455,1.5756868649018358,-4.4444444444444455,-1.5756868649018358,0.0,-0.0023583637544544456,-1.4027704716815712,-0.5946556600625192,1.8301409217640876,1.7718642147325137,-0.3387830057789574,before_ekf,-0.0023583637544544456,-0.5946556600625192,1.8301409217640876,1.7718642147325137,-0.3387830057789574,0.002418320488725671,-0.5004874799983056,1.8267266206682578,1.8140966592216698,-1.8430097629586428,nan,nan,nan,nan,nan,nan,nan,nan,,0.051970365000670427,0.041610017000493826,0.03105419600069581,0.03105419600069581,0.02067429500129947,nan,nan,profile,1,1,1,1,4.835493803024292,7.164506196975708,0.4,-0.4,
1785154075.401466,4.918409029000031,4.4444444444444455,1.8262229998626451,-4.4444444444444455,-1.5653339998822673,0.0,-0.004718706932663857,-1.4027704716815712,-0.6278383505997291,1.8297719180619925,1.771998540280076,-0.3814751731738732,before_ekf,-0.004718706932663857,-0.6278383505997291,1.8297719180619925,1.771998540280076,-0.3814751731738732,0.0013024388219075474,-0.4999466503016443,1.8266399338752808,1.8138796033707156,-1.9096794128600378,nan,nan,nan,nan,nan,nan,nan,nan,,0.0519399959994189,0.0415082950003125,0.0311292250007682,0.0311292250007682,0.020568773999912082,nan,nan,profile,1,1,1,1,4.9185950756073,7.0814049243927,0.4,-0.4,
1785154075.484555,5.001497560999269,4.4444444444444455,1.5714464499056873,-4.4444444444444455,-1.5714464499056873,0.0,-0.007076020294088721,-1.4027704716815712,-0.6361003512180484,1.829049223770504,1.772305908947629,-0.42279017387863205,before_ekf,-0.007076020294088721,-0.6361003512180484,1.829049223770504,1.772305908947629,-0.42279017387863205,0.0012243347960999595,-0.4999040266946362,1.8266107752151775,1.8138021188835702,-1.943008224196944,nan,nan,nan,nan,nan,nan,nan,nan,,0.05210810899916396,0.041889112999342615,0.031507689998761634,0.031507689998761634,0.021050075998573448,nan,nan,profile,1,1,1,1,5.0016796588897705,6.9983203411102295,0.4,-0.4,
1785154075.5676994,5.084639999999126,4.4444444444444455,1.570620401603713,-4.4444444444444455,-1.570620401603713,0.0,-0.009426932674640159,-1.4027704716815712,-0.6362329850462732,1.8276573215613483,1.7730322787270962,-0.5274548423306861,before_ekf,-0.009426932674640159,-0.6362329850462732,1.8276573215613483,1.7730322787270962,-0.5274548423306861,0.0012000252795923215,-0.5000915732158183,1.8265810070617359,1.8137276114776917,-1.9763402070110339,nan,nan,nan,nan,nan,nan,nan,nan,,0.05215320199931739,0.04197031799958495,0.031246260999978404,0.031246260999978404,0.020909316999677685,nan,nan,profile,1,1,1,1,5.0849692821502686,6.9150307178497314,0.4,-0.4,
1785154075.6511471,5.1680898039994645,4.4444444444444455,1.8331510126988129,-4.4444444444444455,-1.5712722965989825,0.0,-0.008249504664411766,-1.4027704716815712,-0.6238717126099771,1.8273200594799617,1.773233428853486,-0.567392676345286,before_ekf,-0.008249504664411766,-0.6238717126099771,1.8273200594799617,1.773233428853486,-0.567392676345286,-0.000499250495998976,-0.49984135896921816,1.8265534259000638,1.8137466010908587,-2.009779833837417,nan,nan,nan,nan,nan,nan,nan,nan,,0.05193606499960879,0.041582390000257874,0.03113177599880146,0.03113177599880146,0.020675732999734464,nan,nan,profile,1,1,1,1,5.168307781219482,6.831692218780518,0.4,-0.4,
1785154075.7346947,5.2516378090003855,4.4444444444444455,1.5707629323749543,-4.4444444444444455,-1.5707629323749543,0.0,-0.009427914893257288,-1.4027704716815712,-0.611533471935225,1.8269908012131626,1.7734474322261096,-0.5852958433173483,before_ekf,-0.009427914893257288,-0.611533471935225,1.8269908012131626,1.7734474322261096,-0.5852958433173483,-0.0010014811051259074,-0.4997230641373915,1.8265703195744734,1.8138024677637856,-2.043056625488115,nan,nan,nan,nan,nan,nan,nan,nan,,0.05198614900109533,0.041660626000521006,0.031015533000754658,0.031015533000754658,0.0206898110009206,nan,nan,profile,1,1,1,1,5.251811742782593,6.748188257217407,0.4,-0.4,
1785154075.8186634,5.335605356000087,4.4444444444444455,1.5694216703538337,-4.4444444444444455,-1.5694216703538337,0.0,-0.008249441892811068,-1.4027704716815712,-0.5989366979432456,1.8266697260994753,1.7736735278278375,-0.6224793439516307,before_ekf,-0.008249441892811068,-0.5989366979432456,1.8266697260994753,1.7736735278278375,-0.6224793439516307,-0.0011643176612675169,-0.4998537516074358,1.8266188254851912,1.8138991798826998,-2.092950101088683,nan,nan,nan,nan,nan,nan,nan,nan,,0.05267625600026804,0.04231600700040872,0.03151638999952411,0.03151638999952411,0.02117044800070289,nan,nan,profile,1,1,1,1,5.33584451675415,6.66415548324585,0.4,-0.4,
1785154075.9024026,5.419345926999085,4.4444444444444455,1.5721009662237366,-4.4444444444444455,-1.5721009662237366,0.0,-0.007056588216603562,-1.4027704716815712,-0.5610682900471672,1.826053203315085,1.7741598925877544,-0.6940920118398791,before_ekf,-0.007056588216603562,-0.5610682900471672,1.826053203315085,1.7741598925877544,-0.6940920118398791,-0.0011995032091150085,-0.4998155131397707,1.8266794753039974,1.8139985999676325,-2.1429814849086046,nan,nan,nan,nan,nan,nan,nan,nan,,0.05166568899949198,0.04138909899847931,0.031034452998937923,0.031034452998937923,0.02072690800014243,nan,nan,profile,1,1,1,1,5.419490098953247,6.580509901046753,0.4,-0.4,
1785154075.9859061,5.502848607999113,4.4444444444444455,1.5721784760585542,-4.4444444444444455,-1.5721784760585542,0.0,-0.004700033477757631,-1.4027704716815712,-0.5287619784841132,1.8260532033150847,1.7741598925877546,-0.743670012685589,before_ekf,-0.004700033477757631,-0.5287619784841132,1.8260532033150847,1.7741598925877546,-0.743670012685589,-0.002292117571129037,-0.4965620605804438,1.826799890766786,1.814210109111482,-2.2094484265791285,nan,nan,nan,nan,nan,nan,nan,nan,,0.05216313299933972,0.04185830599999463,0.03140329599955294,0.03140329599955294,0.020822364998821286,nan,nan,profile,1,1,1,1,5.503051519393921,6.496948480606079,0.4,-0.4,
1785154076.070048,5.586991309999576,4.4444444444444455,1.5707288168703475,-4.4444444444444455,-1.5707288168703475,0.0,-0.003521623248911777,-1.4027704716815712,-0.5165763589575454,1.8260532033150847,1.7741598925877546,-0.776722013249395,before_ekf,-0.003521623248911777,-0.5165763589575454,1.8260532033150847,1.7741598925877546,-0.776722013249395,-0.002374833020688162,-0.49607658417436096,1.826892564378067,1.8143339076759775,-2.2424346008779867,nan,nan,nan,nan,nan,nan,nan,nan,,0.051989057999890065,0.041729991000465816,0.031200915000226814,0.031200915000226814,0.02085136700043222,nan,nan,profile,1,1,1,1,5.587180137634277,6.412819862365723,0.4,-0.4,
1785154076.142494,5.65943718500057,4.4444444444444455,1.5706894256725854,-4.4444444444444455,-1.5706894256725854,0.0,-0.002342782887932467,-1.4027704716815712,-0.5042037097901085,1.8260532033150847,1.7741598925877546,-0.8097740138132019,before_ekf,-0.002342782887932467,-0.5042037097901085,1.8260532033150847,1.7741598925877546,-0.8097740138132019,-0.002374833020688162,-0.49607658417436096,1.826892564378067,1.8143339076759775,-2.2424346008779867,nan,nan,nan,nan,nan,nan,nan,nan,,0.04126007300146739,0.030982209000285366,0.02058322500124632,0.02058322500124632,0.09329724200142664,nan,nan,profile,1,1,1,1,5.659622669219971,6.340377330780029,0.4,-0.4,
1785154076.22574,5.742682992999107,4.4444444444444455,1.570071440511527,-4.4444444444444455,-1.570071440511527,0.0,-2.3704548683493865e-06,-1.4027704716815712,-0.4882730044464184,1.826048767819574,1.774155928394226,-0.8565976812785934,before_ekf,-2.3704548683493865e-06,-0.4882730044464184,1.826048767819574,1.774155928394226,-0.8565976812785934,-0.0024027955995994353,-0.4959392650394322,1.8270431196766472,1.8145190701819487,-2.2920131174676093,nan,nan,nan,nan,nan,nan,nan,nan,,0.052085637998970924,0.041781338999498985,0.031266168000001926,0.031266168000001926,0.020753086999320658,nan,nan,profile,1,1,1,1,5.742900371551514,6.257099628448486,0.4,-0.4,
1785154076.309095,5.826036815000407,4.4444444444444455,1.5720772710761421,-4.4444444444444455,-1.5720772710761421,0.0,0.0011741542772088593,-1.4027704716815712,-0.47517611262910275,1.8262987627450467,1.773853088243524,-0.9020441820538271,before_ekf,0.0011741542772088593,-0.47517611262910275,1.8262987627450467,1.773853088243524,-0.9020441820538271,-0.000702100804681587,-0.49590150157362844,1.827114231409395,1.8145478289231693,-2.325051456242065,nan,nan,nan,nan,nan,nan,nan,nan,,0.05181572400033474,0.041531810000378755,0.03113810300055775,0.03113810300055775,0.0208164180003223,nan,nan,profile,1,1,1,1,5.826229810714722,6.173770189285278,0.4,-0.4,
1785154076.3919182,5.9088610599992535,4.4444444444444455,1.572138492869029,-4.4444444444444455,-1.572138492869029,0.0,0.002354684465398949,-1.4027704716815712,-0.4708881868641698,1.8265398960626293,1.7735431457604873,-0.9337190159274751,before_ekf,0.002354684465398949,-0.4708881868641698,1.8265398960626293,1.7735431457604873,-0.9337190159274751,-0.0011395844760571756,-0.49899340437553363,1.8271805929571332,1.8146270508168196,-2.375012714525066,nan,nan,nan,nan,nan,nan,nan,nan,,0.051495300000169664,0.04116758599957393,0.030832718999590725,0.030832718999590725,0.020523330000287388,nan,nan,profile,1,1,1,1,5.909047365188599,6.090952634811401,0.4,-0.4,
1785154076.4748614,5.991804516999764,4.4444444444444455,1.5709170360599474,-4.4444444444444455,-1.309097530049956,0.0,0.0035343184422261275,-1.4027704716815712,-0.46680492541120433,1.826771092691265,1.7732257221656702,-0.9488678495192191,before_ekf,0.0035343184422261275,-0.46680492541120433,1.826771092691265,1.7732257221656702,-0.9488678495192191,-0.0011869280454608233,-0.4995633737008799,1.827264560783071,1.814707199713614,-2.424817400867288,nan,nan,nan,nan,nan,nan,nan,nan,,0.051828450999892084,0.04151190599986876,0.03116280500034918,0.03116280500034918,0.020727439999973285,nan,nan,profile,1,1,1,1,5.9919679164886475,6.0080320835113525,0.4,-0.4,
1785154076.5589516,6.07589376299984,4.4444444444444455,1.832765685283699,-4.4444444444444455,-1.5709420159574565,0.0,0.0035470397607442654,-1.4027704716815712,-0.4668920400815401,1.8267760349675524,1.773229033110529,-1.0287435175484183,before_ekf,0.0035470397607442654,-0.4668920400815401,1.8267760349675524,1.773229033110529,-1.0287435175484183,-0.0011957438988823997,-0.5043888185468303,1.8273244149990873,1.8147583203458275,-2.4583961752321324,nan,nan,nan,nan,nan,nan,nan,nan,,0.052740675000677584,0.04252446099962981,0.03215468099915597,0.03215468099915597,0.020692871999926865,nan,nan,profile,1,1,1,1,6.076108932495117,5.923891067504883,0.4,-0.4,
1785154076.6430328,6.159975975999259,4.4444444444444455,1.5725273649181986,-4.4444444444444455,-1.5725273649181986,0.0,0.0035477040459240675,-1.4027704716815712,-0.4751574120227281,1.8269704592657978,1.7728878457545338,-1.060418351422066,before_ekf,0.0035477040459240675,-0.4751574120227281,1.8269704592657978,1.7728878457545338,-1.060418351422066,-0.00047052638365863847,-0.5051936602710475,1.8273972795059927,1.8147977271724391,-2.509022723450891,nan,nan,nan,nan,nan,nan,nan,nan,,0.05216935699900205,0.041929115999664646,0.03159138099908887,0.03159138099908887,0.021238454999547685,nan,nan,profile,1,1,1,1,6.160134792327881,5.839865207672119,0.4,-0.4,
1785154076.7273057,6.244248267999865,4.4444444444444455,1.5714896523146011,-4.4444444444444455,-1.5714896523146011,0.0,0.002367173857734643,-1.4027704716815712,-0.4789323214146246,1.8269704592657978,1.7728878457545338,-1.0769443517039696,before_ekf,0.002367173857734643,-0.4789323214146246,1.8269704592657978,1.7728878457545338,-1.0769443517039696,-0.0009735578499995964,-0.5069224196205205,1.827436201845342,1.8148374787862505,-2.542735426761237,nan,nan,nan,nan,nan,nan,nan,nan,,0.05144013700009964,0.04119667499981006,0.03091000700078439,0.03091000700078439,0.0206345410006179,nan,nan,profile,1,1,1,1,6.2444398403167725,5.7555601596832275,0.4,-0.4,
1785154076.8109853,6.327927602998898,4.4444444444444455,1.56986610263578,-4.4444444444444455,-1.56986610263578,0.0,0.0011875398809064657,-1.4027704716815712,-0.48330677207244904,1.8269704592657978,1.7728878457545338,-1.1099963522677756,before_ekf,0.0011875398809064657,-0.48330677207244904,1.8269704592657978,1.7728878457545338,-1.1099963522677756,-0.0011287198489324448,-0.5075183976231973,1.8274944216702345,1.8148799066024024,-2.576595810054404,nan,nan,nan,nan,nan,nan,nan,nan,,0.05221505800000159,0.04186639899853617,0.031255235999196884,0.031255235999196884,0.020763753998835455,nan,nan,profile,1,1,1,1,6.328150987625122,5.671849012374878,0.4,-0.4,
1785154076.894314,6.411257048999687,4.4444444444444455,1.5715653094164472,-4.4444444444444455,-1.5715653094164472,0.0,0.0011893363932174435,-1.4027704716815712,-0.491680927149413,1.8271419208493878,1.772534562051113,-1.1444255195217408,before_ekf,0.0011893363932174435,-0.491680927149413,1.8271419208493878,1.772534562051113,-1.1444255195217408,-0.0003315447937054216,-0.5055542742108032,1.827532419402118,1.8148856552378771,-2.610289177329188,nan,nan,nan,nan,nan,nan,nan,nan,,0.051968375000797096,0.04169231400010176,0.03134083899931284,0.03134083899931284,0.02103142200030561,nan,nan,profile,1,1,1,1,6.4114179611206055,5.5885820388793945,0.4,-0.4,
1785154076.97765,6.494592291999652,4.4444444444444455,1.5703447898540221,-4.4444444444444455,-1.5703447898540221,0.0,0.0023490985566815116,-1.4027704716815712,-0.5036738791406915,1.827277059755613,1.7721658535947769,-1.2284326876214158,before_ekf,0.0023490985566815116,-0.5036738791406915,1.827277059755613,1.7721658535947769,-1.2284326876214158,-0.000988236540801287,-0.5021399152051487,1.8275837572486486,1.8149293606472277,-2.6606391425845937,nan,nan,nan,nan,nan,nan,nan,nan,,0.051612688999739476,0.04137946399896464,0.03100041399920883,0.03100041399920883,0.02062803700027871,nan,nan,profile,1,1,1,1,6.49478816986084,5.50521183013916,0.4,-0.4,
1785154077.0609117,6.577854312999989,4.4444444444444455,1.5701390508868047,-4.4444444444444455,-1.5701390508868047,0.0,0.0023490985566818464,-1.4027704716815712,-0.5042715344566505,1.827277059755613,1.7721658535947769,-1.244958687903319,before_ekf,0.0023490985566818464,-0.5042715344566505,1.827277059755613,1.7721658535947769,-1.244958687903319,-0.00028494540310488616,-0.49872891145141346,1.827615701998825,1.8149306312130846,-2.6939437149197345,nan,nan,nan,nan,nan,nan,nan,nan,,0.05166538999947079,0.041381109000212746,0.030989438000688097,0.030989438000688097,0.020688429000074393,nan,nan,profile,1,1,1,1,6.5780816078186035,5.4219183921813965,0.4,-0.4,
1785154077.1437953,6.660737374999371,4.4444444444444455,1.564713393945994,-4.4444444444444455,-1.564713393945994,0.0,-8.372382425759456e-06,-1.4027704716815712,-0.5041304969490777,1.8271546927534668,1.77253899534604,-1.2959138554391871,before_ekf,-8.372382425759456e-06,-0.5041304969490777,1.8271546927534668,1.77253899534604,-1.2959138554391871,-3.016888972741031e-05,-0.4965542343306735,1.8276257577389023,1.8149302358874622,-2.7436447588839243,nan,nan,nan,nan,nan,nan,nan,nan,,0.051707241000258364,0.041504847000396694,0.031169431000307668,0.031169431000307668,0.02079520000006596,nan,nan,profile,1,1,1,1,6.660955905914307,5.339044094085693,0.4,-0.4,
1785154077.2275202,6.744463507999171,4.4444444444444455,1.5654788023278774,-4.4444444444444455,-1.5654788023278774,0.0,-8.372382425759456e-06,-1.4027704716815712,-0.5037815638670173,1.8271546927534668,1.77253899534604,-1.3124398557210908,before_ekf,-8.372382425759456e-06,-0.5037815638670173,1.8271546927534668,1.77253899534604,-1.3124398557210908,-6.408203425410682e-06,-0.49614505342722304,1.8276268001982698,1.814930370342708,-2.776717730772271,nan,nan,nan,nan,nan,nan,nan,nan,,0.05175622499882593,0.04148813499887183,0.031123881999519654,0.031123881999519654,0.020537370999591076,nan,nan,profile,1,1,1,1,6.744634389877319,5.255365610122681,0.4,-0.4,
1785154077.3102708,6.82721419399968,4.4444444444444455,1.570442663107165,-4.4444444444444455,-1.570442663107165,0.0,-3.4436989937067493e-06,-1.4027704716815712,-0.5044735737041022,1.8272389919355427,1.7721554564332147,-1.3964470238207658,before_ekf,-3.4436989937067493e-06,-0.5044735737041022,1.8272389919355427,1.7721554564332147,-1.3964470238207658,7.347417412033176e-07,-0.4958895385071226,1.8276269905535574,1.814930478858066,-2.809783064182087,nan,nan,nan,nan,nan,nan,nan,nan,,0.05158709200077283,0.04138989400053106,0.03106198299974494,0.03106198299974494,0.020672684000601294,nan,nan,profile,1,1,1,1,6.827378749847412,5.172621250152588,0.4,-0.4,
1785154077.3943942,6.911337067000204,4.4444444444444455,1.5696483958335719,-4.4444444444444455,-1.5696483958335719,0.0,-0.0011792293499674612,-1.4027704716815712,-0.5081647697978089,1.8271743370017441,1.772542791158337,-1.4143501907928273,before_ekf,-0.0011792293499674612,-0.5081647697978089,1.8271743370017441,1.772542791158337,-1.4143501907928273,2.7454435487119244e-06,-0.4957939499587804,1.8276269411490456,1.8149305939833902,-2.842852325272177,nan,nan,nan,nan,nan,nan,nan,nan,,0.052889201000652974,0.042420449000928784,0.03189397099959024,0.03189397099959024,0.02128279200042016,nan,nan,profile,1,1,1,1,6.911551475524902,5.088448524475098,0.4,-0.4,
1785154077.4775689,6.994512245999431,4.4444444444444455,1.5718321012763536,-4.4444444444444455,-1.5718321012763536,0.0,-1.3079096812744434e-06,-1.4027704716815712,-0.503837164607857,1.8271743370017441,1.772542791158337,-1.4474021913566342,before_ekf,-1.3079096812744434e-06,-0.503837164607857,1.8271743370017441,1.772542791158337,-1.4474021913566342,2.848983323236468e-06,-0.4956998269503885,1.8276266108497157,1.8149308063931018,-2.9089346729469,nan,nan,nan,nan,nan,nan,nan,nan,,0.05173595899941574,0.0415272369991726,0.031143229000008432,0.031143229000008432,0.020725794000099995,nan,nan,profile,1,1,1,1,6.994759798049927,5.005240201950073,0.4,-0.4,
1785154077.560833,7.077776260999599,4.4444444444444455,1.5708716500905184,-4.4444444444444455,-1.5708716500905184,0.0,-1.3079096812741647e-06,-1.4027704716815712,-0.504029631463062,1.8271743370017441,1.772542791158337,-1.4969801922023434,before_ekf,-1.3079096812741647e-06,-0.504029631463062,1.8271743370017441,1.772542791158337,-1.4969801922023434,3.3839930789080877e-06,-0.49582466915243856,1.827626240064301,1.8149309229106876,-2.9584864317778674,nan,nan,nan,nan,nan,nan,nan,nan,,0.051755975999185466,0.041551652999260114,0.031184420999124995,0.031184420999124995,0.020793855999727384,nan,nan,profile,1,1,1,1,7.077980041503906,4.922019958496094,0.4,-0.4,
1785154077.6439009,7.160843878000378,4.4444444444444455,1.5720778846864931,-4.4444444444444455,-1.5720778846864931,0.0,-0.0011757856509738466,-1.4027704716815712,-0.4998129138731109,1.8271743370017441,1.772542791158337,-1.5630841933299566,before_ekf,-0.0011757856509738466,-0.4998129138731109,1.8271743370017441,1.772542791158337,-1.5630841933299566,3.043846891695533e-06,-0.4957834224040046,1.8276261381804735,1.8149310476943121,-2.9915426423508067,nan,nan,nan,nan,nan,nan,nan,nan,,0.051704575000258046,0.041453929001363576,0.031071498000528663,0.031071498000528663,0.020708244999696035,nan,nan,profile,1,1,1,1,7.161062479019165,4.838937520980835,0.4,-0.4,
1785154077.726963,7.243905930999972,4.4444444444444455,1.5713369924272511,-4.4444444444444455,-1.5713369924272511,0.0,-4.272623921330876e-16,-1.4027704716815712,-0.5039004158591283,1.8271743370017441,1.772542791158337,-1.598890527274081,before_ekf,-4.272623921330876e-16,-0.5039004158591283,1.8271743370017441,1.772542791158337,-1.598890527274081,0.0008460613725080933,-0.49806923609956444,1.8275863666503487,1.8149098623047482,-3.0247168649193767,nan,nan,nan,nan,nan,nan,nan,nan,,0.05184425200059195,0.04157506400042621,0.031096246000743122,0.031096246000743122,0.020683863000158453,nan,nan,profile,1,1,1,1,7.244158983230591,4.755841016769409,0.4,-0.4,
1785154077.8098867,7.326830144998894,4.4444444444444455,1.5708474735886366,-4.4444444444444455,-1.5708474735886366,0.0,-1.0924403907509238e-15,-1.4027704716815712,-0.5042211209716293,1.8271743370017441,1.772542791158337,-1.6154165275559835,before_ekf,-1.0924403907509238e-15,-0.5042211209716293,1.8271743370017441,1.772542791158337,-1.6154165275559835,9.945966742371009e-05,-0.5026334053029139,1.8275582229587681,1.8149209990997077,-3.0749593155938526,nan,nan,nan,nan,nan,nan,nan,nan,,0.05152107899994007,0.04122817999996187,0.03085897799974191,0.03085897799974191,0.020535227999062045,nan,nan,profile,1,1,1,1,7.327000141143799,4.672999858856201,0.4,-0.4,
1785154077.8923848,7.409326226999838,4.4444444444444455,1.559722205552144,-4.4444444444444455,-1.559722205552144,0.0,0.0011785029758901986,-1.4027704716815712,-0.49989908763819324,1.8271538497244797,1.7721506306158172,-1.6636173617115346,before_ekf,0.0011785029758901986,-0.49989908763819324,1.8271538497244797,1.7721506306158172,-1.6636173617115346,2.5323284824313306e-05,-0.5034853577171948,1.8275516851850082,1.8149220719322232,-3.1251914200731012,nan,nan,nan,nan,nan,nan,nan,nan,,0.05141362900030799,0.04122624000046926,0.030884310999681475,0.030884310999681475,0.0205348250001407,nan,nan,profile,1,1,1,1,7.40950608253479,4.59049391746521,0.4,-0.4,
1785154077.9760141,7.4929567979997955,4.4444444444444455,1.5708410172218368,-4.4444444444444455,-1.5708410172218368,0.0,0.001178502975890531,-1.4027704716815712,-0.4997804772277899,1.8271538497244797,1.7721506306158172,-1.6801433619934378,before_ekf,0.001178502975890531,-0.4997804772277899,1.8271538497244797,1.7721506306158172,-1.6801433619934378,-0.0007217027947858515,-0.5019350792440279,1.8275871914849853,1.8149353085484745,3.107691188381665,nan,nan,nan,nan,nan,nan,nan,nan,,0.05200981699999829,0.04171187300016754,0.031235844999173423,0.031235844999173423,0.02075196700025117,nan,nan,profile,1,1,1,1,7.493169069290161,4.506830930709839,0.4,-0.4,
1785154078.0591419,7.576084435999292,4.4444444444444455,1.8324114106543625,-4.4444444444444455,-1.5706383519894538,0.0,0.002359642688450723,-1.4027704716815712,-0.4955091922883277,1.8271010651840331,1.77176150050642,-1.7476245298112094,before_ekf,0.002359642688450723,-0.4955091922883277,1.8271010651840331,1.77176150050642,-1.7476245298112094,-0.001082888589558741,-0.5007463700053473,1.8276767511399106,1.8149378288333842,3.0575863444799616,nan,nan,nan,nan,nan,nan,nan,nan,,0.051729226999668754,0.04150431499874685,0.03112635700017563,0.03112635700017563,0.02077724499940814,nan,nan,profile,1,1,1,1,7.576282739639282,4.423717260360718,0.4,-0.4,
1785154078.142279,7.65922184900046,4.4444444444444455,1.5701116952912817,-4.4444444444444455,-1.5701116952912817,0.0,0.002361221624912017,-1.4027704716815712,-0.4958213695331322,1.827029060838273,1.771375462951471,-1.7958253639667612,before_ekf,0.002361221624912017,-0.4958213695331322,1.827029060838273,1.771375462951471,-1.7958253639667612,-0.0003138426251557032,-0.5023234102844126,1.8277082642058693,1.8149207263261156,3.0239634409709932,nan,nan,nan,nan,nan,nan,nan,nan,,0.05172699200011266,0.04151259700120136,0.031210395000016433,0.031210395000016433,0.02087657000083709,nan,nan,profile,1,1,1,1,7.659416437149048,4.340583562850952,0.4,-0.4,
1785154078.2252483,7.742191671999535,4.4444444444444455,1.5699626923049097,-4.4444444444444455,-1.5699626923049097,0.0,0.0035393031409229345,-1.4027704716815712,-0.4999995327039396,1.826938014181641,1.770993469553536,-1.846780531502629,before_ekf,0.0035393031409229345,-0.4999995327039396,1.826938014181641,1.770993469553536,-1.846780531502629,-3.512174558855733e-05,-0.5035592775203288,1.8277174357727421,1.8149145365240762,2.9737386952038163,nan,nan,nan,nan,nan,nan,nan,nan,,0.05152054400059569,0.04132782499982568,0.03098994500032859,0.03098994500032859,0.02068166099888913,nan,nan,profile,1,1,1,1,7.7423481941223145,4.2576518058776855,0.4,-0.4,
1785154078.308267,7.825210065000647,4.4444444444444455,1.571852438729955,-4.4444444444444455,-1.571852438729955,0.0,0.0023581634283620758,-1.4027704716815712,-0.49586785332123995,1.826938014181641,1.7709934695535363,-1.8963585323483385,before_ekf,0.0023581634283620758,-0.49586785332123995,1.826938014181641,1.7709934695535363,-1.8963585323483385,-0.0008442259247329315,-0.5058688229105902,1.82775943770914,1.8149219398262173,2.9399658135739735,nan,nan,nan,nan,nan,nan,nan,nan,,0.051369228000112344,0.04115101100069296,0.030817765000392683,0.030817765000392683,0.020532952001303784,nan,nan,profile,1,1,1,1,7.825373411178589,4.174626588821411,0.4,-0.4,
1785154078.3917835,7.908726308000041,4.4444444444444455,1.5722444740125754,-4.4444444444444455,-1.5722444740125754,0.0,0.0023581634283627397,-1.4027704716815712,-0.49568273244083877,1.826938014181641,1.7709934695535363,-1.9128845326302422,before_ekf,0.0023581634283627397,-0.49568273244083877,1.826938014181641,1.7709934695535363,-1.9128845326302422,-0.00025124762873195844,-0.5047496300968051,1.827783877434617,1.8149058034430787,2.9063373600994638,nan,nan,nan,nan,nan,nan,nan,nan,,0.051605647000542376,0.041367543999513146,0.031001990999357076,0.031001990999357076,0.020641773000534158,nan,nan,profile,1,1,1,1,7.908899307250977,4.091100692749023,0.4,-0.4,
1785154078.4761536,7.993096924999918,4.4444444444444455,1.5705648569462798,-4.4444444444444455,-1.5705648569462798,0.0,0.00236500048983474,-1.4027704716815712,-0.5039636296093017,1.8268029768351413,1.770624723889426,-1.947313699884207,before_ekf,0.00236500048983474,-0.5039636296093017,1.8268029768351413,1.770624723889426,-1.947313699884207,-0.0009172572908741532,-0.501987485760098,1.8278344910094788,1.8149056715911769,2.872853766381416,nan,nan,nan,nan,nan,nan,nan,nan,,0.05322929199974169,0.04303089700078999,0.03214996099995915,0.03214996099995915,0.02120985399960773,nan,nan,profile,1,1,1,1,7.993250846862793,4.006749153137207,0.4,-0.4,
1785154078.559789,8.07673146399975,4.4444444444444455,1.5708422896402916,-4.4444444444444455,-1.5708422896402916,0.0,0.0011869189738234883,-1.4027704716815712,-0.49957669803610355,1.8268029768351413,1.7706247238894262,-1.9968917007299167,before_ekf,0.0011869189738234883,-0.49957669803610355,1.8268029768351413,1.7706247238894262,-1.9968917007299167,-0.0002152342317992698,-0.503255311247065,1.8278854178573343,1.814878403877831,2.822648945265138,nan,nan,nan,nan,nan,nan,nan,nan,,0.052352405999045004,0.04199369299931277,0.03150429599918425,0.03150429599918425,0.021052104000773397,nan,nan,profile,1,1,1,1,8.076959371566772,3.9230406284332275,0.4,-0.4,
1785154078.6426165,8.159550877000584,4.4444444444444455,1.5695871796152083,-4.4444444444444455,-1.5695871796152083,0.0,0.0011869189738238242,-1.4027704716815712,-0.4999582946894134,1.8268029768351413,1.7706247238894262,-2.01341770101182,before_ekf,0.0011869189738238242,-0.4999582946894134,1.8268029768351413,1.7706247238894262,-2.01341770101182,0.0007914937467047162,-0.5013363205125247,1.8278443031568326,1.8148732188438725,2.78918933529164,nan,nan,nan,nan,nan,nan,nan,nan,,0.051468844001647085,0.04124971100100083,0.030908548000297742,0.030908548000297742,0.020578438001393806,nan,nan,profile,1,1,1,1,8.159723043441772,3.8402769565582275,0.4,-0.4,
1785154078.7254934,8.242436344000453,4.4444444444444455,1.5697874557928078,-4.4444444444444455,-1.5697874557928078,0.0,0.0011869189738231611,-1.4027704716815712,-0.5002476649951815,1.8268029768351413,1.7706247238894264,-2.079521702139432,before_ekf,0.0011869189738231611,-0.5002476649951815,1.8268029768351413,1.7706247238894264,-2.079521702139432,0.0002400292069703612,-0.49832775234233306,1.8278251210195477,1.814891385460162,2.7559694931999736,nan,nan,nan,nan,nan,nan,nan,nan,,0.0516202360013267,0.04140112599998247,0.031046292000610265,0.031046292000610265,0.02072506100012106,nan,nan,profile,1,1,1,1,8.242610931396484,3.7573890686035156,0.4,-0.4,
1785154078.8082995,8.325242603999868,4.4444444444444455,1.5727368953953873,-4.4444444444444455,-1.5727368953953873,0.0,-0.0011766592102976155,-1.4027704716815712,-0.4996353714218345,1.8269973064145097,1.770965963489022,-2.1139508693933977,before_ekf,-0.0011766592102976155,-0.4996353714218345,1.8269973064145097,1.770965963489022,-2.1139508693933977,0.0009186597718159722,-0.49923197237089195,1.8277748962688867,1.8148992556956365,2.7226677246451745,nan,nan,nan,nan,nan,nan,nan,nan,,0.0516705619993445,0.0414018629999191,0.0309543509993091,0.0309543509993091,0.020635135000702576,nan,nan,profile,1,1,1,1,8.325421810150146,3.6745781898498535,0.4,-0.4,
1785154078.892198,8.409141123000154,4.4444444444444455,1.5710780053704796,-4.4444444444444455,-1.5710780053704796,0.0,-0.001176659210297277,-1.4027704716815712,-0.4999382471179069,1.82699730641451,1.7709659634890222,-2.196580870802913,before_ekf,-0.001176659210297277,-0.4999382471179069,1.82699730641451,1.7709659634890222,-2.196580870802913,0.00027400032883796895,-0.4973412391548606,1.827753647607018,1.8149218932345899,2.6894975435577564,nan,nan,nan,nan,nan,nan,nan,nan,,0.05208928200045193,0.04130418699969596,0.031003373000203283,0.031003373000203283,0.02068978200077254,nan,nan,profile,1,1,1,1,8.40929889678955,3.590701103210449,0.4,-0.4,
1785154078.9750986,8.492041407000215,4.4444444444444455,1.570378464789201,-4.4444444444444455,-1.570378464789201,0.0,-0.0011766592102972775,-1.4027704716815712,-0.4998067813519139,1.82699730641451,1.7709659634890222,-2.2296328713667197,before_ekf,-0.0011766592102972775,-0.4998067813519139,1.82699730641451,1.7709659634890222,-2.2296328713667197,3.316209025829497e-05,-0.4960064126111331,1.8277477516519787,1.8149298456568548,2.639751265151558,nan,nan,nan,nan,nan,nan,nan,nan,,0.05179660199974023,0.04154040100002021,0.031032955999762635,0.031032955999762635,0.020630000000892323,nan,nan,profile,1,1,1,1,8.492204427719116,3.507795572280884,0.4,-0.4,
1785154079.0584486,8.575391725998998,4.4444444444444455,1.5704912745697244,-4.4444444444444455,-1.5704912745697244,0.0,-0.0011766592102966122,-1.4027704716815712,-0.49980218316846986,1.82699730641451,1.7709659634890222,-2.246158871648623,before_ekf,-0.0011766592102966122,-0.49980218316846986,1.82699730641451,1.7709659634890222,-2.246158871648623,1.1296557519023039e-05,-0.4956549226240181,1.8277469794944872,1.814930803806888,2.6067039286522613,nan,nan,nan,nan,nan,nan,nan,nan,,0.05199284999980591,0.041541266999047366,0.03097458699994604,0.03097458699994604,0.020599188999767648,nan,nan,profile,1,1,1,1,8.575591325759888,3.4244086742401123,0.4,-0.4,
1785154079.1424289,8.659371023999483,4.4444444444444455,1.5705396534993254,-4.4444444444444455,-1.5705396534993254,0.0,-0.002361398874806675,-1.4027704716815712,-0.4957363065358866,1.8274933645406903,1.7715748662494992,-2.2957368724943317,before_ekf,-0.002361398874806675,-0.4957363065358866,1.8274933645406903,1.7715748662494992,-2.2957368724943317,0.0008450268154967298,-0.49794522576633155,1.8277049221477402,1.8149391024310346,2.573639734979241,nan,nan,nan,nan,nan,nan,nan,nan,,0.0525399580001249,0.042186631999356905,0.031652923998990445,0.031652923998990445,0.021112004998940392,nan,nan,profile,1,1,1,1,8.659589767456055,3.3404102325439453,0.4,-0.4,
1785154079.2257948,8.742737590000615,4.4444444444444455,1.5693337548154211,-4.4444444444444455,-1.5693337548154211,0.0,-0.002361398874805681,-1.4027704716815712,-0.49567592750069905,1.8274933645406903,1.7715748662494992,-2.312262872776235,before_ekf,-0.002361398874805681,-0.49567592750069905,1.8274933645406903,1.7715748662494992,-2.312262872776235,0.0002514193279349303,-0.4967015983809099,1.8276879196966898,1.8149628475114736,2.540508821359623,nan,nan,nan,nan,nan,nan,nan,nan,,0.05195370500041463,0.041598002000682754,0.03119131800121977,0.03119131800121977,0.020809736000956036,nan,nan,profile,1,1,1,1,8.742933750152588,3.257066249847412,0.4,-0.4,
1785154079.3084848,8.825427997000588,4.4444444444444455,1.5670175423424153,-4.4444444444444455,-1.5670175423424153,0.0,-0.0023613988748056826,-1.4027704716815712,-0.4956532605074112,1.8274933645406903,1.7715748662494992,-2.3453148733400417,before_ekf,-0.0023613988748056826,-0.4956532605074112,1.8274933645406903,1.7715748662494992,-2.3453148733400417,-0.0008541053767688094,-0.4985774770171938,1.8277231423866267,1.8149615108320405,2.490731221811018,nan,nan,nan,nan,nan,nan,nan,nan,,0.05158797100011725,0.04132774500067171,0.03093164900019474,0.03093164900019474,0.020678181001130724,nan,nan,profile,1,1,1,1,8.825608253479004,3.174391746520996,0.4,-0.4,
1785154079.3918467,8.908788331998949,4.4444444444444455,1.5708627899995415,-4.4444444444444455,-1.5708627899995415,0.0,-7.5762442691094175e-16,-1.4027704716815712,-0.4958718027780651,1.8274933645406906,1.7715748662494994,-2.427944874749557,before_ekf,-7.5762442691094175e-16,-0.4958718027780651,1.8274933645406906,1.7715748662494994,-2.427944874749557,-0.001096743604770036,-0.4993655973484245,1.8277799716896999,1.814922803705731,2.4574865596209374,nan,nan,nan,nan,nan,nan,nan,nan,,0.05214626899942232,0.04180069399990316,0.03141341099944839,0.03141341099944839,0.020643414000005578,nan,nan,profile,1,1,1,1,8.909027338027954,3.090972661972046,0.4,-0.4,
1785154079.476408,8.993350177999673,4.4444444444444455,1.5709083639794157,-4.4444444444444455,-1.5709083639794157,0.0,-0.0011785029758913834,-1.4027704716815712,-0.49995382158023505,1.8277925220014495,1.7718292542669491,-2.4623740420035225,before_ekf,-0.0011785029758913834,-0.49995382158023505,1.8277925220014495,1.7718292542669491,-2.4623740420035225,-0.0003241021247159761,-0.5019464260492531,1.8277974022202674,1.8148904999580187,2.424040465021532,nan,nan,nan,nan,nan,nan,nan,nan,,0.05263229800038971,0.04244601800019154,0.031476714999371325,0.031476714999371325,0.020858697000221582,nan,nan,profile,1,1,1,1,8.993571281433105,3.0064287185668945,0.4,-0.4,
1785154079.5598688,9.076811351998913,4.4444444444444455,1.5708217898161096,-4.4444444444444455,-1.5708217898161096,0.0,-0.001178502975891707,-1.4027704716815712,-0.4999518075144115,1.8277925220014497,1.7718292542669494,-2.5284780431311353,before_ekf,-0.001178502975891707,-0.4999518075144115,1.8277925220014497,1.7718292542669494,-2.5284780431311353,-0.0009367227476862524,-0.5008772908161503,1.827843187708922,1.8148643108598435,2.3906188340459202,nan,nan,nan,nan,nan,nan,nan,nan,,0.05224899599852506,0.042032656998344464,0.03168545299922698,0.03168545299922698,0.020762885998919955,nan,nan,profile,1,1,1,1,9.076995134353638,2.9230048656463623,0.4,-0.4,
1785154079.642518,9.15946087699922,4.4444444444444455,1.8323425398253186,-4.4444444444444455,-1.570579319850273,0.0,-0.0011799767467419937,-1.4027704716815712,-0.508213786428021,1.8277885801868534,1.7718350756235093,-2.564284377075259,before_ekf,-0.0011799767467419937,-0.508213786428021,1.8277885801868534,1.7718350756235093,-2.564284377075259,-0.0004377457534390618,-0.49814125066068843,1.8278906286127452,1.814806469909165,2.3406967505894265,nan,nan,nan,nan,nan,nan,nan,nan,,0.05144219499925384,0.041224605000024894,0.030896731999746407,0.030896731999746407,0.02062383399970713,nan,nan,profile,1,1,1,1,9.159669160842896,2.8403308391571045,0.4,-0.4,
1785154079.7259114,9.242854288000672,4.4444444444444455,1.5695867561530024,-4.4444444444444455,-1.5695867561530024,0.0,-0.0011799767467413269,-1.4027704716815712,-0.5081240879346283,1.8277885801868534,1.7718350756235093,-2.5973363776390657,before_ekf,-0.0011799767467413269,-0.5081240879346283,1.8277885801868534,1.7718350756235093,-2.5973363776390657,-0.00010309443419922331,-0.4967286087575844,1.827906098874185,1.8147822212288287,2.290978816977793,nan,nan,nan,nan,nan,nan,nan,nan,,0.05187208900133555,0.04154578300040157,0.031064334001712268,0.031064334001712268,0.020647200000894372,nan,nan,profile,1,1,1,1,9.243069171905518,2.7569308280944824,0.4,-0.4,
1785154079.8088446,9.325787559000673,4.4444444444444455,1.5721854154969048,-4.4444444444444455,-1.8342163180797222,0.0,-1.473770850369829e-06,-1.4027704716815712,-0.5037798665136846,1.8277885801868534,1.7718350756235093,-2.613862377920968,before_ekf,-1.473770850369829e-06,-0.5037798665136846,1.8277885801868534,1.7718350756235093,-2.613862377920968,-0.0010654707747658203,-0.49280616444879377,1.8279726473441908,1.8147293197010197,2.2415904339367447,nan,nan,nan,nan,nan,nan,nan,nan,,0.05166519100021105,0.04134828500173171,0.030976961001215386,0.030976961001215386,0.020618326001567766,nan,nan,profile,1,1,1,1,9.325963735580444,2.6740362644195557,0.4,-0.4,
1785154079.891501,9.408442824998929,4.4444444444444455,1.5709519138724466,-4.4444444444444455,-1.5709519138724466,0.0,-0.0011766889493807307,-1.4027704716815712,-0.5080154626312706,1.8281296054800127,1.7720297810399095,-2.6813435457387396,before_ekf,-0.0011766889493807307,-0.5080154626312706,1.8281296054800127,1.7720297810399095,-2.6813435457387396,-9.66885209949439e-05,-0.495247769034408,1.8280022469544068,1.8146646059421063,2.1757022755809636,nan,nan,nan,nan,nan,nan,nan,nan,,0.05149392399835051,0.04126436699880287,0.030937786999857053,0.030937786999857053,0.02064148799945542,nan,nan,profile,1,1,1,1,9.40864610671997,2.5913538932800293,0.4,-0.4,
1785154079.9746444,9.491586498999823,4.4444444444444455,1.5673405915649905,-4.4444444444444455,-1.5673405915649905,0.0,1.8055943583960427e-06,-1.4027704716815712,-0.5039326349541078,1.8281296054800127,1.7720297810399095,-2.7143955463025464,before_ekf,1.8055943583960427e-06,-0.5039326349541078,1.8281296054800127,1.7720297810399095,-2.7143955463025464,-0.000856561718856953,-0.49758727900045874,1.828036803182225,1.8146373897506574,2.142503176296783,nan,nan,nan,nan,nan,nan,nan,nan,,0.052019957000084105,0.0417862279991823,0.031199549999655574,0.031199549999655574,0.020847703999606892,nan,nan,profile,1,1,1,1,9.491763591766357,2.5082364082336426,0.4,-0.4,
1785154080.0572908,9.57423302999996,4.4444444444444455,1.5713026633651395,-4.4444444444444455,-1.5713026633651395,0.0,-0.001175215178530776,-1.4027704716815712,-0.4999333411052828,1.828129605480013,1.7720297810399095,-2.7639735471482556,before_ekf,-0.001175215178530776,-0.4999333411052828,1.828129605480013,1.7720297810399095,-2.7639735471482556,-0.0011562825677102267,-0.49924133767107287,1.8281128005416678,1.814523237257797,2.075994166702542,nan,nan,nan,nan,nan,nan,nan,nan,,0.05155498600106512,0.041166753999277717,0.03080544399927021,0.03080544399927021,0.02049578200058022,nan,nan,profile,1,1,1,1,9.574429750442505,2.425570249557495,0.4,-0.4,
1785154080.1399555,9.656897442999252,4.4444444444444455,1.5667438498226993,-4.4444444444444455,-1.5667438498226993,0.0,-1.0866995109285869e-15,-1.4027704716815712,-0.4960527874256407,1.8281296054800131,1.7720297810399095,-2.7970255477120616,before_ekf,-1.0866995109285869e-15,-0.4960527874256407,1.8281296054800131,1.7720297810399095,-2.7970255477120616,-0.001181494649098307,-0.49956390979529536,1.828168902846018,1.8144208886630686,2.0261465872790794,nan,nan,nan,nan,nan,nan,nan,nan,,0.05152139100027853,0.041290729999673204,0.030987493999418803,0.030987493999418803,0.0206127169985848,nan,nan,profile,1,1,1,1,9.65709114074707,2.3429088592529297,0.4,-0.4,
1785154080.2224813,9.739423609998994,4.4444444444444455,1.5705649982763008,-4.4444444444444455,-1.5705649982763008,0.0,-1.0864564761380953e-15,-1.4027704716815712,-0.4958928357017471,1.8281296054800131,1.7720297810399095,-2.8300775482758684,before_ekf,-1.0864564761380953e-15,-0.4958928357017471,1.8281296054800131,1.7720297810399095,-2.8300775482758684,-0.0028798243142052274,-0.49977129415514243,1.8282670589601375,1.814285311965583,1.9928469009376535,nan,nan,nan,nan,nan,nan,nan,nan,,0.051467025999954785,0.04128715499973623,0.031010025999421487,0.031010025999421487,0.020685529998445418,nan,nan,profile,1,1,1,1,9.739704847335815,2.2602951526641846,0.4,-0.4,
1785154080.3063765,9.823319017999893,4.4444444444444455,1.5710758368970392,-4.4444444444444455,-1.5710758368970392,0.0,-8.922336102643643e-17,-1.4027704716815712,-0.49586211242135214,1.8281296054800131,1.7720297810399095,-2.8466035485577716,before_ekf,-8.922336102643643e-17,-0.49586211242135214,1.8281296054800131,1.7720297810399095,-2.8466035485577716,-0.0013839443944087333,-0.4998648006585937,1.8283100795561071,1.8141180858530959,1.942842182426374,nan,nan,nan,nan,nan,nan,nan,nan,,0.0520608019996871,0.04165584799920907,0.03117134999956761,0.03117134999956761,0.020697616000688868,nan,nan,profile,1,1,1,1,9.82352352142334,2.17647647857666,0.4,-0.4,
1785154080.3894806,9.906423718999577,4.4444444444444455,1.5715696019018164,-4.4444444444444455,-1.5715696019018164,0.0,-7.57584506941109e-16,-1.4027704716815712,-0.495784843260824,1.8281296054800134,1.7720297810399095,-2.8796555491215776,before_ekf,-7.57584506941109e-16,-0.495784843260824,1.8281296054800134,1.7720297810399095,-2.8796555491215776,-0.0021445221561001092,-0.5023089403019182,1.8283845587479217,1.813959423647873,1.8927496694866084,nan,nan,nan,nan,nan,nan,nan,nan,,0.05181558100048278,0.04156194899951515,0.031146297000304912,0.031146297000304912,0.020702738000181853,nan,nan,profile,1,1,1,1,9.906604290008545,2.093395709991455,0.4,-0.4,
1785154080.4719665,9.988910153000688,4.4444444444444455,1.5760999820394588,-4.4444444444444455,-1.5760999820394588,0.0,-1.0901807316599891e-15,-1.4027704716815712,-0.495715089501043,1.8281296054800134,1.7720297810399095,-2.9457595502491905,before_ekf,-1.0901807316599891e-15,-0.495715089501043,1.8281296054800134,1.7720297810399095,-2.9457595502491905,-0.002314293342910966,-0.5032997716032749,1.8284339083885672,1.8138172394136398,1.8592117437115983,nan,nan,nan,nan,nan,nan,nan,nan,,0.05142031900140864,0.04124627600140229,0.030936747001760523,0.030936747001760523,0.020646930001021246,nan,nan,profile,1,1,1,1,9.989054918289185,2.0109450817108154,0.4,-0.4,
1785154080.554573,10.071515961999467,4.4444444444444455,1.5708843277349365,-4.4444444444444455,-1.5708843277349365,0.0,-7.593458098083704e-16,-1.4027704716815712,-0.49548725082675027,1.8281296054800136,1.7720297810399095,-2.9953375510948996,before_ekf,-7.593458098083704e-16,-0.49548725082675027,1.8281296054800136,1.7720297810399095,-2.9953375510948996,-0.0006785010504193902,-0.5037104768054287,1.8284258374190416,1.8137415560464434,1.8256387727454717,nan,nan,nan,nan,nan,nan,nan,nan,,0.051534123998862924,0.04131094100011978,0.03098633799891104,0.03098633799891104,0.02067924199945992,nan,nan,profile,1,1,1,1,10.071727752685547,1.9282722473144531,0.4,-0.4,
1785154080.637631,10.154574105999927,4.4444444444444455,1.5695952254405328,-4.4444444444444455,-1.5695952254405328,0.0,-1.0916192480631222e-15,-1.4027704716815712,-0.49579799768554594,1.8281296054800136,1.7720297810399095,-3.0118635513768033,before_ekf,-1.0916192480631222e-15,-0.49579799768554594,1.8281296054800136,1.7720297810399095,-3.0118635513768033,-0.0021829526058341465,-0.5037693460455345,1.8284942576339365,1.813570208915315,1.7751255494385152,nan,nan,nan,nan,nan,nan,nan,nan,,0.051391344000876416,0.04117066300022998,0.03081180499975744,0.03081180499975744,0.020534937999400427,nan,nan,profile,1,1,1,1,10.154749631881714,1.8452503681182861,0.4,-0.4,
1785154080.7206693,10.23761210900011,4.4444444444444455,1.56968735837308,-4.4444444444444455,-1.56968735837308,0.0,-1.0909136876298384e-15,-1.4027704716815712,-0.4957507945142015,1.8281296054800136,1.7720297810399095,-3.0944935527863184,before_ekf,-1.0909136876298384e-15,-0.4957507945142015,1.8281296054800136,1.7720297810399095,-3.0944935527863184,-0.0014915800425474067,-0.501635557723047,1.8285044619959763,1.813457988237998,1.74173963580722,nan,nan,nan,nan,nan,nan,nan,nan,,0.05158727500020177,0.041257369999584625,0.030924198999855435,0.030924198999855435,0.02066274400021939,nan,nan,profile,1,1,1,1,10.237785339355469,1.7622146606445312,0.4,-0.4,
1785154080.803986,10.320926095999312,4.4444444444444455,1.5703673966441771,-4.4444444444444455,-1.5703673966441771,0.0,0.0011780141104010332,-1.4027704716815712,-0.49993537238301905,1.8277371973387275,1.7720148043779949,-3.128922720040283,before_ekf,0.0011780141104010332,-0.49993537238301905,1.8277371973387275,1.7720148043779949,-3.128922720040283,-0.0023020027583453076,-0.5034879605882995,1.828557325633183,1.81320194969272,1.674706244859216,nan,nan,nan,nan,nan,nan,nan,nan,,0.05199257599997509,0.0417098719990463,0.031291545999920345,0.031291545999920345,0.020889805999104283,nan,nan,profile,1,1,1,1,10.321216821670532,1.6787831783294678,0.4,-0.4,
1785154080.8878949,10.404837497999324,4.4444444444444455,1.5708062857067482,-4.4444444444444455,-1.5708062857067482,0.0,-6.912733630461479e-07,-1.4027704716815712,-0.5043092938396768,1.8281298589683916,1.772009775030187,3.119833419885338,before_ekf,-6.912733630461479e-07,-0.5043092938396768,1.8281298589683916,1.772009775030187,3.119833419885338,-0.0015271351428735932,-0.5014087841225917,1.828555186402951,1.8130850555746,1.6411964407693898,nan,nan,nan,nan,nan,nan,nan,nan,,0.052062384000237216,0.04171487199891999,0.031209704999128007,0.031209704999128007,0.02065094899990072,nan,nan,profile,1,1,1,1,10.405040502548218,1.5949594974517822,0.4,-0.4,
1785154080.971988,10.488931083000352,4.4444444444444455,1.571086349334984,-4.4444444444444455,-1.571086349334984,0.0,-6.912733620493097e-07,-1.4027704716815712,-0.5040658440405708,1.8281298589683916,1.772009775030187,3.0537294187577255,before_ekf,-6.912733620493097e-07,-0.5040658440405708,1.8281298589683916,1.772009775030187,3.0537294187577255,-0.0012679466754250124,-0.5003650431197199,1.828560096010291,1.8129453964423383,1.5911199100736608,nan,nan,nan,nan,nan,nan,nan,nan,,0.05287839100128622,0.04265241800021613,0.032008236999899964,0.032008236999899964,0.021390527001130977,nan,nan,profile,1,1,1,1,10.489084720611572,1.5109152793884277,0.4,-0.4,
1785154081.0561972,10.573140178999893,4.4444444444444455,1.5720252575399787,-4.4444444444444455,-1.5720252575399787,0.0,-6.912733627162416e-07,-1.4027704716815712,-0.5040212390146392,1.8281298589683919,1.772009775030187,3.0206774181939196,before_ekf,-6.912733627162416e-07,-0.5040212390146392,1.8281298589683919,1.772009775030187,3.0206774181939196,-0.0015255286201762927,-0.5012510635231932,1.828565677832229,1.8127796550461517,1.541024339817181,nan,nan,nan,nan,nan,nan,nan,nan,,0.052477953999186866,0.04222035199927632,0.031281646000934415,0.031281646000934415,0.020879052999589476,nan,nan,profile,1,1,1,1,10.573307752609253,1.426692247390747,0.4,-0.4,
1785154081.129286,10.646229781999864,4.4444444444444455,1.569444768044,-4.4444444444444455,-1.569444768044,0.0,-0.0011787053837658407,-1.4027704716815712,-0.49986061951601324,1.8281298589683919,1.772009775030187,3.004151417912016,before_ekf,-0.0011787053837658407,-0.49986061951601324,1.8281298589683919,1.772009775030187,3.004151417912016,-0.0015255286201762927,-0.5012510635231932,1.828565677832229,1.8127796550461517,1.541024339817181,nan,nan,nan,nan,nan,nan,nan,nan,,0.041304849000880495,0.031056597999850055,0.02061073200093233,0.02061073200093233,0.09396865599956072,nan,nan,profile,1,1,1,1,10.646390676498413,1.353609323501587,0.4,-0.4,
1785154081.2124557,10.729398539999238,4.4444444444444455,1.5693982440631553,-4.4444444444444455,-1.5693982440631553,0.0,-0.0011790597648939434,-1.4027704716815712,-0.49993811451511283,1.8285183524322384,1.7719524925869934,2.953196250376148,before_ekf,-0.0011790597648939434,-0.49993811451511283,1.8285183524322384,1.7719524925869934,2.953196250376148,-0.0012135416038501275,-0.5003300717769573,1.8285524811611622,1.8126005705235253,1.4742697480630762,nan,nan,nan,nan,nan,nan,nan,nan,,0.05201937799938605,0.041725891998794395,0.03137730199887301,0.03137730199887301,0.020941175000189105,nan,nan,profile,1,1,1,1,10.729567766189575,1.2704322338104248,0.4,-0.4,
1785154081.2956579,10.812601059000372,4.4444444444444455,1.5709107676443195,-4.4444444444444455,-1.5709107676443195,0.0,-7.759857672280884e-07,-1.4027704716815712,-0.5035700976247095,1.8281332807807047,1.772029487865647,2.9187670831221824,before_ekf,-7.759857672280884e-07,-0.5035700976247095,1.8281332807807047,1.772029487865647,2.9187670831221824,-0.0011912165599841354,-0.5000430164532323,1.828544294596788,1.8125212298216618,1.4409211270038342,nan,nan,nan,nan,nan,nan,nan,nan,,0.05167675899974711,0.04144076800002949,0.0311260280013812,0.0311260280013812,0.02079633600078523,nan,nan,profile,1,1,1,1,10.812795162200928,1.1872048377990723,0.4,-0.4,
1785154081.3794398,10.89638136800022,4.4444444444444455,1.5715695075612266,-4.4444444444444455,-1.5715695075612266,0.0,-7.759857668918801e-07,-1.4027704716815712,-0.5039033421322723,1.828133280780705,1.772029487865647,2.8691890822764727,before_ekf,-7.759857668918801e-07,-0.5039033421322723,1.828133280780705,1.772029487865647,2.8691890822764727,-0.001184193709374671,-0.49994929128751886,1.8285338518910152,1.8124429681263836,1.4075999903261138,nan,nan,nan,nan,nan,nan,nan,nan,,0.052295499999672757,0.04179163300068467,0.031298646001232555,0.031298646001232555,0.02092468699993333,nan,nan,profile,1,1,1,1,10.896672248840332,1.103327751159668,0.4,-0.4,
1785154081.4635904,10.980533161000494,4.4444444444444455,1.5711028018184474,-4.4444444444444455,-1.5711028018184474,0.0,-0.0011822461202369893,-1.4027704716815712,-0.5078990198064661,1.8285105339163328,1.7719204533692305,2.834759915022508,before_ekf,-0.0011822461202369893,-0.5078990198064661,1.8285105339163328,1.7719204533692305,2.834759915022508,-8.865620645735468e-05,-0.48984619261330886,1.828503950594747,1.8123750345572869,1.3417395548089326,nan,nan,nan,nan,nan,nan,nan,nan,,0.05198933100109571,0.04170098299982783,0.031211578001602902,0.031211578001602902,0.02071306700054265,nan,nan,profile,1,1,1,1,10.980771780014038,1.019228219985962,0.4,-0.4,
1785154081.537295,11.05423854000037,4.4444444444444455,1.56474776302198,-4.4444444444444455,-1.56474776302198,0.0,-3.1863553434697276e-06,-1.4027704716815712,-0.5038154907831077,1.8285105339163328,1.7719204533692305,2.8017079144587016,before_ekf,-3.1863553434697276e-06,-0.5038154907831077,1.8285105339163328,1.7719204533692305,2.8017079144587016,-8.865620645735468e-05,-0.48984619261330886,1.828503950594747,1.8123750345572869,1.3417395548089326,nan,nan,nan,nan,nan,nan,nan,nan,,0.042484438001338276,0.03161694600021292,0.020786226001291652,0.020786226001291652,0.09441844600041804,nan,nan,profile,1,1,1,1,11.054435968399048,0.9455640316009521,0.4,-0.4,
1785154081.620716,11.13765930000045,4.4444444444444455,1.5708474735886366,-4.4444444444444455,-1.5708474735886366,0.0,-0.0011814701344705129,-1.4027704716815712,-0.4997072694602432,1.828510533916333,1.7719204533692305,2.7686559138948956,before_ekf,-0.0011814701344705129,-0.4997072694602432,1.828510533916333,1.7719204533692305,2.7686559138948956,1.0506745200416881e-05,-0.48769060424206767,1.828502533552679,1.8123705324130526,1.2765690304800144,nan,nan,nan,nan,nan,nan,nan,nan,,0.05183479100014665,0.041482293001536164,0.031150489001447568,0.031150489001447568,0.02070023099986429,nan,nan,profile,1,1,1,1,11.13783884048462,0.8621611595153809,0.4,-0.4,
1785154081.7035623,11.220505322000463,4.4444444444444455,1.5708745249287477,-4.4444444444444455,-1.5708745249287477,0.0,2.119061695599274e-07,-1.4027704716815712,-0.50407509412578,1.8281461287368879,1.7720667999269057,2.717700746359027,before_ekf,2.119061695599274e-07,-0.50407509412578,1.8281461287368879,1.7720667999269057,2.717700746359027,0.0009269727792644654,-0.4950511061507936,1.8285020374960674,1.8124187021225036,1.2274684870167665,nan,nan,nan,nan,nan,nan,nan,nan,,0.05155238200131862,0.04134647099999711,0.031027955999888945,0.031027955999888945,0.020738267001433996,nan,nan,profile,1,1,1,1,11.220685243606567,0.7793147563934326,0.4,-0.4,
1785154081.7883303,11.305272301999139,4.4444444444444455,1.8325208561170738,-4.4444444444444455,-1.5707321623860633,0.0,4.6107994885889045e-06,-1.4027704716815712,-0.49587448408607954,1.8284942579316634,1.7718850977436928,2.6529739119215727,before_ekf,4.6107994885889045e-06,-0.49587448408607954,1.8284942579316634,1.7718850977436928,2.6529739119215727,0.0002802853531512243,-0.5002893259501506,1.8285229420907267,1.812439730375304,1.1941724520146213,nan,nan,nan,nan,nan,nan,nan,nan,,0.05281540199939627,0.04249138199884328,0.031821480999497,0.031821480999497,0.02116132399896742,nan,nan,profile,1,1,1,1,11.305466175079346,0.6945338249206543,0.4,-0.4,
1785154081.8718774,11.38881961900006,4.4444444444444455,1.5710306774410505,-4.4444444444444455,-1.5710306774410505,0.0,0.0011816820406381574,-1.4027704716815712,-0.4999742975305194,1.8281523246980762,1.7720782042260244,2.6185447446676067,before_ekf,0.0011816820406381574,-0.4999742975305194,1.8281523246980762,1.7720782042260244,2.6185447446676067,4.251102680371109e-05,-0.5030486096220277,1.8285308470323733,1.8124453520070343,1.143861726299029,nan,nan,nan,nan,nan,nan,nan,nan,,0.052325316000860767,0.04212551300042833,0.031630466000933666,0.031630466000933666,0.020889653000267572,nan,nan,profile,1,1,1,1,11.389039516448975,0.6109604835510254,0.4,-0.4,
1785154081.946822,11.463764955000443,4.4444444444444455,1.5717304219019375,-4.4444444444444455,-1.5717304219019375,0.0,-2.5490701219265824e-16,-1.4027704716815712,-0.4957859530964175,1.8281523246980762,1.7720782042260244,2.5854927441037994,before_ekf,-2.5490701219265824e-16,-0.4957859530964175,1.8281523246980762,1.7720782042260244,2.5854927441037994,4.251102680371109e-05,-0.5030486096220277,1.8285308470323733,1.8124453520070343,1.143861726299029,nan,nan,nan,nan,nan,nan,nan,nan,,0.042685070000516134,0.03204478699990432,0.021088032000989188,0.021088032000989188,0.09583498900065024,nan,nan,profile,1,1,1,1,11.46393895149231,0.5360610485076904,0.4,-0.4,
1785154082.0304933,11.54743533600049,4.4444444444444455,1.5700613182893526,-4.4444444444444455,-1.5700613182893526,0.0,-9.227956904183159e-16,-1.4027704716815712,-0.49543695475108,1.8281523246980764,1.7720782042260244,2.5359147432580897,before_ekf,-9.227956904183159e-16,-0.49543695475108,1.8281523246980764,1.7720782042260244,2.5359147432580897,0.0003641141716372319,-0.5050380357868581,1.828547966412474,1.8124908028163491,1.0766141030409297,nan,nan,nan,nan,nan,nan,nan,nan,,0.05217177800113859,0.041810774000623496,0.03121123800156056,0.03121123800156056,0.020706350000182283,nan,nan,profile,1,1,1,1,11.5476975440979,0.4523024559020996,0.4,-0.4,
1785154082.1132293,11.6301727200007,4.4444444444444455,1.5699596325083476,-4.4444444444444455,-1.5699596325083476,0.0,-9.192383645355227e-16,-1.4027704716815712,-0.49534551646242536,1.8281523246980766,1.7720782042260244,2.502862742694283,before_ekf,-9.192383645355227e-16,-0.49534551646242536,1.8281523246980766,1.7720782042260244,2.502862742694283,0.001127139483870801,-0.5008334838340798,1.828590236058292,1.8125893818680714,1.0095207654094436,nan,nan,nan,nan,nan,nan,nan,nan,,0.051490057001501555,0.04129139600081544,0.030912289001207682,0.030912289001207682,0.02055029400071362,nan,nan,profile,1,1,1,1,11.63036036491394,0.36963963508605957,0.4,-0.4,
1785154082.1959,11.712842437998916,4.4444444444444455,1.5709835880385907,-4.4444444444444455,-1.5709835880385907,0.0,0.0011770712411493188,-1.4027704716815712,-0.49985935985871655,1.8281523246980766,1.7720782042260244,2.469810742130476,before_ekf,0.0011770712411493188,-0.49985935985871655,1.8281523246980766,1.7720782042260244,2.469810742130476,0.0011843652409499958,-0.5004306596247956,1.828631201523016,1.8126541758910262,0.9762496541654889,nan,nan,nan,nan,nan,nan,nan,nan,,0.05152897799962375,0.04128527299872076,0.030956829999922775,0.030956829999922775,0.020607657999789808,nan,nan,profile,1,1,1,1,11.713015794754028,0.2869842052459717,0.4,-0.4,
1785154082.2792463,11.796187355999791,4.4444444444444455,1.5711055360754518,-4.4444444444444455,-1.8329564587546938,0.0,-9.164393287754692e-16,-1.4027704716815712,-0.4956750108722499,1.8281523246980769,1.7720782042260244,2.43675874156667,before_ekf,-9.164393287754692e-16,-0.4956750108722499,1.8281523246980769,1.7720782042260244,2.43675874156667,0.001200517307734313,-0.5000017377154088,1.8286760997894658,1.8127189470226612,0.9428405012762492,nan,nan,nan,nan,nan,nan,nan,nan,,0.052343822999318945,0.042151649000516045,0.03145415099970705,0.03145415099970705,0.02093450199936342,nan,nan,profile,1,1,1,1,11.796458721160889,0.20354127883911133,0.4,-0.4,
1785154082.352194,11.869137059000423,4.4444444444444455,1.571232783837591,-4.4444444444444455,-1.571232783837591,0.0,-0.0011782753501108543,-1.4027704716815712,-0.4997893511090246,1.828444868506152,1.771816237491291,2.3858035740308012,before_ekf,-0.0011782753501108543,-0.4997893511090246,1.828444868506152,1.771816237491291,2.3858035740308012,0.001200517307734313,-0.5000017377154088,1.8286760997894658,1.8127189470226612,0.9428405012762492,nan,nan,nan,nan,nan,nan,nan,nan,,0.04165129500142939,0.03142422000018996,0.021011913000620552,0.021011913000620552,0.09388420499999484,nan,nan,profile,1,1,1,1,11.869311332702637,0.13068866729736328,0.4,-0.4,
1785154082.4354262,11.952367861998937,4.4444444444444455,1.56924048762104,-4.4444444444444455,-1.56924048762104,0.0,-0.0011782753501106869,-1.4027704716815712,-0.49998450702075725,1.828444868506152,1.771816237491291,2.352751573466995,before_ekf,-0.0011782753501106869,-0.49998450702075725,1.828444868506152,1.771816237491291,2.352751573466995,0.00011426927374980122,-0.49652383210471523,1.8287356196221631,1.8127655106888168,0.8765122628410449,nan,nan,nan,nan,nan,nan,nan,nan,,0.05178953499853378,0.041485885998554295,0.031051692998516955,0.031051692998516955,0.020671518999733962,nan,nan,profile,1,1,1,1,11.952593803405762,0.04740619659423828,0.4,-0.4,
1785154115.7684977,45.28544057900035,0.0,0.0,0.0,0.0,0.0,-7.542577673547157e-16,0.0,2.1649348980190552e-16,1.8289645818574718,1.7700802494330048,0.3296937056240313,before_ekf,-7.542577673547157e-16,2.1649348980190552e-16,1.8289645818574718,1.7700802494330048,0.3296937056240313,9.862152393038614e-15,2.1649348980190552e-16,1.8286535912086344,1.812992551005938,0.33204889741239446,nan,nan,nan,nan,nan,nan,nan,nan,,0.0516724940007407,0.041456868000750546,0.031111309001062182,0.031111309001062182,0.0207368139999744,nan,nan,profile,1,1,1,2,0.01536250114440918,11.98463749885559,0.4,-0.4,
1785154115.8558807,45.37282372300069,0.0,0.0,0.0,0.0,0.0,-7.542577673547157e-16,0.0,2.1649348980190552e-16,1.8289645818574718,1.7700802494330048,0.3296937056240313,before_ekf,-7.542577673547157e-16,2.1649348980190552e-16,1.8289645818574718,1.7700802494330048,0.3296937056240313,1.0789601865176092e-14,2.1649348980190552e-16,1.8286535912086344,1.8129925510059377,0.33204889741239446,nan,nan,nan,nan,nan,nan,nan,nan,,0.05181469200033462,0.04144830600125715,0.03104289700058871,0.03104289700058871,0.02069153800039203,nan,nan,profile,1,1,1,2,0.10267019271850586,11.897329807281494,0.4,-0.4,
1785154115.938819,45.455760689999806,4.4444444444444455,0.0,-4.4444444444444455,0.0,0.0,-7.542577673547157e-16,-1.4027704716815712,2.1649348980190552e-16,1.8289645818574718,1.7700802494330048,0.3296937056240313,before_ekf,-7.542577673547157e-16,2.1649348980190552e-16,1.8289645818574718,1.7700802494330048,0.3296937056240313,1.0429692824380353e-14,2.1649348980190552e-16,1.8286535912086344,1.8129925510059375,0.33204889741239446,nan,nan,nan,nan,nan,nan,nan,nan,,0.05170561100021587,0.041430162000324344,0.03104048699970008,0.03104048699970008,0.0206018850003602,nan,nan,profile,1,1,1,2,0.1855769157409668,11.814423084259033,0.4,-0.4,
1785154116.0219185,45.538861957000336,4.4444444444444455,0.0,-4.4444444444444455,0.0,0.0,-7.542577673547157e-16,-1.4027704716815712,2.1649348980190552e-16,1.8289645818574718,1.7700802494330048,0.3296937056240313,before_ekf,-7.542577673547157e-16,2.1649348980190552e-16,1.8289645818574718,1.7700802494330048,0.3296937056240313,9.975708611206175e-15,2.1649348980190552e-16,1.8286535912086344,1.8129925510059373,0.33204889741239446,nan,nan,nan,nan,nan,nan,nan,nan,,0.05204499600040435,0.0418039090000093,0.031334402001448325,0.031334402001448325,0.020696835999842733,nan,nan,profile,1,1,1,2,0.26871514320373535,11.731284856796265,0.4,-0.4,
1785154116.1059203,45.62286239400055,4.4444444444444455,0.0,-4.4444444444444455,0.0,0.0,-7.542577673547157e-16,-1.4027704716815712,2.1649348980190552e-16,1.8289645818574718,1.7700802494330048,0.3296937056240313,before_ekf,-7.542577673547157e-16,2.1649348980190552e-16,1.8289645818574718,1.7700802494330048,0.3296937056240313,9.53479844124909e-15,2.1649348980190552e-16,1.8286535912086344,1.8129925510059373,0.33204889741239446,nan,nan,nan,nan,nan,nan,nan,nan,,0.052433710001423606,0.04216967800130078,0.03161102400008531,0.03161102400008531,0.021019872001488693,nan,nan,profile,1,1,1,2,0.3527982234954834,11.647201776504517,0.4,-0.4,
1785154116.1896372,45.706577169999946,4.4444444444444455,0.0,-4.4444444444444455,0.0,0.0,-7.542577673547157e-16,-1.4027704716815712,2.1649348980190552e-16,1.8289645818574718,1.7700802494330048,0.3296937056240313,before_ekf,-7.542577673547157e-16,2.1649348980190552e-16,1.8289645818574718,1.7700802494330048,0.3296937056240313,9.727925246408e-15,2.1649348980190552e-16,1.8286535912086348,1.8129925510059375,0.33204889741239446,nan,nan,nan,nan,nan,nan,nan,nan,,0.05200594599955366,0.041674844000226585,0.031091594999452354,0.031091594999452354,0.020655050000641495,nan,nan,profile,1,1,1,2,0.4364652633666992,11.5635347366333,0.4,-0.4,
1785154116.2723787,45.78932182599965,4.4444444444444455,0.0,-4.4444444444444455,0.0,0.0,-7.542577673547157e-16,-1.4027704716815712,2.1649348980190552e-16,1.8289645818574718,1.7700802494330048,0.3296937056240313,before_ekf,-7.542577673547157e-16,2.1649348980190552e-16,1.8289645818574718,1.7700802494330048,0.3296937056240313,8.577404786598424e-15,2.1649348980190552e-16,1.8286535912086346,1.8129925510059375,0.33204889741239446,nan,nan,nan,nan,nan,nan,nan,nan,,0.05142117600007623,0.041201317000741255,0.03086428799906571,0.03086428799906571,0.02054983599919069,nan,nan,profile,1,1,1,2,0.5191171169281006,11.4808828830719,0.4,-0.4,
1785154116.3548794,45.87182254599975,4.4444444444444455,0.0,-4.4444444444444455,0.0,0.0,-7.542577673547157e-16,-1.4027704716815712,2.1649348980190552e-16,1.8289645818574718,1.7700802494330048,0.3296937056240313,before_ekf,-7.542577673547157e-16,2.1649348980190552e-16,1.8289645818574718,1.7700802494330048,0.3296937056240313,6.719497355324102e-15,2.1649348980190552e-16,1.8286535912086341,1.8129925510059373,0.33204889741239446,nan,nan,nan,nan,nan,nan,nan,nan,,0.05144371999995201,0.04125480999937281,0.0309908990002441,0.0309908990002441,0.020696818999567768,nan,nan,profile,1,1,1,2,0.6016621589660645,11.398337841033936,0.4,-0.4,
1785154116.437971,45.95491440300066,4.4444444444444455,0.0,-4.4444444444444455,0.0,0.0,-7.542577673547157e-16,-1.4027704716815712,2.1649348980190552e-16,1.8289645818574718,1.7700802494330048,0.3296937056240313,before_ekf,-7.542577673547157e-16,2.1649348980190552e-16,1.8289645818574718,1.7700802494330048,0.3296937056240313,7.470324094433022e-15,2.1649348980190552e-16,1.8286535912086341,1.8129925510059373,0.33204889741239446,nan,nan,nan,nan,nan,nan,nan,nan,,0.05194727200068883,0.04161629200098105,0.031147239000347327,0.031147239000347327,0.020742202001201804,nan,nan,profile,1,1,1,2,0.6847524642944336,11.315247535705566,0.4,-0.4,
1785154116.522673,46.03961613299907,4.4444444444444455,0.0,-4.4444444444444455,0.0,0.0,-7.542577673547157e-16,-1.4027704716815712,2.1649348980190552e-16,1.8289645818574718,1.7700802494330048,0.3296937056240313,before_ekf,-7.542577673547157e-16,2.1649348980190552e-16,1.8289645818574718,1.7700802494330048,0.3296937056240313,0.0010874225415134437,-0.03362601556183766,1.8287468417031714,1.8130246513994166,0.32950457109458586,nan,nan,nan,nan,nan,nan,nan,nan,,0.05329125099888188,0.043039677999331616,0.032222262998402584,0.032222262998402584,0.02143228099885164,nan,nan,profile,1,1,1,2,0.7693915367126465,11.230608463287354,0.4,-0.4,
1785154116.6070213,46.12396430899935,4.4444444444444455,0.0,-4.4444444444444455,0.0,0.0,-7.542577673547157e-16,-1.4027704716815712,2.1649348980190552e-16,1.8289645818574718,1.7700802494330048,0.3296937056240313,before_ekf,-7.542577673547157e-16,2.1649348980190552e-16,1.8289645818574718,1.7700802494330048,0.3296937056240313,0.0011656163902886204,-0.05319244417867054,1.82881910821876,1.8130493235899996,0.32625064855290775,nan,nan,nan,nan,nan,nan,nan,nan,,0.05241769599888357,0.042020599999887054,0.03169027699914295,0.03169027699914295,0.02078842499940947,nan,nan,profile,1,1,1,2,0.8537929058074951,11.146207094192505,0.4,-0.4,
1785154116.6903696,46.20731048500056,4.4444444444444455,0.0,-4.4444444444444455,0.0,0.0,-7.542577673547157e-16,-1.4027704716815712,2.1649348980190552e-16,1.8289645818574718,1.7700802494330048,0.3296937056240313,before_ekf,-7.542577673547157e-16,2.1649348980190552e-16,1.8289645818574718,1.7700802494330048,0.3296937056240313,0.00027453481808568535,-0.09605229037467121,1.8288748002591653,1.8130678226503456,0.3186869627678379,nan,nan,nan,nan,nan,nan,nan,nan,,0.05202785000074073,0.04172390600069775,0.03126153599987447,0.03126153599987447,0.020820390000153566,nan,nan,profile,1,1,1,2,0.9372291564941406,11.06277084350586,0.4,-0.4,
1785154116.7739542,46.290897075999965,4.4444444444444455,0.0,-4.4444444444444455,0.0,0.0,-7.542577673547157e-16,-1.4027704716815712,2.1649348980190552e-16,1.8289645818574718,1.7700802494330048,0.3296937056240313,before_ekf,-7.542577673547157e-16,2.1649348980190552e-16,1.8289645818574718,1.7700802494330048,0.3296937056240313,-0.00248315565052518,-0.15378804001339252,1.828698902519649,1.8130087802926866,0.3045773524606371,nan,nan,nan,nan,nan,nan,nan,nan,,0.051931797999714036,0.04162876100053836,0.031121235000682645,0.031121235000682645,0.0206514170004084,nan,nan,profile,1,1,1,2,1.0207278728485107,10.97927212715149,0.4,-0.4,
1785154116.8571446,46.374087121999764,4.4444444444444455,0.0,-4.4444444444444455,0.0,0.0,-7.542577673547157e-16,-1.4027704716815712,2.1649348980190552e-16,1.8289645818574718,1.7700802494330048,0.3296937056240313,before_ekf,-7.542577673547157e-16,2.1649348980190552e-16,1.8289645818574718,1.7700802494330048,0.3296937056240313,-0.0033302150892805,-0.21231054256083814,1.8284144116469998,1.8129189539595634,0.2862736966109303,nan,nan,nan,nan,nan,nan,nan,nan,,0.05191804899914132,0.04169171200010169,0.03134996900007536,0.03134996900007536,0.02103033399907872,nan,nan,profile,1,1,1,2,1.1039376258850098,10.89606237411499,0.4,-0.4,
1785154116.9411733,46.45811646199945,4.4444444444444455,0.0,-4.4444444444444455,0.0,0.0,-7.542577673547157e-16,-1.4027704716815712,2.1649348980190552e-16,1.8289645818574718,1.7700802494330048,0.3296937056240313,before_ekf,-7.542577673547157e-16,2.1649348980190552e-16,1.8289645818574718,1.7700802494330048,0.3296937056240313,-0.002662490470300891,-0.2644606743193411,1.8282463990647164,1.8128712751716016,0.2692417291921051,nan,nan,nan,nan,nan,nan,nan,nan,,0.05249183699925197,0.042227335999996285,0.031301918999815825,0.031301918999815825,0.0208569879996503,nan,nan,profile,1,1,1,2,1.187910556793213,10.812089443206787,0.4,-0.4,
1785154117.0243871,46.541330112999276,4.4444444444444455,0.0,-4.4444444444444455,0.0,0.0,-7.542577673547157e-16,-1.4027704716815712,2.1649348980190552e-16,1.8289645818574718,1.7700802494330048,0.3296937056240313,before_ekf,-7.542577673547157e-16,2.1649348980190552e-16,1.8289645818574718,1.7700802494330048,0.3296937056240313,-0.003313932344949146,-0.31672393657286724,1.828038183753914,1.8128129981847927,0.24871318664959707,nan,nan,nan,nan,nan,nan,nan,nan,,0.05210502599948086,0.04156443299871171,0.031189301998892915,0.031189301998892915,0.020852145999015193,nan,nan,profile,1,1,1,2,1.2711315155029297,10.72886848449707,0.4,-0.4,
1785154117.1076458,46.6245881800005,4.4444444444444455,0.0,-4.4444444444444455,0.0,0.0,-7.542577673547157e-16,-1.4027704716815712,2.1649348980190552e-16,1.8289645818574718,1.7700802494330048,0.3296937056240313,before_ekf,-7.542577673547157e-16,2.1649348980190552e-16,1.8289645818574718,1.7700802494330048,0.3296937056240313,-0.004602466914168995,-0.39538740200808414,1.8276106270652617,1.8127057146570054,0.21105825458479008,nan,nan,nan,nan,nan,nan,nan,nan,,0.05211425100060296,0.04173829499995918,0.03134324900020147,0.03134324900020147,0.020965085001080297,nan,nan,profile,1,1,1,2,1.3543891906738281,10.645610809326172,0.4,-0.4,
1785154117.1908789,46.70782158899965,4.4444444444444455,0.0,-4.4444444444444455,0.0,0.0,-7.542577673547157e-16,-1.4027704716815712,2.1649348980190552e-16,1.8289645818574718,1.7700802494330048,0.3296937056240313,before_ekf,-7.542577673547157e-16,2.1649348980190552e-16,1.8289645818574718,1.7700802494330048,0.3296937056240313,-0.004745531647782834,-0.4549461481227243,1.827154015061166,1.8126090261695766,0.16852680906318263,nan,nan,nan,nan,nan,nan,nan,nan,,0.05208061200028169,0.041807012999925064,0.031452310000531725,0.031452310000531725,0.020981306999601657,nan,nan,profile,1,1,1,2,1.4377515316009521,10.562248468399048,0.4,-0.4,
1785154117.27526,46.79220186500061,4.4444444444444455,0.0,-4.4444444444444455,0.0,0.0,-7.542577673547157e-16,-1.4027704716815712,2.1649348980190552e-16,1.8289645818574718,1.7700802494330048,0.3296937056240313,before_ekf,-7.542577673547157e-16,2.1649348980190552e-16,1.8289645818574718,1.7700802494330048,0.3296937056240313,-0.004037471757502553,-0.5172584947953356,1.8267369013435117,1.812548674875245,0.11824607643302576,nan,nan,nan,nan,nan,nan,nan,nan,,0.05274385100165091,0.04246767000040563,0.03179884100063646,0.03179884100063646,0.0211139130005904,nan,nan,profile,1,1,1,2,1.522068977355957,10.477931022644043,0.4,-0.4,
1785154117.349913,46.86685551499977,4.4444444444444455,0.0,-4.4444444444444455,0.0,0.0,-7.542577673547157e-16,-1.4027704716815712,2.1649348980190552e-16,1.8289645818574718,1.7700802494330048,0.3296937056240313,before_ekf,-7.542577673547157e-16,2.1649348980190552e-16,1.8289645818574718,1.7700802494330048,0.3296937056240313,-0.004037471757502553,-0.5172584947953356,1.8267369013435117,1.812548674875245,0.11824607643302576,nan,nan,nan,nan,nan,nan,nan,nan,,0.042444897000677884,0.03186934299992572,0.021008284000345157,0.021008284000345157,0.09576756299975386,nan,nan,profile,1,1,1,2,1.596792459487915,10.403207540512085,0.4,-0.4,
1785154117.434483,46.951425437999205,4.4444444444444455,0.0,-4.4444444444444455,0.0,0.0,-7.542577673547157e-16,-1.4027704716815712,2.1649348980190552e-16,1.8289645818574718,1.7700802494330048,0.3296937056240313,before_ekf,-7.542577673547157e-16,2.1649348980190552e-16,1.8289645818574718,1.7700802494330048,0.3296937056240313,-0.0025307453141454536,-0.5630348551174417,1.8263375123058534,1.812517580465948,0.04596586284103044,nan,nan,nan,nan,nan,nan,nan,nan,,0.05201405600018916,0.04165660999933607,0.031191205998766236,0.031191205998766236,0.020671203999881982,nan,nan,profile,1,1,1,2,1.6812787055969238,10.318721294403076,0.4,-0.4,
1785154117.5169978,47.03394112500064,4.4444444444444455,0.0,-4.4444444444444455,0.0,0.0,-7.542577673547157e-16,-1.4027704716815712,2.1649348980190552e-16,1.8289645818574718,1.7700802494330048,0.3296937056240313,before_ekf,-7.542577673547157e-16,2.1649348980190552e-16,1.8289645818574718,1.7700802494330048,0.3296937056240313,-0.0023809130243118938,-0.5816559202649249,1.8260152487977057,1.8125095641407265,-0.03054976671557697,nan,nan,nan,nan,nan,nan,nan,nan,,0.05139906100157532,0.04124156500074605,0.030854516000545118,0.030854516000545118,0.02053881000028923,nan,nan,profile,1,1,1,2,1.7637743949890137,10.236225605010986,0.4,-0.4,
1785154117.5995128,47.11645524599953,4.4444444444444455,0.0,-4.4444444444444455,0.0,0.0,-7.542577673547157e-16,-1.4027704716815712,2.1649348980190552e-16,1.8289645818574718,1.7700802494330048,0.3296937056240313,before_ekf,-7.542577673547157e-16,2.1649348980190552e-16,1.8289645818574718,1.7700802494330048,0.3296937056240313,-0.0023716525676376003,-0.5844052950806493,1.8258583867347542,1.8125149396752875,-0.06945450163237821,nan,nan,nan,nan,nan,nan,nan,nan,,0.051512882999304566,0.04128315199886856,0.030889550000210875,0.030889550000210875,0.02057827299904602,nan,nan,profile,1,1,1,2,1.846343994140625,10.153656005859375,0.4,-0.4,
1785154117.6821463,47.199089231999096,4.4444444444444455,0.0,-4.4444444444444455,0.0,0.0,-7.542577673547157e-16,-1.4027704716815712,2.1649348980190552e-16,1.8289645818574718,1.7700802494330048,0.3296937056240313,before_ekf,-7.542577673547157e-16,2.1649348980190552e-16,1.8289645818574718,1.7700802494330048,0.3296937056240313,-0.0032052941141360617,-0.5832481074850876,1.8256503539926061,1.8125204117307265,-0.10840525018170323,nan,nan,nan,nan,nan,nan,nan,nan,,0.051456915998642216,0.04126694899969152,0.030948369998441194,0.030948369998441194,0.020619593999072094,nan,nan,profile,1,1,1,2,1.9289400577545166,10.071059942245483,0.4,-0.4,
1785154117.7545302,47.271473356999195,4.4444444444444455,0.0,-4.4444444444444455,0.0,0.0,-7.542577673547157e-16,-1.4027704716815712,2.1649348980190552e-16,1.8289645818574718,1.7700802494330048,0.3296937056240313,before_ekf,-7.542577673547157e-16,2.1649348980190552e-16,1.8289645818574718,1.7700802494330048,0.3296937056240313,-0.0032052941141360617,-0.5832481074850876,1.8256503539926061,1.8125204117307265,-0.10840525018170323,nan,nan,nan,nan,nan,nan,nan,nan,,0.0412261719993694,0.031046123998748953,0.020678586999565596,0.020678586999565596,0.09300371899917081,nan,nan,profile,1,1,1,2,2.00130295753479,9.99869704246521,0.4,-0.4,
1785154117.8374734,47.35441562499909,4.4444444444444455,0.0,-4.4444444444444455,0.0,0.0,-7.542577673547157e-16,-1.4027704716815712,2.1649348980190552e-16,1.8289645818574718,1.7700802494330048,0.3296937056240313,before_ekf,-7.542577673547157e-16,2.1649348980190552e-16,1.8289645818574718,1.7700802494330048,0.3296937056240313,-0.002561272773046594,-0.575239138993822,1.8253741948334574,1.812559389801289,-0.16622773723819104,nan,nan,nan,nan,nan,nan,nan,nan,,0.05187295999894559,0.04159049400004733,0.031185994999759714,0.031185994999759714,0.020803612998861354,nan,nan,profile,1,1,1,2,2.0842862129211426,9.915713787078857,0.4,-0.4,
1785154117.9214294,47.43837246700059,4.4444444444444455,0.5245595904176833,-4.4444444444444455,-0.26227979520884165,0.0,-7.542577673547157e-16,-1.4027704716815712,2.1649348980190552e-16,1.8289645818574718,1.7700802494330048,0.3296937056240313,before_ekf,-7.542577673547157e-16,2.1649348980190552e-16,1.8289645818574718,1.7700802494330048,0.3296937056240313,-0.0023857817319115045,-0.561216102167809,1.825140218042748,1.812604846737491,-0.22271265411042943,nan,nan,nan,nan,nan,nan,nan,nan,,0.052143443001114065,0.04182405400024436,0.03131135500007076,0.03131135500007076,0.02081082600125228,nan,nan,profile,1,1,1,2,2.1682119369506836,9.831788063049316,0.4,-0.4,
1785154118.0044448,47.521387269000115,4.4444444444444455,0.2618402610639015,-4.4444444444444455,-0.523680522127803,0.0,-7.542577673547157e-16,-1.4027704716815712,2.1649348980190552e-16,1.8289645818574718,1.7700802494330048,0.3296937056240313,before_ekf,-7.542577673547157e-16,2.1649348980190552e-16,1.8289645818574718,1.7700802494330048,0.3296937056240313,-0.0023716511297083654,-0.5528112953023703,1.824986844288467,1.8126402315905188,-0.2597003853740931,nan,nan,nan,nan,nan,nan,nan,nan,,0.05181704499955231,0.04161583600034646,0.031099935000383994,0.031099935000383994,0.020740723999551847,nan,nan,profile,1,1,1,2,2.2512428760528564,9.748757123947144,0.4,-0.4,
1785154118.0883908,47.60533382599897,4.4444444444444455,0.5240569113908058,-4.4444444444444455,-0.5240569113908058,0.0,-7.542577673547157e-16,-1.4027704716815712,2.1649348980190552e-16,1.8289645818574718,1.7700802494330048,0.3296937056240313,before_ekf,-7.542577673547157e-16,2.1649348980190552e-16,1.8289645818574718,1.7700802494330048,0.3296937056240313,-0.0015271346553448588,-0.5414197253335203,1.8248843443885756,1.8126808230387643,-0.29640751416875144,nan,nan,nan,nan,nan,nan,nan,nan,,0.05254881899963948,0.04232365600000776,0.03193860399915138,0.03193860399915138,0.021562572999755503,nan,nan,profile,1,1,1,2,2.3351337909698486,9.664866209030151,0.4,-0.4,
1785154118.1721058,47.68904872299936,4.4444444444444455,0.7853789687354524,-4.4444444444444455,-0.5235859791569683,0.0,-7.542577673547157e-16,-1.4027704716815712,2.1649348980190552e-16,1.8289645818574718,1.7700802494330048,0.3296937056240313,before_ekf,-7.542577673547157e-16,2.1649348980190552e-16,1.8289645818574718,1.7700802494330048,0.3296937056240313,-0.0021190482476649416,-0.5345305629653335,1.8247519717718488,1.8127116627236854,-0.33169351573223876,nan,nan,nan,nan,nan,nan,nan,nan,,0.05201478399976622,0.04183344899865915,0.03114030299911974,0.03114030299911974,0.020762598998771864,nan,nan,profile,1,1,1,2,2.4188644886016846,9.581135511398315,0.4,-0.4,
1785154118.255066,47.772009282,4.4444444444444455,0.7849198724731568,-4.4444444444444455,-0.7849198724731568,0.0,-7.542577673547157e-16,-1.4027704716815712,2.1649348980190552e-16,1.8289645818574718,1.7700802494330048,0.3296937056240313,before_ekf,-7.542577673547157e-16,2.1649348980190552e-16,1.8289645818574718,1.7700802494330048,0.3296937056240313,-0.0013959787858590195,-0.5186158497564255,1.8245967038182869,1.8127773026064877,-0.3842289379488215,nan,nan,nan,nan,nan,nan,nan,nan,,0.0515676449995226,0.041318404000776354,0.030900334000762086,0.030900334000762086,0.02056516099946748,nan,nan,profile,1,1,1,2,2.5018341541290283,9.498165845870972,0.4,-0.4,
1785154118.3375006,47.854443529999116,4.4444444444444455,1.0476552717848406,-4.4444444444444455,-1.0476552717848406,0.0,-7.542577673547157e-16,-1.4027704716815712,2.1649348980190552e-16,1.8289645818574718,1.7700802494330048,0.3296937056240313,before_ekf,-7.542577673547157e-16,2.1649348980190552e-16,1.8289645818574718,1.7700802494330048,0.3296937056240313,-0.0012363558975217737,-0.5082225623366521,1.824520022436957,1.812810939219167,-0.4182281847781843,nan,nan,nan,nan,nan,nan,nan,nan,,0.05135371599862992,0.04114873499929672,0.030806977998508955,0.030806977998508955,0.02053215399973851,nan,nan,profile,1,1,1,2,2.584270477294922,9.415729522705078,0.4,-0.4,
1785154118.4202662,47.93720878299973,4.4444444444444455,1.3088783284416239,-4.4444444444444455,-1.3088783284416239,0.0,-7.542577673547157e-16,-1.4027704716815712,2.1649348980190552e-16,1.8289645818574718,1.7700802494330048,0.3296937056240313,before_ekf,-7.542577673547157e-16,2.1649348980190552e-16,1.8289645818574718,1.7700802494330048,0.3296937056240313,-0.0003465747088055893,-0.4968715901649784,1.8244984129793054,1.8128365806677633,-0.4514548836068765,nan,nan,nan,nan,nan,nan,nan,nan,,0.051723516999118146,0.04150533800020639,0.031171643999186927,0.031171643999186927,0.0207860240006994,nan,nan,profile,1,1,1,2,2.667079448699951,9.332920551300049,0.4,-0.4,
1785154118.5037827,48.02072515100008,4.4444444444444455,1.3103929136706096,-4.4444444444444455,-1.5724714964047317,0.0,-7.542577673547157e-16,-1.4027704716815712,2.1649348980190552e-16,1.8289645818574718,1.7700802494330048,0.3296937056240313,before_ekf,-7.542577673547157e-16,2.1649348980190552e-16,1.8289645818574718,1.7700802494330048,0.3296937056240313,0.0007606040981732164,-0.4895376059888824,1.8245423688034597,1.8128352672071788,-0.4841576625524451,nan,nan,nan,nan,nan,nan,nan,nan,,0.05192739599988272,0.041597911000280874,0.031110513000385254,0.031110513000385254,0.020723294999697828,nan,nan,profile,1,1,1,2,2.7505598068237305,9.24944019317627,0.4,-0.4,
1785154118.5863073,48.10324969499925,4.4444444444444455,1.310558141381668,-4.4444444444444455,-1.5726697696580019,0.0,-7.542577673547157e-16,-1.4027704716815712,2.1649348980190552e-16,1.8289645818574718,1.7700802494330048,0.3296937056240313,before_ekf,-7.542577673547157e-16,2.1649348980190552e-16,1.8289645818574718,1.7700802494330048,0.3296937056240313,0.0027749163202737902,-0.4816592003390814,1.8247034439535201,1.8127880307189186,-0.5163629091778836,nan,nan,nan,nan,nan,nan,nan,nan,,0.051359662000322714,0.04115622700010135,0.030848387999867555,0.030848387999867555,0.02054312200016284,nan,nan,profile,1,1,1,2,2.8330488204956055,9.166951179504395,0.4,-0.4,
1785154118.6691198,48.186062128999765,4.4444444444444455,1.8326772687325046,-4.4444444444444455,-1.8326772687325046,0.0,-7.542577673547157e-16,-1.4027704716815712,2.1649348980190552e-16,1.8289645818574718,1.7700802494330048,0.3296937056240313,before_ekf,-7.542577673547157e-16,2.1649348980190552e-16,1.8289645818574718,1.7700802494330048,0.3296937056240313,0.004231400281092728,-0.4745718110535514,1.8250361007323637,1.8126179360272545,-0.5641463639048528,nan,nan,nan,nan,nan,nan,nan,nan,,0.05157980699914333,0.04136332400048559,0.03094441699977324,0.03094441699977324,0.020669392999479896,nan,nan,profile,1,1,1,2,2.915912628173828,9.084087371826172,0.4,-0.4,
1785154118.7518587,48.26880165500006,4.4444444444444455,1.8326719904022866,-4.4444444444444455,-1.8326719904022866,0.0,-7.542577673547157e-16,-1.4027704716815712,2.1649348980190552e-16,1.8289645818574718,1.7700802494330048,0.3296937056240313,before_ekf,-7.542577673547157e-16,2.1649348980190552e-16,1.8289645818574718,1.7700802494330048,0.3296937056240313,0.003660232378664636,-0.4749078566675934,1.8254564013731356,1.8123249126838619,-0.6274053469989922,nan,nan,nan,nan,nan,nan,nan,nan,,0.051687721999769565,0.041467450000709505,0.030927682999390527,0.030927682999390527,0.02058763000059116,nan,nan,profile,1,1,1,2,2.998609781265259,9.001390218734741,0.4,-0.4,
1785154118.8350823,48.35202516800018,4.4444444444444455,1.832600790898237,-4.4444444444444455,-1.832600790898237,0.0,-7.542577673547157e-16,-1.4027704716815712,2.1649348980190552e-16,1.8289645818574718,1.7700802494330048,0.3296937056240313,before_ekf,-7.542577673547157e-16,2.1649348980190552e-16,1.8289645818574718,1.7700802494330048,0.3296937056240313,0.0025137197212616548,-0.4781805286552284,1.825754483237986,1.8120717385609129,-0.6909810105605203,nan,nan,nan,nan,nan,nan,nan,nan,,0.05177034600092156,0.041532536000886466,0.03107868200095254,0.03107868200095254,0.020749989000250935,nan,nan,profile,1,1,1,2,3.0818283557891846,8.918171644210815,0.4,-0.4,
1785154118.9191022,48.43604366399995,4.4444444444444455,1.8315099588602346,-4.4444444444444455,-1.8315099588602346,0.0,-7.542577673547157e-16,-1.4027704716815712,2.1649348980190552e-16,1.8289645818574718,1.7700802494330048,0.3296937056240313,before_ekf,-7.542577673547157e-16,2.1649348980190552e-16,1.8289645818574718,1.7700802494330048,0.3296937056240313,0.002441332904459352,-0.47889825536577546,1.8258763634507391,1.8119663845825784,-0.7228460846539528,nan,nan,nan,nan,nan,nan,nan,nan,,0.05264911599988409,0.042020295000838814,0.03166614600013418,0.03166614600013418,0.02127837400075805,nan,nan,profile,1,1,1,2,3.165956497192383,8.834043502807617,0.4,-0.4,
1785154119.0025115,48.51945406499908,4.4444444444444455,1.8328910666605276,-4.4444444444444455,-1.8328910666605276,0.0,-7.542577673547157e-16,-1.4027704716815712,2.1649348980190552e-16,1.8289645818574718,1.7700802494330048,0.3296937056240313,before_ekf,-7.542577673547157e-16,2.1649348980190552e-16,1.8289645818574718,1.7700802494330048,0.3296937056240313,0.000732439403166131,-0.48348533497346635,1.8259048538944935,1.8118967168395543,-0.755047608030627,nan,nan,nan,nan,nan,nan,nan,nan,,0.05188600499968743,0.041681886999867857,0.031314852998548304,0.031314852998548304,0.02085919699857186,nan,nan,profile,1,1,1,2,3.249568462371826,8.750431537628174,0.4,-0.4,
1785154119.0861802,48.60312314899966,4.4444444444444455,1.8355192194756738,-4.4444444444444455,-1.8355192194756738,0.0,-7.542577673547157e-16,-1.4027704716815712,2.1649348980190552e-16,1.8289645818574718,1.7700802494330048,0.3296937056240313,before_ekf,-7.542577673547157e-16,2.1649348980190552e-16,1.8289645818574718,1.7700802494330048,0.3296937056240313,0.0019090749087993433,-0.48573562987018293,1.826001109810487,1.8118349287777396,-0.7873790616731112,nan,nan,nan,nan,nan,nan,nan,nan,,0.05181234500014398,0.04145424700072908,0.031026700999063905,0.031026700999063905,0.020599264998963918,nan,nan,profile,1,1,1,2,3.3329315185546875,8.667068481445312,0.4,-0.4,
1785154119.1691618,48.68610490299943,4.4444444444444455,1.829545094512554,-4.4444444444444455,-1.829545094512554,0.0,-7.542577673547157e-16,-1.4027704716815712,2.1649348980190552e-16,1.8289645818574718,1.7700802494330048,0.3296937056240313,before_ekf,-7.542577673547157e-16,2.1649348980190552e-16,1.8289645818574718,1.7700802494330048,0.3296937056240313,0.0030981089019587677,-0.4889572401620337,1.8261499172513154,1.8117145017203844,-0.8199133124400908,nan,nan,nan,nan,nan,nan,nan,nan,,0.0518619039994519,0.04166939800052205,0.031066057999851182,0.031066057999851182,0.02064165400042839,nan,nan,profile,1,1,1,2,3.415900230407715,8.584099769592285,0.4,-0.4,
1785154119.2526753,48.76961774399933,4.4444444444444455,1.8368526389533468,-4.4444444444444455,-1.8368526389533468,0.0,-7.542577673547157e-16,-1.4027704716815712,2.1649348980190552e-16,1.8289645818574718,1.7700802494330048,0.3296937056240313,before_ekf,-7.542577673547157e-16,2.1649348980190552e-16,1.8289645818574718,1.7700802494330048,0.3296937056240313,0.0026070939428584393,-0.4925926173430901,1.8262628010016062,1.8115765602726073,-0.8528238476968967,nan,nan,nan,nan,nan,nan,nan,nan,,0.05232394799895701,0.041982157999882475,0.03153631699933612,0.03153631699933612,0.021106963000420365,nan,nan,profile,1,1,1,2,3.499464988708496,8.500535011291504,0.4,-0.4,
1785154119.3358436,48.85278672899949,4.4444444444444455,1.831677952356018,-4.4444444444444455,-1.831677952356018,0.0,-7.542577673547157e-16,-1.4027704716815712,2.1649348980190552e-16,1.8289645818574718,1.7700802494330048,0.3296937056240313,before_ekf,-7.542577673547157e-16,2.1649348980190552e-16,1.8289645818574718,1.7700802494330048,0.3296937056240313,0.0007760082726311229,-0.49886887813297526,1.8262829856721832,1.8114984228792406,-0.8858904489637974,nan,nan,nan,nan,nan,nan,nan,nan,,0.05207580900059838,0.04187181799898099,0.03143834799993783,0.03143834799993783,0.02080319699962274,nan,nan,profile,1,1,1,2,3.582584857940674,8.417415142059326,0.4,-0.4,
1785154119.4186542,48.93559599299988,4.4444444444444455,1.5709057246695626,-4.4444444444444455,-1.5709057246695626,0.0,-7.542577673547157e-16,-1.4027704716815712,2.1649348980190552e-16,1.8289645818574718,1.7700802494330048,0.3296937056240313,before_ekf,-7.542577673547157e-16,2.1649348980190552e-16,1.8289645818574718,1.7700802494330048,0.3296937056240313,0.0010704791989562643,-0.4994458057148023,1.826329306580205,1.8114496621844844,-0.9192198075439304,nan,nan,nan,nan,nan,nan,nan,nan,,0.05166353899949172,0.04138263200002257,0.031063653999808594,0.031063653999808594,0.020641245000661,nan,nan,profile,1,1,1,2,3.665449380874634,8.334550619125366,0.4,-0.4,
1785154119.5012274,49.018170641000324,4.4444444444444455,1.8323149489744146,-4.4444444444444455,-1.8323149489744146,0.0,-7.542577673547157e-16,-1.4027704716815712,2.1649348980190552e-16,1.8289645818574718,1.7700802494330048,0.3296937056240313,before_ekf,-7.542577673547157e-16,2.1649348980190552e-16,1.8289645818574718,1.7700802494330048,0.3296937056240313,-0.0005287824671678339,-0.5042580276851267,1.8262959394558287,1.8114426971095459,-0.9527475440981633,nan,nan,nan,nan,nan,nan,nan,nan,,0.051303938000273774,0.041094817001066986,0.030794977999903494,0.030794977999903494,0.02050985700043384,nan,nan,profile,1,1,1,2,3.747990369796753,8.252009630203247,0.4,-0.4,
1785154119.5841196,49.101061936000406,4.4444444444444455,1.5716528147128026,-4.4444444444444455,-1.5716528147128026,0.0,0.0011800978573386072,-1.4027704716815712,-0.03721681236502773,1.8293358797867634,1.7702081584875544,0.3172992054126029,before_ekf,0.0011800978573386072,-0.03721681236502773,1.8293358797867634,1.7702081584875544,0.3172992054126029,-0.0011325798357055131,-0.507520846885007,1.8262204245889673,1.811535181917635,-1.0202455448572478,nan,nan,nan,nan,nan,nan,nan,nan,,0.05189456100015377,0.04170749200056889,0.0312892970014218,0.0312892970014218,0.020749946999785607,nan,nan,profile,1,1,1,2,3.830919027328491,8.169080972671509,0.4,-0.4,
1785154119.6672304,49.18417365999994,4.4444444444444455,1.5700754894369413,-4.4444444444444455,-1.5700754894369413,0.0,0.0011800978573391888,-1.4027704716815712,-0.04546271637245163,1.8293358797867636,1.7702081584875544,0.3145448720322854,before_ekf,0.0011800978573391888,-0.04546271637245163,1.8293358797867636,1.7702081584875544,0.3145448720322854,-0.00034434506277470733,-0.5056414963110549,1.826215805525541,1.8115730373897923,-1.053986636512514,nan,nan,nan,nan,nan,nan,nan,nan,,0.051622160000988515,0.04132323100020585,0.030915917001038906,0.030915917001038906,0.02053219099980197,nan,nan,profile,1,1,1,2,3.9140167236328125,8.085983276367188,0.4,-0.4,
1785154119.7501056,49.267048263000106,4.4444444444444455,1.5708046834758127,-4.4444444444444455,-1.5708046834758127,0.0,0.0011800978573396864,-1.4027704716815712,-0.07015513283117439,1.8293358797867638,1.7702081584875544,0.306281871891333,before_ekf,0.0011800978573396864,-0.07015513283117439,1.8293358797867638,1.7702081584875544,0.306281871891333,-0.00010067257974173021,-0.5047510752231232,1.8262151217147349,1.8115842276388976,-1.087688990088285,nan,nan,nan,nan,nan,nan,nan,nan,,0.05164876300113974,0.04142602700085263,0.031144241000220063,0.031144241000220063,0.020764124999914202,nan,nan,profile,1,1,1,2,3.9968605041503906,8.00313949584961,0.4,-0.4,
1785154119.8328693,49.34981241400055,4.4444444444444455,1.5708380011270666,-4.4444444444444455,-1.5708380011270666,0.0,-0.0011846313400136676,-1.4027704716815712,-0.16114524303191224,1.8289604260478283,1.7700931144068546,0.2718527046373691,before_ekf,-0.0011846313400136676,-0.16114524303191224,1.8289604260478283,1.7700931144068546,0.2718527046373691,0.0008083589292272161,-0.506649737007942,1.8262494143840409,1.8115562420614655,-1.1213877162980266,nan,nan,nan,nan,nan,nan,nan,nan,,0.05169744900013029,0.0414224110008945,0.03100089600047795,0.03100089600047795,0.02060221500141779,nan,nan,profile,1,1,1,2,4.079622507095337,7.920377492904663,0.4,-0.4,
1785154119.9154127,49.4323563479993,4.4444444444444455,1.5707664194022712,-4.4444444444444455,-1.3089720161685594,0.0,-0.003536624735496049,-1.4027704716815712,-0.17760055378698844,1.8285816464166587,1.7699894931469804,0.2622125378062601,before_ekf,-0.003536624735496049,-0.17760055378698844,1.8285816464166587,1.7699894931469804,0.2622125378062601,0.0001847224597274472,-0.5051122896028237,1.8262589208717932,1.8115079954853341,-1.1719740855886693,nan,nan,nan,nan,nan,nan,nan,nan,,0.05140401899916469,0.041191592999894056,0.030817408998700557,0.030817408998700557,0.020482105999690248,nan,nan,profile,1,1,1,2,4.1621294021606445,7.8378705978393555,0.4,-0.4,
1785154119.9984193,49.51536210099948,4.4444444444444455,1.572092281066794,-4.4444444444444455,-1.3100769008889948,0.0,-0.003535369296711506,-1.4027704716815712,-0.2520881639103646,1.8281996503622622,1.7698984458571907,0.22778337055229628,before_ekf,-0.003535369296711506,-0.2520881639103646,1.8281996503622622,1.7698984458571907,0.22778337055229628,1.2360307441421188e-05,-0.5042971806377222,1.8262575584877616,1.8115025198786274,-1.2224164829712936,nan,nan,nan,nan,nan,nan,nan,nan,,0.05187708899939025,0.04164425199996913,0.03088400799970259,0.03088400799970259,0.02059233900035906,nan,nan,profile,1,1,1,2,4.245194911956787,7.754805088043213,0.4,-0.4,
1785154120.0815237,49.59846668600039,4.4444444444444455,1.5706106020911994,-4.4444444444444455,-1.3088421684093328,0.0,-0.002350934059792367,-1.4027704716815712,-0.3057790531768392,1.828199650362262,1.7698984458571907,0.20024003674912394,before_ekf,-0.002350934059792367,-0.3057790531768392,1.828199650362262,1.7698984458571907,0.20024003674912394,-3.280135247741189e-06,-0.5042514522179848,1.8262573692124888,1.8115023409380815,-1.2560320434989585,nan,nan,nan,nan,nan,nan,nan,nan,,0.051637171000038506,0.04142522999973153,0.03107903000091028,0.03107903000091028,0.0206362730004912,nan,nan,profile,1,1,1,2,4.328311920166016,7.671688079833984,0.4,-0.4,
1785154120.1649141,49.68185531400013,4.4444444444444455,1.570601085373974,-4.4444444444444455,-1.3088342378116449,0.0,-0.003532429223972742,-1.4027704716815712,-0.35940443235360453,1.8278142209511627,1.769823254177471,0.16856520287547674,before_ekf,-0.003532429223972742,-0.35940443235360453,1.8278142209511627,1.769823254177471,0.16856520287547674,0.0008359120056744361,-0.501822404107677,1.8262856233102385,1.8114671835330667,-1.2895524366906193,nan,nan,nan,nan,nan,nan,nan,nan,,0.05232629100100894,0.04202447300122003,0.0315490030006913,0.0315490030006913,0.021017815999584855,nan,nan,profile,1,1,1,2,4.411766052246094,7.588233947753906,0.4,-0.4,
1785154120.2488134,49.76575619100004,4.4444444444444455,1.57099301512039,-4.4444444444444455,-1.57099301512039,0.0,-0.004711421471269734,-1.4027704716815712,-0.4049386153471235,1.8274256162929483,1.7697667206542003,0.13689036900182955,before_ekf,-0.004711421471269734,-0.4049386153471235,1.8274256162929483,1.7697667206542003,0.13689036900182955,0.0010852941895726405,-0.5006650958958512,1.8263084533909297,1.8114030984303826,-1.322961197908562,nan,nan,nan,nan,nan,nan,nan,nan,,0.052355216999785625,0.04205651800111809,0.03158026799974323,0.03158026799974323,0.020698173000710085,nan,nan,profile,1,1,1,2,4.495945692062378,7.504054307937622,0.4,-0.4,
1785154120.3319614,49.84890364700004,4.4444444444444455,1.5693933519140197,-4.4444444444444455,-1.307827793261683,0.0,-0.0047130878837623996,-1.4027704716815712,-0.4954589523356449,1.8266450542148562,1.769681026691495,0.06252336773326331,before_ekf,-0.0047130878837623996,-0.4954589523356449,1.8266450542148562,1.769681026691495,0.06252336773326331,0.0011587821254335964,-0.5001544169109488,1.8263275577549107,1.811330217005404,-1.3562862790086327,nan,nan,nan,nan,nan,nan,nan,nan,,0.051459821001117234,0.04122839500087139,0.030910606999896117,0.030910606999896117,0.020589907000612584,nan,nan,profile,1,1,1,2,4.578714847564697,7.421285152435303,0.4,-0.4,
1785154120.415305,49.93224798600022,4.4444444444444455,1.5709787331356013,-4.4444444444444455,-1.3091489442796675,0.0,-0.0047130878837620665,-1.4027704716815712,-0.5288620614791449,1.8266450542148562,1.769681026691495,0.0239627004088219,before_ekf,-0.0047130878837620665,-0.5288620614791449,1.8266450542148562,1.769681026691495,0.0239627004088219,0.0020206491912454928,-0.50219705714956,1.826368308272607,1.8112159848083709,-1.389768777067614,nan,nan,nan,nan,nan,nan,nan,nan,,0.05212800600020273,0.04190084200126876,0.03153215000020282,0.03153215000020282,0.021052804000646574,nan,nan,profile,1,1,1,2,4.6620543003082275,7.3379456996917725,0.4,-0.4,
1785154120.4982934,50.01523536700006,4.4444444444444455,1.572102759909409,-4.4444444444444455,-1.8341198865609771,0.0,-0.0035329045048113363,-1.4027704716815712,-0.5409068339610872,1.8266450542148562,1.769681026691495,0.0046823667466011866,before_ekf,-0.0035329045048113363,-0.5409068339610872,1.8266450542148562,1.769681026691495,0.0046823667466011866,0.0013892531346568343,-0.5009692488007466,1.8263853202140352,1.8110472773045545,-1.4398634706722544,nan,nan,nan,nan,nan,nan,nan,nan,,0.05186313200101722,0.04155636399991636,0.031196142999760923,0.031196142999760923,0.020694441000159713,nan,nan,profile,1,1,1,2,4.745058059692383,7.254941940307617,0.4,-0.4,
1785154120.5811412,50.098083790999226,4.4444444444444455,1.5719759847331198,-4.4444444444444455,-1.5719759847331198,0.0,-0.002357648571372132,-1.4027704716815712,-0.5784891902942076,1.8262531532515343,1.769705940941128,-0.07381613459244082,before_ekf,-0.002357648571372132,-0.5784891902942076,1.8262531532515343,1.769705940941128,-0.07381613459244082,0.0012472150146388724,-0.5003269649499145,1.8263928124602595,1.8109632677265992,-1.4732259188570773,nan,nan,nan,nan,nan,nan,nan,nan,,0.05182781899929978,0.041460559999904945,0.03107925499898556,0.03107925499898556,0.02074316799917142,nan,nan,profile,1,1,1,2,4.827911615371704,7.172088384628296,0.4,-0.4,
1785154120.6658306,50.182774044000325,4.4444444444444455,1.571782887760057,-4.4444444444444455,-1.571782887760057,0.0,-0.0023493246180416342,-1.4027704716815712,-0.5867370970627361,1.8258634137589436,1.7697540056142558,-0.13303430226926122,before_ekf,-0.0023493246180416342,-0.5867370970627361,1.8258634137589436,1.7697540056142558,-0.13303430226926122,0.002249894233755318,-0.5032126370791213,1.826427388416202,1.8107645081513077,-1.5234994858302529,nan,nan,nan,nan,nan,nan,nan,nan,,0.05250786600117863,0.04204558099991118,0.03128358000139997,0.03128358000139997,0.02090802100065048,nan,nan,profile,1,1,1,2,4.912582635879517,7.087417364120483,0.4,-0.4,
1785154120.7494435,50.26638621799975,4.4444444444444455,1.5708155692856205,-4.4444444444444455,-1.5708155692856205,0.0,-0.0023493246180415926,-1.4027704716815712,-0.586458500676463,1.8258634137589436,1.7697540056142558,-0.1523146359314819,before_ekf,-0.0023493246180415926,-0.586458500676463,1.8258634137589436,1.7697540056142558,-0.1523146359314819,0.0014505485738852816,-0.501120469270399,1.8264196860130264,1.8105771382564313,-1.573772654478266,nan,nan,nan,nan,nan,nan,nan,nan,,0.05220751799970458,0.041891631999533274,0.03133334000085597,0.03133334000085597,0.020739812000101665,nan,nan,profile,1,1,1,2,4.996236801147461,7.003763198852539,0.4,-0.4,
1785154120.8328454,50.349786978998964,4.4444444444444455,1.5706249716104939,-4.4444444444444455,-1.5706249716104939,0.0,-0.0023493246180415085,-1.4027704716815712,-0.5867995090810112,1.8258634137589436,1.7697540056142558,-0.19087530325592333,before_ekf,-0.0023493246180415085,-0.5867995090810112,1.8258634137589436,1.7697540056142558,-0.19087530325592333,0.001218020935008153,-0.5001914630696884,1.8264126130704967,1.810451573520404,-1.6237615454038996,nan,nan,nan,nan,nan,nan,nan,nan,,0.05198435599959339,0.0417420059984579,0.03135965699948429,0.03135965699948429,0.02066378299969074,nan,nan,profile,1,1,1,2,5.079692125320435,6.920307874679565,0.4,-0.4,
1785154120.9157612,50.43270406800002,4.4444444444444455,1.5705670711195254,-4.4444444444444455,-1.5705670711195254,0.0,-0.0023430161218123825,-1.4027704716815712,-0.5700541348018935,1.8254801084887058,1.7698393608692649,-0.28314547149655117,before_ekf,-0.0023430161218123825,-0.5700541348018935,1.8254801084887058,1.7698393608692649,-0.28314547149655117,0.0011983141797658999,-0.49990476865747974,1.8264075159421393,1.8103717003928212,-1.6571517543354048,nan,nan,nan,nan,nan,nan,nan,nan,,0.05150389099981112,0.04128737900100532,0.03096307399937359,0.03096307399937359,0.020585621999998693,nan,nan,profile,1,1,1,2,5.162503957748413,6.837496042251587,0.4,-0.4,
1785154120.9987197,50.51566274700053,4.4444444444444455,1.56993506042075,-4.4444444444444455,-1.56993506042075,0.0,-0.0023513569767962435,-1.4027704716815712,-0.5621471329295844,1.8251040483333427,1.7699524414126762,-0.3203289721308333,before_ekf,-0.0023513569767962435,-0.5621471329295844,1.8251040483333427,1.7699524414126762,-0.3203289721308333,0.00034935821255345674,-0.49764147825050803,1.826388154097934,1.8103354298940908,-1.6903090764477353,nan,nan,nan,nan,nan,nan,nan,nan,,0.05195224999988568,0.04174006600078428,0.031393552000736236,0.031393552000736236,0.021093347000714857,nan,nan,profile,1,1,1,2,5.245487213134766,6.754512786865234,0.4,-0.4,
1785154121.0816696,50.59861255400028,4.4444444444444455,1.571879571883064,-4.4444444444444455,-1.571879571883064,0.0,-0.0023513569767962027,-1.4027704716815712,-0.5537319103779252,1.8251040483333427,1.7699524414126762,-0.3368549724127365,before_ekf,-0.0023513569767962027,-0.5537319103779252,1.8251040483333427,1.7699524414126762,-0.3368549724127365,0.000989441349608863,-0.49415816377782745,1.8263918513089852,1.81026708081518,-1.7398465357700688,nan,nan,nan,nan,nan,nan,nan,nan,,0.05170827900110453,0.04148020000138786,0.03116304400100489,0.03116304400100489,0.020723933999761357,nan,nan,profile,1,1,1,2,5.328464508056641,6.671535491943359,0.4,-0.4,
1785154121.1655047,50.68244825200054,4.4444444444444455,1.5701925877449088,-4.4444444444444455,-1.5701925877449088,0.0,-0.002351356976796161,-1.4027704716815712,-0.5454302938787915,1.8251040483333427,1.7699524414126762,-0.37266130635686046,before_ekf,-0.002351356976796161,-0.5454302938787915,1.8251040483333427,1.7699524414126762,-0.37266130635686046,0.001164150306292532,-0.4921703307351275,1.8263744723085882,1.8101563421648834,-1.789126703708641,nan,nan,nan,nan,nan,nan,nan,nan,,0.05225010800131713,0.04201609300071141,0.03166661400064186,0.03166661400064186,0.02064704600161349,nan,nan,profile,1,1,1,2,5.412252187728882,6.587747812271118,0.4,-0.4,
1785154121.249042,50.76598490700053,4.4444444444444455,1.5704585368682016,-4.4444444444444455,-1.5704585368682016,0.0,-0.0023577918305241682,-1.4027704716815712,-0.5288157708396322,1.824747298290212,1.770116568974274,-0.44014247417463154,before_ekf,-0.0023577918305241682,-0.5288157708396322,1.824747298290212,1.770116568974274,-0.44014247417463154,0.001180883393903573,-0.49199556985004284,1.8263574703188137,1.8100801212330822,-1.8219268520761591,nan,nan,nan,nan,nan,nan,nan,nan,,0.05227850700066483,0.04161972700057959,0.031173706000117818,0.031173706000117818,0.020627900999897975,nan,nan,profile,1,1,1,2,5.495835065841675,6.504164934158325,0.4,-0.4,
1785154121.332393,50.84933558699959,4.4444444444444455,1.5702788571003279,-4.4444444444444455,-1.5702788571003279,0.0,-0.0011779804104911445,-1.4027704716815712,-0.5083189657431189,1.8247472982902118,1.770116568974274,-0.4897204750203403,before_ekf,-0.0011779804104911445,-0.5083189657431189,1.8247472982902118,1.770116568974274,-0.4897204750203403,0.000271997626401825,-0.49421723274873,1.8263232003464762,1.8100139306004834,-1.8712841145435397,nan,nan,nan,nan,nan,nan,nan,nan,,0.05222868000055314,0.041874131000440684,0.03132663699943805,0.03132663699943805,0.020812372998989304,nan,nan,profile,1,1,1,2,5.579192161560059,6.420807838439941,0.4,-0.4,
1785154121.4155445,50.932487268999466,4.4444444444444455,1.5713443960067799,-4.4444444444444455,-1.5713443960067799,0.0,-0.0011779804104917275,-1.4027704716815712,-0.5000664501343104,1.8247472982902118,1.770116568974274,-0.5200181422038291,before_ekf,-0.0011779804104917275,-0.5000664501343104,1.8247472982902118,1.770116568974274,-0.5200181422038291,7.151798603788882e-05,-0.4950351198881558,1.8263175874867141,1.8100072622536019,-1.9042453523270704,nan,nan,nan,nan,nan,nan,nan,nan,,0.05178594499921019,0.04147318600007566,0.031090327000129037,0.031090327000129037,0.020622280999305076,nan,nan,profile,1,1,1,2,5.662341356277466,6.337658643722534,0.4,-0.4,
1785154121.4988425,51.01578560899907,4.4444444444444455,1.571718155210109,-4.4444444444444455,-1.571718155210109,0.0,7.50279146108368e-07,-1.4027704716815712,-0.4876188268790707,1.825083282094612,1.769913284683636,-0.5516929760774772,before_ekf,7.50279146108368e-07,-0.4876188268790707,1.825083282094612,1.769913284683636,-0.5516929760774772,0.0003380260359638638,-0.500623232312429,1.8263065987360798,1.8099607157501074,-1.954237058106805,nan,nan,nan,nan,nan,nan,nan,nan,,0.05156714799886686,0.04130656099914631,0.030886366999766324,0.030886366999766324,0.020580736998454086,nan,nan,profile,1,1,1,2,5.745582342147827,6.254417657852173,0.4,-0.4,
1785154121.5814624,51.098405394999645,4.4444444444444455,1.5755500290761244,-4.4444444444444455,-1.5755500290761244,0.0,0.0011810097694977223,-1.4027704716815712,-0.4835129873972579,1.8254126594481637,1.7696994619098108,-0.5833678099511246,before_ekf,0.0011810097694977223,-0.4835129873972579,1.8254126594481637,1.7696994619098108,-0.5833678099511246,8.155893658910265e-05,-0.5027852836461346,1.8262946997981495,1.8099424249272476,-2.004282258814631,nan,nan,nan,nan,nan,nan,nan,nan,,0.05157879599937587,0.04122131999974954,0.030891430000338005,0.030891430000338005,0.020581662000040524,nan,nan,profile,1,1,1,2,5.828205347061157,6.171794652938843,0.4,-0.4,
1785154121.6643114,51.18125470300038,4.4444444444444455,1.570737345607569,-4.4444444444444455,-1.570737345607569,0.0,0.0035389875501686146,-1.4027704716815712,-0.47501037764841214,1.8257350999158106,1.7694753151622038,-0.6480946443885782,before_ekf,0.0035389875501686146,-0.47501037764841214,1.8257350999158106,1.7694753151622038,-0.6480946443885782,2.4250546630067572e-05,-0.5035868397096803,1.826292893689938,1.8099400566402746,-2.0378564913687036,nan,nan,nan,nan,nan,nan,nan,nan,,0.05151578700133541,0.04124841800148715,0.03094149800017476,0.03094149800017476,0.020650001000831253,nan,nan,profile,1,1,1,2,5.911049842834473,6.088950157165527,0.4,-0.4,
1785154121.7472725,51.2642152490007,4.4444444444444455,1.826110047366518,-4.4444444444444455,-1.5652371834570153,0.0,0.0047093343904690945,-1.4027704716815712,-0.47068247330686325,1.8260463660125668,1.7692358928644754,-0.6632434779803231,before_ekf,0.0047093343904690945,-0.47068247330686325,1.8260463660125668,1.7692358928644754,-0.6632434779803231,7.74825683269415e-06,-0.503670715751959,1.8262924709455617,1.8099389379690867,-2.0715640956261914,nan,nan,nan,nan,nan,nan,nan,nan,,0.05177359300068929,0.041555370000423864,0.031193831000564387,0.031193831000564387,0.02087791000121797,nan,nan,profile,1,1,1,2,5.994037866592407,6.005962133407593,0.4,-0.4,
1785154121.8308887,51.34783174899894,4.4444444444444455,1.5697738545947064,-4.4444444444444455,-1.5697738545947064,0.0,0.0035357607979596786,-1.4027704716815712,-0.4750893105299957,1.8260501751765652,1.769240462188319,-0.7100671454457144,before_ekf,0.0035357607979596786,-0.4750893105299957,1.8260501751765652,1.769240462188319,-0.7100671454457144,-0.0016893869122169417,-0.5038676105236755,1.826306292806175,1.8100272983310814,-2.1050277317714556,nan,nan,nan,nan,nan,nan,nan,nan,,0.052027738998731365,0.041646096999102156,0.03119585499916866,0.03119585499916866,0.020599763998689014,nan,nan,profile,1,1,1,2,6.077641248703003,5.922358751296997,0.4,-0.4,
1785154121.9138725,51.430815259000155,4.4444444444444455,1.5701561427323818,-4.4444444444444455,-1.5701561427323818,0.0,0.002352659301965164,-1.4027704716815712,-0.4791470530946301,1.8263328543362292,1.7689678780502416,-0.7747939798831689,before_ekf,0.002352659301965164,-0.4791470530946301,1.8263328543362292,1.7689678780502416,-0.7747939798831689,-0.0013561278059144378,-0.501715583167618,1.8263609905302898,1.8101047212092933,-2.1384945213002142,nan,nan,nan,nan,nan,nan,nan,nan,,0.05194015000051877,0.04166342999997141,0.031202357000438496,0.031202357000438496,0.020721820001199376,nan,nan,profile,1,1,1,2,6.16067099571228,5.83932900428772,0.4,-0.4,
1785154121.9968514,51.51379369899951,4.4444444444444455,1.8337158215664915,-4.4444444444444455,-1.5717564184855644,0.0,0.002352659301964494,-1.4027704716815712,-0.4789776272244011,1.8263328543362292,1.7689678780502416,-0.7913199801650711,before_ekf,0.002352659301964494,-0.4789776272244011,1.8263328543362292,1.7689678780502416,-0.7913199801650711,-0.0020991246350656996,-0.5030232673990316,1.8264186212264704,1.8102174820858938,-2.171997270993101,nan,nan,nan,nan,nan,nan,nan,nan,,0.051602350000393926,0.04137860999981058,0.03099189199929242,0.03099189199929242,0.020709513999463525,nan,nan,profile,1,1,1,2,6.243663787841797,5.756336212158203,0.4,-0.4,
1785154122.0802398,51.59718316599901,4.4444444444444455,1.570983305227885,-4.4444444444444455,-1.570983305227885,0.0,0.0023613300271540915,-1.4027704716815712,-0.47952355010246317,1.8266020714865105,1.7686819904051188,-0.8229948140387193,before_ekf,0.0023613300271540915,-0.47952355010246317,1.8266020714865105,1.7686819904051188,-0.8229948140387193,-0.002318439428354445,-0.503626565108199,1.8265012547222776,1.8103417014230752,-2.2055687100119523,nan,nan,nan,nan,nan,nan,nan,nan,,0.052122754999800236,0.04133646699847304,0.030868284999087336,0.030868284999087336,0.020516567999948165,nan,nan,profile,1,1,1,2,6.3269689083099365,5.6730310916900635,0.4,-0.4,
1785154122.1633935,51.68033608299993,4.4444444444444455,1.5752782770431744,-4.4444444444444455,-1.5752782770431744,0.0,5.575245303306164e-06,-1.4027704716815712,-0.4873020728363395,1.8263424497969942,1.7689766173354604,-0.8574239812926833,before_ekf,5.575245303306164e-06,-0.4873020728363395,1.8263424497969942,1.7689766173354604,-0.8574239812926833,-0.002382233132978646,-0.5040910976030063,1.826594411148062,1.810466916579168,-2.2391804579752823,nan,nan,nan,nan,nan,nan,nan,nan,,0.05193869100003212,0.04161100199962675,0.0312604310001916,0.0312604310001916,0.020820646999709425,nan,nan,profile,1,1,1,2,6.410163164138794,5.589836835861206,0.4,-0.4,
1785154122.246567,51.763509145999706,4.4444444444444455,1.571041613522016,-4.4444444444444455,-1.571041613522016,0.0,0.0023621777023778404,-1.4027704716815712,-0.4875922149630088,1.8265971682179338,1.7686777391902684,-0.8890988151663312,before_ekf,0.0023621777023778404,-0.4875922149630088,1.8265971682179338,1.7686777391902684,-0.8890988151663312,-0.0013342733765356512,-0.50080092315711,1.8267091187281879,1.8105756828323951,-2.2893959952133183,nan,nan,nan,nan,nan,nan,nan,nan,,0.05186671599949477,0.04151472599914996,0.031049884999447386,0.031049884999447386,0.02067223300036858,nan,nan,profile,1,1,1,2,6.493363618850708,5.506636381149292,0.4,-0.4,
1785154122.3294775,51.84642044300017,4.4444444444444455,1.5709052533651648,-4.4444444444444455,-1.5709052533651648,0.0,0.0023605142941413764,-1.4027704716815712,-0.49557885657157713,1.8268367610366234,1.7683666062106886,-0.9565799829841015,before_ekf,0.0023605142941413764,-0.49557885657157713,1.8268367610366234,1.7683666062106886,-0.9565799829841015,-0.001240489885713625,-0.5002029033632256,1.8267663765328264,1.8106371427019952,-2.32275544901993,nan,nan,nan,nan,nan,nan,nan,nan,,0.05175727099958749,0.041406211001230986,0.031064280999999028,0.031064280999999028,0.020606984000551165,nan,nan,profile,1,1,1,2,6.576233863830566,5.423766136169434,0.4,-0.4,
1785154122.4125812,51.929521719999684,4.4444444444444455,1.5694308434895186,-4.4444444444444455,-1.5694308434895186,0.0,4.122587028039601e-06,-1.4027704716815712,-0.5040416822981498,1.8266133261669553,1.7686895385701171,-0.9910091502380661,before_ekf,4.122587028039601e-06,-0.5040416822981498,1.8266133261669553,1.7686895385701171,-0.9910091502380661,-0.0011981627891055207,-0.4998056026498565,1.8268799285914195,1.8107521219790816,-2.389431865772748,nan,nan,nan,nan,nan,nan,nan,nan,,0.05188396800076589,0.0416804950000369,0.031389243000376155,0.031389243000376155,0.02106715400077519,nan,nan,profile,1,1,1,2,6.659426212310791,5.340573787689209,0.4,-0.4,
1785154122.4967313,52.01365932000044,4.4444444444444455,1.5711308519758993,-4.4444444444444455,-1.5711308519758993,0.0,0.0011772535461078188,-1.4027704716815712,-0.49992038745101636,1.8266133261669555,1.7686895385701171,-1.0240611508018727,before_ekf,0.0011772535461078188,-0.49992038745101636,1.8266133261669555,1.7686895385701171,-1.0240611508018727,-0.0002884718908824761,-0.497464533109682,1.826947213968243,1.8107922075408185,-2.4392202018408353,nan,nan,nan,nan,nan,nan,nan,nan,,0.05274008100059291,0.042319260001022485,0.031659170001148595,0.031659170001148595,0.02099744500083034,nan,nan,profile,1,1,1,2,6.743591547012329,5.256408452987671,0.4,-0.4,
1785154122.5800788,52.0970221030002,4.4444444444444455,1.5716607873777781,-4.4444444444444455,-1.5716607873777781,0.0,-0.0011740775573270028,-1.4027704716815712,-0.5081045744180347,1.8266014880317838,1.7686830090836625,-1.1094454855917044,before_ekf,-0.0011740775573270028,-0.5081045744180347,1.8266014880317838,1.7686830090836625,-1.1094454855917044,-0.0010826873865951445,-0.49927136255727295,1.8270074934958904,1.8108595810427253,-2.489177231497845,nan,nan,nan,nan,nan,nan,nan,nan,,0.0516439969997009,0.04134130900092714,0.030934787000660435,0.030934787000660435,0.020584128000336932,nan,nan,profile,1,1,1,2,6.826879501342773,5.173120498657227,0.4,-0.4,
1785154122.663253,52.18019604700021,4.4444444444444455,1.570991506779699,-4.4444444444444455,-1.570991506779699,0.0,-0.001174077557325673,-1.4027704716815712,-0.5085045791692748,1.826601488031784,1.7686830090836623,-1.1259714858736083,before_ekf,-0.001174077557325673,-0.5085045791692748,1.826601488031784,1.7686830090836623,-1.1259714858736083,0.0005043749360952958,-0.49943452191112614,1.8270230138460464,1.8108357862423867,-2.522499791422711,nan,nan,nan,nan,nan,nan,nan,nan,,0.05179142400083947,0.0414990970002691,0.03111514500051271,0.03111514500051271,0.020751306999954977,nan,nan,profile,1,1,1,2,6.910048723220825,5.089951276779175,0.4,-0.4,
1785154122.746246,52.263189248000344,4.4444444444444455,1.569590802578976,-4.4444444444444455,-1.569590802578976,0.0,3.296584296223792e-06,-1.4027704716815712,-0.5040093601373123,1.826601488031784,1.7686830090836627,-1.1590234864374132,before_ekf,3.296584296223792e-06,-0.5040093601373123,1.826601488031784,1.7686830090836627,-1.1590234864374132,0.00012502327382815035,-0.49719283896025307,1.8269930867534299,1.8108233188963319,-2.57226214147023,nan,nan,nan,nan,nan,nan,nan,nan,,0.05169679900063784,0.04144549000011466,0.031034147999889683,0.031034147999889683,0.020706426001197542,nan,nan,profile,1,1,1,2,6.992997884750366,5.007002115249634,0.4,-0.4,
1785154122.8297818,52.346724791999804,4.4444444444444455,1.8363247024407987,-4.4444444444444455,-1.5739926020921133,0.0,0.0011730678072887708,-1.4027704716815712,-0.5082167946736571,1.8265949103586157,1.7686805270864439,-1.2278818209453437,before_ekf,0.0011730678072887708,-0.5082167946736571,1.8265949103586157,1.7686805270864439,-1.2278818209453437,-0.001041291838721232,-0.49916623646729846,1.8270484316115096,1.8108817621827416,-2.622152162710953,nan,nan,nan,nan,nan,nan,nan,nan,,0.05180825800016464,0.04149468099967635,0.031074996000825195,0.031074996000825195,0.020640062000893522,nan,nan,profile,1,1,1,2,7.076537370681763,4.923462629318237,0.4,-0.4,
1785154122.9138422,52.43078449099994,4.4444444444444455,1.5754519448370847,-4.4444444444444455,-1.5754519448370847,0.0,-8.520985272123743e-06,-1.4027704716815712,-0.5041190687840656,1.8265949103586157,1.768680527086444,-1.2774598217910522,before_ekf,-8.520985272123743e-06,-0.5041190687840656,1.8265949103586157,1.768680527086444,-1.2774598217910522,-0.0003192108898719489,-0.4974279808965489,1.8270854690029623,1.8108878102931827,-2.6553214001510246,nan,nan,nan,nan,nan,nan,nan,nan,,0.051897720999477315,0.041668178000691114,0.03136811300100817,0.03136811300100817,0.021015439999246155,nan,nan,profile,1,1,1,2,7.16058611869812,4.83941388130188,0.4,-0.4,
1785154122.9982588,52.51520189800067,4.4444444444444455,1.570548604163562,-4.4444444444444455,-1.570548604163562,0.0,-8.520985272141799e-06,-1.4027704716815712,-0.5039939407056033,1.8265949103586157,1.768680527086444,-1.3105118223548586,before_ekf,-8.520985272141799e-06,-0.5039939407056033,1.8265949103586157,1.768680527086444,-1.3105118223548586,-0.0009332329783580265,-0.49423985651247654,1.8271255359275607,1.8109209782029825,-2.6884146249281344,nan,nan,nan,nan,nan,nan,nan,nan,,0.05192679900028452,0.04130218000136665,0.030904608000128064,0.030904608000128064,0.020619054001144832,nan,nan,profile,1,1,1,2,7.245023488998413,4.754976511001587,0.4,-0.4,
1785154123.0821524,52.59909569000047,4.4444444444444455,1.5700084965313372,-4.4444444444444455,-1.5700084965313372,0.0,-8.52098527081122e-06,-1.4027704716815712,-0.5040862054263748,1.8265949103586157,1.7686805270864439,-1.3270378226367627,before_ekf,-8.52098527081122e-06,-0.5040862054263748,1.8265949103586157,1.7686805270864439,-1.3270378226367627,-8.190998294486647e-05,-0.49541875337771274,1.8271840368084897,1.8109324703920537,-2.7543264585302927,nan,nan,nan,nan,nan,nan,nan,nan,,0.051929756000390626,0.041616686999986996,0.031140315000811825,0.031140315000811825,0.020679970000855974,nan,nan,profile,1,1,1,2,7.328928232192993,4.671071767807007,0.4,-0.4,
1785154123.1651428,52.682085930999165,4.4444444444444455,1.5719410142414674,-4.4444444444444455,-1.8339311832817118,0.0,0.0011722626287605036,-1.4027704716815712,-0.4997976569002021,1.8266736018692384,1.768295798486122,-1.3945189904545339,before_ekf,0.0011722626287605036,-0.4997976569002021,1.8266736018692384,1.768295798486122,-1.3945189904545339,-4.303205676509106e-06,-0.4956528487889104,1.8271891673341012,1.810933425058427,-2.820406525676166,nan,nan,nan,nan,nan,nan,nan,nan,,0.05167766599879542,0.04147058699891204,0.031171438999081147,0.031171438999081147,0.020851931998549844,nan,nan,profile,1,1,1,2,7.411925315856934,4.588074684143066,0.4,-0.4,
1785154123.2489712,52.76591382799961,4.4444444444444455,1.5707786241198027,-4.4444444444444455,-1.5707786241198027,0.0,0.0011722626287591713,-1.4027704716815712,-0.49971051446805925,1.8266736018692384,1.7682957984861225,-1.4275709910183385,before_ekf,0.0011722626287591713,-0.49971051446805925,1.8266736018692384,1.7682957984861225,-1.4275709910183385,1.6427065450316128e-06,-0.4957405885302736,1.82718928235534,1.8109335356042402,-2.8535191023938076,nan,nan,nan,nan,nan,nan,nan,nan,,0.052365890000146464,0.042122128999835695,0.031622999000319396,0.031622999000319396,0.021112632999575,nan,nan,profile,1,1,1,2,7.495753288269043,4.504246711730957,0.4,-0.4,
1785154123.333101,52.85004299100001,4.4444444444444455,1.5708101970489365,-4.4444444444444455,-1.8326118965570926,0.0,0.0011722626287592557,-1.4027704716815712,-0.49973381629737634,1.8266736018692384,1.7682957984861225,-1.460622991582145,before_ekf,0.0011722626287592557,-0.49973381629737634,1.8266736018692384,1.7682957984861225,-1.460622991582145,-0.0010776515502502117,-0.49897824208101493,1.827265111776492,1.810973200456318,-2.9198388426817257,nan,nan,nan,nan,nan,nan,nan,nan,,0.05261097999937192,0.042356424000900006,0.03176543900008255,0.03176543900008255,0.021162868999454076,nan,nan,profile,1,1,1,2,7.579926490783691,4.420073509216309,0.4,-0.4,
1785154123.4168773,52.933820698999625,4.4444444444444455,1.57082857590556,-4.4444444444444455,-1.57082857590556,0.0,0.0023470503161049996,-1.4027704716815712,-0.5038774441065736,1.8267068216193403,1.7679045122763564,-1.4950521588361105,before_ekf,0.0023470503161049996,-0.5038774441065736,1.8267068216193403,1.7679045122763564,-1.4950521588361105,-0.00044198946537468524,-0.5017642400041251,1.827378368294224,1.8109855347440391,-2.9864923368309957,nan,nan,nan,nan,nan,nan,nan,nan,,0.05152650200034259,0.04130354799963243,0.03085809000003792,0.03085809000003792,0.020540843999697245,nan,nan,profile,1,1,1,2,7.663638114929199,4.336361885070801,0.4,-0.4,
1785154123.4903944,53.00733721399956,4.4444444444444455,1.5707548274523553,-4.4444444444444455,-1.5707548274523553,0.0,0.0011747876873447422,-1.4027704716815712,-0.4998228802155242,1.8267068216193403,1.767904512276357,-1.577682160245624,before_ekf,0.0011747876873447422,-0.4998228802155242,1.8267068216193403,1.767904512276357,-1.577682160245624,-0.00044198946537468524,-0.5017642400041251,1.827378368294224,1.8109855347440391,-2.9864923368309957,nan,nan,nan,nan,nan,nan,nan,nan,,0.04164415199920768,0.03144778900059464,0.02112110199959716,0.02112110199959716,0.09405735899963474,nan,nan,profile,1,1,1,2,7.737126350402832,4.262873649597168,0.4,-0.4,
1785154123.5737824,53.09072562499932,4.4444444444444455,1.5676545745854242,-4.4444444444444455,-1.5676545745854242,0.0,0.0023537714954876927,-1.4027704716815712,-0.504141104052876,1.8266941149232658,1.7675120240731905,-1.6121113274995895,before_ekf,0.0023537714954876927,-0.504141104052876,1.8266941149232658,1.7675120240731905,-1.6121113274995895,-0.001009147369993432,-0.5056299973622769,1.8274478761399529,1.8110059772955156,-3.0368221319468707,nan,nan,nan,nan,nan,nan,nan,nan,,0.052391326000361005,0.042157808999036206,0.031856842999332,0.031856842999332,0.02154237399918202,nan,nan,profile,1,1,1,2,7.820574522018433,4.179425477981567,0.4,-0.4,
1785154123.657131,53.174074221999035,4.4444444444444455,1.5737124001352232,-4.4444444444444455,-1.8359978001577604,0.0,0.002353771495487651,-1.4027704716815712,-0.5040994194104128,1.8266941149232658,1.7675120240731907,-1.6286373277814918,before_ekf,0.002353771495487651,-0.5040994194104128,1.8266941149232658,1.7675120240731907,-1.6286373277814918,-0.000113317126094199,-0.5044752710564402,1.8274797710310942,1.8109929210767972,-3.087374644311475,nan,nan,nan,nan,nan,nan,nan,nan,,0.051904528998420574,0.04156820399839489,0.03113722499983851,0.03113722499983851,0.020647535999160027,nan,nan,profile,1,1,1,2,7.903920412063599,4.096079587936401,0.4,-0.4,
1785154123.739927,53.25687000899961,4.4444444444444455,1.569438370245042,-4.4444444444444455,-1.569438370245042,0.0,0.0011789838081420361,-1.4027704716815712,-0.49969780371801215,1.8266941149232658,1.767512024073191,-1.6782153286272008,before_ekf,0.0011789838081420361,-0.49969780371801215,1.8266941149232658,1.767512024073191,-1.6782153286272008,0.000796678963188232,-0.5062952215504782,1.8274448728271881,1.8109753269829933,-3.1211236465745786,nan,nan,nan,nan,nan,nan,nan,nan,,0.051399854999544914,0.041192246999344206,0.03088378400025249,0.03088378400025249,0.0205531619994872,nan,nan,profile,1,1,1,2,7.986673355102539,4.013326644897461,0.4,-0.4,
1785154123.8226833,53.3396269900004,4.4444444444444455,1.5710323744091517,-4.4444444444444455,-1.3091936453409596,0.0,0.0011789838081420424,-1.4027704716815712,-0.5000056069303269,1.8266941149232658,1.767512024073191,-1.711267329191007,before_ekf,0.0011789838081420424,-0.5000056069303269,1.8266941149232658,1.767512024073191,-1.711267329191007,-0.0007238083196185499,-0.5024360689264414,1.8274419394747055,1.811002358269382,3.111731706863619,nan,nan,nan,nan,nan,nan,nan,nan,,0.05166717000065546,0.04138602100101707,0.03106402500088734,0.03106402500088734,0.02069697300066764,nan,nan,profile,1,1,1,2,8.069432258605957,3.930567741394043,0.4,-0.4,
1785154123.9050171,53.42196058599984,4.4444444444444455,1.5705661289173811,-4.4444444444444455,-1.5705661289173811,0.0,0.001178983808142044,-1.4027704716815712,-0.49984669018711275,1.8266941149232658,1.7675120240731912,-1.7277933294729093,before_ekf,0.001178983808142044,-0.49984669018711275,1.8266941149232658,1.7675120240731912,-1.7277933294729093,-8.368941582265107e-05,-0.5035319795761178,1.827463229173027,1.8109900334319073,3.0612966552693344,nan,nan,nan,nan,nan,nan,nan,nan,,0.05132320700067794,0.04114727299929655,0.03079542900013621,0.03079542900013621,0.02054404299997259,nan,nan,profile,1,1,1,2,8.151748418807983,3.8482515811920166,0.4,-0.4,
1785154123.9878423,53.50478570099949,4.4444444444444455,1.5730342826688495,-4.4444444444444455,-1.5730342826688495,0.0,3.759137739415862e-16,-1.4027704716815712,-0.4957525186063478,1.8266941149232658,1.7675120240731912,-1.7938973306005255,before_ekf,3.759137739415862e-16,-0.4957525186063478,1.8266941149232658,1.7675120240731912,-1.7938973306005255,0.0008078638074626,-0.5060272058132452,1.8274251998882394,1.810977600961665,3.0276435755681295,nan,nan,nan,nan,nan,nan,nan,nan,,0.05175397699895257,0.04143370500059973,0.031110867999814218,0.031110867999814218,0.020803752000574605,nan,nan,profile,1,1,1,2,8.23457145690918,3.7654285430908203,0.4,-0.4,
1785154124.0708725,53.58781599299982,4.4444444444444455,1.5709858033926438,-4.4444444444444455,-1.5709858033926438,0.0,0.0011788487980802904,-1.4027704716815712,-0.49190253216811763,1.8266043309856803,1.7671297303847908,-1.8420981647560788,before_ekf,0.0011788487980802904,-0.49190253216811763,1.8266043309856803,1.7671297303847908,-1.8420981647560788,0.0015515146106697046,-0.5083289141994957,1.8272983919456884,1.8109827730222499,2.960037253865231,nan,nan,nan,nan,nan,nan,nan,nan,,0.05154664799920283,0.041236367000237806,0.03087170400067407,0.03087170400067407,0.020537296000838978,nan,nan,profile,1,1,1,2,8.317604780197144,3.6823952198028564,0.4,-0.4,
1785154124.1432822,53.66022451000026,4.4444444444444455,1.571388441673604,-4.4444444444444455,-1.571388441673604,0.0,0.0011788487980789535,-1.4027704716815712,-0.49142190737677643,1.8266043309856803,1.7671297303847913,-1.8751501653198852,before_ekf,0.0011788487980789535,-0.49142190737677643,1.8266043309856803,1.7671297303847913,-1.8751501653198852,0.0015515146106697046,-0.5083289141994957,1.8272983919456884,1.8109827730222499,2.960037253865231,nan,nan,nan,nan,nan,nan,nan,nan,,0.04140534900034254,0.031027397000798373,0.020698784001069725,0.020698784001069725,0.09294581300127902,nan,nan,profile,1,1,1,2,8.390037536621094,3.6099624633789062,0.4,-0.4,
1785154124.2273993,53.744341339999664,4.4444444444444455,1.5698148942211785,-4.4444444444444455,-1.5698148942211785,0.0,0.0011788487980802869,-1.4027704716815712,-0.4916615566844298,1.8266043309856803,1.767129730384791,-1.8916761656017902,before_ekf,0.0011788487980802869,-0.4916615566844298,1.8266043309856803,1.767129730384791,-1.8916761656017902,0.0012907465656684248,-0.5082074523789383,1.8271597752312305,1.8110146858632306,2.9093252287322002,nan,nan,nan,nan,nan,nan,nan,nan,,0.05266012500032957,0.04229105999911553,0.03153625699997065,0.03153625699997065,0.021000037999328924,nan,nan,profile,1,1,1,2,8.474245309829712,3.525754690170288,0.4,-0.4,
1785154124.3108063,53.82774958099981,4.4444444444444455,1.5710792310320285,-4.4444444444444455,-1.5710792310320285,0.0,0.001178848798080365,-1.4027704716815712,-0.4918420501630158,1.8266043309856803,1.767129730384791,-1.9247281661655982,before_ekf,0.001178848798080365,-0.4918420501630158,1.8266043309856803,1.767129730384791,-1.9247281661655982,0.00048167025262860436,-0.5062935247851561,1.827082334786797,1.811049898117166,2.8585386669855692,nan,nan,nan,nan,nan,nan,nan,nan,,0.052025009999852045,0.04182392199982132,0.031257693999577896,0.031257693999577896,0.02085589099988283,nan,nan,profile,1,1,1,2,8.557533025741577,3.442466974258423,0.4,-0.4,
1785154124.3940485,53.910990881000544,4.4444444444444455,1.5775213634682161,-4.4444444444444455,-1.5775213634682161,0.0,-9.253000253693455e-16,-1.4027704716815712,-0.49567849740642966,1.82660433098568,1.7671297303847917,-2.0073581675751164,before_ekf,-9.253000253693455e-16,-0.49567849740642966,1.82660433098568,1.7671297303847917,-2.0073581675751164,0.0010289221638264828,-0.5073654386340583,1.8270080181522161,1.811062293711759,2.8079095858209016,nan,nan,nan,nan,nan,nan,nan,nan,,0.051881852001315565,0.04165765900143015,0.031321753000156605,0.031321753000156605,0.02084865200049535,nan,nan,profile,1,1,1,2,8.640852689743042,3.359147310256958,0.4,-0.4,
1785154124.4773967,53.994338705999326,4.4444444444444455,1.5748293071676223,-4.4444444444444455,-1.5748293071676223,0.0,0.0011803609874924245,-1.4027704716815712,-0.5001235595811833,1.8264351108681636,1.7667753675741333,-2.0417873348290825,before_ekf,0.0011803609874924245,-0.5001235595811833,1.8264351108681636,1.7667753675741333,-2.0417873348290825,0.001151318668942056,-0.503252334879579,1.8269374672696608,1.8110852276878244,2.7742981272970786,nan,nan,nan,nan,nan,nan,nan,nan,,0.05195808399912494,0.04150219700022717,0.031115503999899374,0.031115503999899374,0.02082987199901254,nan,nan,profile,1,1,1,2,8.724178552627563,3.2758214473724365,0.4,-0.4,
1785154124.5608435,54.077786122999896,4.4444444444444455,1.571146032478806,-4.4444444444444455,-1.571146032478806,0.0,1.050457983055572e-05,-1.4027704716815712,-0.5042586835926122,1.8266164287078577,1.767123695423664,-2.109268502646856,before_ekf,1.050457983055572e-05,-0.5042586835926122,1.8266164287078577,1.767123695423664,-2.109268502646856,0.0011865329609576142,-0.5014163381979513,1.8268650288525803,1.8111132941640677,2.7408726916200994,nan,nan,nan,nan,nan,nan,nan,nan,,0.05215074499938055,0.04151004000050307,0.031066449999343604,0.031066449999343604,0.020721310000226367,nan,nan,profile,1,1,1,2,8.807605028152466,3.192394971847534,0.4,-0.4,
1785154124.6438107,54.16075347900005,4.4444444444444455,1.5671293069019183,-4.4444444444444455,-1.5671293069019183,0.0,1.0504579830476096e-05,-1.4027704716815712,-0.504222187239774,1.8266164287078575,1.767123695423664,-2.142320503210664,before_ekf,1.0504579830476096e-05,-0.504222187239774,1.8266164287078575,1.767123695423664,-2.142320503210664,0.00047225608187063473,-0.4983398705038968,1.8267957865255988,1.8111583162200173,2.690886400122606,nan,nan,nan,nan,nan,nan,nan,nan,,0.05192712099960772,0.041642943000624655,0.031023699000797933,0.031023699000797933,0.02060826900014945,nan,nan,profile,1,1,1,2,8.890567541122437,3.1094324588775635,0.4,-0.4,
1785154124.7267184,54.2436604630002,4.4444444444444455,1.5690140680248865,-4.4444444444444455,-1.5690140680248865,0.0,1.0504579831636921e-05,-1.4027704716815712,-0.5037390691603877,1.8266164287078572,1.767123695423664,-2.175372503774472,before_ekf,1.0504579831636921e-05,-0.5037390691603877,1.8266164287078572,1.767123695423664,-2.175372503774472,-0.0006890211502021582,-0.4947479671817689,1.8268261506899042,1.8111666851248622,2.657847567221541,nan,nan,nan,nan,nan,nan,nan,nan,,0.05176333400049771,0.04147638300128165,0.031178661000012653,0.031178661000012653,0.02072162100012065,nan,nan,profile,1,1,1,2,8.973526239395142,3.0264737606048584,0.4,-0.4,
1785154124.810255,54.327197573999,4.4444444444444455,1.5710767797108427,-4.4444444444444455,-1.8329229096626498,0.0,-0.0023570577001448866,-1.4027704716815712,-0.5040296420251623,1.8268425243095852,1.7674447705373513,-2.2098016710284365,before_ekf,-0.0023570577001448866,-0.5040296420251623,1.8268425243095852,1.7674447705373513,-2.2098016710284365,-0.0010479460744275116,-0.4930099302289079,1.8268845664891222,1.8111424726057812,2.6249447943103377,nan,nan,nan,nan,nan,nan,nan,nan,,0.05193934499948227,0.04161425699930987,0.03115723199880449,0.03115723199880449,0.020710762999442522,nan,nan,profile,1,1,1,2,9.057085514068604,2.9429144859313965,0.4,-0.4,
1785154124.8935456,54.41048847899947,4.4444444444444455,1.5731550840648418,-4.4444444444444455,-1.5731550840648418,0.0,-0.0011872012924833513,-1.4027704716815712,-0.4999445338473226,1.826842524309585,1.7674447705373513,-2.2428536715922447,before_ekf,-0.0011872012924833513,-0.4999445338473226,1.826842524309585,1.7674447705373513,-2.2428536715922447,-0.0011542426095769592,-0.492103398049187,1.8269498568375768,1.8111065647205882,2.5920537411287823,nan,nan,nan,nan,nan,nan,nan,nan,,0.05204807799964328,0.04181489899929147,0.03133514699948137,0.03133514699948137,0.020846335999522125,nan,nan,profile,1,1,1,2,9.140337228775024,2.8596627712249756,0.4,-0.4,
1785154124.977352,54.4942949719989,4.4444444444444455,1.5702668956083732,-4.4444444444444455,-1.8319780448764353,0.0,-0.0023654513562688644,-1.4027704716815712,-0.5041230063354916,1.8270947634760006,1.7677457420520764,-2.310334839410018,before_ekf,-0.0023654513562688644,-0.5041230063354916,1.8270947634760006,1.7677457420520764,-2.310334839410018,-0.001541238400965217,-0.49040649915027573,1.827123759608694,1.8110023412716152,2.5266921224226477,nan,nan,nan,nan,nan,nan,nan,nan,,0.051956750998215284,0.041747485998712364,0.031299708998631104,0.031299708998631104,0.02083722999850579,nan,nan,profile,1,1,1,2,9.224079847335815,2.7759201526641846,0.4,-0.4,
1785154125.0607095,54.577652197000134,4.4444444444444455,1.5703441304990782,-4.4444444444444455,-1.5703441304990782,0.0,-0.002365451356268777,-1.4027704716815712,-0.5044732807829461,1.8270947634760006,1.7677457420520764,-2.3433868399738262,before_ekf,-0.002365451356268777,-0.5044732807829461,1.8270947634760006,1.7677457420520764,-2.3433868399738262,-0.00230986984792954,-0.4947186853833047,1.8273430756073064,1.8108562253192415,2.4609885135008067,nan,nan,nan,nan,nan,nan,nan,nan,,0.051767975000984734,0.04153398900052707,0.031107210999834933,0.031107210999834933,0.02063806200021645,nan,nan,profile,1,1,1,2,9.307474613189697,2.6925253868103027,0.4,-0.4,
1785154125.145127,54.66207058799955,4.4444444444444455,1.5640523053001958,-4.4444444444444455,-1.5640523053001958,0.0,-0.001178250063784439,-1.4027704716815712,-0.49980603913538346,1.8270947634760006,1.7677457420520764,-2.376438840537634,before_ekf,-0.001178250063784439,-0.49980603913538346,1.8270947634760006,1.7677457420520764,-2.376438840537634,-0.0023682875665463556,-0.4954294677236858,1.8274636504088195,1.8107579650529473,2.427970203240166,nan,nan,nan,nan,nan,nan,nan,nan,,0.0529041240006336,0.04268826499901479,0.03187375100060308,0.03187375100060308,0.020989655000448693,nan,nan,profile,1,1,1,2,9.391849994659424,2.608150005340576,0.4,-0.4,
1785154125.2181425,54.73508524099998,4.4444444444444455,1.8251790084343227,-4.4444444444444455,-1.5644391500865624,0.0,-0.0011782500637856877,-1.4027704716815712,-0.49973732142557103,1.8270947634760006,1.7677457420520764,-2.392964840819537,before_ekf,-0.0011782500637856877,-0.49973732142557103,1.8270947634760006,1.7677457420520764,-2.392964840819537,-0.0023682875665463556,-0.4954294677236858,1.8274636504088195,1.8107579650529473,2.427970203240166,nan,nan,nan,nan,nan,nan,nan,nan,,0.0413506029999553,0.03111657999943418,0.02064623499973095,0.02064623499973095,0.09400430800087634,nan,nan,profile,1,1,1,2,9.464910507202148,2.5350894927978516,0.4,-0.4,
1785154125.3017926,54.81873530099983,4.4444444444444455,1.3099784534517802,-4.4444444444444455,-1.8339698348324924,0.0,-0.001178250063784434,-1.4027704716815712,-0.49967625452011016,1.8270947634760006,1.7677457420520761,-2.426016841383346,before_ekf,-0.001178250063784434,-0.49967625452011016,1.8270947634760006,1.7677457420520761,-2.426016841383346,-0.0014751101844121526,-0.49827834659314685,1.8275968342495559,1.8106194674061913,2.378318991404729,nan,nan,nan,nan,nan,nan,nan,nan,,0.05222128499917744,0.041988241000581183,0.03134751200013852,0.03134751200013852,0.020571999999447144,nan,nan,profile,1,1,1,2,9.548538208007812,2.4514617919921875,0.4,-0.4,
1785154125.3852007,54.90214322899919,4.4444444444444455,1.8330825263205608,-4.4444444444444455,-1.5712135939890521,0.0,-0.001178014110402956,-1.4027704716815712,-0.4997293193719464,1.8273934299124472,1.7680007063819148,-2.476972008919215,before_ekf,-0.001178014110402956,-0.4997293193719464,1.8273934299124472,1.7680007063819148,-2.476972008919215,-0.0012746509488385151,-0.49924335327882063,1.8276567103603982,1.8105561502653418,2.3450415049476163,nan,nan,nan,nan,nan,nan,nan,nan,,0.05207506199985801,0.04168505300003744,0.03121201599969936,0.03121201599969936,0.020716965000247,nan,nan,profile,1,1,1,2,9.63198971748352,2.3680102825164795,0.4,-0.4,
1785154125.4684393,54.98538093999923,4.4444444444444455,1.577247458168501,-4.4444444444444455,-1.577247458168501,0.0,1.940993232909181e-06,-1.4027704716815712,-0.4958856812771663,1.8270747375550502,1.76777126183311,-2.5416988433566736,before_ekf,1.940993232909181e-06,-0.4958856812771663,1.8270747375550502,1.76777126183311,-2.5416988433566736,-0.0003719084997228475,-0.4972961493920761,1.8276714802597007,1.8105172923230275,2.3118525978200593,nan,nan,nan,nan,nan,nan,nan,nan,,0.05200870499902521,0.04153336899980786,0.031126300998948864,0.031126300998948864,0.020764453998708632,nan,nan,profile,1,1,1,2,9.715274333953857,2.2847256660461426,0.4,-0.4,
1785154125.5512974,55.068239748999986,4.4444444444444455,1.5709934393417309,-4.4444444444444455,-1.5709934393417309,0.0,-0.001171131480160657,-1.4027704716815712,-0.49974853969058985,1.8274044078152591,1.767984629987444,-2.5761280106106383,before_ekf,-0.001171131480160657,-0.49974853969058985,1.8274044078152591,1.767984629987444,-2.5761280106106383,-0.0009479215261490876,-0.49871455764100003,1.827715553685809,1.8104843201266685,2.278622591093444,nan,nan,nan,nan,nan,nan,nan,nan,,0.05150790500010771,0.041306314000394195,0.030926479999834555,0.030926479999834555,0.02057727499959583,nan,nan,profile,1,1,1,2,9.798060417175293,2.201939582824707,0.4,-0.4,
1785154125.634073,55.15101583700016,4.4444444444444455,1.8312613477004305,-4.4444444444444455,-1.8312613477004305,0.0,0.0011787449245676072,-1.4027704716815712,-0.4995778010069548,1.8270642979393432,1.7677883299057973,-2.627083178146508,before_ekf,0.0011787449245676072,-0.4995778010069548,1.8270642979393432,1.7677883299057973,-2.627083178146508,-0.0011604767773672551,-0.4995494295730905,1.8277888342871174,1.8104015959024453,2.2286356592779537,nan,nan,nan,nan,nan,nan,nan,nan,,0.05167730799985293,0.0414820090009016,0.031055515000844025,0.031055515000844025,0.020667818000219995,nan,nan,profile,1,1,1,2,9.880831003189087,2.119168996810913,0.4,-0.4,
1785154125.7169633,55.23390583099899,4.4444444444444455,1.5707702363012717,-4.4444444444444455,-1.5707702363012717,0.0,2.245403734666383e-06,-1.4027704716815712,-0.4957287973036008,1.8274137194141613,1.767967534405114,-2.6752840123020594,before_ekf,2.245403734666383e-06,-0.4957287973036008,1.8274137194141613,1.767967534405114,-2.6752840123020594,-0.002262382107218066,-0.5029014504156935,1.8279451330134444,1.8102220539915836,2.161789407484175,nan,nan,nan,nan,nan,nan,nan,nan,,0.05157324099855032,0.04126969499884581,0.03086361499845225,0.03086361499845225,0.02056949799953145,nan,nan,profile,1,1,1,2,9.963719606399536,2.036280393600464,0.4,-0.4,
1785154125.799945,55.31688796799972,4.4444444444444455,1.5707006868300757,-4.4444444444444455,-1.5707006868300757,0.0,-0.001177709699901277,-1.4027704716815712,-0.49986820597425874,1.8274137194141613,1.7679675344051138,-2.708336012865867,before_ekf,-0.001177709699901277,-0.49986820597425874,1.8274137194141613,1.7679675344051138,-2.708336012865867,-0.0023444762007369547,-0.5034797924998802,1.8280309567552366,1.8100945690048615,2.1282490195028636,nan,nan,nan,nan,nan,nan,nan,nan,,0.051589868000519346,0.04138418299953628,0.03102205600043817,0.03102205600043817,0.020709692000309587,nan,nan,profile,1,1,1,2,10.046714067459106,1.9532859325408936,0.4,-0.4,
1785154125.8837824,55.40072545399926,4.4444444444444455,1.5714413563284289,-4.4444444444444455,-1.5714413563284289,0.0,-0.0011777096999012753,-1.4027704716815712,-0.49969890773576325,1.8274137194141615,1.7679675344051138,-2.7248620131477703,before_ekf,-0.0011777096999012753,-0.49969890773576325,1.8274137194141615,1.7679675344051138,-2.7248620131477703,-0.0020175864095651973,-0.5025483120931886,1.8281630453797724,1.809862274688705,2.0611731213605937,nan,nan,nan,nan,nan,nan,nan,nan,,0.05236474799858115,0.042105886999706854,0.03159302799940633,0.03159302799940633,0.02128646599885542,nan,nan,profile,1,1,1,2,10.130531072616577,1.8694689273834229,0.4,-0.4,
1785154125.9677217,55.484664907999104,4.4444444444444455,1.5701938120253465,-4.4444444444444455,-1.5701938120253465,0.0,-0.0011764995208331905,-1.4027704716815712,-0.4915852028327833,1.8274137194141615,1.7679675344051136,-2.790966014275385,before_ekf,-0.0011764995208331905,-0.4915852028327833,1.8274137194141615,1.7679675344051136,-2.790966014275385,-0.0022645404147824066,-0.5033068937449672,1.8282345154663957,1.8097356939321894,2.0276958847033617,nan,nan,nan,nan,nan,nan,nan,nan,,0.05228714799886802,0.04173627999989549,0.031225298000208568,0.031225298000208568,0.020752679998622625,nan,nan,profile,1,1,1,2,10.214515686035156,1.7854843139648438,0.4,-0.4,
1785154126.0509849,55.5679280330005,4.4444444444444455,1.570878012451544,-4.4444444444444455,-1.570878012451544,0.0,-2.583102030548502e-16,-1.4027704716815712,-0.4957439617782747,1.8274137194141618,1.7679675344051136,-2.8405440151210968,before_ekf,-2.583102030548502e-16,-0.4957439617782747,1.8274137194141618,1.7679675344051136,-2.8405440151210968,-0.0015021900281703728,-0.5014527925476241,1.8282712078819843,1.8096282812901967,1.994226425925742,nan,nan,nan,nan,nan,nan,nan,nan,,0.051600656001028256,0.04130011699999159,0.030900769001164008,0.030900769001164008,0.02060468200033938,nan,nan,profile,1,1,1,2,10.2977454662323,1.7022545337677002,0.4,-0.4,
1785154126.1337352,55.650678260999484,4.4444444444444455,1.5707091681431566,-4.4444444444444455,-1.5707091681431566,0.0,-1.5919565216019903e-15,-1.4027704716815712,-0.49570168487787863,1.827413719414162,1.7679675344051136,-2.8570700154029995,before_ekf,-1.5919565216019903e-15,-0.49570168487787863,1.827413719414162,1.7679675344051136,-2.8570700154029995,-0.001274583652419285,-0.5001986743119008,1.8283037610153283,1.8095451885976048,1.9606244352897721,nan,nan,nan,nan,nan,nan,nan,nan,,0.051677745999768376,0.04143236100026115,0.031069978000232368,0.031069978000232368,0.02077671500046563,nan,nan,profile,1,1,1,2,10.380545616149902,1.6194543838500977,0.4,-0.4,
1785154126.2168787,55.73382161799964,4.4444444444444455,1.5697617596096083,-4.4444444444444455,-1.5697617596096083,0.0,-1.5899717168776305e-15,-1.4027704716815712,-0.49570821504890594,1.8274137194141622,1.7679675344051136,-2.906648016248709,before_ekf,-1.5899717168776305e-15,-0.49570821504890594,1.8274137194141622,1.7679675344051136,-2.906648016248709,-0.0012019359636182801,-0.5000908495866931,1.8283489845875336,1.8094307691072402,1.9108873251786613,nan,nan,nan,nan,nan,nan,nan,nan,,0.051762789000349585,0.04153807299917389,0.031081981000170344,0.031081981000170344,0.020694122998975217,nan,nan,profile,1,1,1,2,10.463687419891357,1.5363125801086426,0.4,-0.4,
1785154126.3002663,55.817209535000075,4.4444444444444455,1.5713631646292734,-4.4444444444444455,-1.5713631646292734,0.0,-2.5833217511375246e-16,-1.4027704716815712,-0.4958168860895166,1.827413719414162,1.7679675344051136,-2.956226017094423,before_ekf,-2.5833217511375246e-16,-0.4958168860895166,1.827413719414162,1.7679675344051136,-2.956226017094423,-0.00033941492779735426,-0.49773883294058824,1.8283459985708903,1.80939265566145,1.8776978050249689,nan,nan,nan,nan,nan,nan,nan,nan,,0.05174419600007241,0.04143694000049436,0.031035642999995616,0.031035642999995616,0.02069075100007467,nan,nan,profile,1,1,1,2,10.54711127281189,1.4528887271881104,0.4,-0.4,
1785154126.3832757,55.900219241999366,4.4444444444444455,1.570606927305533,-4.4444444444444455,-1.570606927305533,0.0,-0.0011728970513176082,-1.4027704716815712,-0.49983601826871443,1.8278023846470992,1.7680236395426294,-3.0071811846302925,before_ekf,-0.0011728970513176082,-0.49983601826871443,1.8278023846470992,1.7680236395426294,-3.0071811846302925,-8.981061271301933e-05,-0.49670118979434585,1.8283453090128616,1.809381602467423,1.8445661405609828,nan,nan,nan,nan,nan,nan,nan,nan,,0.05158922099872143,0.04137911699945107,0.030982423999375897,0.030982423999375897,0.02058518099875073,nan,nan,profile,1,1,1,2,10.630105018615723,1.3698949813842773,0.4,-0.4,
1785154126.467159,55.98410150000018,4.4444444444444455,1.5719655547745381,-4.4444444444444455,-1.5719655547745381,0.0,-0.0011728970513176077,-1.4027704716815712,-0.4997860185793959,1.8278023846470994,1.7680236395426294,-3.0237071849121953,before_ekf,-0.0011728970513176077,-0.4997860185793959,1.8278023846470994,1.7680236395426294,-3.0237071849121953,3.2194221566019587e-07,-0.4963161938054651,1.8283454608647816,1.8093783954043658,1.7948943626455538,nan,nan,nan,nan,nan,nan,nan,nan,,0.05217525999978534,0.04185898000105226,0.031447061999642756,0.031447061999642756,0.021111070000188192,nan,nan,profile,1,1,1,2,10.713956594467163,1.286043405532837,0.4,-0.4,
1785154126.551701,56.068644025999674,4.4444444444444455,1.5714509303944617,-4.4444444444444455,-1.8333594187935387,0.0,-0.0011728970513177786,-1.4027704716815712,-0.5000469963687005,1.8278023846470997,1.7680236395426294,-3.0732851857579067,before_ekf,-0.0011728970513177786,-0.5000469963687005,1.8278023846470997,1.7680236395426294,-3.0732851857579067,1.0151498975873012e-05,-0.500160036814069,1.8283458706821165,1.8093785124768584,1.7615182835240724,nan,nan,nan,nan,nan,nan,nan,nan,,0.05271458800052642,0.042140040999584016,0.031460502999834716,0.031460502999834716,0.02080281499911507,nan,nan,profile,1,1,1,2,10.798493146896362,1.2015068531036377,0.4,-0.4,
1785154126.6349015,56.15184457400028,4.4444444444444455,1.5709056304086606,-4.4444444444444455,-1.5709056304086606,0.0,4.317206741935933e-06,-1.4027704716815712,-0.5040714372647453,1.8274103823608143,1.7680003445367922,-3.091188352729968,before_ekf,4.317206741935933e-06,-0.5040714372647453,1.8274103823608143,1.7680003445367922,-3.091188352729968,1.3445308244857831e-05,-0.5023345408615758,1.8283464224482608,1.8093798238156702,1.7114583623744046,nan,nan,nan,nan,nan,nan,nan,nan,,0.051912130000346224,0.041622803000791464,0.03117906999978004,0.03117906999978004,0.02074094999989029,nan,nan,profile,1,1,1,2,10.881641387939453,1.1183586120605469,0.4,-0.4,
1785154126.7182283,56.23517023400018,4.4444444444444455,1.5710808809640568,-4.4444444444444455,-1.5710808809640568,0.0,-0.0011756801634374865,-1.4027704716815712,-0.5082397150279264,1.8278027388579272,1.7680166181019512,3.1410417869137484,before_ekf,-0.0011756801634374865,-0.5082397150279264,1.8278027388579272,1.7680166181019512,3.1410417869137484,1.2513611912492743e-05,-0.503267001063966,1.8283469469639508,1.809380175029257,1.67799149418627,nan,nan,nan,nan,nan,nan,nan,nan,,0.05183677900095063,0.0414982330003113,0.031165739999778452,0.031165739999778452,0.020749616000102833,nan,nan,profile,1,1,1,2,10.965010404586792,1.034989595413208,0.4,-0.4,
1785154126.8013537,56.31829737899898,4.4444444444444455,1.5710653245997748,-4.4444444444444455,-1.5710653245997748,0.0,-2.7831121201338274e-06,-1.4027704716815712,-0.5040706594956852,1.8278027388579274,1.7680166181019512,3.091463786068037,before_ekf,-2.7831121201338274e-06,-0.5040706594956852,1.8278027388579274,1.7680166181019512,3.091463786068037,1.2094622230471286e-05,-0.5037392703782594,1.8283474479746067,1.8093805256648505,1.6444054344684167,nan,nan,nan,nan,nan,nan,nan,nan,,0.051967705998322344,0.04170109199912986,0.03129757399983646,0.03129757399983646,0.020884705998469144,nan,nan,profile,1,1,1,2,11.048113107681274,0.9518868923187256,0.4,-0.4,
1785154126.8849578,56.40190030799931,4.4444444444444455,1.5706891429677805,-4.4444444444444455,-1.5706891429677805,0.0,0.0011704230514108984,-1.4027704716815712,-0.5078932963970358,1.8274111668710566,1.7680462800109944,3.0570346188140705,before_ekf,0.0011704230514108984,-0.5078932963970358,1.8274111668710566,1.7680462800109944,3.0570346188140705,1.1639639548994565e-05,-0.5038120751225943,1.828347937887811,1.8093808650116836,1.6107922534636518,nan,nan,nan,nan,nan,nan,nan,nan,,0.05200481499923626,0.041436977999183,0.03110201900017273,0.03110201900017273,0.020797358998606796,nan,nan,profile,1,1,1,2,11.131720781326294,0.868279218673706,0.4,-0.4,
1785154126.9680276,56.484969930999796,4.4444444444444455,1.5702934089248204,-4.4444444444444455,-1.5702934089248204,0.0,-5.7607568803318136e-06,-1.4027704716815712,-0.5040581222507443,1.8278041631984623,1.7680229845485627,2.973027450714396,before_ekf,-5.7607568803318136e-06,-0.5040581222507443,1.8278041631984623,1.7680229845485627,2.973027450714396,9.404441788069696e-06,-0.49767189471207124,1.8283486888847869,1.80938104036398,1.5608809113126039,nan,nan,nan,nan,nan,nan,nan,nan,,0.05175957400024345,0.04152316100044118,0.031112468999708653,0.031112468999708653,0.02068845199937641,nan,nan,profile,1,1,1,2,11.21484899520874,0.7851510047912598,0.4,-0.4,
1785154127.051502,56.56844427099895,4.4444444444444455,1.570551901802419,-4.4444444444444455,-1.570551901802419,0.0,-5.760756880337123e-06,-1.4027704716815712,-0.5037420166782919,1.827804163198462,1.7680229845485627,2.956501450432491,before_ekf,-5.760756880337123e-06,-0.5037420166782919,1.827804163198462,1.7680229845485627,2.956501450432491,1.0351854949199431e-05,-0.49664689173349874,1.8283491236139355,1.8093813692885397,1.5277627908233227,nan,nan,nan,nan,nan,nan,nan,nan,,0.05220197399830795,0.04177447499932896,0.03136199699838471,0.03136199699838471,0.02091766399826156,nan,nan,profile,1,1,1,2,11.298391580581665,0.701608419418335,0.4,-0.4,
1785154127.135224,56.65216687300017,4.4444444444444455,1.5696802056846446,-4.4444444444444455,-1.5696802056846446,0.0,0.0011746256076242884,-1.4027704716815712,-0.5082194633809044,1.8274201431092338,1.7681050639054,2.9220722831785264,before_ekf,0.0011746256076242884,-0.5082194633809044,1.8274201431092338,1.7681050639054,2.9220722831785264,8.417144641134086e-06,-0.49588487224525174,1.8283500314681644,1.8093822402035995,1.4615644567046857,nan,nan,nan,nan,nan,nan,nan,nan,,0.05182873600097082,0.04150705500069307,0.031069934000697685,0.031069934000697685,0.020647440000175266,nan,nan,profile,1,1,1,2,11.38198971748352,0.6180102825164795,0.4,-0.4,
1785154127.2181354,56.73507827499998,4.4444444444444455,1.5759850843266832,-4.4444444444444455,-1.5759850843266832,0.0,1.4194440932620666e-06,-1.4027704716815712,-0.5041480201133707,1.827420143109234,1.7681050639054,2.872494282332815,before_ekf,1.4194440932620666e-06,-0.5041480201133707,1.827420143109234,1.7681050639054,2.872494282332815,-0.000890264576905352,-0.4931273992880657,1.828361073033254,1.8093384811123026,1.4120410007774993,nan,nan,nan,nan,nan,nan,nan,nan,,0.05182812800012471,0.0415938570004073,0.031224877000568085,0.031224877000568085,0.02089225700001407,nan,nan,profile,1,1,1,2,11.465003967285156,0.5349960327148438,0.4,-0.4,
1785154127.3020346,56.818977040999016,4.4444444444444455,1.5706541825913722,-4.4444444444444455,-1.5706541825913722,0.0,0.00235920141489875,-1.4027704716815712,-0.5119848498686703,1.827420143109234,1.7681050639054,2.853213948670595,before_ekf,0.00235920141489875,-0.5119848498686703,1.827420143109234,1.7681050639054,2.853213948670595,-0.001143115465233926,-0.49190326897745423,1.8283467339244595,1.8092316239533726,1.3629357059242082,nan,nan,nan,nan,nan,nan,nan,nan,,0.052145451998512726,0.04191450699909183,0.031533760999082006,0.031533760999082006,0.021174686999074765,nan,nan,profile,1,1,1,2,11.54900074005127,0.45099925994873047,0.4,-0.4,
1785154127.3858638,56.90280732899919,4.4444444444444455,1.570694608612043,-4.4444444444444455,-1.570694608612043,0.0,0.0011803863645037057,-1.4027704716815712,-0.5084462225771267,1.8274201431092343,1.7681050639054,2.7705839472610756,before_ekf,0.0011803863645037057,-0.5084462225771267,1.8274201431092343,1.7681050639054,2.7705839472610756,-0.0011698360719428356,-0.49169273591155005,1.828322713854027,1.809118470111642,1.3137522211292234,nan,nan,nan,nan,nan,nan,nan,nan,,0.051678021998668555,0.0413973939994321,0.03098789799878432,0.03098789799878432,0.02064776599945617,nan,nan,profile,1,1,1,2,11.632632493972778,0.3673675060272217,0.4,-0.4,
1785154127.4694107,56.986353115000384,4.4444444444444455,1.5697554062874333,-4.4444444444444455,-1.5697554062874333,0.0,-9.202428562802014e-16,-1.4027704716815712,-0.5040010130555663,1.8274201431092345,1.7681050639054,2.7540579469791724,before_ekf,-9.202428562802014e-16,-0.5040010130555663,1.8274201431092345,1.7681050639054,2.7540579469791724,-0.002233758678930848,-0.49486467691926284,1.828287012604694,1.808922862206786,1.2643452004855489,nan,nan,nan,nan,nan,nan,nan,nan,,0.052136725000309525,0.0417346650010586,0.03133150200119417,0.03133150200119417,0.02063404000000446,nan,nan,profile,1,1,1,2,11.716150045394897,0.28384995460510254,0.4,-0.4,
1785154127.5539675,57.070908281999436,4.4444444444444455,1.5675555937115695,-4.4444444444444455,-1.5675555937115695,0.0,0.0011823436767199771,-1.4027704716815712,-0.5080942956614003,1.8270579130429192,1.7682567142559011,2.7031027794433027,before_ekf,0.0011823436767199771,-0.5080942956614003,1.8270579130429192,1.7682567142559011,2.7031027794433027,-0.0015082049185945073,-0.4975488217121145,1.828239677495482,1.8088185077710701,1.2312165650519136,nan,nan,nan,nan,nan,nan,nan,nan,,0.053106972000023234,0.04226909699900716,0.03172203800022544,0.03172203800022544,0.020892720998745062,nan,nan,profile,1,1,1,2,11.800822257995605,0.19917774200439453,0.4,-0.4,
1785154127.6375113,57.15445403400008,4.4444444444444455,1.5697460881746035,-4.4444444444444455,-1.5697460881746035,0.0,0.0011823436767204782,-1.4027704716815712,-0.49991653547401266,1.8270579130429192,1.7682567142559016,2.6369987783156863,before_ekf,0.0011823436767204782,-0.49991653547401266,1.8270579130429192,1.7682567142559016,2.6369987783156863,-0.0012157637912386763,-0.5059954766984457,1.8281728597467748,1.8086534060067656,1.1641516080135732,nan,nan,nan,nan,nan,nan,nan,nan,,0.05220077800004219,0.04194244800055458,0.031410685000082594,0.031410685000082594,0.020993140000427957,nan,nan,profile,1,1,1,2,11.88443899154663,0.11556100845336914,0.4,-0.4,
1785154127.7218063,57.238748739000584,4.4444444444444455,1.5695874148720879,-4.4444444444444455,-1.5695874148720879,0.0,0.0011823436767191477,-1.4027704716815712,-0.49980669125256594,1.8270579130429196,1.7682567142559016,2.60394677775188,before_ekf,0.0011823436767191477,-0.49980669125256594,1.8270579130429196,1.7682567142559016,2.60394677775188,-0.0003617834194767363,-0.5049242831402937,1.8281432195878207,1.8086227706686733,1.130516923404821,nan,nan,nan,nan,nan,nan,nan,nan,,0.0522625710000284,0.041826185000900296,0.031339737000962486,0.031339737000962486,0.020945566000591498,nan,nan,profile,1,1,1,2,11.968574285507202,0.03142571449279785,0.4,-0.4,
1785154127.794436,57.3113796130001,4.4444444444444455,1.572078262293101,-4.4444444444444455,-1.572078262293101,0.0,4.994782757059869e-06,-1.4027704716815712,-0.49585567105306855,1.8273936726783706,1.7680530599241504,2.588797944160135,before_ekf,4.994782757059869e-06,-0.49585567105306855,1.8273936726783706,1.7680530599241504,2.588797944160135,-0.0003617834194767363,-0.5049242831402937,1.8281432195878207,1.8086227706686733,1.130516923404821,nan,nan,nan,nan,nan,nan,nan,nan,,0.04143491700051527,0.031034063000333845,0.020622881000235793,0.020622881000235793,0.09357644000010623,nan,nan,profile,1,1,2,2,0.041173458099365234,9.958826541900635,0.0,0.0,
1785154127.8773007,57.394244151999374,4.4444444444444455,1.570909353722897,-4.4444444444444455,-1.570909353722897,0.0,-0.0011773488939638402,-1.4027704716815712,-0.49158449367319584,1.8273936726783706,1.7680530599241506,2.555745943596327,before_ekf,-0.0011773488939638402,-0.49158449367319584,1.8273936726783706,1.7680530599241506,2.555745943596327,0.0008387175971004957,-0.5069615359543044,1.8281356503659354,1.8086532885580509,1.079946518430191,nan,nan,nan,nan,nan,nan,nan,nan,,0.051612150000437396,0.04136636399925919,0.031007771998702083,0.031007771998702083,0.020558006999635836,nan,nan,profile,1,1,2,2,0.12404751777648926,9.87595248222351,0.0,0.0,
1785154127.9599283,57.47687179499917,0.0,1.57075963384985,0.0,-1.57075963384985,0.0,-0.0011773488939638415,0.0,-0.4915598430624731,1.8273936726783706,1.7680530599241508,2.5226939430325186,before_ekf,-0.0011773488939638415,-0.4915598430624731,1.8273936726783706,1.7680530599241508,2.5226939430325186,0.0002515243563335882,-0.5053121481379341,1.8281571260264429,1.8086691821726475,1.0462363119781068,nan,nan,nan,nan,nan,nan,nan,nan,,0.051351092999539105,0.04117545699955372,0.030877825998686603,0.030877825998686603,0.02055796099921281,nan,nan,profile,1,1,2,2,0.2066657543182373,9.793334245681763,0.0,0.0,
1785154128.0435083,57.560450589999164,0.0,1.832567364776913,0.0,-1.832567364776913,0.0,-0.0023543612558958355,0.0,-0.4874211249488417,1.8276999945394894,1.7678073435489539,2.441441108313161,before_ekf,-0.0023543612558958355,-0.4874211249488417,1.8276999945394894,1.7678073435489539,2.441441108313161,0.0018145970717538778,-0.5030467582373123,1.828199107784506,1.8087898906559718,0.9958228456873776,nan,nan,nan,nan,nan,nan,nan,nan,,0.05248070400011784,0.04224417299883498,0.03166638599941507,0.03166638599941507,0.02061013999991701,nan,nan,profile,1,1,2,2,0.290250301361084,9.709749698638916,0.0,0.0,
1785154128.1263974,57.6433404849995,0.0,1.5695412117740772,0.0,-1.5695412117740772,0.0,-0.0011770123619337502,0.0,-0.4916262620200273,1.8276999945394896,1.7678073435489539,2.4249151080312576,before_ekf,-0.0011770123619337502,-0.4916262620200273,1.8276999945394896,1.7678073435489539,2.4249151080312576,0.0023389884005540016,-0.4972592323810693,1.828350209529377,1.8090260029414749,0.9292648044016981,nan,nan,nan,nan,nan,nan,nan,nan,,0.05173119099890755,0.04149360900009924,0.031139364999035024,0.031139364999035024,0.020744731999002397,nan,nan,profile,1,1,2,2,0.37320446968078613,9.626795530319214,0.0,0.0,
1785154128.1990905,57.71603348200006,0.0,1.5715311590495566,0.0,-1.5715311590495566,0.0,-0.0023567477283424577,0.0,-0.4958849608066166,1.8279894152645328,1.767541930486605,2.373959940495388,before_ekf,-0.0023567477283424577,-0.4958849608066166,1.8279894152645328,1.767541930486605,2.373959940495388,0.0023389884005540016,-0.4972592323810693,1.828350209529377,1.8090260029414749,0.9292648044016981,nan,nan,nan,nan,nan,nan,nan,nan,,0.04141796800104203,0.03117027600092115,0.020780367000043043,0.020780367000043043,0.09343772899956093,nan,nan,profile,1,1,2,2,0.44589805603027344,9.554101943969727,0.0,0.0,
1785154128.283756,57.80069946100048,0.0,1.5710540110737932,0.0,-1.5710540110737932,0.0,-0.0023567477283437874,0.0,-0.495834826564281,1.827989415264533,1.7675419304866047,2.3574339402134847,before_ekf,-0.0023567477283437874,-0.495834826564281,1.827989415264533,1.7675419304866047,2.3574339402134847,0.002383925902499255,-0.4722743410267621,1.828543706748845,1.8092737910669756,0.8646830757326391,nan,nan,nan,nan,nan,nan,nan,nan,,0.052797420999922906,0.042300986000554985,0.03160563900019042,0.03160563900019042,0.020918801999869174,nan,nan,profile,1,1,2,2,0.530564546585083,9.469435453414917,0.0,0.0,
1785154128.3568542,57.87379754799986,0.0,1.5718090748179834,0.0,-1.5718090748179834,0.0,-0.0011797353664102957,0.0,-0.5001357137124252,1.8279894152645328,1.7675419304866045,2.274803938803967,before_ekf,-0.0011797353664102957,-0.5001357137124252,1.8279894152645328,1.7675419304866045,2.274803938803967,0.002383925902499255,-0.4722743410267621,1.828543706748845,1.8092737910669756,0.8646830757326391,nan,nan,nan,nan,nan,nan,nan,nan,,0.041662876999907894,0.03131300799941528,0.02081923200057645,0.02081923200057645,0.0940168889992492,nan,nan,profile,1,1,2,2,0.6036686897277832,9.396331310272217,0.0,0.0,
1785154128.44047,57.957413281999834,0.0,1.5695308140994881,0.0,-1.5695308140994881,0.0,-0.0011797353664089634,0.0,-0.5000019521381709,1.8279894152645326,1.7675419304866045,2.2417519382401587,before_ekf,-0.0011797353664089634,-0.5000019521381709,1.8279894152645326,1.7675419304866045,2.2417519382401587,0.0005768790698013563,-0.4418653090747015,1.8286659591860417,1.8093660928599873,0.8190946183899032,nan,nan,nan,nan,nan,nan,nan,nan,,0.052113861000179895,0.04180722499950207,0.031211699000778026,0.031211699000778026,0.020718645999295404,nan,nan,profile,1,1,2,2,0.6873226165771484,9.312677383422852,0.0,0.0,
1785154128.5233095,58.040253045999634,0.0,1.57022474928391,0.0,-1.57022474928391,0.0,-2.566021716432708e-16,0.0,-0.4957090019732755,1.8279894152645324,1.7675419304866045,2.2086999376763505,before_ekf,-2.566021716432708e-16,-0.4957090019732755,1.8279894152645324,1.7675419304866045,2.2086999376763505,5.6747585562641606e-05,-0.40574318445228724,1.8286840183819115,1.8093714283970033,0.7775700948462473,nan,nan,nan,nan,nan,nan,nan,nan,,0.05147408399898268,0.04125855900019815,0.030903905999366543,0.030903905999366543,0.020551044999592705,nan,nan,profile,1,1,2,2,0.7701210975646973,9.229878902435303,0.0,0.0,
1785154128.6063998,58.12334302899944,0.0,1.5715435171601304,0.0,-1.5715435171601304,0.0,-0.0011785620043412936,0.0,-0.4998795143046727,1.8282151569899512,1.7672206064707654,2.174270770422386,before_ekf,-0.0011785620043412936,-0.4998795143046727,1.8282151569899512,1.7672206064707654,2.174270770422386,-0.0008211698277846839,-0.38104537413076106,1.8286671451979608,1.809333631958681,0.7517625515181329,nan,nan,nan,nan,nan,nan,nan,nan,,0.05177146399910271,0.041517490999467555,0.031138506999923266,0.031138506999923266,0.020701297999039525,nan,nan,profile,1,1,2,2,0.8532459735870361,9.146754026412964,0.0,0.0,
1785154128.6895375,58.20648102799896,0.0,1.5753465261942254,0.0,-1.5753465261942254,0.0,-0.001178562004341461,0.0,-0.49994775953190834,1.828215156989951,1.7672206064707654,2.141218769858578,before_ekf,-0.001178562004341461,-0.49994775953190834,1.828215156989951,1.7672206064707654,2.141218769858578,-0.0019319463072640704,-0.34912049565222814,1.8285996984492257,1.8092454028149632,0.7280175555823041,nan,nan,nan,nan,nan,nan,nan,nan,,0.05167390599854116,0.041440314998908434,0.031026662998556276,0.031026662998556276,0.020620614999643294,nan,nan,profile,1,1,2,2,0.9363245964050293,9.06367540359497,0.0,0.0,
1785154128.7722657,58.289208861999214,0.0,1.5748744484303627,0.0,-1.5748744484303627,0.0,-0.0011785620043414588,0.0,-0.49972862191462053,1.828215156989951,1.7672206064707652,2.1246927695766744,before_ekf,-0.0011785620043414588,-0.49972862191462053,1.828215156989951,1.7672206064707652,2.1246927695766744,-0.0005675619398682044,-0.316234373126287,1.828539870814718,1.8092244490622198,0.7064972744170971,nan,nan,nan,nan,nan,nan,nan,nan,,0.05156157599958533,0.04133656100020744,0.03097271099977661,0.03097271099977661,0.020589672998539754,nan,nan,profile,1,1,2,2,1.0190823078155518,8.980917692184448,0.0,0.0,
1785154128.856868,58.373810394999964,0.0,1.5710940334032863,0.0,-1.5710940334032863,0.0,-0.0023500742302677404,0.0,-0.5036907924275844,1.828407509565605,1.7668782485639063,2.073737602040803,before_ekf,-0.0023500742302677404,-0.5036907924275844,1.828407509565605,1.7668782485639063,2.073737602040803,0.0006893788655732467,-0.23840544008183703,1.8285307844146386,1.8092430261926202,0.6702873451304537,nan,nan,nan,nan,nan,nan,nan,nan,,0.05261356600021827,0.04217301800053974,0.03164017699964461,0.03164017699964461,0.020977288000722183,nan,nan,profile,1,1,2,2,1.1036767959594727,8.896323204040527,0.0,0.0,
1785154128.9402695,58.457212231000085,0.0,1.569755829840645,0.0,-1.569755829840645,0.0,-0.0023500742302675756,0.0,-0.5039838052634653,1.8284075095656047,1.7668782485639063,2.0241596011950915,before_ekf,-0.0023500742302675756,-0.5039838052634653,1.8284075095656047,1.7668782485639063,2.0241596011950915,0.00017039741011717696,-0.18975986447206722,1.8285697665632081,1.8092625790544898,0.6489937462531489,nan,nan,nan,nan,nan,nan,nan,nan,,0.051487734001057106,0.0412630579994584,0.030917878000764176,0.030917878000764176,0.020605214000170236,nan,nan,profile,1,1,2,2,1.1870455741882324,8.812954425811768,0.0,0.0,
1785154129.0235693,58.54051205199903,0.0,1.5707669377454916,0.0,-1.5707669377454916,0.0,-0.001171512225927877,0.0,-0.49984318206954,1.8284075095656045,1.766878248563906,1.974581600349382,before_ekf,-0.001171512225927877,-0.49984318206954,1.8284075095656045,1.766878248563906,1.974581600349382,-0.0016502925406240909,-0.15298275206363776,1.8285183909898068,1.8091877686007358,0.6383839362300626,nan,nan,nan,nan,nan,nan,nan,nan,,0.0518718009989243,0.04165355499935686,0.031164635000095586,0.031164635000095586,0.020833433998632245,nan,nan,profile,1,1,2,2,1.2703609466552734,8.729639053344727,0.0,0.0,
1785154129.1062462,58.62318916799995,0.0,1.56917624647099,0.0,-1.56917624647099,0.0,-0.0023455379069321535,0.0,-0.5038997571405763,1.8285585610878752,1.7665157683749722,1.9566784333773204,before_ekf,-0.0023455379069321535,-0.5038997571405763,1.8285585610878752,1.7665157683749722,1.9566784333773204,-0.0023030921520708143,-0.09789436187482364,1.8283506603860844,1.8090535476249612,0.6272767565776967,nan,nan,nan,nan,nan,nan,nan,nan,,0.05157504899943888,0.04135548399972322,0.030929734999517677,0.030929734999517677,0.020614617000319413,nan,nan,profile,1,1,2,2,1.3529860973358154,8.647013902664185,0.0,0.0,
1785154129.1889393,58.70588246399893,0.0,1.5719835831158808,0.0,-1.8339808469685277,0.0,-0.0011740256810045427,0.0,-0.49991000441378564,1.828558561087875,1.7665157683749722,1.8905744322497073,before_ekf,-0.0011740256810045427,-0.49991000441378564,1.828558561087875,1.7665157683749722,1.8905744322497073,-0.0032803277521806437,-0.06177208297237025,1.8281311992954765,1.8088794273814177,0.6192838774700347,nan,nan,nan,nan,nan,nan,nan,nan,,0.05149490799885825,0.041273816999819246,0.030844647999401786,0.030844647999401786,0.02052466699933575,nan,nan,profile,1,1,2,2,1.435673475265503,8.564326524734497,0.0,0.0,
1785154129.272094,58.789037049999024,0.0,1.5718855648970922,0.0,-1.5718855648970922,0.0,-0.0011740256810060363,0.0,-0.4991683929425125,1.828558561087875,1.766515768374972,1.8575224316859011,before_ekf,-0.0011740256810060363,-0.4991683929425125,1.828558561087875,1.766515768374972,1.8575224316859011,-0.0010301955241006288,-0.023198341108303176,1.82796537346291,1.8088010882883654,0.6160700916480186,nan,nan,nan,nan,nan,nan,nan,nan,,0.05184181399999943,0.04156609399979061,0.03105598899855977,0.03105598899855977,0.02070346599975892,nan,nan,profile,1,1,2,2,1.5188310146331787,8.481168985366821,0.0,0.0,
1785154129.3463724,58.86331549100032,0.0,1.5711468339420809,0.0,-1.5711468339420809,0.0,-0.001174025681005856,0.0,-0.5000209903509973,1.828558561087875,1.7665157683749722,1.8079444308401897,before_ekf,-0.001174025681005856,-0.5000209903509973,1.828558561087875,1.7665157683749722,1.8079444308401897,-0.0010301955241006288,-0.023198341108303176,1.82796537346291,1.8088010882883654,0.6160700916480186,nan,nan,nan,nan,nan,nan,nan,nan,,0.0429564690002735,0.03237304300091637,0.021053313999800594,0.021053313999800594,0.09498190700105624,nan,nan,profile,1,1,2,2,1.5931041240692139,8.406895875930786,0.0,0.0,
1785154129.4304898,58.9474313239989,0.0,1.569642984522729,0.0,-1.569642984522729,0.0,-7.586038728850035e-17,0.0,-0.4958554614638195,1.828558561087875,1.7665157683749724,1.7418404297125751,before_ekf,-7.586038728850035e-17,-0.4958554614638195,1.828558561087875,1.7665157683749724,1.7418404297125751,-0.00024354004360395843,-0.009385638286525694,1.8279089508901003,1.8087737257739667,0.6144376238860234,nan,nan,nan,nan,nan,nan,nan,nan,,0.052593790998798795,0.0421889099998225,0.031637121999665396,0.031637121999665396,0.021012489998611272,nan,nan,profile,1,1,2,2,1.677380084991455,8.322619915008545,0.0,0.0,
1785154129.513973,59.03091603900066,0.0,1.569838050553697,0.0,-1.569838050553697,0.0,-1.4038957395823662e-15,0.0,-0.4956898066986538,1.828558561087875,1.7665157683749722,1.7087884291487687,before_ekf,-1.4038957395823662e-15,-0.4956898066986538,1.828558561087875,1.7665157683749722,1.7087884291487687,-0.0007448215447096608,-0.00025284962947743576,1.8278743312973311,1.8087417191711341,0.6141778153037111,nan,nan,nan,nan,nan,nan,nan,nan,,0.05207202800011146,0.04181640100068762,0.03133752600115258,0.03133752600115258,0.020916770001349505,nan,nan,profile,1,1,2,2,1.7607243061065674,8.239275693893433,0.0,0.0,
1785154129.5978115,59.11475345299914,0.0,1.578153362138514,0.0,-1.578153362138514,0.0,-7.651344969901705e-17,0.0,-0.49650943470834186,1.828558561087875,1.7665157683749724,1.6922624288668655,before_ekf,-7.651344969901705e-17,-0.49650943470834186,1.828558561087875,1.7665157683749724,1.6922624288668655,-0.0010514565573372888,0.002075164335724351,1.8278226696860447,1.8087011353197553,0.6142784977501359,nan,nan,nan,nan,nan,nan,nan,nan,,0.05167034899932332,0.04140525299953879,0.0310226519995922,0.0310226519995922,0.020699941998827853,nan,nan,profile,1,1,2,2,1.8446147441864014,8.155385255813599,0.0,0.0,
1785154129.6803331,59.197276368999155,0.0,1.5725269398680297,0.0,-1.5725269398680297,0.0,-7.577543748003734e-16,0.0,-0.5035396971179742,1.828558561087875,1.7665157683749722,1.6564560949227425,before_ekf,-7.577543748003734e-16,-0.5035396971179742,1.828558561087875,1.7665157683749722,1.6564560949227425,-0.001171892779999567,0.0037040543778501327,1.8277008227386136,1.8086141813283358,0.6146827354206268,nan,nan,nan,nan,nan,nan,nan,nan,,0.051388862999374396,0.04116737599906628,0.03084933999889472,0.03084933999889472,0.020522089000223787,nan,nan,profile,1,1,2,2,1.9270696640014648,8.072930335998535,0.0,0.0,
1785154129.7525403,59.269483234998916,0.0,1.3101767793891226,0.0,-1.3101767793891226,0.0,-1.0840566395220185e-15,0.0,-0.5040012015284056,1.828558561087875,1.7665157683749722,1.5738260935132247,before_ekf,-1.0840566395220185e-15,-0.5040012015284056,1.828558561087875,1.7665157683749722,1.5738260935132247,-0.001171892779999567,0.0037040543778501327,1.8277008227386136,1.8086141813283358,0.6146827354206268,nan,nan,nan,nan,nan,nan,nan,nan,,0.04126751199873979,0.03104127999904449,0.020608247999916784,0.020608247999916784,0.09272895499998413,nan,nan,profile,1,1,2,2,1.999338150024414,8.000661849975586,0.0,0.0,
1785154129.8364227,59.353364008000426,0.0,1.3044785774128052,0.0,-1.3044785774128052,0.0,5.809575223952363e-16,0.0,-0.5041243841530351,1.828558561087875,1.7665157683749724,1.5407740929494183,before_ekf,5.809575223952363e-16,-0.5041243841530351,1.828558561087875,1.7665157683749724,1.5407740929494183,-0.00045019566387502073,0.002047480590918897,1.8276028364453911,1.8085540836862983,0.6150948857713492,nan,nan,nan,nan,nan,nan,nan,nan,,0.0516019740007323,0.04135991600014677,0.03102285299974028,0.03102285299974028,0.020677203001469024,nan,nan,profile,1,1,2,2,2.083211660385132,7.916788339614868,0.0,0.0,
1785154129.9190443,59.43598764699891,0.0,1.0463643521902357,0.0,-1.0463643521902357,0.0,-7.489404610753905e-16,0.0,-0.503871848174968,1.828558561087875,1.7665157683749722,1.5077220923856116,before_ekf,-7.489404610753905e-16,-0.503871848174968,1.828558561087875,1.7665157683749722,1.5077220923856116,-0.00012981510787207773,0.00095283317323501,1.827590859783734,1.8085491585577076,0.615176028250395,nan,nan,nan,nan,nan,nan,nan,nan,,0.05152012199869205,0.04128507799941872,0.030833492999590817,0.030833492999590817,0.020470596999075497,nan,nan,profile,1,1,2,2,2.1657814979553223,7.834218502044678,0.0,0.0,
1785154130.0024638,59.51940623200062,0.0,1.0472958399111734,0.0,-1.0472958399111734,0.0,-1.4165772699028144e-15,0.0,-0.49577034763665306,1.828558561087875,1.7665157683749724,1.4746700918218036,before_ekf,-1.4165772699028144e-15,-0.49577034763665306,1.828558561087875,1.7665157683749724,1.4746700918218036,-2.2467042756183387e-05,0.0003759745686464467,1.8275847479401006,1.8085456628485803,0.6152410167351193,nan,nan,nan,nan,nan,nan,nan,nan,,0.05203664100008609,0.04167872600010014,0.0312390779999987,0.0312390779999987,0.020783821000804892,nan,nan,profile,1,1,2,2,2.249274492263794,7.750725507736206,0.0,0.0,
1785154130.0857,59.602642156,0.0,0.7861575522850781,0.0,-1.0482100697134373,0.0,-4.1931310227769686e-16,0.0,-0.4957138083208049,1.828558561087875,1.7665157683749726,1.4581440915398987,before_ekf,-4.1931310227769686e-16,-0.4957138083208049,1.828558561087875,1.7665157683749726,1.4581440915398987,4.440038340401319e-06,8.740471582741045e-05,1.827583982544283,1.808545048081626,0.6152552747618074,nan,nan,nan,nan,nan,nan,nan,nan,,0.05185711900048773,0.04152480700031447,0.031039684999996098,0.031039684999996098,0.020729706000565784,nan,nan,profile,1,1,2,2,2.3325002193450928,7.667499780654907,0.0,0.0,
1785154130.1686184,59.6855614670003,0.0,0.5235961104940965,0.0,-0.7853941657411447,0.0,-1.7563621858505532e-15,0.0,-0.4958092303349332,1.828558561087875,1.7665157683749726,1.3755140901303808,before_ekf,-1.7563621858505532e-15,-0.4958092303349332,1.828558561087875,1.7665157683749726,1.3755140901303808,7.358590686973795e-06,1.832319608955877e-05,1.827584352529228,1.8085449227813035,0.6152616771796642,nan,nan,nan,nan,nan,nan,nan,nan,,0.051412152000921196,0.04114682300132699,0.03078440700119245,0.03078440700119245,0.02051158399990527,nan,nan,profile,1,1,2,2,2.4153661727905273,7.584633827209473,0.0,0.0,
1785154130.2514358,59.76837882600012,0.0,0.5236558383750065,0.0,-0.5236558383750065,0.0,-9.636983999740068e-17,0.0,-0.49561317568102037,1.828558561087875,1.7665157683749728,1.3589880898484779,before_ekf,-9.636983999740068e-17,-0.49561317568102037,1.828558561087875,1.7665157683749728,1.3589880898484779,8.279814496838868e-06,8.527076394670746e-06,1.8275844838054531,1.8085448405472364,0.6152624052448461,nan,nan,nan,nan,nan,nan,nan,nan,,0.051837937000527745,0.0414311730000918,0.03103030599959311,0.03103030599959311,0.020685474999481812,nan,nan,profile,1,1,2,2,2.4981956481933594,7.501804351806641,0.0,0.0,
1785154130.3344483,59.85139176700068,0.0,0.5215325418971835,0.0,-0.5215325418971835,0.0,-0.0011671374114543584,0.0,-0.4912717506079033,1.8284604806428801,1.7661355186597212,1.3107872556929263,before_ekf,-0.0011671374114543584,-0.4912717506079033,1.8284604806428801,1.7661355186597212,1.3107872556929263,8.093911147786572e-06,3.874921594229562e-06,1.8275845982235912,1.8085447514462114,0.6152627306835656,nan,nan,nan,nan,nan,nan,nan,nan,,0.051580855000793235,0.041331064001497,0.031024683001305675,0.031024683001305675,0.02058508600021014,nan,nan,profile,1,1,2,2,2.5811853408813477,7.418814659118652,0.0,0.0,
1785154130.4176433,59.934586215998934,0.0,0.26157802477989917,0.0,-0.26157802477989917,0.0,-0.0011671374114540338,0.0,-0.4912782805126514,1.8284604806428801,1.7661355186597214,1.27773525512912,before_ekf,-0.0011671374114540338,-0.4912782805126514,1.8284604806428801,1.7661355186597214,1.27773525512912,7.788969146836456e-06,1.7517874802437272e-06,1.8275846965435931,1.8085446635673266,0.6152628754176458,nan,nan,nan,nan,nan,nan,nan,nan,,0.05176653599846759,0.04154078699866659,0.03112959600002796,0.03112959600002796,0.020659391999288346,nan,nan,profile,1,1,2,2,2.664435386657715,7.335564613342285,0.0,0.0,
1785154130.5013857,60.018328885998926,0.0,0.0,0.0,-0.5238878726430595,0.0,-0.0011671374114540455,0.0,-0.49154959355372396,1.8284604806428801,1.7661355186597212,1.2116312540015073,before_ekf,-0.0011671374114540455,-0.49154959355372396,1.8284604806428801,1.7661355186597212,1.2116312540015073,7.475266385689947e-06,7.908468440051783e-07,1.8275847852928453,1.808544581353109,0.6152629402175341,nan,nan,nan,nan,nan,nan,nan,nan,,0.05213336699853244,0.04185363199940184,0.03145983199829061,0.03145983199829061,0.020602311999027734,nan,nan,profile,1,1,2,2,2.7481436729431152,7.251856327056885,0.0,0.0,
1785154130.5850527,60.10199544199895,0.0,0.0,0.0,-0.2620668243727536,0.0,-0.0023469572824948133,0.0,-0.4959913974789273,1.8283191662710598,1.7657691326637188,1.1772020867475406,before_ekf,-0.0023469572824948133,-0.4959913974789273,1.8283191662710598,1.7657691326637188,1.1772020867475406,7.165586624338461e-06,3.5711636915646506e-07,1.8275848652698246,1.808544504851748,0.6152629692250616,nan,nan,nan,nan,nan,nan,nan,nan,,0.052226564999728,0.04188345099828439,0.03139206899868441,0.03139206899868441,0.02075394599887659,nan,nan,profile,1,1,2,2,2.8318371772766113,7.168162822723389,0.0,0.0,
1785154130.6681104,60.185053581999455,0.0,0.0,0.0,0.0,0.0,-0.0023469572824951442,0.0,-0.4957333080885231,1.8283191662710598,1.7657691326637186,1.1606760864656374,before_ekf,-0.0023469572824951442,-0.4957333080885231,1.8283191662710598,1.7657691326637186,1.1606760864656374,6.871279228354881e-06,1.6120060948589934e-07,1.827584939719609,1.8085444350767046,0.6152629823225494,nan,nan,nan,nan,nan,nan,nan,nan,,0.05171940199943492,0.04144458699920506,0.031026503998873523,0.031026503998873523,0.020558472999255173,nan,nan,profile,1,1,2,2,2.914888381958008,7.085111618041992,0.0,0.0,
1785154130.7508311,60.26777275299901,0.0,0.0,0.0,0.0,0.0,-0.0011798198710408847,0.0,-0.4999072884165422,1.82831916627106,1.7657691326637188,1.127624085901831,before_ekf,-0.0011798198710408847,-0.4999072884165422,1.82831916627106,1.7657691326637188,1.127624085901831,5.5113580461582486e-06,3.2591714805317613e-08,1.8275852432964892,1.808544428596369,0.6152629934292859,nan,nan,nan,nan,nan,nan,nan,nan,,0.05166327199913212,0.04140928899869323,0.031025976999444538,0.031025976999444538,0.020669185998485773,nan,nan,profile,1,1,2,2,2.9976253509521484,7.002374649047852,0.0,0.0,
1785154130.8343701,60.35131317699961,0.0,0.0,0.0,0.0,0.0,-0.001180149512303898,0.0,-0.5079171947643544,1.8283071087064178,1.765775247463193,1.0587657513938997,before_ekf,-0.001180149512303898,-0.5079171947643544,1.8283071087064178,1.765775247463193,1.0587657513938997,5.986436561163194e-06,1.5143119758001874e-08,1.8275853118531573,1.8085443867245412,0.6152629946965105,nan,nan,nan,nan,nan,nan,nan,nan,,0.05213004299912427,0.0419293180002569,0.03138056500029052,0.03138056500029052,0.020912355999826104,nan,nan,profile,1,1,2,2,3.081181049346924,6.918818950653076,0.0,0.0,
1785154130.9174507,60.43439405999925,0.0,0.0,0.0,0.0,0.0,-3.296412631217248e-07,0.0,-0.5039931343837893,1.8283071087064178,1.7657752474631931,1.0257137508300915,before_ekf,-3.296412631217248e-07,-0.5039931343837893,1.8283071087064178,1.7657752474631931,1.0257137508300915,5.7967258507813645e-06,6.88045118998361e-09,1.827585367641058,1.8085443393564766,0.6152629952674995,nan,nan,nan,nan,nan,nan,nan,nan,,0.0516365509993193,0.041439542999796686,0.031076531999133294,0.031076531999133294,0.020663919998696656,nan,nan,profile,1,1,2,2,3.1642627716064453,6.835737228393555,0.0,0.0,
1785154131.0011592,60.51810214199941,0.0,0.0,0.0,0.0,0.0,0.0011784938458730282,0.0,-0.508289266751089,1.828524636523823,1.766102187975221,0.9747585832942218,before_ekf,0.0011784938458730282,-0.508289266751089,1.828524636523823,1.766102187975221,0.9747585832942218,5.566542961069789e-06,3.1073706217341325e-09,1.8275854155526166,1.808544292807465,0.615262995524529,nan,nan,nan,nan,nan,nan,nan,nan,,0.05204272199989646,0.04168897499948798,0.031216311999742175,0.031216311999742175,0.020748515999002848,nan,nan,profile,1,1,2,2,3.2479968070983887,6.752003192901611,0.0,0.0,
1785154131.0851002,60.602041438000015,0.0,0.0,0.0,0.0,0.0,-1.2499704548108196e-06,0.0,-0.5040156859864986,1.8285246365238228,1.7661021879752208,0.9417065827304155,before_ekf,-1.2499704548108196e-06,-0.5040156859864986,1.8285246365238228,1.7661021879752208,0.9417065827304155,4.465775975767992e-06,6.283858733722776e-10,1.8275856310100207,1.8085443001831665,0.6152629957391188,nan,nan,nan,nan,nan,nan,nan,nan,,0.05227110600026208,0.04194480600017414,0.03138624399980472,0.03138624399980472,0.020885560999886366,nan,nan,profile,1,1,2,2,3.332028865814209,6.667971134185791,0.0,0.0,
1785154131.169478,60.686420635000104,0.0,0.0,0.0,0.0,0.0,0.0023488876550438404,0.0,-0.5038891894483504,1.8287688302765956,1.7664097231128177,0.8907514151945458,before_ekf,0.0023488876550438404,-0.5038891894483504,1.8287688302765956,1.7664097231128177,0.8907514151945458,5.176411504887565e-06,2.528719818580828e-10,1.8275859380847943,1.8085444309385421,0.6152629957827318,nan,nan,nan,nan,nan,nan,nan,nan,,0.052302509000583086,0.04184037100094429,0.031201284000417218,0.031201284000417218,0.02067850300045393,nan,nan,profile,1,1,2,2,3.4162814617156982,6.583718538284302,0.0,0.0,
1785154131.2530305,60.76997382799891,0.0,0.0,0.0,0.0,0.0,0.0023516552589272874,0.0,-0.4957832906208924,1.8287733349591164,1.7664058377188683,0.8439277477291509,before_ekf,0.0023516552589272874,-0.4957832906208924,1.8287733349591164,1.7664058377188683,0.8439277477291509,3.878690515523552e-06,5.907474278581175e-11,1.827585853053544,1.8085442854010039,0.6152629957924898,nan,nan,nan,nan,nan,nan,nan,nan,,0.05231088899927272,0.04199860199878458,0.03160034799839195,0.03160034799839195,0.02080759599994053,nan,nan,profile,1,1,2,2,3.4997637271881104,6.50023627281189,0.0,0.0,
1785154131.335865,60.852807965000466,0.0,0.0,0.0,0.0,0.0,0.0023516552589262886,0.0,-0.4956792272384785,1.8287733349591164,1.7664058377188683,0.8274017474472477,before_ekf,0.0023516552589262886,-0.4956792272384785,1.8287733349591164,1.7664058377188683,0.8274017474472477,4.266235489002889e-06,2.7630905909992137e-11,1.827585887134754,1.8085442637598912,0.6152629957948346,nan,nan,nan,nan,nan,nan,nan,nan,,0.05181835000075807,0.04157878600017284,0.031200352001178544,0.031200352001178544,0.020651847000408452,nan,nan,profile,1,1,2,2,3.582629442214966,6.417370557785034,0.0,0.0,
1785154131.4090478,60.925977290000446,0.0,0.0,0.0,0.0,0.0,0.0023501049292697514,0.0,-0.4709614202079372,1.8290490938785138,1.7666854206904743,0.7847095800523297,before_ekf,0.0023501049292697514,-0.4709614202079372,1.8290490938785138,1.7666854206904743,0.7847095800523297,4.266235489002889e-06,2.7630905909992137e-11,1.827585887134754,1.8085442637598912,0.6152629957948346,nan,nan,nan,nan,nan,nan,nan,nan,,0.041833308001514524,0.03160685000148078,0.021304023000993766,0.021304023000993766,0.0938211720003892,nan,nan,profile,1,1,2,2,3.6558666229248047,6.344133377075195,0.0,0.0,
1785154131.492948,61.009891022000375,0.0,0.0,0.0,0.0,0.0,-8.076852424889063e-06,0.0,-0.4213190108624641,1.8287657389835537,1.7664135372631475,0.7337544125164635,before_ekf,-8.076852424889063e-06,-0.4213190108624641,1.8287657389835537,1.7664135372631475,0.7337544125164635,3.4684300137432198e-06,5.624736741476483e-12,1.8275860365158643,1.8085442820682511,0.6152629957967948,nan,nan,nan,nan,nan,nan,nan,nan,,0.05255323300116288,0.042309913000281085,0.031906299000183935,0.031906299000183935,0.02121364699996775,nan,nan,profile,1,1,2,2,3.7396979331970215,6.2603020668029785,0.0,0.0,
1785154131.5769823,61.09392515699983,0.0,0.0,0.0,0.0,0.0,-1.0844456308674778e-05,0.0,-0.40486359392387683,1.8287657389835537,1.7664135372631475,0.7089654120936087,before_ekf,-1.0844456308674778e-05,-0.40486359392387683,1.8287657389835537,1.7664135372631475,0.7089654120936087,3.183279285622773e-06,1.1724886385827178e-12,1.8275861704454541,1.8085443048885945,0.615262995797203,nan,nan,nan,nan,nan,nan,nan,nan,,0.05221679500027676,0.04189210399999865,0.03151973099920724,0.03151973099920724,0.0206783510002424,nan,nan,profile,1,1,2,2,3.8237855434417725,6.1762144565582275,0.0,0.0,
1785154131.660855,61.17779759199948,0.0,0.0,0.0,0.0,0.0,-1.0844456308675093e-05,0.0,-0.3884014858314291,1.8287657389835537,1.7664135372631475,0.6979480785723405,before_ekf,-1.0844456308675093e-05,-0.3884014858314291,1.8287657389835537,1.7664135372631475,0.6979480785723405,3.4581287161973226e-06,5.460224246222037e-13,1.8275861874639507,1.808544286827349,0.6152629957972495,nan,nan,nan,nan,nan,nan,nan,nan,,0.0525119559988525,0.04220993699891551,0.03155319299912662,0.03155319299912662,0.021106856998812873,nan,nan,profile,1,1,2,2,3.9076545238494873,6.092345476150513,0.0,0.0,
1785154131.7446356,61.26157724699988,0.0,0.0,0.0,0.0,0.0,-0.0011875204785449472,0.0,-0.3593473505668151,1.828461592973396,1.76616512917352,0.6800449116002809,before_ekf,-0.0011875204785449472,-0.3593473505668151,1.828461592973396,1.76616512917352,0.6800449116002809,3.3521840179731915e-06,2.4813091393129266e-13,1.8275861977635752,1.8085442650445047,0.6152629957972704,nan,nan,nan,nan,nan,nan,nan,nan,,0.052264662999732536,0.04190512199966179,0.03130201599924476,0.03130201599924476,0.020792471999811823,nan,nan,profile,1,1,2,2,3.991457939147949,6.008542060852051,0.0,0.0,
1785154131.818882,61.33582233500056,0.0,0.0,0.0,0.0,0.0,5.765188060863572e-06,0.0,-0.2891003170497534,1.828769784914661,1.766408463416624,0.648370077726636,before_ekf,5.765188060863572e-06,-0.2891003170497534,1.828769784914661,1.766408463416624,0.648370077726636,3.3521840179731915e-06,2.4813091393129266e-13,1.8275861977635752,1.8085442650445047,0.6152629957972704,nan,nan,nan,nan,nan,nan,nan,nan,,0.04230115600148565,0.03185386900076992,0.021158732000913005,0.021158732000913005,0.0950375600004918,nan,nan,profile,1,1,2,2,4.065828323364258,5.934171676635742,0.0,0.0,
1785154131.9031303,61.42007327700048,0.0,0.0,0.0,0.0,0.0,5.765188061865629e-06,0.0,-0.23124953814238952,1.8287697849146611,1.7664084634166242,0.6318440774447313,before_ekf,5.765188061865629e-06,-0.23124953814238952,1.8287697849146611,1.7664084634166242,0.6318440774447313,2.690262258719411e-06,5.04310365760909e-14,1.8275862894542265,1.8085442771791724,0.6152629957972877,nan,nan,nan,nan,nan,nan,nan,nan,,0.05245977900085563,0.04212009399998351,0.03162708400122938,0.03162708400122938,0.020833481999943615,nan,nan,profile,1,1,2,2,4.149925470352173,5.850074529647827,0.0,0.0,
1785154131.9868495,61.503791732000536,0.0,0.0,0.0,0.0,0.0,0.0011814585191830338,0.0,-0.21060048685010294,1.8290871476270694,1.766639749512579,0.6277125773742546,before_ekf,0.0011814585191830338,-0.21060048685010294,1.8290871476270694,1.766639749512579,0.6277125773742546,2.922730921848649e-06,2.3559147296286524e-14,1.8275862988627056,1.808544262308268,0.6152629957972899,nan,nan,nan,nan,nan,nan,nan,nan,,0.05215547700026946,0.041829305000646855,0.03136687700134644,0.03136687700134644,0.020891286001642584,nan,nan,profile,1,1,2,2,4.23364782333374,5.76635217666626,0.0,0.0,
1785154132.0704393,61.587382354999136,0.0,0.0,0.0,0.0,0.0,5.296380623166785e-07,0.0,-0.15694715362319017,1.828767570059236,1.7664115335456823,0.6180724105431428,before_ekf,5.296380623166785e-07,-0.15694715362319017,1.828767570059236,1.7664115335456823,0.6180724105431428,2.8312567215409723e-06,1.0821839259107398e-14,1.827586303315468,1.8085442447340865,0.6152629957972905,nan,nan,nan,nan,nan,nan,nan,nan,,0.05198418899999524,0.04167186999984551,0.031256881999070174,0.031256881999070174,0.020695047000117484,nan,nan,profile,1,1,2,2,4.317235946655273,5.682764053344727,0.0,0.0,
1785154132.1540732,61.671015984000405,0.0,0.0,0.0,0.0,0.0,-0.00236227184210453,0.0,-0.12389141177333537,1.8281268470045362,1.7659573046911674,0.6153180771628263,before_ekf,-0.00236227184210453,-0.12389141177333537,1.8281268470045362,1.7659573046911674,0.6153180771628263,2.717963408602883e-06,5.0091949065799475e-15,1.8275863051836825,1.8085442268849994,0.6152629957972908,nan,nan,nan,nan,nan,nan,nan,nan,,0.05216321199986851,0.04182570500051952,0.03131062100146664,0.03131062100146664,0.020748730999912368,nan,nan,profile,1,1,2,2,4.400863885879517,5.599136114120483,0.0,0.0,
1785154132.2378972,61.75483883199922,0.0,0.0,0.0,0.0,0.0,-0.002357884474941208,0.0,-0.0742941800275296,1.8281265354464356,1.765957746742272,0.6125637437825097,before_ekf,-0.002357884474941208,-0.0742941800275296,1.8281265354464356,1.765957746742272,0.6125637437825097,2.604618430326923e-06,2.382889823936469e-15,1.827586305586895,1.8085442095798765,0.6152629957972913,nan,nan,nan,nan,nan,nan,nan,nan,,0.052191519000189146,0.04190927399940847,0.0315165279989742,0.0315165279989742,0.021025000998633914,nan,nan,profile,1,1,2,2,4.484795808792114,5.515204191207886,0.0,0.0,
1785154132.3219566,61.838898185998914,0.0,0.0,0.0,0.0,0.0,-0.0035335778060610417,0.0,-0.03718321542959964,1.8281265354464356,1.765957746742272,0.6125637437825097,before_ekf,-0.0035335778060610417,-0.03718321542959964,1.8281265354464356,1.765957746742272,0.6125637437825097,2.6526849750902516e-06,1.0708131847864514e-15,1.8275864332328116,1.8085442766493516,0.6152629957972913,nan,nan,nan,nan,nan,nan,nan,nan,,0.05237563399896317,0.041810553999312106,0.0313491469987639,0.0313491469987639,0.020859569998719962,nan,nan,profile,1,1,2,2,4.568822860717773,5.431177139282227,0.0,0.0,
1785154132.405202,61.9221444979994,0.0,0.0,0.0,0.0,0.0,-0.002355032667596573,0.0,-0.016526782919147942,1.8281265354464356,1.765957746742272,0.6125637437825097,before_ekf,-0.002355032667596573,-0.016526782919147942,1.8281265354464356,1.765957746742272,0.6125637437825097,1.976723512118661e-06,4.190483151310862e-16,1.827586365037103,1.8085442062123838,0.6152629957972913,nan,nan,nan,nan,nan,nan,nan,nan,,0.05172603800019715,0.04143224499966891,0.03100620599980175,0.03100620599980175,0.02061919599873363,nan,nan,profile,1,1,2,2,4.651971817016602,5.348028182983398,0.0,0.0,
1785154132.4891975,62.00614033099919,0.0,0.0,0.0,0.0,0.0,4.387367162568545e-06,0.0,-0.008252471031512868,1.8281265354464356,1.765957746742272,0.6125637437825097,before_ekf,4.387367162568545e-06,-0.008252471031512868,1.8281265354464356,1.765957746742272,0.6125637437825097,1.8376193296234244e-06,2.6336862134719435e-16,1.8275864293545774,1.8085442277567707,0.6152629957972913,nan,nan,nan,nan,nan,nan,nan,nan,,0.05244548799964832,0.04216846499912208,0.03175767599896062,0.03175767599896062,0.02130506499997864,nan,nan,profile,1,1,2,2,4.7359771728515625,5.2640228271484375,0.0,0.0,
1785154132.5736523,62.090594494999095,0.0,0.0,0.0,0.0,0.0,-7.57380269611474e-16,0.0,2.220446049250313e-16,1.8281265354464356,1.765957746742272,0.6125637437825097,before_ekf,-7.57380269611474e-16,2.220446049250313e-16,1.8281265354464356,1.765957746742272,0.6125637437825097,1.999078436651798e-06,2.4127745515114483e-16,1.827586433710792,1.808544220768216,0.6152629957972913,nan,nan,nan,nan,nan,nan,nan,nan,,0.05188609099968744,0.04161627899884479,0.03126583899938851,0.03126583899938851,0.020801299999220646,nan,nan,profile,1,1,2,2,4.8204638957977295,5.1795361042022705,0.0,0.0,
1785154132.6574588,62.17440100599924,0.0,0.0,0.0,0.0,0.0,-0.001175047497852877,0.0,0.004120804832025891,1.827805393807165,1.7657317365833842,0.613940910472668,before_ekf,-0.001175047497852877,0.004120804832025891,1.827805393807165,1.7657317365833842,0.613940910472668,1.6214393382835303e-06,2.2595807513580687e-16,1.8275864812857867,1.8085442352829935,0.6152629957972913,nan,nan,nan,nan,nan,nan,nan,nan,,0.05195574400022451,0.04158296099922154,0.031180337999103358,0.031180337999103358,0.02073774299969955,nan,nan,profile,1,1,2,2,4.9042863845825195,5.0957136154174805,0.0,0.0,
1785154132.7419536,62.25889658599954,0.0,0.0,0.0,0.0,0.0,-0.001175047497852877,0.0,0.004120804832025891,1.827805393807165,1.7657317365833842,0.613940910472668,before_ekf,-0.001175047497852877,0.004120804832025891,1.827805393807165,1.7657317365833842,0.613940910472668,1.7612333117834322e-06,2.2386462546966506e-16,1.827586482319405,1.808544228204226,0.6152629957972913,nan,nan,nan,nan,nan,nan,nan,nan,,0.052835896000033244,0.04224084999987099,0.031161319999228,0.031161319999228,0.02071389699995052,nan,nan,profile,1,1,2,2,4.988699913024902,5.011300086975098,0.0,0.0,
1785154132.8149898,62.331932809000136,0.0,0.0,0.0,0.0,0.0,-0.001175047497852877,0.0,0.004120804832025891,1.827805393807165,1.7657317365833842,0.613940910472668,before_ekf,-0.001175047497852877,0.004120804832025891,1.827805393807165,1.7657317365833842,0.613940910472668,1.7612333117834322e-06,2.2386462546966506e-16,1.827586482319405,1.808544228204226,0.6152629957972913,nan,nan,nan,nan,nan,nan,nan,nan,,0.04156471900023462,0.031334663999587065,0.020779336000487092,0.020779336000487092,0.09375012000054994,nan,nan,profile,1,1,2,2,5.061760902404785,4.938239097595215,0.0,0.0,
1785154132.8988624,62.41580526299913,0.0,0.0,0.0,0.0,0.0,-0.001175047497852877,0.0,0.004120804832025891,1.827805393807165,1.7657317365833842,0.613940910472668,before_ekf,-0.001175047497852877,0.004120804832025891,1.827805393807165,1.7657317365833842,0.613940910472668,1.81477588795086e-06,2.227626740874373e-16,1.827586566721747,1.808544277029349,0.6152629957972913,nan,nan,nan,nan,nan,nan,nan,nan,,0.05230522700003348,0.04193790699901001,0.03126894299930427,0.03126894299930427,0.02075471899843251,nan,nan,profile,1,1,2,2,5.145689964294434,4.854310035705566,0.0,0.0,
1785154132.9826639,62.49960730699968,0.0,0.0,0.0,0.0,0.0,-0.001175047497852877,0.0,0.004120804832025891,1.827805393807165,1.7657317365833842,0.613940910472668,before_ekf,-0.001175047497852877,0.004120804832025891,1.827805393807165,1.7657317365833842,0.613940910472668,1.6165692679326395e-06,2.2236057278128115e-16,1.8275865558324091,1.808544262433071,0.6152629957972913,nan,nan,nan,nan,nan,nan,nan,nan,,0.05231974500020442,0.04209047299991653,0.03148178800074675,0.03148178800074675,0.02114753599926189,nan,nan,profile,1,1,2,2,5.229394912719727,4.770605087280273,0.0,0.0,
1785154133.0663676,62.5833104480007,0.0,0.0,0.0,0.0,0.0,-7.57380269611474e-16,0.0,2.220446049250313e-16,1.827805393807165,1.7657317365833842,0.613940910472668,before_ekf,-7.57380269611474e-16,2.220446049250313e-16,1.827805393807165,1.7657317365833842,0.613940910472668,1.5390520279524978e-06,2.221865233883556e-16,1.8275865475399227,1.8085442504245457,0.6152629957972913,nan,nan,nan,nan,nan,nan,nan,nan,,0.05179392000172811,0.04138169900033972,0.03094765200148686,0.03094765200148686,0.02060556900141819,nan,nan,profile,1,1,2,2,5.313140153884888,4.686859846115112,0.0,0.0,
1785154133.1495318,62.66647439299959,0.0,0.0,0.0,0.0,0.0,-7.57380269611474e-16,0.0,2.220446049250313e-16,1.827805393807165,1.7657317365833842,0.613940910472668,before_ekf,-7.57380269611474e-16,2.220446049250313e-16,1.827805393807165,1.7657317365833842,0.613940910472668,1.4743136076858658e-06,2.2210861371775366e-16,1.827586540982847,1.8085442401573915,0.6152629957972913,nan,nan,nan,nan,nan,nan,nan,nan,,0.05183558799944876,0.041571383000700735,0.031198673999824678,0.031198673999824678,0.020787743000255432,nan,nan,profile,1,1,2,2,5.39649224281311,4.60350775718689,0.0,0.0,
1785154133.233752,62.750693768999554,0.0,0.0,0.0,0.0,0.0,-7.57380269611474e-16,0.0,2.220446049250313e-16,1.827805393807165,1.7657317365833842,0.613940910472668,before_ekf,-7.57380269611474e-16,2.220446049250313e-16,1.827805393807165,1.7657317365833842,0.613940910472668,1.1905691214915885e-06,2.2205993593805315e-16,1.8275865007665895,1.8085442038351278,0.6152629957972913,nan,nan,nan,nan,nan,nan,nan,nan,,0.052460442999290535,0.04211471300004632,0.03177101099936408,0.03177101099936408,0.021383412000432145,nan,nan,profile,1,1,2,2,5.480583906173706,4.519416093826294,0.0,0.0,
1785154133.3200696,62.83701305700015,0.0,0.0,0.0,0.0,0.0,-7.57380269611474e-16,0.0,2.220446049250313e-16,1.827805393807165,1.7657317365833842,0.613940910472668,before_ekf,-7.57380269611474e-16,2.220446049250313e-16,1.827805393807165,1.7657317365833842,0.613940910472668,1.107797789683605e-06,2.220478277710641e-16,1.8275865350323601,1.8085442193792498,0.6152629957972913,nan,nan,nan,nan,nan,nan,nan,nan,,0.05363062600008561,0.04294083300010243,0.03196816200033936,0.03196816200033936,0.02144221600065066,nan,nan,profile,1,1,2,2,5.566803932189941,4.433196067810059,0.0,0.0,
1785154133.4038224,62.92076551500031,0.0,0.0,0.0,0.0,0.0,-7.57380269611474e-16,0.0,2.220446049250313e-16,1.827805393807165,1.7657317365833842,0.613940910472668,before_ekf,-7.57380269611474e-16,2.220446049250313e-16,1.827805393807165,1.7657317365833842,0.613940910472668,1.2047712996959804e-06,2.2204610520169077e-16,1.827586535672657,1.8085442161762204,0.6152629957972913,nan,nan,nan,nan,nan,nan,nan,nan,,0.05211774600138597,0.04184156399969652,0.031199918999845977,0.031199918999845977,0.020518246001302032,nan,nan,profile,1,1,2,2,5.650607347488403,4.349392652511597,0.0,0.0,
1785154133.4883273,63.00526724299925,0.0,0.0,0.0,0.0,0.0,-7.57380269611474e-16,0.0,2.220446049250313e-16,1.827805393807165,1.7657317365833842,0.613940910472668,before_ekf,-7.57380269611474e-16,2.220446049250313e-16,1.827805393807165,1.7657317365833842,0.613940910472668,1.241273459445623e-06,2.2204519695050026e-16,1.8275865923246724,1.8085442511507046,0.6152629957972913,nan,nan,nan,nan,nan,nan,nan,nan,,0.05261901899939403,0.04210296000019298,0.0315518309998879,0.0315518309998879,0.02099371799886285,nan,nan,profile,1,1,2,2,5.735205888748169,4.264794111251831,0.0,0.0,
1785154133.5725467,63.08948911900006,0.0,0.0,0.0,0.0,0.0,-7.57380269611474e-16,0.0,2.220446049250313e-16,1.827805393807165,1.7657317365833842,0.613940910472668,before_ekf,-7.57380269611474e-16,2.220446049250313e-16,1.827805393807165,1.7657317365833842,0.613940910472668,1.1054969662832525e-06,2.2204486553581727e-16,1.8275865839839807,1.808544242031062,0.6152629957972913,nan,nan,nan,nan,nan,nan,nan,nan,,0.05222763100027805,0.04169357499995385,0.03125926000029722,0.03125926000029722,0.020742464999784715,nan,nan,profile,1,1,2,2,5.8193535804748535,4.1806464195251465,0.0,0.0,
1785154133.6564252,63.17336903599971,0.0,0.0,0.0,0.0,0.0,-7.57380269611474e-16,0.0,2.220446049250313e-16,1.827805393807165,1.7657317365833842,0.613940910472668,before_ekf,-7.57380269611474e-16,2.220446049250313e-16,1.827805393807165,1.7657317365833842,0.613940910472668,1.0529238929956304e-06,2.2204472195507105e-16,1.8275865776574078,1.8085442346809488,0.6152629957972913,nan,nan,nan,nan,nan,nan,nan,nan,,0.05230410299918731,0.041915531999620725,0.031220982000377262,0.031220982000377262,0.0207176090007124,nan,nan,profile,1,1,2,2,5.90320611000061,4.09679388999939,0.0,0.0,
1785154133.7410636,63.258005686000615,0.0,0.0,0.0,0.0,0.0,-7.57380269611474e-16,0.0,2.220446049250313e-16,1.827805393807165,1.7657317365833842,0.613940910472668,before_ekf,-7.57380269611474e-16,2.220446049250313e-16,1.827805393807165,1.7657317365833842,0.613940910472668,1.0087623308724015e-06,2.2204465768031443e-16,1.8275865726009632,1.8085442284677309,0.6152629957972913,nan,nan,nan,nan,nan,nan,nan,nan,,0.05267115900096542,0.04227380600059405,0.03157032700073614,0.03157032700073614,0.0210065110004507,nan,nan,profile,1,1,2,2,5.987879514694214,4.012120485305786,0.0,0.0,
1785154133.8249457,63.34188894399995,0.0,0.0,0.0,0.0,0.0,-7.57380269611474e-16,0.0,2.220446049250313e-16,1.827805393807165,1.7657317365833842,0.613940910472668,before_ekf,-7.57380269611474e-16,2.220446049250313e-16,1.827805393807165,1.7657317365833842,0.613940910472668,9.66563566797689e-07,2.2204462873841214e-16,1.82758656808649,1.808544222856425,0.6152629957972913,nan,nan,nan,nan,nan,nan,nan,nan,,0.05237596400002076,0.0418862660008017,0.031363968999357894,0.031363968999357894,0.020920807000948116,nan,nan,profile,1,1,2,2,6.071778297424316,3.9282217025756836,0.0,0.0,
1785154133.9088473,63.42578979099926,0.0,0.0,0.0,0.0,0.0,-7.57380269611474e-16,0.0,2.220446049250313e-16,1.827805393807165,1.7657317365833842,0.613940910472668,before_ekf,-7.57380269611474e-16,2.220446049250313e-16,1.827805393807165,1.7657317365833842,0.613940910472668,7.806945281036112e-07,2.220446106294367e-16,1.82758654120904,1.8085442004641166,0.6152629957972913,nan,nan,nan,nan,nan,nan,nan,nan,,0.052291733998572454,0.041933982000045944,0.03136766399984481,0.03136766399984481,0.02085670700034825,nan,nan,profile,1,1,2,2,6.15566873550415,3.8443312644958496,0.0,0.0,
1785154133.992716,63.50955063999936,0.0,0.0,0.0,0.0,0.0,-7.57380269611474e-16,0.0,2.220446049250313e-16,1.827805393807165,1.7657317365833842,0.613940910472668,before_ekf,-7.57380269611474e-16,2.220446049250313e-16,1.827805393807165,1.7657317365833842,0.613940910472668,8.577558766392995e-07,2.2204460759850305e-16,1.8275865420034152,1.8085441991803626,0.6152629957972913,nan,nan,nan,nan,nan,nan,nan,nan,,0.052239398999518016,0.04193503100032103,0.03140621799866494,0.03140621799866494,0.020912116999170394,nan,nan,profile,1,1,2,2,6.239562273025513,3.7604377269744873,0.0,0.0,
1785154134.078102,63.595044756999414,0.0,0.0,0.0,0.0,0.0,-7.57380269611474e-16,0.0,2.220446049250313e-16,1.827805393807165,1.7657317365833842,0.613940910472668,before_ekf,-7.57380269611474e-16,2.220446049250313e-16,1.827805393807165,1.7657317365833842,0.613940910472668,8.328055741679094e-07,2.2204460614052836e-16,1.8275865413340824,1.8085441969127307,0.6152629957972913,nan,nan,nan,nan,nan,nan,nan,nan,,0.05359612699976424,0.043201337999562384,0.0315046119994804,0.0315046119994804,0.020929389000230003,nan,nan,profile,1,1,2,2,6.324934720993042,3.675065279006958,0.0,0.0,
1785154134.1618128,63.67875637299949,0.0,0.0,0.0,0.0,0.0,-7.57380269611474e-16,0.0,2.220446049250313e-16,1.827805393807165,1.7657317365833842,0.613940910472668,before_ekf,-7.57380269611474e-16,2.220446049250313e-16,1.827805393807165,1.7657317365833842,0.613940910472668,7.988928450359141e-07,2.220446054745525e-16,1.8275865395346884,1.8085441939871585,0.6152629957972913,nan,nan,nan,nan,nan,nan,nan,nan,,0.05199670000001788,0.04164193900032842,0.031136489000346046,0.031136489000346046,0.020727998999063857,nan,nan,profile,1,1,2,2,6.408618927001953,3.591381072998047,0.0,0.0,
1785154134.2461808,63.763124372000675,0.0,0.0,0.0,0.0,0.0,-7.57380269611474e-16,0.0,2.220446049250313e-16,1.827805393807165,1.7657317365833842,0.613940910472668,before_ekf,-7.57380269611474e-16,2.220446049250313e-16,1.827805393807165,1.7657317365833842,0.613940910472668,7.658592396867157e-07,2.220446051732156e-16,1.8275865375467897,1.8085441910625077,0.6152629957972913,nan,nan,nan,nan,nan,nan,nan,nan,,0.052167137000651564,0.0417763700006617,0.031235469001330785,0.031235469001330785,0.020795279000594746,nan,nan,profile,1,1,2,2,6.492978572845459,3.507021427154541,0.0,0.0,
1785154134.3299584,63.846901789000185,0.0,0.0,0.0,0.0,0.0,-7.57380269611474e-16,0.0,2.220446049250313e-16,1.827805393807165,1.7657317365833842,0.613940910472668,before_ekf,-7.57380269611474e-16,2.220446049250313e-16,1.827805393807165,1.7657317365833842,0.613940910472668,7.342884591585405e-07,2.2204460503707717e-16,1.82758653568914,1.8085441883522038,0.6152629957972913,nan,nan,nan,nan,nan,nan,nan,nan,,0.052112004999798955,0.04180884699962917,0.03133402700041188,0.03133402700041188,0.020840443999986746,nan,nan,profile,1,1,2,2,6.576746463775635,3.4232535362243652,0.0,0.0,
1785154134.4145448,63.931487825999284,0.0,0.0,0.0,0.0,0.0,-7.57380269611474e-16,0.0,2.220446049250313e-16,1.827805393807165,1.7657317365833842,0.613940910472668,before_ekf,-7.57380269611474e-16,2.220446049250313e-16,1.827805393807165,1.7657317365833842,0.613940910472668,5.888781389614439e-07,2.2204460494769114e-16,1.8275865503942792,1.8085441962215618,0.6152629957972913,nan,nan,nan,nan,nan,nan,nan,nan,,0.052795812000113074,0.04240438600027119,0.03143224099949293,0.03143224099949293,0.02080762799960212,nan,nan,profile,1,1,2,2,6.661413192749023,3.3385868072509766,0.0,0.0,
1785154134.4986067,64.01555028599978,0.0,0.0,0.0,0.0,0.0,-7.57380269611474e-16,0.0,2.220446049250313e-16,1.827805393807165,1.7657317365833842,0.613940910472668,before_ekf,-7.57380269611474e-16,2.220446049250313e-16,1.827805393807165,1.7657317365833842,0.613940910472668,6.400079260246795e-07,2.2204460493555555e-16,1.8275865505448634,1.8085441952948496,0.6152629957972913,nan,nan,nan,nan,nan,nan,nan,nan,,0.05221397099921887,0.041888039999321336,0.03144984100072179,0.03144984100072179,0.020765537999977823,nan,nan,profile,1,1,2,2,6.745397329330444,3.2546026706695557,0.0,0.0,
1785154134.5819943,64.09893783999905,0.0,0.0,0.0,0.0,0.0,-7.57380269611474e-16,0.0,2.220446049250313e-16,1.827805393807165,1.7657317365833842,0.613940910472668,before_ekf,-7.57380269611474e-16,2.220446049250313e-16,1.827805393807165,1.7657317365833842,0.613940910472668,6.196042552355252e-07,2.2204460492981225e-16,1.8275865495477979,1.8085441935982507,0.6152629957972913,nan,nan,nan,nan,nan,nan,nan,nan,,0.05203433999849949,0.04167451099965547,0.03123923599923728,0.03123923599923728,0.020824124998398474,nan,nan,profile,1,1,2,2,6.828791618347168,3.171208381652832,0.0,0.0,
1785154134.6655693,64.18251287100065,0.0,0.0,0.0,0.0,0.0,-7.57380269611474e-16,0.0,2.220446049250313e-16,1.827805393807165,1.7657317365833842,0.613940910472668,before_ekf,-7.57380269611474e-16,2.220446049250313e-16,1.827805393807165,1.7657317365833842,0.613940910472668,5.946793380508927e-07,2.2204460492719224e-16,1.8275865480847833,1.8085441916478686,0.6152629957972913,nan,nan,nan,nan,nan,nan,nan,nan,,0.05198689800090506,0.041583636000723345,0.031041116000778857,0.031041116000778857,0.020642283001507167,nan,nan,profile,1,1,2,2,6.912375450134277,3.0876245498657227,0.0,0.0,
1785154134.7494745,64.26641806099906,0.0,0.0,0.0,0.0,0.0,-7.57380269611474e-16,0.0,2.220446049250313e-16,1.827805393807165,1.7657317365833842,0.613940910472668,before_ekf,-7.57380269611474e-16,2.220446049250313e-16,1.827805393807165,1.7657317365833842,0.613940910472668,5.701738521068535e-07,2.2204460492600693e-16,1.8275865465641505,1.8085441897304038,0.6152629957972913,nan,nan,nan,nan,nan,nan,nan,nan,,0.0526728449985967,0.04174415299894463,0.031084890999409254,0.031084890999409254,0.020706598999822745,nan,nan,profile,1,1,2,2,6.996293544769287,3.003706455230713,0.0,0.0,
1785154134.8326135,64.34955181800069,0.0,0.0,0.0,0.0,0.0,-7.57380269611474e-16,0.0,2.220446049250313e-16,1.827805393807165,1.7657317365833842,0.613940910472668,before_ekf,-7.57380269611474e-16,2.220446049250313e-16,1.827805393807165,1.7657317365833842,0.613940910472668,5.465352920136477e-07,2.220446049254718e-16,1.827586545101466,1.8085441879225765,0.6152629957972913,nan,nan,nan,nan,nan,nan,nan,nan,,0.05175726100060274,0.04147443800138717,0.03108410200002254,0.03108410200002254,0.020692052001322736,nan,nan,profile,1,1,2,2,7.0793867111206055,2.9206132888793945,0.0,0.0,
1785154134.9160326,64.43297591299961,0.0,0.0,0.0,0.0,0.0,-7.57380269611474e-16,0.0,2.220446049250313e-16,1.827805393807165,1.7657317365833842,0.613940910472668,before_ekf,-7.57380269611474e-16,2.220446049250313e-16,1.827805393807165,1.7657317365833842,0.613940910472668,4.3844598478699414e-07,2.220446049251204e-16,1.827586555865525,1.808544194132443,0.6152629957972913,nan,nan,nan,nan,nan,nan,nan,nan,,0.05221379800059367,0.04180047599948011,0.03133102699939627,0.03133102699939627,0.02087554299941985,nan,nan,profile,1,1,2,2,7.162832260131836,2.837167739868164,0.0,0.0,
1785154134.9999177,64.51686144199994,0.0,0.0,0.0,0.0,0.0,-7.57380269611474e-16,0.0,2.220446049250313e-16,1.827805393807165,1.7657317365833842,0.613940910472668,before_ekf,-7.57380269611474e-16,2.220446049250313e-16,1.827805393807165,1.7657317365833842,0.613940910472668,4.0271973067550896e-07,2.2204460492504985e-16,1.82758656726324,1.8085442010383297,0.6152629957972913,nan,nan,nan,nan,nan,nan,nan,nan,,0.05243626599985873,0.042058494000229985,0.03154116199948476,0.03154116199948476,0.020864075999270426,nan,nan,profile,1,1,2,2,7.246696472167969,2.7533035278320312,0.0,0.0,
1785154135.0828447,64.59978766099994,0.0,0.0,0.0,0.0,0.0,-7.57380269611474e-16,0.0,2.220446049250313e-16,1.827805393807165,1.7657317365833842,0.613940910472668,before_ekf,-7.57380269611474e-16,2.220446049250313e-16,1.827805393807165,1.7657317365833842,0.613940910472668,4.6757914338436134e-07,2.2204460492503875e-16,1.827586589238831,1.8085442158658593,0.6152629957972913,nan,nan,nan,nan,nan,nan,nan,nan,,0.051668795000296086,0.041320784999697935,0.030937449999328237,0.030937449999328237,0.020595723000951693,nan,nan,profile,1,1,2,2,7.329665660858154,2.6703343391418457,0.0,0.0,
1785154135.1653392,64.68228255599934,0.0,0.0,0.0,0.0,0.0,-7.57380269611474e-16,0.0,2.220446049250313e-16,1.827805393807165,1.7657317365833842,0.613940910472668,before_ekf,-7.57380269611474e-16,2.220446049250313e-16,1.827805393807165,1.7657317365833842,0.613940910472668,4.185657728861801e-07,2.220446049250346e-16,1.8275865863545966,1.8085442133661886,0.6152629957972913,nan,nan,nan,nan,nan,nan,nan,nan,,0.05145528699904389,0.04125246799958404,0.030936989998735953,0.030936989998735953,0.0206302799997502,nan,nan,profile,1,1,2,2,7.412157297134399,2.5878427028656006,0.0,0.0,
1785154135.2495754,64.76651849500013,0.0,0.0,0.0,0.0,0.0,-7.57380269611474e-16,0.0,2.220446049250313e-16,1.827805393807165,1.7657317365833842,0.613940910472668,before_ekf,-7.57380269611474e-16,2.220446049250313e-16,1.827805393807165,1.7657317365833842,0.613940910472668,3.351061713518373e-07,2.220446049250321e-16,1.827586573683786,1.808544203781671,0.6152629957972913,nan,nan,nan,nan,nan,nan,nan,nan,,0.05248218700035068,0.04204932200082112,0.031455206000828184,0.031455206000828184,0.020805886000744067,nan,nan,profile,1,1,2,2,7.4964001178741455,2.5035998821258545,0.0,0.0,
1785154135.3328285,64.84977197399894,0.0,0.0,0.0,0.0,0.0,-7.57380269611474e-16,0.0,2.220446049250313e-16,1.827805393807165,1.7657317365833842,0.613940910472668,before_ekf,-7.57380269611474e-16,2.220446049250313e-16,1.827805393807165,1.7657317365833842,0.613940910472668,3.946063734072805e-07,2.220446049250316e-16,1.8275865921262764,1.808544216316291,0.6152629957972913,nan,nan,nan,nan,nan,nan,nan,nan,,0.05178811799851246,0.04155014299976756,0.031093822999537224,0.031093822999537224,0.020789782998690498,nan,nan,profile,1,1,2,2,7.579611301422119,2.420388698577881,0.0,0.0,
1785154135.416707,64.93364992399984,0.0,0.0,0.0,0.0,0.0,-7.57380269611474e-16,0.0,2.220446049250313e-16,1.827805393807165,1.7657317365833842,0.613940910472668,before_ekf,-7.57380269611474e-16,2.220446049250313e-16,1.827805393807165,1.7657317365833842,0.613940910472668,2.960378616133272e-07,2.220446049250314e-16,1.8275865804991738,1.808544207600644,0.6152629957972913,nan,nan,nan,nan,nan,nan,nan,nan,,0.05252174300039769,0.042241917000865215,0.03150187800019921,0.03150187800019921,0.02117465999981505,nan,nan,profile,1,1,2,2,7.663518905639648,2.3364810943603516,0.0,0.0,
1785154135.500992,65.01793516699945,0.0,0.0,0.0,0.0,0.0,-7.57380269611474e-16,0.0,2.220446049250313e-16,1.827805393807165,1.7657317365833842,0.613940910472668,before_ekf,-7.57380269611474e-16,2.220446049250313e-16,1.827805393807165,1.7657317365833842,0.613940910472668,3.4772486092238166e-07,2.2204460492503136e-16,1.82758659640832,1.808544218456641,0.6152629957972913,nan,nan,nan,nan,nan,nan,nan,nan,,0.053083287999470485,0.04207048799980839,0.0312910649990954,0.0312910649990954,0.020765391998793348,nan,nan,profile,1,1,2,2,7.747796535491943,2.2522034645080566,0.0,0.0,
1785154135.5854023,65.10234531400056,0.0,0.0,0.0,0.0,0.0,-7.57380269611474e-16,0.0,2.220446049250313e-16,1.827805393807165,1.7657317365833842,0.613940910472668,before_ekf,-7.57380269611474e-16,2.220446049250313e-16,1.827805393807165,1.7657317365833842,0.613940910472668,2.6080114764973577e-07,2.220446049250313e-16,1.8275865859333498,1.8085442106664653,0.6152629957972913,nan,nan,nan,nan,nan,nan,nan,nan,,0.052524173001074814,0.041874637001455994,0.03134058300020115,0.03134058300020115,0.020908811000481364,nan,nan,profile,1,1,2,2,7.8322367668151855,2.1677632331848145,0.0,0.0,
1785154135.6696882,65.18663210200066,0.0,0.0,0.0,0.0,0.0,-7.57380269611474e-16,0.0,2.220446049250313e-16,1.827805393807165,1.7657317365833842,0.613940910472668,before_ekf,-7.57380269611474e-16,2.220446049250313e-16,1.827805393807165,1.7657317365833842,0.613940910472668,2.8684352799283916e-07,2.220446049250313e-16,1.8275865856048525,1.8085442102274987,0.6152629957972913,nan,nan,nan,nan,nan,nan,nan,nan,,0.05264331500075059,0.042296100000385195,0.03142026900059136,0.03142026900059136,0.020780626000487246,nan,nan,profile,1,1,2,2,7.916459798812866,2.083540201187134,0.0,0.0,
1785154135.7541938,65.27113639399977,0.0,0.0,0.0,0.0,0.0,-7.57380269611474e-16,0.0,2.220446049250313e-16,1.827805393807165,1.7657317365833842,0.613940910472668,before_ekf,-7.57380269611474e-16,2.220446049250313e-16,1.827805393807165,1.7657317365833842,0.613940910472668,2.7811549115713754e-07,2.220446049250313e-16,1.8275865846870474,1.808544209378954,0.6152629957972913,nan,nan,nan,nan,nan,nan,nan,nan,,0.05206270499911625,0.0417357219994301,0.03139479799938272,0.03139479799938272,0.0210134429999016,nan,nan,profile,1,1,2,2,8.001056432723999,1.998943567276001,0.0,0.0,
1785154135.8378997,65.35484343799908,0.0,0.0,0.0,0.0,0.0,-7.57380269611474e-16,0.0,2.220446049250313e-16,1.827805393807165,1.7657317365833842,0.613940910472668,before_ekf,-7.57380269611474e-16,2.220446049250313e-16,1.827805393807165,1.7657317365833842,0.613940910472668,2.669303661204902e-07,2.220446049250313e-16,1.8275865835265828,1.8085442083741141,0.6152629957972913,nan,nan,nan,nan,nan,nan,nan,nan,,0.05196057899956941,0.04166262299986556,0.031191935999231646,0.031191935999231646,0.020682061000115937,nan,nan,profile,1,1,2,2,8.084693908691406,1.9153060913085938,0.0,0.0,
1785154135.9216733,65.43861682699935,0.0,0.0,0.0,0.0,0.0,-7.57380269611474e-16,0.0,2.220446049250313e-16,1.827805393807165,1.7657317365833842,0.613940910472668,before_ekf,-7.57380269611474e-16,2.220446049250313e-16,1.827805393807165,1.7657317365833842,0.613940910472668,2.7200178341022696e-07,2.220446049250313e-16,1.8275865950112737,1.8085442162475494,0.6152629957972913,nan,nan,nan,nan,nan,nan,nan,nan,,0.051911380998717505,0.04160143399894878,0.031080082999324077,0.031080082999324077,0.02065387800030294,nan,nan,profile,1,1,2,2,8.168466567993164,1.831533432006836,0.0,0.0,
1785154136.0050483,65.52199177500006,0.0,0.0,0.0,0.0,0.0,-7.57380269611474e-16,0.0,2.220446049250313e-16,1.827805393807165,1.7657317365833842,0.613940910472668,before_ekf,-7.57380269611474e-16,2.220446049250313e-16,1.827805393807165,1.7657317365833842,0.613940910472668,2.013719494687666e-07,2.220446049250313e-16,1.8275865865038343,1.8085442100008455,0.6152629957972913,nan,nan,nan,nan,nan,nan,nan,nan,,0.05182562800109736,0.041527028999553295,0.031133005000810954,0.031133005000810954,0.020711999000923242,nan,nan,profile,1,1,2,2,8.251851797103882,1.7481482028961182,0.0,0.0,
1785154136.0892782,65.60622138500003,0.0,0.0,0.0,0.0,0.0,-7.57380269611474e-16,0.0,2.220446049250313e-16,1.827805393807165,1.7657317365833842,0.613940910472668,before_ekf,-7.57380269611474e-16,2.220446049250313e-16,1.827805393807165,1.7657317365833842,0.613940910472668,2.2255705719097477e-07,2.220446049250313e-16,1.8275865862731238,1.8085442097134656,0.6152629957972913,nan,nan,nan,nan,nan,nan,nan,nan,,0.05272415000035835,0.04217537899967283,0.0313170089993946,0.0313170089993946,0.020731892000185326,nan,nan,profile,1,1,2,2,8.336061954498291,1.663938045501709,0.0,0.0,
1785154136.172632,65.68957580799906,0.0,0.0,0.0,0.0,0.0,-7.57380269611474e-16,0.0,2.220446049250313e-16,1.827805393807165,1.7657317365833842,0.613940910472668,before_ekf,-7.57380269611474e-16,2.220446049250313e-16,1.827805393807165,1.7657317365833842,0.613940910472668,1.8092816515848376e-07,2.220446049250313e-16,1.82758659026596,1.8085442122980089,0.6152629957972913,nan,nan,nan,nan,nan,nan,nan,nan,,0.05194823700003326,0.04168177899919101,0.031191535999823827,0.031191535999823827,0.020688003998657223,nan,nan,profile,1,1,2,2,8.419402360916138,1.5805976390838623,0.0,0.0,
1785154136.2561185,65.77306116,0.0,0.0,0.0,0.0,0.0,-7.57380269611474e-16,0.0,2.220446049250313e-16,1.827805393807165,1.7657317365833842,0.613940910472668,before_ekf,-7.57380269611474e-16,2.220446049250313e-16,1.827805393807165,1.7657317365833842,0.613940910472668,1.6634753067358732e-07,2.220446049250313e-16,1.8275865941737572,1.808544214863955,0.6152629957972913,nan,nan,nan,nan,nan,nan,nan,nan,,0.05208436400062055,0.04174692000015057,0.031175412999800756,0.031175412999800756,0.02073119200031215,nan,nan,profile,1,1,2,2,8.502911806106567,1.4970881938934326,0.0,0.0,
1785154136.3293042,65.84624777699901,0.0,0.0,0.0,0.0,0.0,-7.57380269611474e-16,0.0,2.220446049250313e-16,1.827805393807165,1.7657317365833842,0.613940910472668,before_ekf,-7.57380269611474e-16,2.220446049250313e-16,1.827805393807165,1.7657317365833842,0.613940910472668,1.6634753067358732e-07,2.220446049250313e-16,1.8275865941737572,1.808544214863955,0.6152629957972913,nan,nan,nan,nan,nan,nan,nan,nan,,0.04171169599976565,0.031214179998642066,0.020760452000104124,0.020760452000104124,0.093917808999322,nan,nan,profile,1,1,2,2,8.576113224029541,1.423886775970459,0.0,0.0,
1785154136.4135263,65.93046781900011,0.0,0.0,0.0,0.0,0.0,-7.57380269611474e-16,0.0,2.220446049250313e-16,1.827805393807165,1.7657317365833842,0.613940910472668,before_ekf,-7.57380269611474e-16,2.220446049250313e-16,1.827805393807165,1.7657317365833842,0.613940910472668,1.527508878886341e-07,2.220446049250313e-16,1.8275865975197132,1.808544217063759,0.6152629957972913,nan,nan,nan,nan,nan,nan,nan,nan,,0.052604589000111446,0.042280928000764106,0.031679386000178056,0.031679386000178056,0.02106530200035195,nan,nan,profile,1,1,2,2,8.660378694534302,1.3396213054656982,0.0,0.0,
1785154136.497756,66.01469537999947,0.0,0.0,0.0,0.0,0.0,-7.57380269611474e-16,0.0,2.220446049250313e-16,1.827805393807165,1.7657317365833842,0.613940910472668,before_ekf,-7.57380269611474e-16,2.220446049250313e-16,1.827805393807165,1.7657317365833842,0.613940910472668,1.6594720655996094e-07,2.220446049250313e-16,1.8275865970546423,1.8085442166657226,0.6152629957972913,nan,nan,nan,nan,nan,nan,nan,nan,,0.05243972700009181,0.04216660900056013,0.03142076899894164,0.03142076899894164,0.020906779000142706,nan,nan,profile,1,1,2,2,8.744664192199707,1.255335807800293,0.0,0.0,
1785154136.581143,66.09808582900041,0.0,0.0,0.0,0.0,0.0,-7.57380269611474e-16,0.0,2.220446049250313e-16,1.827805393807165,1.7657317365833842,0.613940910472668,before_ekf,-7.57380269611474e-16,2.220446049250313e-16,1.827805393807165,1.7657317365833842,0.613940910472668,1.6078233092491484e-07,2.220446049250313e-16,1.8275865962748752,1.8085442160477923,0.6152629957972913,nan,nan,nan,nan,nan,nan,nan,nan,,0.05190822400072648,0.04165358200043556,0.031185306999759632,0.031185306999759632,0.020725604001199827,nan,nan,profile,1,1,2,2,8.827938795089722,1.1720612049102783,0.0,0.0,
1785154136.6647558,66.18169888699958,0.0,0.0,0.0,0.0,0.0,-7.57380269611474e-16,0.0,2.220446049250313e-16,1.827805393807165,1.7657317365833842,0.613940910472668,before_ekf,-7.57380269611474e-16,2.220446049250313e-16,1.827805393807165,1.7657317365833842,0.613940910472668,1.5428865556401778e-07,2.220446049250313e-16,1.8275865953762809,1.8085442153510067,0.6152629957972913,nan,nan,nan,nan,nan,nan,nan,nan,,0.05217209699912928,0.04183825200016145,0.031299557000238565,0.031299557000238565,0.020799878999241628,nan,nan,profile,1,1,2,2,8.911556720733643,1.0884432792663574,0.0,0.0,
1785154136.7479994,66.26494248299969,0.0,0.0,0.0,0.0,0.0,-7.57380269611474e-16,0.0,2.220446049250313e-16,1.827805393807165,1.7657317365833842,0.613940910472668,before_ekf,-7.57380269611474e-16,2.220446049250313e-16,1.827805393807165,1.7657317365833842,0.613940910472668,1.4802292324569497e-07,2.220446049250313e-16,1.8275865945377845,1.8085442147014668,0.6152629957972913,nan,nan,nan,nan,nan,nan,nan,nan,,0.05171311199956108,0.04147457500039309,0.031110236999666085,0.031110236999666085,0.020691405999968993,nan,nan,profile,1,1,2,2,8.994808435440063,1.0051915645599365,0.0,0.0,
1785154136.8315718,66.34851521400014,0.0,0.0,0.0,0.0,0.0,-7.57380269611474e-16,0.0,2.220446049250313e-16,1.827805393807165,1.7657317365833842,0.613940910472668,before_ekf,-7.57380269611474e-16,2.220446049250313e-16,1.827805393807165,1.7657317365833842,0.613940910472668,1.4173450944351184e-07,2.220446049250313e-16,1.827586593689788,1.8085442140501071,0.6152629957972913,nan,nan,nan,nan,nan,nan,nan,nan,,0.05220861199995852,0.04150527999991027,0.03110500600087107,0.03110500600087107,0.02076640000086627,nan,nan,profile,1,1,2,2,9.078795433044434,0.9212045669555664,0.0,0.0,
1785154136.9169297,66.43387280100069,0.0,0.0,0.0,0.0,0.0,-7.57380269611474e-16,0.0,2.220446049250313e-16,1.827805393807165,1.7657317365833842,0.613940910472668,before_ekf,-7.57380269611474e-16,2.220446049250313e-16,1.827805393807165,1.7657317365833842,0.613940910472668,1.1363092306630225e-07,2.220446049250313e-16,1.827586595715567,1.8085442153877993,0.6152629957972913,nan,nan,nan,nan,nan,nan,nan,nan,,0.05264524600170262,0.04176195000036387,0.03133187100138457,0.03133187100138457,0.02091295100035495,nan,nan,profile,1,1,2,2,9.163780689239502,0.836219310760498,0.0,0.0,
1785154137.000499,66.51744206699914,0.0,0.0,0.0,0.0,0.0,-7.57380269611474e-16,0.0,2.220446049250313e-16,1.827805393807165,1.7657317365833842,0.613940910472668,before_ekf,-7.57380269611474e-16,2.220446049250313e-16,1.827805393807165,1.7657317365833842,0.613940910472668,1.319089124761019e-07,2.220446049250313e-16,1.827586601462012,1.8085442193932715,0.6152629957972913,nan,nan,nan,nan,nan,nan,nan,nan,,0.05184718099917518,0.04153614099959668,0.03109120099907159,0.03109120099907159,0.020725212998513598,nan,nan,profile,1,1,2,2,9.24726915359497,0.7527308464050293,0.0,0.0,
1785154137.0839417,66.6008850140006,0.0,0.0,0.0,0.0,0.0,-7.57380269611474e-16,0.0,2.220446049250313e-16,1.827805393807165,1.7657317365833842,0.613940910472668,before_ekf,-7.57380269611474e-16,2.220446049250313e-16,1.827805393807165,1.7657317365833842,0.613940910472668,1.1817299216585075e-07,2.220446049250313e-16,1.8275866004432022,1.8085442186363745,0.6152629957972913,nan,nan,nan,nan,nan,nan,nan,nan,,0.052267726001446135,0.04148956700009876,0.03109250900160987,0.03109250900160987,0.02071015600085957,nan,nan,profile,1,1,2,2,9.330745458602905,0.6692545413970947,0.0,0.0,
1785154137.1673837,66.6843272139995,0.0,0.0,0.0,0.0,0.0,-7.57380269611474e-16,0.0,2.220446049250313e-16,1.827805393807165,1.7657317365833842,0.613940910472668,before_ekf,-7.57380269611474e-16,2.220446049250313e-16,1.827805393807165,1.7657317365833842,0.613940910472668,9.468055152180706e-08,2.220446049250313e-16,1.8275865965395652,1.808544215827321,0.6152629957972913,nan,nan,nan,nan,nan,nan,nan,nan,,0.052216472000509384,0.041957895999075845,0.03100639200056321,0.03100639200056321,0.02067041599912045,nan,nan,profile,1,1,2,2,9.414191484451294,0.585808515548706,0.0,0.0,
1785154137.2502797,66.76722303099996,0.0,0.0,0.0,0.0,0.0,-7.57380269611474e-16,0.0,2.220446049250313e-16,1.827805393807165,1.7657317365833842,0.613940910472668,before_ekf,-7.57380269611474e-16,2.220446049250313e-16,1.827805393807165,1.7657317365833842,0.613940910472668,8.820386946466342e-08,2.220446049250313e-16,1.8275865986266266,1.8085442172473745,0.6152629957972913,nan,nan,nan,nan,nan,nan,nan,nan,,0.05163987299965811,0.041396967999389744,0.030975931000284618,0.030975931000284618,0.020583769999575452,nan,nan,profile,1,1,2,2,9.497073411941528,0.5029265880584717,0.0,0.0,
1785154137.3224368,66.83937938999952,0.0,0.0,0.0,0.0,0.0,-7.57380269611474e-16,0.0,2.220446049250313e-16,1.827805393807165,1.7657317365833842,0.613940910472668,before_ekf,-7.57380269611474e-16,2.220446049250313e-16,1.827805393807165,1.7657317365833842,0.613940910472668,8.820386946466342e-08,2.220446049250313e-16,1.8275865986266266,1.8085442172473745,0.6152629957972913,nan,nan,nan,nan,nan,nan,nan,nan,,0.04113498699916818,0.030918348998966394,0.020579668998834677,0.020579668998834677,0.09274012899913942,nan,nan,profile,1,1,2,2,9.569225311279297,0.4307746887207031,0.0,0.0,
1785154137.4048843,66.92182766800033,0.0,0.0,0.0,0.0,0.0,-7.57380269611474e-16,0.0,2.220446049250313e-16,1.827805393807165,1.7657317365833842,0.613940910472668,before_ekf,-7.57380269611474e-16,2.220446049250313e-16,1.827805393807165,1.7657317365833842,0.613940910472668,1.0241089520227368e-07,2.220446049250313e-16,1.8275866030805472,1.8085442203615767,0.6152629957972913,nan,nan,nan,nan,nan,nan,nan,nan,,0.05134695500055386,0.04114924399982556,0.030781858000409557,0.030781858000409557,0.020486508999965736,nan,nan,profile,1,1,2,2,9.651625394821167,0.348374605178833,0.0,0.0,
1785154137.4876664,67.00460981099968,0.0,0.0,0.0,0.0,0.0,-7.57380269611474e-16,0.0,2.220446049250313e-16,1.827805393807165,1.7657317365833842,0.613940910472668,before_ekf,-7.57380269611474e-16,2.220446049250313e-16,1.827805393807165,1.7657317365833842,0.613940910472668,9.178726319157268e-08,2.220446049250313e-16,1.827586602265226,1.808544219763087,0.6152629957972913,nan,nan,nan,nan,nan,nan,nan,nan,,0.05160871499901987,0.0413956539996434,0.031062251000548713,0.031062251000548713,0.020766092999110697,nan,nan,profile,1,1,2,2,9.734492778778076,0.26550722122192383,0.0,0.0,
1785154137.5711908,67.08813453899893,0.0,0.0,0.0,0.0,0.0,-7.57380269611474e-16,0.0,2.220446049250313e-16,1.827805393807165,1.7657317365833842,0.613940910472668,before_ekf,-7.57380269611474e-16,2.220446049250313e-16,1.827805393807165,1.7657317365833842,0.613940910472668,8.736388052542079e-08,2.220446049250313e-16,1.8275866015003341,1.808544219202693,0.6152629957972913,nan,nan,nan,nan,nan,nan,nan,nan,,0.051787384998533526,0.041441572999247,0.030998154999906546,0.030998154999906546,0.020606763999239774,nan,nan,profile,1,1,2,2,9.817988157272339,0.18201184272766113,0.0,0.0,
1785154137.654148,67.17109180399893,0.0,0.0,0.0,0.0,0.0,-7.57380269611474e-16,0.0,2.220446049250313e-16,1.827805393807165,1.7657317365833842,0.613940910472668,before_ekf,-7.57380269611474e-16,2.220446049250313e-16,1.827805393807165,1.7657317365833842,0.613940910472668,7.056205445037462e-08,2.220446049250313e-16,1.8275865986291968,1.8085442171456936,0.6152629957972913,nan,nan,nan,nan,nan,nan,nan,nan,,0.05168435699852125,0.04145064299882506,0.03107666399955633,0.03107666399955633,0.02061662399864872,nan,nan,profile,1,1,2,2,9.900935411453247,0.09906458854675293,0.0,0.0,
1785154137.7367485,67.25369201799913,0.0,0.0,0.0,0.0,0.0,-7.57380269611474e-16,0.0,2.220446049250313e-16,1.827805393807165,1.7657317365833842,0.613940910472668,before_ekf,-7.57380269611474e-16,2.220446049250313e-16,1.827805393807165,1.7657317365833842,0.613940910472668,8.284130915546411e-08,2.220446049250313e-16,1.8275866022765588,1.808544219701561,0.6152629957972913,nan,nan,nan,nan,nan,nan,nan,nan,,0.051449786999000935,0.04124023399890575,0.030911596999430913,0.030911596999430913,0.020599555999069707,nan,nan,profile,1,1,2,2,9.983514547348022,0.01648545265197754,0.0,0.0,
1785154408.4290466,337.9459893179992,0.0,0.0,0.0,0.0,0.0,-7.57380269611474e-16,0.0,2.220446049250313e-16,1.827805393807165,1.7657317365833842,0.613940910472668,before_ekf,-7.57380269611474e-16,2.220446049250313e-16,1.827805393807165,1.7657317365833842,0.613940910472668,-7.57380269611474e-16,2.220446049250313e-16,1.827586603158627,1.8085442201501936,0.6152629957972913,nan,nan,nan,nan,nan,nan,nan,nan,,0.05217191100018681,0.04167607199997292,0.031230960999891977,0.031230960999891977,0.020771630999661284,nan,nan,profile,1,1,1,2,0.03679203987121582,11.963207960128784,-0.6,0.6,
1785154408.5127373,338.02968057,0.0,0.0,0.0,0.0,0.0,-7.57380269611474e-16,0.0,2.220446049250313e-16,1.827805393807165,1.7657317365833842,0.613940910472668,before_ekf,-7.57380269611474e-16,2.220446049250313e-16,1.827805393807165,1.7657317365833842,0.613940910472668,-7.57380269611474e-16,2.220446049250313e-16,1.827586603158627,1.8085442201501936,0.6152629957972913,nan,nan,nan,nan,nan,nan,nan,nan,,0.05190456899981655,0.041531414000928635,0.031051549000039813,0.031051549000039813,0.020616698000594624,nan,nan,profile,1,1,1,2,0.12042498588562012,11.87957501411438,-0.6,0.6,
1785154408.5965366,338.1134804939993,-6.666666666666665,0.0,6.666666666666665,0.0,0.0,-7.57380269611474e-16,2.1041557075223563,2.220446049250313e-16,1.827805393807165,1.7657317365833842,0.613940910472668,before_ekf,-7.57380269611474e-16,2.220446049250313e-16,1.827805393807165,1.7657317365833842,0.613940910472668,-7.57380269611474e-16,2.220446049250313e-16,1.827586603158627,1.8085442201501936,0.6152629957972913,nan,nan,nan,nan,nan,nan,nan,nan,,0.051986227999805124,0.04166196900041541,0.031165442000201438,0.031165442000201438,0.02072232699902088,nan,nan,profile,1,1,1,2,0.20423579216003418,11.795764207839966,-0.6,0.6,
1785154408.6820807,338.1990244530007,-6.666666666666665,0.0,6.666666666666665,0.0,0.0,-7.57380269611474e-16,2.1041557075223563,2.220446049250313e-16,1.827805393807165,1.7657317365833842,0.613940910472668,before_ekf,-7.57380269611474e-16,2.220446049250313e-16,1.827805393807165,1.7657317365833842,0.613940910472668,-7.57380269611474e-16,2.220446049250313e-16,1.827586603158627,1.8085442201501936,0.6152629957972913,nan,nan,nan,nan,nan,nan,nan,nan,,0.05311860400070145,0.04229832700002589,0.03143564500169305,0.03143564500169305,0.02106649600136734,nan,nan,profile,1,1,1,2,0.28973913192749023,11.71026086807251,-0.6,0.6,
1785154408.7544122,338.27135591499973,-6.666666666666665,0.0,6.666666666666665,0.0,0.0,-7.57380269611474e-16,2.1041557075223563,2.220446049250313e-16,1.827805393807165,1.7657317365833842,0.613940910472668,before_ekf,-7.57380269611474e-16,2.220446049250313e-16,1.827805393807165,1.7657317365833842,0.613940910472668,-7.57380269611474e-16,2.220446049250313e-16,1.827586603158627,1.8085442201501936,0.6152629957972913,nan,nan,nan,nan,nan,nan,nan,nan,,0.0411992690005718,0.03098382799907995,0.02061629099989659,0.02061629099989659,0.09339795800042339,nan,nan,profile,1,1,1,2,0.36208510398864746,11.637914896011353,-0.6,0.6,
1785154408.8381,338.3550437119993,-6.666666666666665,0.0,6.666666666666665,0.0,0.0,-7.57380269611474e-16,2.1041557075223563,2.220446049250313e-16,1.827805393807165,1.7657317365833842,0.613940910472668,before_ekf,-7.57380269611474e-16,2.220446049250313e-16,1.827805393807165,1.7657317365833842,0.613940910472668,-7.57380269611474e-16,2.220446049250313e-16,1.827586603158627,1.8085442201501936,0.6152629957972913,nan,nan,nan,nan,nan,nan,nan,nan,,0.052395405999050126,0.04205118199934077,0.03139708100025018,0.03139708100025018,0.02080528099941148,nan,nan,profile,1,1,1,2,0.4457583427429199,11.55424165725708,-0.6,0.6,
1785154408.9222121,338.43915446900064,-6.666666666666665,0.0,6.666666666666665,0.0,0.0,-7.57380269611474e-16,2.1041557075223563,2.220446049250313e-16,1.827805393807165,1.7657317365833842,0.613940910472668,before_ekf,-7.57380269611474e-16,2.220446049250313e-16,1.827805393807165,1.7657317365833842,0.613940910472668,-7.57380269611474e-16,2.220446049250313e-16,1.827586603158627,1.8085442201501936,0.6152629957972913,nan,nan,nan,nan,nan,nan,nan,nan,,0.05275082300067879,0.042406197000673274,0.03173906800111581,0.03173906800111581,0.02099463100057619,nan,nan,profile,1,1,1,2,0.5299098491668701,11.47009015083313,-0.6,0.6,
1785154409.0056748,338.52261840699975,-6.666666666666665,0.0,6.666666666666665,0.0,0.0,-7.57380269611474e-16,2.1041557075223563,2.220446049250313e-16,1.827805393807165,1.7657317365833842,0.613940910472668,before_ekf,-7.57380269611474e-16,2.220446049250313e-16,1.827805393807165,1.7657317365833842,0.613940910472668,-7.57380269611474e-16,2.220446049250313e-16,1.827586603158627,1.8085442201501936,0.6152629957972913,nan,nan,nan,nan,nan,nan,nan,nan,,0.052162227999360766,0.04172779900000023,0.03119801200045913,0.03119801200045913,0.02074429399908695,nan,nan,profile,1,1,1,2,0.613396167755127,11.386603832244873,-0.6,0.6,
1785154409.0897422,338.6066859019993,-6.666666666666665,0.0,6.666666666666665,0.0,0.0,-7.57380269611474e-16,2.1041557075223563,2.220446049250313e-16,1.827805393807165,1.7657317365833842,0.613940910472668,before_ekf,-7.57380269611474e-16,2.220446049250313e-16,1.827805393807165,1.7657317365833842,0.613940910472668,-1.2304612208386799e-15,0.0044957447458295035,1.827586603158627,1.8085442201501936,0.6155035421141004,nan,nan,nan,nan,nan,nan,nan,nan,,0.05250017599973944,0.04210869999951683,0.03163045899964345,0.03163045899964345,0.021206147999691893,nan,nan,profile,1,1,1,2,0.6974015235900879,11.302598476409912,-0.6,0.6,
1785154409.1729066,338.6898497410002,-6.666666666666665,0.0,6.666666666666665,0.0,0.0,-7.57380269611474e-16,2.1041557075223563,2.220446049250313e-16,1.827805393807165,1.7657317365833842,0.613940910472668,before_ekf,-7.57380269611474e-16,2.220446049250313e-16,1.827805393807165,1.7657317365833842,0.613940910472668,-2.0796591974371295e-15,0.02463623180809278,1.827586603158627,1.8085442201501936,0.6168959199197035,nan,nan,nan,nan,nan,nan,nan,nan,,0.051709350000237464,0.04144553900005121,0.031042938000609865,0.031042938000609865,0.020757723999849986,nan,nan,profile,1,1,1,2,0.7806792259216309,11.21932077407837,-0.6,0.6,
1785154409.2570655,338.77400897999905,-6.666666666666665,0.0,6.666666666666665,0.0,0.0,-7.57380269611474e-16,2.1041557075223563,2.220446049250313e-16,1.827805393807165,1.7657317365833842,0.613940910472668,before_ekf,-7.57380269611474e-16,2.220446049250313e-16,1.827805393807165,1.7657317365833842,0.613940910472668,-0.0016905397914582592,0.05644397041881187,1.8274986700866402,1.8084819958421139,0.6202684529704513,nan,nan,nan,nan,nan,nan,nan,nan,,0.05221671799881733,0.04193578800004616,0.031575495999277337,0.031575495999277337,0.020872583998425398,nan,nan,profile,1,1,1,2,0.8647463321685791,11.135253667831421,-0.6,0.6,
1785154409.340095,338.8570381270001,-6.666666666666665,0.0,6.666666666666665,0.0,0.0,-7.57380269611474e-16,2.1041557075223563,2.220446049250313e-16,1.827805393807165,1.7657317365833842,0.613940910472668,before_ekf,-7.57380269611474e-16,2.220446049250313e-16,1.827805393807165,1.7657317365833842,0.613940910472668,-0.001297989296168055,0.11000238056115981,1.8273831733443442,1.8083991584666963,0.6288403464835434,nan,nan,nan,nan,nan,nan,nan,nan,,0.051865462999558076,0.041585086000850424,0.031115494000914623,0.031115494000914623,0.02075104200048372,nan,nan,profile,1,1,1,2,0.9478294849395752,11.052170515060425,-0.6,0.6,
1785154409.4242177,338.9411607540005,-6.666666666666665,0.0,6.666666666666665,0.0,0.0,-7.57380269611474e-16,2.1041557075223563,2.220446049250313e-16,1.827805393807165,1.7657317365833842,0.613940910472668,before_ekf,-7.57380269611474e-16,2.220446049250313e-16,1.827805393807165,1.7657317365833842,0.613940910472668,-0.00035943693870600256,0.14559640668932047,1.8273648228276664,1.8083849800191407,0.6382426720008474,nan,nan,nan,nan,nan,nan,nan,nan,,0.05224634000114747,0.04188662100023066,0.0314035840001452,0.0314035840001452,0.020766364001246984,nan,nan,profile,1,1,1,2,1.031940221786499,10.968059778213501,-0.6,0.6,
1785154409.5083601,339.0253026549999,-6.666666666666665,0.0,6.666666666666665,0.0,0.0,-7.57380269611474e-16,2.1041557075223563,2.220446049250313e-16,1.827805393807165,1.7657317365833842,0.613940910472668,before_ekf,-7.57380269611474e-16,2.220446049250313e-16,1.827805393807165,1.7657317365833842,0.613940910472668,-0.001775109257336584,0.16553836180910378,1.8272715100982653,1.8083172265783174,0.6490802204506917,nan,nan,nan,nan,nan,nan,nan,nan,,0.052496151000013924,0.04190345400093065,0.031355552999229985,0.031355552999229985,0.020917646999805584,nan,nan,profile,1,1,1,2,1.1161179542541504,10.88388204574585,-0.6,0.6,
1785154409.593463,339.1104057499997,-6.666666666666665,0.0,6.666666666666665,0.0,0.0,-7.57380269611474e-16,2.1041557075223563,2.220446049250313e-16,1.827805393807165,1.7657317365833842,0.613940910472668,before_ekf,-7.57380269611474e-16,2.220446049250313e-16,1.827805393807165,1.7657317365833842,0.613940910472668,-0.0013423938124207775,0.1812513673627552,1.8272014518155975,1.8082632162491439,0.6609846631432097,nan,nan,nan,nan,nan,nan,nan,nan,,0.05338653900071222,0.04299434200038377,0.03177647799930128,0.03177647799930128,0.02122385199982091,nan,nan,profile,1,1,1,2,1.2012524604797363,10.798747539520264,-0.6,0.6,
1785154409.677853,339.1947955329997,-6.666666666666665,0.0,6.666666666666665,0.0,0.0,-7.57380269611474e-16,2.1041557075223563,2.220446049250313e-16,1.827805393807165,1.7657317365833842,0.613940910472668,before_ekf,-7.57380269611474e-16,2.220446049250313e-16,1.827805393807165,1.7657317365833842,0.613940910472668,-0.0019249662856087482,0.2096284585090853,1.8270715122209016,1.8081621242595125,0.6812449388412913,nan,nan,nan,nan,nan,nan,nan,nan,,0.05252458100039803,0.04209203500067815,0.0315566379995289,0.0315566379995289,0.0207973899996432,nan,nan,profile,1,1,1,2,1.285804033279419,10.714195966720581,-0.6,0.6,
1785154409.7620487,339.2789919900006,-6.666666666666665,0.0,6.666666666666665,0.0,0.0,-7.57380269611474e-16,2.1041557075223563,2.220446049250313e-16,1.827805393807165,1.7657317365833842,0.613940910472668,before_ekf,-7.57380269611474e-16,2.220446049250313e-16,1.827805393807165,1.7657317365833842,0.613940910472668,-0.0030818808683129757,0.24094227634970372,1.8269176398294666,1.8080402356562113,0.6967976836018357,nan,nan,nan,nan,nan,nan,nan,nan,,0.052242033001675736,0.041991376001533354,0.03149268600100186,0.03149268600100186,0.021123772001374164,nan,nan,profile,1,1,1,2,1.3698604106903076,10.630139589309692,-0.6,0.6,
1785154409.8460839,339.3630270949998,-6.666666666666665,0.0,6.666666666666665,0.0,0.0,-7.57380269611474e-16,2.1041557075223563,2.220446049250313e-16,1.827805393807165,1.7657317365833842,0.613940910472668,before_ekf,-7.57380269611474e-16,2.220446049250313e-16,1.827805393807165,1.7657317365833842,0.613940910472668,-0.0002816016203002522,0.3570874876754659,1.8268058414106678,1.8079352224017142,0.7377167999617074,nan,nan,nan,nan,nan,nan,nan,nan,,0.05226475699964794,0.041998886999863316,0.03160260199911136,0.03160260199911136,0.02117691700004798,nan,nan,profile,1,1,1,2,1.4538037776947021,10.546196222305298,-0.6,0.6,
1785154409.930127,339.4470705139993,-6.666666666666665,0.0,6.666666666666665,0.0,0.0,-7.57380269611474e-16,2.1041557075223563,2.220446049250313e-16,1.827805393807165,1.7657317365833842,0.613940910472668,before_ekf,-7.57380269611474e-16,2.220446049250313e-16,1.827805393807165,1.7657317365833842,0.613940910472668,0.0015807200059645536,0.4047506537084612,1.8268805476707568,1.8079932287201999,0.7639540474510649,nan,nan,nan,nan,nan,nan,nan,nan,,0.05283824499929324,0.042560281999612926,0.03153580599973793,0.03153580599973793,0.020692853999207728,nan,nan,profile,1,1,1,2,1.5377788543701172,10.462221145629883,-0.6,0.6,
1785154410.0144742,339.5314177729997,-6.666666666666665,0.0,6.666666666666665,0.0,0.0,-7.57380269611474e-16,2.1041557075223563,2.220446049250313e-16,1.827805393807165,1.7657317365833842,0.613940910472668,before_ekf,-7.57380269611474e-16,2.220446049250313e-16,1.827805393807165,1.7657317365833842,0.613940910472668,0.004142203548257116,0.4932134554054055,1.8271874750338137,1.8082804545446791,0.8247683257931473,nan,nan,nan,nan,nan,nan,nan,nan,,0.05231889899914677,0.042002592999779154,0.031076191999090952,0.031076191999090952,0.02065348799987987,nan,nan,profile,1,1,1,2,1.6221702098846436,10.377829790115356,-0.6,0.6,
1785154410.0973868,339.61433038500036,-6.666666666666665,0.0,6.666666666666665,0.0,0.0,-7.57380269611474e-16,2.1041557075223563,2.220446049250313e-16,1.827805393807165,1.7657317365833842,0.613940910472668,before_ekf,-7.57380269611474e-16,2.220446049250313e-16,1.827805393807165,1.7657317365833842,0.613940910472668,0.003643134514022149,0.5351685231268959,1.827519180084645,1.8086568012474478,0.893689879638349,nan,nan,nan,nan,nan,nan,nan,nan,,0.051761276001343504,0.04154598000059195,0.031194813000183785,0.031194813000183785,0.020824851000725175,nan,nan,profile,1,1,1,2,1.7051067352294922,10.294893264770508,-0.6,0.6,
1785154410.1813133,339.6982557499996,-6.666666666666665,0.0,6.666666666666665,0.0,0.0,-7.57380269611474e-16,2.1041557075223563,2.220446049250313e-16,1.827805393807165,1.7657317365833842,0.613940910472668,before_ekf,-7.57380269611474e-16,2.220446049250313e-16,1.827805393807165,1.7657317365833842,0.613940910472668,0.0011133977173177511,0.5449716812676833,1.8275560864676468,1.8087379837726765,0.9298497826386329,nan,nan,nan,nan,nan,nan,nan,nan,,0.05233378199955041,0.04204969800048275,0.03139817299961578,0.03139817299961578,0.020892865999485366,nan,nan,profile,1,1,1,2,1.789060115814209,10.210939884185791,-0.6,0.6,
1785154410.2648866,339.7818303309996,-6.666666666666665,0.0,6.666666666666665,0.0,0.0,-7.57380269611474e-16,2.1041557075223563,2.220446049250313e-16,1.827805393807165,1.7657317365833842,0.613940910472668,before_ekf,-7.57380269611474e-16,2.220446049250313e-16,1.827805393807165,1.7657317365833842,0.613940910472668,-0.002202154161409061,0.5519200132759071,1.8274533425904267,1.808651547631333,0.9665142369972681,nan,nan,nan,nan,nan,nan,nan,nan,,0.051994555000419496,0.041653944999779924,0.031163874999037944,0.031163874999037944,0.020703240999864647,nan,nan,profile,1,1,1,2,1.872544765472412,10.127455234527588,-0.6,0.6,
1785154410.3483713,339.8653144540003,-6.666666666666665,0.0,6.666666666666665,0.0,0.0,-7.57380269611474e-16,2.1041557075223563,2.220446049250313e-16,1.827805393807165,1.7657317365833842,0.613940910472668,before_ekf,-7.57380269611474e-16,2.220446049250313e-16,1.827805393807165,1.7657317365833842,0.613940910472668,-0.005713720730122041,0.5528544221855078,1.8272202535956816,1.808374058711475,1.003367809000598,nan,nan,nan,nan,nan,nan,nan,nan,,0.051648492000822444,0.0413947859997279,0.03100322899990715,0.03100322899990715,0.020658819999880507,nan,nan,profile,1,1,1,2,1.956064224243164,10.043935775756836,-0.6,0.6,
1785154410.4321148,339.94905860200015,-6.666666666666665,0.0,6.666666666666665,0.0,0.0,-7.57380269611474e-16,2.1041557075223563,2.220446049250313e-16,1.827805393807165,1.7657317365833842,0.613940910472668,before_ekf,-7.57380269611474e-16,2.220446049250313e-16,1.827805393807165,1.7657317365833842,0.613940910472668,-0.008438460703679799,0.5532045511909143,1.8269063953777593,1.807931669617711,1.040242077920782,nan,nan,nan,nan,nan,nan,nan,nan,,0.052331255999888526,0.04209110500050883,0.03160423200097284,0.03160423200097284,0.02064385900121124,nan,nan,profile,1,1,1,2,2.0397775173187256,9.960222482681274,-0.6,0.6,
1785154410.515945,340.0328885109993,-6.666666666666665,0.0,6.666666666666665,0.0,0.0,-7.57380269611474e-16,2.1041557075223563,2.220446049250313e-16,1.827805393807165,1.7657317365833842,0.613940910472668,before_ekf,-7.57380269611474e-16,2.220446049250313e-16,1.827805393807165,1.7657317365833842,0.613940910472668,-0.009799293509033897,0.5587465982531431,1.8262812337529835,1.806844058316982,1.114471835158555,nan,nan,nan,nan,nan,nan,nan,nan,,0.05198179699982575,0.04143458699945768,0.03107540800010611,0.03107540800010611,0.020737368999107275,nan,nan,profile,1,1,1,2,2.1236095428466797,9.87639045715332,-0.6,0.6,
1785154410.5991244,340.1160670089994,-6.666666666666665,-0.5259528035994812,6.666666666666665,0.5259528035994812,0.0,-7.57380269611474e-16,2.1041557075223563,2.220446049250313e-16,1.827805393807165,1.7657317365833842,0.613940910472668,before_ekf,-7.57380269611474e-16,2.220446049250313e-16,1.827805393807165,1.7657317365833842,0.613940910472668,-0.007980637579403444,0.555876801977314,1.8260697369254242,1.8063490132428837,1.151574495494767,nan,nan,nan,nan,nan,nan,nan,nan,,0.052138561999527155,0.04189293299896235,0.03148226499979501,0.03148226499979501,0.021040015999460593,nan,nan,profile,1,1,1,2,2.206906795501709,9.793093204498291,-0.6,0.6,
1785154410.683204,340.2001470039995,-6.666666666666665,-0.7857091706584701,6.666666666666665,0.5238061137723133,0.0,-7.57380269611474e-16,2.1041557075223563,2.220446049250313e-16,1.827805393807165,1.7657317365833842,0.613940910472668,before_ekf,-7.57380269611474e-16,2.220446049250313e-16,1.827805393807165,1.7657317365833842,0.613940910472668,-0.006562257771707372,0.5566614732964403,1.8259110112264592,1.8059360398394722,1.1887637274048029,nan,nan,nan,nan,nan,nan,nan,nan,,0.052540753998982836,0.04231597999933001,0.03151504900051805,0.03151504900051805,0.021152580999114434,nan,nan,profile,1,1,1,2,2.2908711433410645,9.709128856658936,-0.6,0.6,
1785154410.7676005,340.2845438580007,-6.666666666666665,-0.523941784566401,6.666666666666665,0.7859126768496014,0.0,-7.57380269611474e-16,2.1041557075223563,2.220446049250313e-16,1.827805393807165,1.7657317365833842,0.613940910472668,before_ekf,-7.57380269611474e-16,2.220446049250313e-16,1.827805393807165,1.7657317365833842,0.613940910472668,-0.004443142573151014,0.5527134687058518,1.8258282052787762,1.8056413370042417,1.225528228215489,nan,nan,nan,nan,nan,nan,nan,nan,,0.05312119200061716,0.0421224190013163,0.031592071001796285,0.031592071001796285,0.021099469000546378,nan,nan,profile,1,1,1,2,2.3754079341888428,9.624592065811157,-0.6,0.6,
1785154410.8514073,340.36835138599963,-6.666666666666665,-0.26186453969662593,6.666666666666665,0.26186453969662593,0.0,-7.57380269611474e-16,2.1041557075223563,2.220446049250313e-16,1.827805393807165,1.7657317365833842,0.613940910472668,before_ekf,-7.57380269611474e-16,2.220446049250313e-16,1.827805393807165,1.7657317365833842,0.613940910472668,-0.0019354527064499006,0.5457344003877809,1.8257656956955584,1.8053541321069695,1.2804024810213976,nan,nan,nan,nan,nan,nan,nan,nan,,0.05181132500001695,0.04152457999953185,0.03111618399998406,0.03111618399998406,0.02068109799984086,nan,nan,profile,1,1,1,2,2.4591310024261475,9.540868997573853,-0.6,0.6,
1785154410.9346914,340.4516353809995,-6.666666666666665,-0.523148130567147,6.666666666666665,0.2615740652835735,0.0,-7.57380269611474e-16,2.1041557075223563,2.220446049250313e-16,1.827805393807165,1.7657317365833842,0.613940910472668,before_ekf,-7.57380269611474e-16,2.220446049250313e-16,1.827805393807165,1.7657317365833842,0.613940910472668,-0.0009010207332837408,0.536960527478238,1.8257579130791255,1.8052687264492502,1.3345412261964265,nan,nan,nan,nan,nan,nan,nan,nan,,0.05200469000010344,0.041688207998959115,0.031117976999667007,0.031117976999667007,0.020688186999905156,nan,nan,profile,1,1,1,2,2.542386770248413,9.457613229751587,-0.6,0.6,
1785154411.0178797,340.5348234230005,-6.666666666666665,-1.0466276101315006,6.666666666666665,0.7849707075986255,0.0,-7.57380269611474e-16,2.1041557075223563,2.220446049250313e-16,1.827805393807165,1.7657317365833842,0.613940910472668,before_ekf,-7.57380269611474e-16,2.220446049250313e-16,1.827805393807165,1.7657317365833842,0.613940910472668,0.0006751840360992909,0.5220462383602589,1.8257783735112965,1.8052569644591825,1.4048315068102468,nan,nan,nan,nan,nan,nan,nan,nan,,0.052022428000782384,0.04164351300096314,0.03121987900158274,0.03121987900158274,0.020721328000945505,nan,nan,profile,1,1,1,2,2.6256070137023926,9.374392986297607,-0.6,0.6,
1785154411.1004918,340.6174355969997,-6.666666666666665,-1.0472845281766627,6.666666666666665,1.0472845281766627,0.0,-7.57380269611474e-16,2.1041557075223563,2.220446049250313e-16,1.827805393807165,1.7657317365833842,0.613940910472668,before_ekf,-7.57380269611474e-16,2.220446049250313e-16,1.827805393807165,1.7657317365833842,0.613940910472668,0.0010602696341315133,0.5145294801869077,1.8257938137761895,1.8053195363329462,1.4392834591643222,nan,nan,nan,nan,nan,nan,nan,nan,,0.051375822999034426,0.04113931699976092,0.030785745000684983,0.030785745000684983,0.020538414999464294,nan,nan,profile,1,1,1,2,2.708193063735962,9.291806936264038,-0.6,0.6,
1785154411.1828856,340.69982962999893,-6.666666666666665,-1.3099294515737334,6.666666666666665,1.5719153418884804,0.0,-7.57380269611474e-16,2.1041557075223563,2.220446049250313e-16,1.827805393807165,1.7657317365833842,0.613940910472668,before_ekf,-7.57380269611474e-16,2.220446049250313e-16,1.827805393807165,1.7657317365833842,0.613940910472668,0.001179555949313558,0.5065552684101783,1.8258038487921169,1.8053936567803,1.4730977768538738,nan,nan,nan,nan,nan,nan,nan,nan,,0.05142735999834258,0.04123618399898987,0.030856331999530084,0.030856331999530084,0.020545381999909296,nan,nan,profile,1,1,1,2,2.7905826568603516,9.209417343139648,-0.6,0.6,
1785154411.2657151,340.7826585469993,-6.666666666666665,-1.569667218074919,6.666666666666665,1.8312784210874054,0.0,-7.57380269611474e-16,2.1041557075223563,2.220446049250313e-16,1.827805393807165,1.7657317365833842,0.613940910472668,before_ekf,-7.57380269611474e-16,2.220446049250313e-16,1.827805393807165,1.7657317365833842,0.613940910472668,0.0021340439666495325,0.49991948173630957,1.8258340734170897,1.8055634688083406,1.5234103592047346,nan,nan,nan,nan,nan,nan,nan,nan,,0.051705719999517896,0.04150282199952926,0.031180375999610987,0.031180375999610987,0.02069327099889051,nan,nan,profile,1,1,1,2,2.8734076023101807,9.12659239768982,-0.6,0.6,
1785154411.3496845,340.86662816100034,-6.666666666666665,-1.5705400774758556,6.666666666666665,1.8322967570551647,0.0,-7.57380269611474e-16,2.1041557075223563,2.220446049250313e-16,1.827805393807165,1.7657317365833842,0.613940910472668,before_ekf,-7.57380269611474e-16,2.220446049250313e-16,1.827805393807165,1.7657317365833842,0.613940910472668,0.0023773680688143088,0.49037635983460964,1.8258429523380015,1.8057912196411277,1.5726314662966576,nan,nan,nan,nan,nan,nan,nan,nan,,0.05268195600001491,0.04229645200030063,0.031663555000704946,0.031663555000704946,0.020950418000211357,nan,nan,profile,1,1,1,2,2.9574599266052246,9.042540073394775,-0.6,0.6,
1785154411.4229136,340.93985712599897,-6.666666666666665,-1.5733666257156647,6.666666666666665,1.8355943966682755,0.0,-7.57380269611474e-16,2.1041557075223563,2.220446049250313e-16,1.827805393807165,1.7657317365833842,0.613940910472668,before_ekf,-7.57380269611474e-16,2.220446049250313e-16,1.827805393807165,1.7657317365833842,0.613940910472668,0.0023773680688143088,0.49037635983460964,1.8258429523380015,1.8057912196411277,1.5726314662966576,nan,nan,nan,nan,nan,nan,nan,nan,,0.04159195499960333,0.03113247299916111,0.02069112799836148,0.02069112799836148,0.09417938299884554,nan,nan,profile,1,1,1,2,3.030647039413452,8.969352960586548,-0.6,0.6,
1785154411.5059948,341.02293868999914,-6.666666666666665,-1.567121567759442,6.666666666666665,1.828308495719349,0.0,-7.57380269611474e-16,2.1041557075223563,2.220446049250313e-16,1.827805393807165,1.7657317365833842,0.613940910472668,before_ekf,-7.57380269611474e-16,2.220446049250313e-16,1.827805393807165,1.7657317365833842,0.613940910472668,0.001499497961870137,0.4910816104268749,1.8258234521455365,1.8059801476926858,1.6216974413199718,nan,nan,nan,nan,nan,nan,nan,nan,,0.051723968999795034,0.041502007999952184,0.0311109119993489,0.0311109119993489,0.020705539000118733,nan,nan,profile,1,1,1,2,3.113696575164795,8.886303424835205,-0.6,0.6,
1785154411.58896,341.10590377600056,-6.666666666666665,-1.5687031121102213,6.666666666666665,1.5687031121102213,0.0,-7.57380269611474e-16,2.1041557075223563,2.220446049250313e-16,1.827805393807165,1.7657317365833842,0.613940910472668,before_ekf,-7.57380269611474e-16,2.220446049250313e-16,1.827805393807165,1.7657317365833842,0.613940910472668,0.002295551608685297,0.4882686509765737,1.8258219889727454,1.8061926075919223,1.6706163263394087,nan,nan,nan,nan,nan,nan,nan,nan,,0.05176915599986387,0.041559365001376136,0.03113367600053607,0.03113367600053607,0.020720436001283815,nan,nan,profile,1,1,1,2,3.1966845989227295,8.80331540107727,-0.6,0.6,
1785154411.672751,341.18969416599975,-6.666666666666665,-1.8364521171238368,6.666666666666665,1.5741018146775745,0.0,-7.57380269611474e-16,2.1041557075223563,2.220446049250313e-16,1.827805393807165,1.7657317365833842,0.613940910472668,before_ekf,-7.57380269611474e-16,2.220446049250313e-16,1.827805393807165,1.7657317365833842,0.613940910472668,0.002372952921222124,0.48786012753883584,1.825805762316687,1.806346264052377,1.7031009967778772,nan,nan,nan,nan,nan,nan,nan,nan,,0.05201312600001984,0.041665357999590924,0.031173007999313995,0.031173007999313995,0.020778210999196745,nan,nan,profile,1,1,1,2,3.280489206314087,8.719510793685913,-0.6,0.6,
1785154411.7560494,341.27299329000016,-6.666666666666665,-2.094553157374451,6.666666666666665,1.8327340127026448,0.0,-7.57380269611474e-16,2.1041557075223563,2.220446049250313e-16,1.827805393807165,1.7657317365833842,0.613940910472668,before_ekf,-7.57380269611474e-16,2.220446049250313e-16,1.827805393807165,1.7657317365833842,0.613940910472668,0.0015541925136482856,0.4899012895134055,1.825773711111653,1.8064544444474473,1.7357668733100233,nan,nan,nan,nan,nan,nan,nan,nan,,0.05176223700073024,0.04149214700009907,0.030979311999544734,0.030979311999544734,0.02061184400008642,nan,nan,profile,1,1,1,2,3.363760232925415,8.636239767074585,-0.6,0.6,
1785154411.8391924,341.35613617799936,-6.666666666666665,-1.8324453807750072,6.666666666666665,1.5706674692357205,0.0,-7.57380269611474e-16,2.1041557075223563,2.220446049250313e-16,1.827805393807165,1.7657317365833842,0.613940910472668,before_ekf,-7.57380269611474e-16,2.220446049250313e-16,1.827805393807165,1.7657317365833842,0.613940910472668,0.0013093999948754005,0.49074404081122414,1.825753113500677,1.8065408031016719,1.7684907749160566,nan,nan,nan,nan,nan,nan,nan,nan,,0.05182296299972222,0.04151562399965769,0.031065528999533853,0.031065528999533853,0.020626249999622814,nan,nan,profile,1,1,1,2,3.446929454803467,8.553070545196533,-0.6,0.6,
1785154411.9238212,341.4407650430003,-6.666666666666665,-1.8318500417160652,6.666666666666665,1.5701571786137702,0.0,-7.57380269611474e-16,2.1041557075223563,2.220446049250313e-16,1.827805393807165,1.7657317365833842,0.613940910472668,before_ekf,-7.57380269611474e-16,2.220446049250313e-16,1.827805393807165,1.7657317365833842,0.613940910472668,0.0020771709700593763,0.4934774888811365,1.8257409472842852,1.806668370543847,1.801310772461921,nan,nan,nan,nan,nan,nan,nan,nan,,0.05281106000074942,0.04228472900103952,0.03166143300040858,0.03166143300040858,0.020775185001184582,nan,nan,profile,1,1,1,2,3.531517744064331,8.468482255935669,-0.6,0.6,
1785154412.0073342,341.5242769329998,-6.666666666666665,-1.8343784736574547,6.666666666666665,1.572324405992104,0.0,-7.57380269611474e-16,2.1041557075223563,2.220446049250313e-16,1.827805393807165,1.7657317365833842,0.613940910472668,before_ekf,-7.57380269611474e-16,2.220446049250313e-16,1.827805393807165,1.7657317365833842,0.613940910472668,0.0014604645185544492,0.4970412910864632,1.825704230057018,1.8067657150251544,1.8344178554362633,nan,nan,nan,nan,nan,nan,nan,nan,,0.05207745500047167,0.041714895000041,0.03121304200067243,0.03121304200067243,0.0207743400005711,nan,nan,profile,1,1,1,2,3.6151163578033447,8.384883642196655,-0.6,0.6,
1785154412.0904295,341.6073733459998,-6.666666666666665,-1.5715108770755943,6.666666666666665,1.8334293565881934,0.0,-7.57380269611474e-16,2.1041557075223563,2.220446049250313e-16,1.827805393807165,1.7657317365833842,0.613940910472668,before_ekf,-7.57380269611474e-16,2.220446049250313e-16,1.827805393807165,1.7657317365833842,0.613940910472668,0.002174920310099209,0.5012374700734378,1.8256669485037411,1.8069470565212866,1.8843653752046912,nan,nan,nan,nan,nan,nan,nan,nan,,0.05164974400031497,0.04141011200044886,0.031052656000611023,0.031052656000611023,0.02066091599954234,nan,nan,profile,1,1,1,2,3.698082685470581,8.301917314529419,-0.6,0.6,
1785154412.1734903,341.69043323799997,-6.666666666666665,-1.8279755794360446,6.666666666666665,1.5668362109451812,0.0,-1.4185116653972297e-15,2.1041557075223563,0.008200948060880252,1.8278053938071648,1.765731736583384,0.6166952438529862,before_ekf,-1.4185116653972297e-15,0.008200948060880252,1.8278053938071648,1.765731736583384,0.6166952438529862,0.0023279360802057115,0.5027673817838613,1.8256213752827577,1.807091301344065,1.9178307944815456,nan,nan,nan,nan,nan,nan,nan,nan,,0.05193797399988398,0.041634602999693016,0.03129230600097799,0.03129230600097799,0.02098293600101897,nan,nan,profile,1,1,1,2,3.7812283039093018,8.218771696090698,-0.6,0.6,
1785154412.2562928,341.77323654499924,-6.666666666666665,-1.570836351705138,6.666666666666665,1.570836351705138,0.0,-2.4094068590554397e-15,2.1041557075223563,0.041199472563285724,1.8278053938071646,1.7657317365833838,0.6277125773742562,before_ekf,-2.4094068590554397e-15,0.041199472563285724,1.8278053938071646,1.7657317365833838,0.6277125773742562,0.0016533338573213206,0.5017347040332569,1.825538846990445,1.807268159829074,1.96812346367075,nan,nan,nan,nan,nan,nan,nan,nan,,0.05150399999911315,0.04127734899884672,0.030952047998653143,0.030952047998653143,0.020637821999116568,nan,nan,profile,1,1,1,2,3.8639419078826904,8.13605809211731,-0.6,0.6,
1785154412.3390687,341.8560121669998,-6.666666666666665,-1.5698559359935584,6.666666666666665,1.5698559359935584,0.0,-0.002364890893707164,2.1041557075223563,0.08266696149378244,1.8271729099319656,1.765266113695754,0.6414842442758395,before_ekf,-0.002364890893707164,0.08266696149378244,1.8271729099319656,1.765266113695754,0.6414842442758395,0.001333696239910084,0.5051716243483511,1.8254961156378287,1.8073511446367936,2.001719122640548,nan,nan,nan,nan,nan,nan,nan,nan,,0.051555055999415345,0.04130481900028826,0.030904823999662767,0.030904823999662767,0.02058009000029415,nan,nan,profile,1,1,1,2,3.946722984313965,8.053277015686035,-0.6,0.6,
1785154412.4226775,341.9396213679993,-6.666666666666665,-1.5689514908738675,6.666666666666665,1.5689514908738675,0.0,-0.0011549272351169702,2.1041557075223563,0.14461307118295882,1.8274847709415856,1.7655047654716078,0.6621417446282193,before_ekf,-0.0011549272351169702,0.14461307118295882,1.8274847709415856,1.7655047654716078,0.6621417446282193,0.001233484852744573,0.5066701513134306,1.8254588617607552,1.8074254497521973,2.03553919826076,nan,nan,nan,nan,nan,nan,nan,nan,,0.05218486899866548,0.04179061799914052,0.031177511000350933,0.031177511000350933,0.020717973999126116,nan,nan,profile,1,1,1,2,4.030335187911987,7.969664812088013,-0.6,0.6,
1785154412.50595,342.0228930480007,-6.666666666666665,-1.570892905290714,6.666666666666665,1.570892905290714,0.0,2.328911525374808e-05,2.1041557075223563,0.17351532813009252,1.8277936501031498,1.7657472641788015,0.6717819114593291,before_ekf,2.328911525374808e-05,0.17351532813009252,1.8277936501031498,1.7657472641788015,0.6717819114593291,0.00036304090592064364,0.5051903534687548,1.825427102695113,1.80744989136821,2.069165536713277,nan,nan,nan,nan,nan,nan,nan,nan,,0.051983481000206666,0.041693763001603656,0.031221853001625277,0.031221853001625277,0.020783063000635593,nan,nan,profile,1,1,1,2,4.113701343536377,7.886298656463623,-0.6,0.6,
1785154412.5890074,342.10595116900004,-6.666666666666665,-1.5723557105708554,6.666666666666665,1.5723557105708554,0.0,-0.002333704697954288,2.1041557075223563,0.18179271882429135,1.8271819523116246,1.7652546489639325,0.6827992449805974,before_ekf,-0.002333704697954288,0.18179271882429135,1.8271819523116246,1.7652546489639325,0.6827992449805974,0.00010420263145172502,0.5044280302344657,1.8254175471160023,1.8074569451562141,2.1028723098905804,nan,nan,nan,nan,nan,nan,nan,nan,,0.05170361300042714,0.04147752999961085,0.0310855330008053,0.0310855330008053,0.020542749000014737,nan,nan,profile,1,1,1,2,4.196668863296509,7.803331136703491,-0.6,0.6,
1785154412.671803,342.1887465809996,-6.666666666666665,-1.3132106247954218,6.666666666666665,1.5758527497545065,0.0,-0.0011466510116221503,2.1041557075223563,0.21133569893936124,1.8268826519241375,1.765000423370145,0.719982745614877,before_ekf,-0.0011466510116221503,0.21133569893936124,1.8268826519241375,1.765000423370145,0.719982745614877,2.7584889224544786e-05,0.5041578108515574,1.8254148177813345,1.8074589642998349,2.136500393116302,nan,nan,nan,nan,nan,nan,nan,nan,,0.05163538399938261,0.04139138400023512,0.031034886998895672,0.031034886998895672,0.020671043999755057,nan,nan,profile,1,1,1,2,4.2795069217681885,7.7204930782318115,-0.6,0.6,
1785154412.7554283,342.272372206,-6.666666666666665,-1.5708565220168205,6.666666666666665,1.5708565220168205,0.0,-0.0023566146702120047,2.1041557075223563,0.22307458647977,1.8268826519241375,1.765000423370145,0.7310000791361452,before_ekf,-0.0023566146702120047,0.22307458647977,1.8268826519241375,1.765000423370145,0.7310000791361452,0.0008521880760668541,0.5018877344704789,1.8254044988036475,1.8075050011500988,2.1698873105957084,nan,nan,nan,nan,nan,nan,nan,nan,,0.051889719999962836,0.041634207000242895,0.031218895001074998,0.031218895001074998,0.020709783000711468,nan,nan,profile,1,1,1,2,4.363161563873291,7.636838436126709,-0.6,0.6,
1785154412.838749,342.3556926019992,-6.666666666666665,-1.5699006513762668,6.666666666666665,1.5699006513762668,0.0,-5.667475718842442e-06,2.1041557075223563,0.37174147092140475,1.8271610224207724,1.7652772646883015,0.8067442470948679,before_ekf,-5.667475718842442e-06,0.37174147092140475,1.8271610224207724,1.7652772646883015,0.8067442470948679,0.0011185751457552606,0.5005734023373428,1.8253521072285321,1.8075893409605766,2.2200759715115694,nan,nan,nan,nan,nan,nan,nan,nan,,0.05190602099901298,0.04166846699990856,0.031213496999043855,0.031213496999043855,0.020783658999789623,nan,nan,profile,1,1,1,2,4.446431398391724,7.553568601608276,-0.6,0.6,
1785154412.9216347,342.4385780909997,-6.666666666666665,-1.5712796052630875,6.666666666666665,1.5712796052630875,0.0,-5.6674757208446845e-06,2.1041557075223563,0.3965471385925286,1.8271610224207722,1.7652772646883013,0.8232702473767711,before_ekf,-5.6674757208446845e-06,0.3965471385925286,1.8271610224207722,1.7652772646883013,0.8232702473767711,0.001187963125516014,0.5001916765997871,1.8252812069424071,1.807681196707166,2.270042923013623,nan,nan,nan,nan,nan,nan,nan,nan,,0.05162191899944446,0.04138798699932522,0.031035285999678308,0.031035285999678308,0.020668766999733634,nan,nan,profile,1,1,1,2,4.529375314712524,7.470624685287476,-0.6,0.6,
1785154413.0048554,342.52179912000065,-6.666666666666665,-1.5719654131923417,6.666666666666665,1.5719654131923417,0.0,0.0023491820935869225,2.1041557075223563,0.44618454307023736,1.8274205629503626,1.7655719631159348,0.8576994146307375,before_ekf,0.0023491820935869225,0.44618454307023736,1.8274205629503626,1.7655719631159348,0.8576994146307375,0.00010633585888977272,0.4966865480594341,1.8252169909068332,1.8077247486423853,2.336472155696339,nan,nan,nan,nan,nan,nan,nan,nan,,0.05186410500027705,0.04163906300163944,0.031117260999963037,0.031117260999963037,0.02072831600162317,nan,nan,profile,1,1,1,2,4.612556457519531,7.387443542480469,-0.6,0.6,
1785154413.0894904,342.6064340649991,-6.666666666666665,-1.5703442717893767,6.666666666666665,1.5703442717893767,0.0,0.003537196871947807,2.1041557075223563,0.5084159416817464,1.8276689686843537,1.7658761062418973,0.9141632489272407,before_ekf,0.003537196871947807,0.5084159416817464,1.8276689686843537,1.7658761062418973,0.9141632489272407,0.0008594855783409584,0.4983894693005515,1.8251970927602286,1.807766305029587,2.3696530247642578,nan,nan,nan,nan,nan,nan,nan,nan,,0.052830546999757644,0.04244236500016996,0.03173121500003617,0.03173121500003617,0.020841338999161962,nan,nan,profile,1,1,1,2,4.697277545928955,7.302722454071045,-0.6,0.6,
1785154413.1733763,342.69031946299947,-6.666666666666665,-1.571515640934065,6.666666666666665,1.571515640934065,0.0,0.00471147365458504,2.1041557075223563,0.5205628111237622,1.8279058962133876,1.7661892736024822,0.932066415899302,before_ekf,0.00471147365458504,0.5205628111237622,1.8279058962133876,1.7661892736024822,0.932066415899302,0.0010916411244571813,0.49913910595490335,1.8251507213359863,1.8078170443250021,2.4029556816448334,nan,nan,nan,nan,nan,nan,nan,nan,,0.05245872299929033,0.0422148189991276,0.03174061899881053,0.03174061899881053,0.02126575900001626,nan,nan,profile,1,1,1,2,4.781266927719116,7.218733072280884,-0.6,0.6,
1785154413.2566762,342.77362000799985,-6.666666666666665,-1.5704359745561751,6.666666666666665,1.5704359745561751,0.0,0.00353930392293019,2.1041557075223563,0.5493701055337392,1.8279058962133874,1.766189273602482,1.0064334171678682,before_ekf,0.00353930392293019,0.5493701055337392,1.8279058962133874,1.766189273602482,1.0064334171678682,0.0011603262769861145,0.49955644386613923,1.825095258881047,1.8078685795470435,2.4362320063096714,nan,nan,nan,nan,nan,nan,nan,nan,,0.05167721799989522,0.04142911599956278,0.03101418400001421,0.03101418400001421,0.020658743000240065,nan,nan,profile,1,1,1,2,4.864328384399414,7.135671615600586,-0.6,0.6,
1785154413.3395936,342.85652609799945,-6.666666666666665,-1.576509755800895,6.666666666666665,1.576509755800895,0.0,5.133291049254883e-06,2.1041557075223563,0.553506145597826,1.8274977734486957,1.7655182891154446,1.0422397511119914,before_ekf,5.133291049254883e-06,0.553506145597826,1.8274977734486957,1.7655182891154446,1.0422397511119914,0.0011803592988698618,0.49970356579094094,1.8250358540738802,1.807918918860462,2.46954766241436,nan,nan,nan,nan,nan,nan,nan,nan,,0.05175875399982033,0.04153320899968094,0.031069074999322766,0.031069074999322766,0.020665107998866006,nan,nan,profile,1,1,1,2,4.947314500808716,7.052685499191284,-0.6,0.6,
1785154413.4229617,342.93990533599936,-6.666666666666665,-1.5699658462615411,6.666666666666665,1.5699658462615411,0.0,-0.003541026364505948,2.1041557075223563,0.5577068470859705,1.8271144078145432,1.7648328662257255,1.0808004184364326,before_ekf,-0.003541026364505948,0.5577068470859705,1.8271144078145432,1.7648328662257255,1.0808004184364326,0.0002741871102269227,0.4973918415776941,1.8249692028531488,1.8079497403047908,2.519373536542366,nan,nan,nan,nan,nan,nan,nan,nan,,0.05207281099865213,0.04179873899920494,0.031085945998711395,0.031085945998711395,0.020682704000137164,nan,nan,profile,1,1,1,2,5.030691862106323,6.969308137893677,-0.6,0.6,
1785154413.5058787,343.02282255799946,-6.666666666666665,-1.5710039978133676,6.666666666666665,1.5710039978133676,0.0,-0.0070709516361688474,2.1041557075223563,0.5536251130909642,1.8267572662041065,1.7641334134088755,1.1166067523805556,before_ekf,-0.0070709516361688474,0.5536251130909642,1.8267572662041065,1.7641334134088755,1.1166067523805556,2.5369239325582552e-05,0.4960996874029629,1.8249599615377372,1.8079509432317136,2.569064003838206,nan,nan,nan,nan,nan,nan,nan,nan,,0.05166270699919551,0.04136743100025342,0.03099497000039264,0.03099497000039264,0.02067266799895151,nan,nan,profile,1,1,1,2,5.11357569694519,6.88642430305481,-0.6,0.6,
1785154413.5890453,343.10598867800036,-6.666666666666665,-1.5716025274594327,6.666666666666665,1.5716025274594327,0.0,-0.010598488068321744,2.1041557075223563,0.5577153083185007,1.8261287333253096,1.7626945446688727,1.2102540873113399,before_ekf,-0.010598488068321744,0.5577153083185007,1.8261287333253096,1.7626945446688727,1.2102540873113399,-0.001089238943641478,0.4989957177762381,1.82501868848719,1.8078922773584076,2.6353784832515377,nan,nan,nan,nan,nan,nan,nan,nan,,0.05196739799976058,0.04175830600070185,0.031354131000625785,0.031354131000625785,0.020834809000007226,nan,nan,profile,1,1,1,2,5.196808815002441,6.803191184997559,-0.6,0.6,
1785154413.6740026,343.1909455749992,-6.666666666666665,-1.571152538498425,6.666666666666665,1.571152538498425,0.0,-0.009422206999687932,2.1041557075223563,0.5617198476340743,1.8261287333253096,1.7626945446688727,1.2295344209735615,before_ekf,-0.009422206999687932,0.5617198476340743,1.8261287333253096,1.7626945446688727,1.2295344209735615,-0.0011720750875158302,0.4994402647787303,1.8250847052558492,1.8078552095704907,2.6686734527957787,nan,nan,nan,nan,nan,nan,nan,nan,,0.05247523599973647,0.04196684499947878,0.031289054999433574,0.031289054999433574,0.020826652998948703,nan,nan,profile,1,1,1,2,5.281739234924316,6.718260765075684,-0.6,0.6,
1785154413.757198,343.27414186399983,-6.666666666666665,-1.5673812225443438,6.666666666666665,1.5673812225443438,0.0,-0.005886224243470071,2.1041557075223563,0.5573134379538194,1.8260145923662507,1.762319078199296,1.3025242555519658,before_ekf,-0.005886224243470071,0.5573134379538194,1.8260145923662507,1.762319078199296,1.3025242555519658,-0.002285052183150548,0.5031381886303643,1.8252941963673062,1.8077325108639652,2.735563847034813,nan,nan,nan,nan,nan,nan,nan,nan,,0.051777380000203266,0.0414753010009008,0.031039482000778662,0.031039482000778662,0.020664448000388802,nan,nan,profile,1,1,1,2,5.364971399307251,6.635028600692749,-0.6,0.6,
1785154413.8406336,343.3575650639996,-6.666666666666665,-1.564780309824533,6.666666666666665,1.564780309824533,0.0,-0.003514870647142715,2.1041557075223563,0.5494518679590813,1.8260214035364197,1.7623173363452727,1.338330589496089,before_ekf,-0.003514870647142715,0.5494518679590813,1.8260214035364197,1.7623173363452727,1.338330589496089,-0.0015320516565388224,0.5014055944101229,1.8254055926621409,1.8077017610565687,2.7689887453444175,nan,nan,nan,nan,nan,nan,nan,nan,,0.05176667200066731,0.04152477400020871,0.031098809000468464,0.031098809000468464,0.020612807998986682,nan,nan,profile,1,1,1,2,5.4483349323272705,6.5516650676727295,-0.6,0.6,
1785154413.923725,343.44066866200046,-6.666666666666665,-1.5698664791806132,6.666666666666665,1.5698664791806132,0.0,-0.0011627617586745958,2.1041557075223563,0.5412238939699153,1.8260214035364197,1.7623173363452727,1.3906629237221153,before_ekf,-0.0011627617586745958,0.5412238939699153,1.8260214035364197,1.7623173363452727,1.3906629237221153,-0.0012261562323858744,0.5002053870805003,1.8255761440851748,1.8076456089328008,2.8357754293129034,nan,nan,nan,nan,nan,nan,nan,nan,,0.05183638500056986,0.04164913500062539,0.03125046400054998,0.03125046400054998,0.020827426000323612,nan,nan,profile,1,1,1,2,5.5314412117004395,6.4685587882995605,-0.6,0.6,
1785154414.0068898,343.5238335840004,-6.666666666666665,-1.5707162359740243,6.666666666666665,1.5707162359740243,0.0,2.30118596003772e-05,2.1041557075223563,0.5371308374855264,1.826028341593676,1.762316200803104,1.4264692576662399,before_ekf,2.30118596003772e-05,0.5371308374855264,1.826028341593676,1.762316200803104,1.4264692576662399,0.0006107781936020118,0.5001900229971463,1.8256174267464744,1.8076684857323166,2.885754135480285,nan,nan,nan,nan,nan,nan,nan,nan,,0.05189847700057726,0.041676958000607556,0.031035763000545558,0.031035763000545558,0.020652687000620062,nan,nan,profile,1,1,1,2,5.614637613296509,6.385362386703491,-0.6,0.6,
1785154414.090268,343.6072000059994,-6.666666666666665,-1.57158667773513,6.666666666666665,1.57158667773513,0.0,5.387441988830011e-06,2.1041557075223563,0.5206090535028614,1.8260619924165966,1.762707450176096,1.493950425484011,before_ekf,5.387441988830011e-06,0.5206090535028614,1.8260619924165966,1.762707450176096,1.493950425484011,0.0010275837141615976,0.500075266448248,1.825559480371952,1.8076910910480684,2.919083414743074,nan,nan,nan,nan,nan,nan,nan,nan,,0.05172879999918223,0.041491043999485555,0.031000299999504932,0.031000299999504932,0.020581156999469385,nan,nan,profile,1,1,1,2,5.697966814041138,6.302033185958862,-0.6,0.6,
1785154414.1736677,343.69061118399986,-6.666666666666665,-1.5717624105605477,6.666666666666665,1.5717624105605477,0.0,0.0011802673070075175,2.1041557075223563,0.5164638092778941,1.8260619924165966,1.762707450176096,1.5104764257659145,before_ekf,0.0011802673070075175,0.5164638092778941,1.8260619924165966,1.762707450176096,1.5104764257659145,0.001176024732666445,0.4999093193138364,1.8254494867918163,1.8077161843091707,2.9691025462698715,nan,nan,nan,nan,nan,nan,nan,nan,,0.052076717000090866,0.04182548899916583,0.0313753030004591,0.0313753030004591,0.02089144199999282,nan,nan,profile,1,1,1,2,5.7813944816589355,6.2186055183410645,-0.6,0.6,
1785154414.2572396,343.7741830619998,-6.666666666666665,-1.570531786420792,6.666666666666665,1.570531786420792,0.0,0.00118026730700852,2.1041557075223563,0.5079867936523369,1.8260619924165966,1.762707450176096,1.5435284263297204,before_ekf,0.00118026730700852,0.5079867936523369,1.8260619924165966,1.762707450176096,1.5435284263297204,0.0011917711071396109,0.49994705595707933,1.8253720610370419,1.807729090211554,3.002436022672909,nan,nan,nan,nan,nan,nan,nan,nan,,0.05197360499914794,0.04157058499913546,0.031050008999955026,0.031050008999955026,0.02061232599953655,nan,nan,profile,1,1,1,2,5.864962816238403,6.135037183761597,-0.6,0.6,
1785154414.341498,343.85844096599976,-6.666666666666665,-1.569997904360634,6.666666666666665,1.569997904360634,0.0,0.0011845693446018775,2.1041557075223563,0.49990959901247445,1.826069725455723,1.7631000693551298,1.5752032602033688,before_ekf,0.0011845693446018775,0.49990959901247445,1.826069725455723,1.7631000693551298,1.5752032602033688,0.0011937923285733718,0.4998853270883627,1.8252938467892403,1.8077392355015571,3.035777450577469,nan,nan,nan,nan,nan,nan,nan,nan,,0.05229058800068742,0.041951727000196115,0.031065515999216586,0.031065515999216586,0.02060174799953529,nan,nan,profile,1,1,1,2,5.9491472244262695,6.0508527755737305,-0.6,0.6,
1785154414.4245725,343.94151620999946,-6.666666666666665,-1.5699821340601732,6.666666666666665,1.5699821340601732,0.0,0.002359372553479968,2.1041557075223563,0.4873668028124218,1.8260390928547992,1.7634915680951022,1.656456094922725,before_ekf,0.002359372553479968,0.4873668028124218,1.8260390928547992,1.7634915680951022,1.656456094922725,0.0011938203898947002,0.4997147373144183,1.8252151460649135,1.8077467841456765,3.069171939838717,nan,nan,nan,nan,nan,nan,nan,nan,,0.05199931800052582,0.04170041900033539,0.031121650999921258,0.031121650999921258,0.020779307998964214,nan,nan,profile,1,1,1,2,6.032277345657349,5.967722654342651,-0.6,0.6,
1785154414.5074687,344.02441178799927,-6.666666666666665,-1.5719336522309588,6.666666666666665,1.5719336522309588,0.0,0.0023593725534786355,2.1041557075223563,0.4875670229167322,1.8260390928547992,1.763491568095102,1.672982095204628,before_ekf,0.0023593725534786355,0.4875670229167322,1.8260390928547992,1.763491568095102,1.672982095204628,0.002041042902374771,0.4975166476237188,1.8250957738059363,1.807770155073919,3.102274094917709,nan,nan,nan,nan,nan,nan,nan,nan,,0.051692735998585704,0.04148691899899859,0.031023304998598178,0.031023304998598178,0.020699040000181412,nan,nan,profile,1,1,1,2,6.115142583847046,5.884857416152954,-0.6,0.6,
1785154414.5904484,344.10739231700063,-6.666666666666665,-1.5717188628986636,6.666666666666665,1.5717188628986636,0.0,0.001175013967458696,2.1041557075223563,0.49156081978016697,1.8260390928547992,1.763491568095102,1.722560096050339,before_ekf,0.001175013967458696,0.49156081978016697,1.8260390928547992,1.763491568095102,1.722560096050339,0.0022920126475377105,0.49650925825344083,1.8249486406405693,1.807779144010387,3.1354069985890742,nan,nan,nan,nan,nan,nan,nan,nan,,0.051912026001446065,0.04170745500050543,0.03129880500091531,0.03129880500091531,0.02082864200019685,nan,nan,profile,1,1,1,2,6.198104619979858,5.801895380020142,-0.6,0.6,
1785154414.6733763,344.1903196889998,-6.666666666666665,-1.5706197420173018,6.666666666666665,1.5706197420173018,0.0,0.002354132816592211,2.1041557075223563,0.48754206240069625,1.8259703872496886,1.763878206374978,1.7542349299239872,before_ekf,0.002354132816592211,0.48754206240069625,1.8259703872496886,1.763878206374978,1.7542349299239872,0.002365440202482702,0.4960971399255138,1.8247936365772472,1.8077799471345855,-3.114721852448738,nan,nan,nan,nan,nan,nan,nan,nan,,0.051753117999396636,0.04156057399995916,0.03126664699993853,0.03126664699993853,0.02078096200057189,nan,nan,profile,1,1,1,2,6.281099557876587,5.718900442123413,-0.6,0.6,
1785154414.756623,344.2735667529996,-6.666666666666665,-1.5707088854312448,6.666666666666665,1.5707088854312448,0.0,0.002354132816592211,2.1041557075223563,0.4875009263083238,1.8259703872496886,1.763878206374978,1.803812930769697,before_ekf,0.002354132816592211,0.4875009263083238,1.8259703872496886,1.763878206374978,1.803812930769697,0.0023877433684290975,0.4959250814496523,1.824636192390102,1.8077746417516811,-3.0816495046568613,nan,nan,nan,nan,nan,nan,nan,nan,,0.05175042799965013,0.04151508500035561,0.031127446000027703,0.031127446000027703,0.02073518199904356,nan,nan,profile,1,1,1,2,6.364323377609253,5.635676622390747,-0.6,0.6,
1785154414.840165,344.3571079129997,-6.666666666666665,-1.5728331772160549,6.666666666666665,1.5728331772160549,0.0,0.0011791188491324211,2.1041557075223563,0.49160293915470843,1.8259703872496886,1.7638782063749778,1.8368649313335055,before_ekf,0.0011791188491324211,0.49160293915470843,1.8259703872496886,1.7638782063749778,1.8368649313335055,0.0023934034678930152,0.4959340711301972,1.8244782371152906,1.807763833077347,-3.048563412629658,nan,nan,nan,nan,nan,nan,nan,nan,,0.0518630740007211,0.041442056999585475,0.03099117099918658,0.03099117099918658,0.020632002999263932,nan,nan,profile,1,1,1,2,6.4478535652160645,5.5521464347839355,-0.6,0.6,
1785154414.922749,344.43969266800013,-6.666666666666665,-1.5699655167430915,6.666666666666665,1.5699655167430915,0.0,0.0011791188491324198,2.1041557075223563,0.4914391474985701,1.8259703872496886,1.763878206374978,1.8699169318973115,before_ekf,0.0011791188491324198,0.4914391474985701,1.8259703872496886,1.763878206374978,1.8699169318973115,0.0012969368117762754,0.49920035118259615,1.8242491228887785,1.8077187004102917,-2.9822065022415765,nan,nan,nan,nan,nan,nan,nan,nan,,0.05144146000020555,0.04120174800118548,0.030883548000929295,0.030883548000929295,0.020588814000802813,nan,nan,profile,1,1,1,2,6.5303966999053955,5.4696033000946045,-0.6,0.6,
1785154415.0052793,344.52222216799964,-6.666666666666665,-1.570842054007089,6.666666666666665,1.570842054007089,0.0,0.002355366316935539,2.1041557075223563,0.49572952733689785,1.825845146196075,1.764250393328322,1.9043460991512766,before_ekf,0.002355366316935539,0.49572952733689785,1.825845146196075,1.764250393328322,1.9043460991512766,0.00205423900919625,0.5017919993025822,1.824126802590593,1.80771217931381,-2.9487900845445494,nan,nan,nan,nan,nan,nan,nan,nan,,0.051463575999150635,0.04125879799903487,0.030879411000569235,0.030879411000569235,0.02059093599928019,nan,nan,profile,1,1,1,2,6.6129655838012695,5.3870344161987305,-0.6,0.6,
1785154415.0878594,344.60480319199996,-6.666666666666665,-1.5668745651083955,6.666666666666665,1.5668745651083955,0.0,0.0011762474678020287,2.1041557075223563,0.49997389128520614,1.8258451461960752,1.764250393328322,1.9373980997150828,before_ekf,0.0011762474678020287,0.49997389128520614,1.8258451461960752,1.764250393328322,1.9373980997150828,0.0014444515597684861,0.5007756633139612,1.8240244498501341,1.8076801481129348,-2.9153889456037594,nan,nan,nan,nan,nan,nan,nan,nan,,0.051429614000880974,0.04122527999970771,0.030892212000253494,0.030892212000253494,0.02056523700048274,nan,nan,profile,1,1,1,2,6.695586681365967,5.304413318634033,-0.6,0.6,
1785154415.1704009,344.6873443530003,-6.666666666666665,-1.571040246503569,6.666666666666665,1.571040246503569,0.0,0.0023512111432588637,2.1041557075223563,0.5039686729818188,1.825689117199077,1.7646107589785238,2.0214052678147607,before_ekf,0.0023512111432588637,0.5039686729818188,1.825689117199077,1.7646107589785238,2.0214052678147607,0.00047468472068708126,0.5020474685307738,1.8238959191424458,1.8076313200005354,-2.8485087743022874,nan,nan,nan,nan,nan,nan,nan,nan,,0.05144170300081896,0.04125532100078999,0.030929148000723217,0.030929148000723217,0.020597685999746318,nan,nan,profile,1,1,1,2,6.778125286102295,5.221874713897705,-0.6,0.6,
1785154415.2528503,344.76979367400054,-6.666666666666665,-1.5709522438050945,6.666666666666665,1.5709522438050945,0.0,0.0023512111432600373,2.1041557075223563,0.5040252560314726,1.825689117199077,1.764610758978524,2.054457268378567,before_ekf,0.0023512111432600373,0.5040252560314726,1.825689117199077,1.764610758978524,2.054457268378567,0.0009689173188947738,0.5052927164293013,1.8238405728738807,1.8076239392137743,-2.814910889256591,nan,nan,nan,nan,nan,nan,nan,nan,,0.0513091840002744,0.041134810000585276,0.030841728001178126,0.030841728001178126,0.02054752100048063,nan,nan,profile,1,1,1,2,6.860527276992798,5.139472723007202,-0.6,0.6,
1785154415.3356571,344.8526006579996,-6.666666666666665,-1.5711335863305385,6.666666666666665,1.5711335863305385,0.0,0.0011749636754554166,2.1041557075223563,0.49978597442471073,1.8256891171990772,1.7646107589785238,2.0709832686604726,before_ekf,0.0011749636754554166,0.49978597442471073,1.8256891171990772,1.7646107589785238,2.0709832686604726,7.914540621006789e-05,0.5040903045496882,1.8237885445178212,1.807589932153904,-2.7475991093001864,nan,nan,nan,nan,nan,nan,nan,nan,,0.051794199000141816,0.041581207000490394,0.031217284999002004,0.031217284999002004,0.02078109600006428,nan,nan,profile,1,1,1,2,6.9433677196502686,5.0566322803497314,-0.6,0.6,
1785154415.419197,344.93614070500007,-6.666666666666665,-1.5700072254633066,6.666666666666665,1.5700072254633066,0.0,0.0011749636754560797,2.1041557075223563,0.5081977517857779,1.8256891171990772,1.764610758978524,2.1067896026045956,before_ekf,0.0011749636754560797,0.5081977517857779,1.8256891171990772,1.764610758978524,2.1067896026045956,-0.0008926485267895544,0.506344148344219,1.8238307334910906,1.8075901665851524,-2.697022900821451,nan,nan,nan,nan,nan,nan,nan,nan,,0.051948955000625574,0.041590234999603126,0.03107449799972528,0.03107449799972528,0.020621429999664542,nan,nan,profile,1,1,1,2,7.026865243911743,4.973134756088257,-0.6,0.6,
1785154415.5034292,345.02037268999993,-6.666666666666665,-1.5725540490832595,6.666666666666665,1.834646390597136,0.0,0.0011749636754545833,2.1041557075223563,0.507919224487371,1.8256891171990774,1.7646107589785238,2.1398416031684033,before_ekf,0.0011749636754545833,0.507919224487371,1.8256891171990774,1.7646107589785238,2.1398416031684033,-0.0008297877094465026,0.5023254546510331,1.823886117750281,1.807620456731424,-2.6465578343617833,nan,nan,nan,nan,nan,nan,nan,nan,,0.053064760999404825,0.042829506999623845,0.03204261300015787,0.03204261300015787,0.021551404001002084,nan,nan,profile,1,1,1,2,7.111079216003418,4.888920783996582,-0.6,0.6,
1785154415.587148,345.1040913500001,-6.666666666666665,-1.571837574877999,6.666666666666665,1.571837574877999,0.0,-5.834556714515981e-16,2.1041557075223563,0.5039680154871989,1.8256891171990774,1.7646107589785243,2.1728936037322097,before_ekf,-5.834556714515981e-16,0.5039680154871989,1.8256891171990774,1.7646107589785243,2.1728936037322097,-0.0010867531722143426,0.5010154135227182,1.823946100033145,1.8076488728024738,-2.613340451355287,nan,nan,nan,nan,nan,nan,nan,nan,,0.05215454700010014,0.0416365199998836,0.03115699800036964,0.03115699800036964,0.020756187001097715,nan,nan,profile,1,1,1,2,7.194849014282227,4.805150985717773,-0.6,0.6,
1785154415.6709166,345.18786,-6.666666666666665,-1.5708914914014458,6.666666666666665,1.5708914914014458,0.0,-5.968060545384761e-16,2.1041557075223563,0.5039355212339163,1.825689117199078,1.7646107589785243,2.238997604859826,before_ekf,-5.968060545384761e-16,0.5039355212339163,1.825689117199078,1.7646107589785243,2.238997604859826,-0.0020876448630646536,0.502855175141947,1.8240909463936479,1.8077155393242677,-2.563166231935451,nan,nan,nan,nan,nan,nan,nan,nan,,0.0516449160004413,0.041393548000996816,0.030996241999673657,0.030996241999673657,0.02063584300049115,nan,nan,profile,1,1,1,2,7.278576850891113,4.721423149108887,-0.6,0.6,
1785154415.7542005,345.271144291999,-6.666666666666665,-1.5705330583383275,6.666666666666665,1.5705330583383275,0.0,0.0011850061722818808,2.1041557075223563,0.5000168247755687,1.825443064421393,1.7649168087789542,2.2734267721137926,before_ekf,0.0011850061722818808,0.5000168247755687,1.825443064421393,1.7649168087789542,2.2734267721137926,-0.001461598555939231,0.501461319738238,1.8241716197901818,1.8077836809978598,-2.5297379907002147,nan,nan,nan,nan,nan,nan,nan,nan,,0.05154875699918193,0.04129233200001181,0.030930000999433105,0.030930000999433105,0.020560129998557386,nan,nan,profile,1,1,1,2,7.361877679824829,4.638122320175171,-0.6,0.6,
1785154415.8368611,345.3538050520001,-6.666666666666665,-1.5694232227231042,6.666666666666665,1.8309937598436214,0.0,0.0011850061722820451,2.1041557075223563,0.4997252434054692,1.8254430644213933,1.7649168087789544,2.323004772959504,before_ekf,0.0011850061722820451,0.4997252434054692,1.8254430644213933,1.7649168087789544,2.323004772959504,-0.0004380552480582583,0.5028564650365351,1.8241967803573826,1.8078250673634475,-2.4961603596624795,nan,nan,nan,nan,nan,nan,nan,nan,,0.05138335999981791,0.04115504800029157,0.030820189000223763,0.030820189000223763,0.020543296999676386,nan,nan,profile,1,1,1,2,7.444519758224487,4.555480241775513,-0.6,0.6,
1785154415.9197094,345.4366529199997,-6.666666666666665,-1.3086968809748771,6.666666666666665,1.5704362571698527,0.0,0.0011850061722833822,2.1041557075223563,0.49996062812848263,1.8254430644213928,1.7649168087789548,2.3560567735233104,before_ekf,0.0011850061722833822,0.49996062812848263,1.8254430644213928,1.7649168087789548,2.3560567735233104,0.0009980514518688217,0.5005845173180012,1.8241287087337912,1.80780459510296,-2.4460712836506078,nan,nan,nan,nan,nan,nan,nan,nan,,0.05191291099981754,0.04171258799942734,0.03125324500069837,0.03125324500069837,0.020758657999977004,nan,nan,profile,1,1,1,2,7.527416706085205,4.472583293914795,-0.6,0.6,
1785154416.0036006,345.52054368099925,-6.666666666666665,-1.5715437530038254,6.666666666666665,1.5715437530038254,0.0,-1.2514897799875342e-15,2.1041557075223563,0.495801274344724,1.825443064421393,1.7649168087789544,2.422160774650927,before_ekf,-1.2514897799875342e-15,0.495801274344724,1.825443064421393,1.7649168087789544,2.422160774650927,0.002052422081242902,0.4976450946115866,1.824002401933059,1.8077215857535514,-2.3961509640667438,nan,nan,nan,nan,nan,nan,nan,nan,,0.05229132199929154,0.041961631999583915,0.03152494599999045,0.03152494599999045,0.02088015299887047,nan,nan,profile,1,1,1,2,7.611316680908203,4.388683319091797,-0.6,0.6,
1785154416.087101,345.60404397399907,-6.666666666666665,-1.5720320540316095,6.666666666666665,1.5720320540316095,0.0,8.014166349635965e-17,2.1041557075223563,0.4957276134176062,1.8254430644213928,1.7649168087789544,2.43868677493283,before_ekf,8.014166349635965e-17,0.4957276134176062,1.8254430644213928,1.7649168087789544,2.43868677493283,0.0022887083366569657,0.49654225257654033,1.823892044508271,1.8076236955590035,-2.3630594316085096,nan,nan,nan,nan,nan,nan,nan,nan,,0.052046899998458684,0.041592343999582226,0.03103580700008024,0.03103580700008024,0.020691830999567173,nan,nan,profile,1,1,1,2,7.694790601730347,4.305209398269653,-0.6,0.6,
1785154416.1706188,345.6875621250001,-6.666666666666665,-1.5704091267206124,6.666666666666665,1.8321439811740476,0.0,0.0011764491015838069,2.1041557075223563,0.4997628338409557,1.8251411916619815,1.7651679686620467,2.5061679427506047,before_ekf,0.0011764491015838069,0.4997628338409557,1.8251411916619815,1.7651679686620467,2.5061679427506047,0.0023709357137782702,0.4959633099161668,1.823728575702417,1.8074579681287397,-2.3134277280860167,nan,nan,nan,nan,nan,nan,nan,nan,,0.05206785300106276,0.041830846001175814,0.0314133120009501,0.0314133120009501,0.020987170999433147,nan,nan,profile,1,1,1,2,7.778324604034424,4.221675395965576,-0.6,0.6,
1785154416.2546704,345.77161352800067,-6.666666666666665,-1.570319593469515,6.666666666666665,1.570319593469515,0.0,0.0011764491015849709,2.1041557075223563,0.4999007631109486,1.8251411916619813,1.7651679686620467,2.539219943314411,before_ekf,0.0011764491015849709,0.4999007631109486,1.8251411916619813,1.7651679686620467,2.539219943314411,0.0015503036692846605,0.49807989480938974,1.823659908054246,1.8073600277103228,-2.280272345047452,nan,nan,nan,nan,nan,nan,nan,nan,,0.05261488300129713,0.04202750700096658,0.03115969900136406,0.03115969900136406,0.02085121000163781,nan,nan,profile,1,1,1,2,7.862361907958984,4.137638092041016,-0.6,0.6,
1785154416.338557,345.85550060899914,-6.666666666666665,-1.5706607316539332,6.666666666666665,1.5706607316539332,0.0,0.0011764491015851366,2.1041557075223563,0.4998246857747966,1.8251411916619813,1.7651679686620465,2.5722719438782193,before_ekf,0.0011764491015851366,0.4998246857747966,1.8251411916619813,1.7651679686620465,2.5722719438782193,0.0012949505363890738,0.4989333215567823,1.8236047598747187,1.807287896505384,-2.246943191356553,nan,nan,nan,nan,nan,nan,nan,nan,,0.052310084998680395,0.042001343999800156,0.030911177000234602,0.030911177000234602,0.020556241999656777,nan,nan,profile,1,1,1,2,7.946214914321899,4.053785085678101,-0.6,0.6,
1785154416.423847,345.9407905419994,-6.666666666666665,-1.5714728615765339,6.666666666666665,1.5714728615765339,0.0,7.47270765663656e-17,2.1041557075223563,0.49589857873698834,1.825141191661981,1.7651679686620463,2.6218499447239307,before_ekf,7.47270765663656e-17,0.49589857873698834,1.825141191661981,1.7651679686620463,2.6218499447239307,0.00029917945141996294,0.5018440883079345,1.8235687991896503,1.8072148959715038,-2.196873295004058,nan,nan,nan,nan,nan,nan,nan,nan,,0.05330673899879912,0.0427942409987736,0.03229356199881295,0.03229356199881295,0.02142072599963285,nan,nan,profile,1,1,1,2,8.031516075134277,3.9684839248657227,-0.6,0.6,
1785154416.5075233,346.024466765999,-6.666666666666665,-1.5695920259211682,6.666666666666665,1.5695920259211682,0.0,-1.2602936579916595e-15,2.1041557075223563,0.4956955130334282,1.825141191661981,1.765167968662046,2.654901945287739,before_ekf,-1.2602936579916595e-15,0.4956955130334282,1.825141191661981,1.765167968662046,2.654901945287739,-0.0007678329534679599,0.5007363021505434,1.8236043051083572,1.8072323446271463,-2.1635823342924794,nan,nan,nan,nan,nan,nan,nan,nan,,0.052148916000078316,0.04174222499932512,0.031292371999370516,0.031292371999370516,0.02089245199931611,nan,nan,profile,1,1,1,2,8.115248680114746,3.884751319885254,-0.6,0.6,
1785154416.5923634,346.1093063970002,-6.666666666666665,-1.571360853895267,6.666666666666665,1.571360853895267,0.0,-0.0011812583042872865,2.1041557075223563,0.4994681570443441,1.8254956941782343,1.764999041412261,2.722383113105512,before_ekf,-0.0011812583042872865,0.4994681570443441,1.8254956941782343,1.764999041412261,2.722383113105512,-0.00107692112809543,0.5002588521861052,1.8236447553498716,1.8072844743118281,-2.1302254412909187,nan,nan,nan,nan,nan,nan,nan,nan,,0.05335412699969311,0.0430784180007322,0.032660373000908294,0.032660373000908294,0.021512737001103233,nan,nan,profile,1,1,1,2,8.200093746185303,3.7999062538146973,-0.6,0.6,
1785154416.6774628,346.1944066060005,-6.666666666666665,-1.5706955509683467,6.666666666666665,1.5706955509683467,0.0,-0.0011812583042872817,2.1041557075223563,0.4999555806569306,1.825495694178234,1.764999041412261,2.738909113387415,before_ekf,-0.0011812583042872817,0.4999555806569306,1.825495694178234,1.764999041412261,2.738909113387415,-0.0011676652265200727,0.5001530578592093,1.8236850109008007,1.8073479748086883,-2.096896181727294,nan,nan,nan,nan,nan,nan,nan,nan,,0.05306049200044072,0.04251369700068608,0.031840531000852934,0.031840531000852934,0.02143378100117843,nan,nan,profile,1,1,1,2,8.285110473632812,3.7148895263671875,-0.6,0.6,
1785154416.7604856,346.27742901499914,-6.666666666666665,-1.5693790519606519,6.666666666666665,1.5693790519606519,0.0,-0.0023595083680723007,2.1041557075223563,0.5039696782204023,1.8258631209458047,1.7648604556257517,2.822916281487091,before_ekf,-0.0023595083680723007,0.5039696782204023,1.8258631209458047,1.7648604556257517,2.822916281487091,-0.0003516009561681945,0.5022639885278182,1.8236898603151923,1.807387019990991,-2.063427413463416,nan,nan,nan,nan,nan,nan,nan,nan,,0.05165628699978697,0.041372653999133036,0.03102902199862001,0.03102902199862001,0.020689823999418877,nan,nan,profile,1,1,1,2,8.3682119846344,3.6317880153656006,-0.6,0.6,
1785154416.8434265,346.360368656,-6.666666666666665,-1.5707603406754918,6.666666666666665,1.5707603406754918,0.0,-0.0023595083680721324,2.1041557075223563,0.5041561839002692,1.8258631209458045,1.7648604556257517,2.8394422817689944,before_ekf,-0.0023595083680721324,0.5041561839002692,1.8258631209458045,1.7648604556257517,2.8394422817689944,0.0010091101737224751,0.5004159349273648,1.8236370647571818,1.8073372755299575,-2.013235044484865,nan,nan,nan,nan,nan,nan,nan,nan,,0.05141250599990599,0.041203822000170476,0.03086676500061003,0.03086676500061003,0.02052820300013991,nan,nan,profile,1,1,1,2,8.451130628585815,3.5488693714141846,-0.6,0.6,
1785154416.9256523,346.4425959609998,-6.666666666666665,-1.8311524917576671,6.666666666666665,1.5695592786494292,0.0,-0.0011782500637847807,2.1041557075223563,0.4998991253796519,1.8258631209458045,1.7648604556257517,2.8724942823328026,before_ekf,-0.0011782500637847807,0.4998991253796519,1.8258631209458045,1.7648604556257517,2.8724942823328026,0.0011712540846585398,0.4998467913845264,1.8235744736308566,1.8072050039551169,-1.9466020556525088,nan,nan,nan,nan,nan,nan,nan,nan,,0.051203525999881094,0.04103622200091195,0.030756444999497035,0.030756444999497035,0.020502493000094546,nan,nan,profile,1,1,1,2,8.53332257270813,3.46667742729187,-0.6,0.6,
1785154417.0078669,346.5248107360003,-6.666666666666665,-1.5722781832598371,6.666666666666665,1.5722781832598371,0.0,-0.0011782500637847783,2.1041557075223563,0.4999161057429494,1.8258631209458043,1.7648604556257517,2.922072283178514,before_ekf,-0.0011782500637847783,0.4999161057429494,1.8258631209458043,1.7648604556257517,2.922072283178514,0.002018485102369008,0.5020506892032833,1.8235183595570579,1.8071012014493277,-1.9132115956100983,nan,nan,nan,nan,nan,nan,nan,nan,,0.05129836299965973,0.04116427299959469,0.03084870500060788,0.03084870500060788,0.020579935000569094,nan,nan,profile,1,1,1,2,8.615539789199829,3.384460210800171,-0.6,0.6,
1785154417.0912776,346.6082207689997,-6.666666666666665,-1.5706910276684016,6.666666666666665,1.5706910276684016,0.0,0.0011786969487153083,2.1041557075223563,0.5001796668672851,1.8254765982028909,1.7649297998321467,2.989553450996287,before_ekf,0.0011786969487153083,0.5001796668672851,1.8254765982028909,1.7649297998321467,2.989553450996287,0.001389413968066832,0.500555681223641,1.8234723872039338,1.806936055962239,-1.8629958610995174,nan,nan,nan,nan,nan,nan,nan,nan,,0.05226469499939412,0.04195924399937212,0.03146493200074474,0.03146493200074474,0.0209697430000233,nan,nan,profile,1,1,1,2,8.699009418487549,3.300990581512451,-0.6,0.6,
1785154417.1751475,346.69209124999907,-6.666666666666665,-1.832706300092194,6.666666666666665,1.5708911143647377,0.0,0.0011786969487153087,2.1041557075223563,0.49998446468354213,1.8254765982028909,1.7649297998321467,3.022605451560095,before_ekf,0.0011786969487153087,0.49998446468354213,1.8254765982028909,1.7649297998321467,3.022605451560095,0.0004876885689038199,0.49800804806457677,1.8234635685105602,1.8068476022965265,-1.8131430311694516,nan,nan,nan,nan,nan,nan,nan,nan,,0.052404479998585884,0.04214838799998688,0.03171903299880796,0.03171903299880796,0.020689189999757218,nan,nan,profile,1,1,1,2,8.782813787460327,3.217186212539673,-0.6,0.6,
1785154417.2578897,346.77483340300023,-6.666666666666665,-1.570896204375571,6.666666666666665,1.570896204375571,0.0,0.0011786969487139762,2.1041557075223563,0.49985952405483636,1.8254765982028909,1.7649297998321467,3.0556574521239033,before_ekf,0.0011786969487139762,0.49985952405483636,1.8254765982028909,1.7649297998321467,3.0556574521239033,0.00014508476564645912,0.496913036458364,1.8234652478194415,1.8068302199964905,-1.7800468708040211,nan,nan,nan,nan,nan,nan,nan,nan,,0.05152571700091357,0.04132362699965597,0.030995369001175277,0.030995369001175277,0.020659898000303656,nan,nan,profile,1,1,1,2,8.865578174591064,3.1344218254089355,-0.6,0.6,
1785154417.3403027,346.8572461599997,-6.666666666666665,-1.5699042757873087,6.666666666666665,1.5699042757873087,0.0,0.0011786969487151413,2.1041557075223563,0.4998559821597392,1.8254765982028909,1.7649297998321467,3.0721834524058065,before_ekf,0.0011786969487151413,0.4998559821597392,1.8254765982028909,1.7649297998321467,3.0721834524058065,-0.0008863814347629015,0.49356819742215996,1.8234893497894902,1.8068627521556435,-1.7304236299611782,nan,nan,nan,nan,nan,nan,nan,nan,,0.05130954999913229,0.041116616999715916,0.030772346999583533,0.030772346999583533,0.02049803400041128,nan,nan,profile,1,1,1,2,8.947956800460815,3.0520431995391846,-0.6,0.6,
1785154417.4231558,346.94009921999896,-6.666666666666665,-1.5697015698290506,6.666666666666665,1.5697015698290506,0.0,0.0011762642679774224,2.1041557075223563,0.49983383489185923,1.8250839276063053,1.7649340721063522,3.139664620223581,before_ekf,0.0011762642679774224,0.49983383489185923,1.8250839276063053,1.7649340721063522,3.139664620223581,-0.0011637866974403,0.49216344283255425,1.823508461528355,1.806969037426932,-1.6812865004280353,nan,nan,nan,nan,nan,nan,nan,nan,,0.05168778499864857,0.041401448999749846,0.0309051839994936,0.0309051839994936,0.020547865999105852,nan,nan,profile,1,1,1,2,9.030838251113892,2.9691617488861084,-0.6,0.6,
1785154417.5057857,347.0227292389991,-6.666666666666665,-1.5722050539673527,6.666666666666665,1.5722050539673527,0.0,0.001176264267978752,2.1041557075223563,0.4995741527455307,1.825083927606305,1.7649340721063522,-3.1104686863921986,before_ekf,0.001176264267978752,0.4995741527455307,1.825083927606305,1.7649340721063522,-3.1104686863921986,-0.0011947161167908,0.4963759752357064,1.823516454190455,1.8070467605846834,-1.6482590932290648,nan,nan,nan,nan,nan,nan,nan,nan,,0.051472154998918995,0.04124439399856783,0.030897822998667834,0.030897822998667834,0.020590144999005133,nan,nan,profile,1,1,1,2,9.113430738449097,2.8865692615509033,-0.6,0.6,
1785154417.5892277,347.106170785999,-6.666666666666665,-1.571775621595932,6.666666666666665,1.571775621595932,0.0,0.002361961410934901,2.1041557075223563,0.49570456209076463,1.8246915262862498,1.764918879224523,-3.0787938525185505,before_ekf,0.002361961410934901,0.49570456209076463,1.8246915262862498,1.764918879224523,-3.0787938525185505,-0.002045153168526075,0.4959231477605235,1.8235391854156278,1.8071654889643958,-1.6151061316912412,nan,nan,nan,nan,nan,nan,nan,nan,,0.05234619799921347,0.04209248799998022,0.031656893999752356,0.031656893999752356,0.021266838999508764,nan,nan,profile,1,1,1,2,9.19697380065918,2.8030261993408203,-0.6,0.6,
1785154417.6737235,347.1906660759996,-6.666666666666665,-1.5709754808387315,6.666666666666665,1.8328047276451866,0.0,0.002361961410933571,2.1041557075223563,0.4956802661522561,1.8246915262862498,1.764918879224523,-3.045741851954744,before_ekf,0.002361961410933571,0.4956802661522561,1.8246915262862498,1.764918879224523,-3.045741851954744,-0.002320587459349599,0.49601499871235555,1.8235510124439795,1.8073832223126185,-1.5655782022658205,nan,nan,nan,nan,nan,nan,nan,nan,,0.05260253400047077,0.04218116799893323,0.0315699399998266,0.0315699399998266,0.02097013899947342,nan,nan,profile,1,1,1,2,9.28150200843811,2.7184979915618896,-0.6,0.6,
1785154417.7571692,347.2741128819998,-6.666666666666665,-1.5695501510614582,6.666666666666665,1.5695501510614582,0.0,0.0023619614109335672,2.1041557075223563,0.4957578932581713,1.8246915262862498,1.764918879224523,-3.012689851390936,before_ekf,0.0023619614109335672,0.4957578932581713,1.8246915262862498,1.764918879224523,-3.012689851390936,-0.002384371803571131,0.495850975492373,1.823545655105061,1.807616667207777,-1.5160082444313563,nan,nan,nan,nan,nan,nan,nan,nan,,0.05189552000047115,0.04159460200025933,0.03125546199953533,0.03125546199953533,0.0209054360002483,nan,nan,profile,1,1,1,2,9.364842414855957,2.635157585144043,-0.6,0.6,
1785154417.840093,347.3570367989996,-6.666666666666665,-1.565831513498417,6.666666666666665,1.565831513498417,0.0,0.0023640399285732366,2.1041557075223563,0.49594146548080953,1.8243035027579924,1.7648584955241666,-2.945208683573163,before_ekf,0.0023640399285732366,0.49594146548080953,1.8243035027579924,1.7648584955241666,-2.945208683573163,-0.0005814552090250417,0.49581555490536633,1.823504796585776,1.807766980273523,-1.4664262954150984,nan,nan,nan,nan,nan,nan,nan,nan,,0.05137029999968945,0.041147190999254235,0.030816479000350228,0.030816479000350228,0.02051934299925051,nan,nan,profile,1,1,1,2,9.447793006896973,2.5522069931030273,-0.6,0.6,
1785154417.922639,347.43958284700057,-6.666666666666665,-1.5644459278844283,6.666666666666665,1.5644459278844283,0.0,0.0011783427856184216,2.1041557075223563,0.5001031142735515,1.8243035027579921,1.7648584955241666,-2.8956306827274534,before_ekf,0.0011783427856184216,0.5001031142735515,1.8243035027579921,1.7648584955241666,-2.8956306827274534,-0.0007892002189709394,0.4977289482549373,1.8235014530392482,1.8078212482434965,-1.4167331541934713,nan,nan,nan,nan,nan,nan,nan,nan,,0.051416231000985135,0.04120318000059342,0.030877838000378688,0.030877838000378688,0.020549976001348114,nan,nan,profile,1,1,1,2,9.530273675918579,2.469726324081421,-0.6,0.6,
1785154417.9960191,347.5129625979989,-6.666666666666665,-1.5720715126023441,6.666666666666665,1.5720715126023441,0.0,0.0011783427856170907,2.1041557075223563,0.4999798561338288,1.8243035027579924,1.7648584955241666,-2.879104682445549,before_ekf,0.0011783427856170907,0.4999798561338288,1.8243035027579924,1.7648584955241666,-2.879104682445549,-0.0007892002189709394,0.4977289482549373,1.8235014530392482,1.8078212482434965,-1.4167331541934713,nan,nan,nan,nan,nan,nan,nan,nan,,0.041746136999790906,0.031500203998803045,0.0208122709991585,0.0208122709991585,0.09392972699970414,nan,nan,profile,1,1,1,2,9.603720664978027,2.3962793350219727,-0.6,0.6,
1785154418.0800161,347.5969592299989,-6.666666666666665,-1.572344236802259,6.666666666666665,1.572344236802259,0.0,0.002356618135727033,2.1041557075223563,0.5040424710667837,1.823925187043057,1.7647532070177532,-2.844675515191582,before_ekf,0.002356618135727033,0.5040424710667837,1.823925187043057,1.7647532070177532,-2.844675515191582,-0.001096561402417997,0.4990366654462786,1.8234914392551036,1.8079145436778696,-1.3669231973785296,nan,nan,nan,nan,nan,nan,nan,nan,,0.05211494199829758,0.04148125899882871,0.031103837998671224,0.031103837998671224,0.02076653299991449,nan,nan,profile,1,1,1,2,9.687726020812988,2.3122739791870117,-0.6,0.6,
1785154418.164355,347.6812979940005,-6.666666666666665,-1.5704921695764147,6.666666666666665,1.5704921695764147,0.0,0.0011782753501100177,2.1041557075223563,0.499930082249616,1.8239251870430566,1.7647532070177532,-2.8116235146277755,before_ekf,0.0011782753501100177,0.499930082249616,1.8239251870430566,1.7647532070177532,-2.8116235146277755,-0.002236081798590007,0.5028418852828987,1.8234672580284774,1.8081102739779702,-1.3166607246872155,nan,nan,nan,nan,nan,nan,nan,nan,,0.053107059000467416,0.04288118200020108,0.031925461000355426,0.031925461000355426,0.021017539000240504,nan,nan,profile,1,1,1,2,9.772051572799683,2.2279484272003174,-0.6,0.6,
1785154418.2482095,347.7651517869999,-6.666666666666665,-1.5695857210241282,6.666666666666665,1.5695857210241282,0.0,3.16078572795489e-06,2.1041557075223563,0.5038559738606587,1.824288616858497,1.7649019592244546,-2.7441423468100044,before_ekf,3.16078572795489e-06,0.5038559738606587,1.824288616858497,1.7649019592244546,-2.7441423468100044,-0.0015075758485327243,0.5055972789263898,1.8234252460685452,1.8082165414689055,-1.2830066986227577,nan,nan,nan,nan,nan,nan,nan,nan,,0.05243000799964648,0.04199633999996877,0.031462740000279155,0.031462740000279155,0.021017646000473178,nan,nan,profile,1,1,1,2,9.856002807617188,2.1439971923828125,-0.6,0.6,
1785154418.3326192,347.84956299499936,-6.666666666666665,-1.5760294854203505,6.666666666666665,1.5760294854203505,0.0,0.0011786779101062765,2.1041557075223563,0.5081127620758934,1.8239305228236073,1.7647407850580195,-2.709713179556038,before_ekf,0.0011786779101062765,0.5081127620758934,1.8239305228236073,1.7647407850580195,-2.709713179556038,-0.001214862684219156,0.507459575500936,1.8233666495503627,1.8083844095469774,-1.2153692203372441,nan,nan,nan,nan,nan,nan,nan,nan,,0.05286456099929637,0.04262919499888085,0.03203570699952252,0.03203570699952252,0.021288820998961455,nan,nan,profile,1,1,1,2,9.940263032913208,2.059736967086792,-0.6,0.6,
1785154418.4053948,347.92233740399934,-6.666666666666665,-1.5755366596982978,6.666666666666665,1.5755366596982978,0.0,4.0255999616953694e-07,2.1041557075223563,0.5036259105720624,1.8239305228236073,1.7647407850580197,-2.6601351787103265,before_ekf,4.0255999616953694e-07,0.5036259105720624,1.8239305228236073,1.7647407850580197,-2.6601351787103265,-0.001214862684219156,0.507459575500936,1.8233666495503627,1.8083844095469774,-1.2153692203372441,nan,nan,nan,nan,nan,nan,nan,nan,,0.04156790399974852,0.03130350599894882,0.020910375000312342,0.020910375000312342,0.09406322999893746,nan,nan,profile,1,1,1,2,10.013162851333618,1.9868371486663818,-0.6,0.6,
1785154418.4882426,348.0051856579994,-6.666666666666665,-1.5725320404852232,6.666666666666665,1.5725320404852232,0.0,4.02559994835979e-07,2.1041557075223563,0.5038849370709759,1.8239305228236076,1.76474078505802,-2.6436091784284215,before_ekf,4.02559994835979e-07,0.5038849370709759,1.8239305228236076,1.76474078505802,-2.6436091784284215,0.0002440415897295952,0.5057973948135632,1.8233327210615908,1.8084053264072542,-1.1477743626370587,nan,nan,nan,nan,nan,nan,nan,nan,,0.05163525500029209,0.041427370999372215,0.031053095999595826,0.031053095999595826,0.0207115020002675,nan,nan,profile,1,1,1,2,10.095916271209717,1.9040837287902832,-0.6,0.6,
1785154418.5724957,348.08943939600067,-6.666666666666665,-1.5718066684032796,6.666666666666665,1.5718066684032796,0.0,5.918236981094645e-06,2.1041557075223563,0.5039296225015021,1.824267342349556,1.764942678734715,-2.559602010328746,before_ekf,5.918236981094645e-06,0.5039296225015021,1.824267342349556,1.764942678734715,-2.559602010328746,6.4331029376462e-05,0.4998032567314929,1.8233425078582939,1.8083925899096203,-1.0975818280719967,nan,nan,nan,nan,nan,nan,nan,nan,,0.052494167000986636,0.041806093000559486,0.030927510000765324,0.030927510000765324,0.02069864800068899,nan,nan,profile,1,1,1,2,10.180147886276245,1.8198521137237549,-0.6,0.6,
1785154418.6564465,348.1733898170005,-6.666666666666665,-1.5671652831920049,6.666666666666665,1.5671652831920049,0.0,-0.0011695988873972386,2.1041557075223563,0.4993413260080627,1.8242673423495557,1.764942678734715,-2.543076010046842,before_ekf,-0.0011695988873972386,0.4993413260080627,1.8242673423495557,1.764942678734715,-2.543076010046842,1.0960563926701814e-05,0.4967309995034871,1.823344508421478,1.80839169888749,-1.047823318407866,nan,nan,nan,nan,nan,nan,nan,nan,,0.05225231599979452,0.04196964699985983,0.031402874999912456,0.031402874999912456,0.021030984000390163,nan,nan,profile,1,1,1,2,10.264102458953857,1.7358975410461426,-0.6,0.6,
1785154418.7405038,348.2574474140001,-6.666666666666665,-1.5721749355523837,6.666666666666665,1.5721749355523837,0.0,-0.0011695988873974216,2.1041557075223563,0.4998611425572366,1.8242673423495557,1.7649426787347153,-2.5100240094830357,before_ekf,-0.0011695988873974216,0.4998611425572366,1.8242673423495557,1.7649426787347153,-2.5100240094830357,-0.0008255698881271412,0.49400790567616354,1.8233376027627397,1.8084333217285342,-1.014898446446895,nan,nan,nan,nan,nan,nan,nan,nan,,0.05226060899985896,0.04192850700019335,0.03110150800057454,0.03110150800057454,0.02056907800033514,nan,nan,profile,1,1,1,2,10.348166942596436,1.6518330574035645,-0.6,0.6,
1785154418.8241568,348.3411001980003,-6.666666666666665,-1.5700650846823567,6.666666666666665,1.5700650846823567,0.0,-0.0011786716442929895,2.1041557075223563,0.5003648818369,1.8245782772473924,1.7651825285607676,-2.426016841383358,before_ekf,-0.0011786716442929895,0.5003648818369,1.8245782772473924,1.7651825285607676,-2.426016841383358,-0.00024155549054595115,0.49514914065036064,1.8233149867778309,1.8084497361611487,-0.9818982138641981,nan,nan,nan,nan,nan,nan,nan,nan,,0.05225905000042985,0.04189208000025246,0.03130711300036637,0.03130711300036637,0.02068292200056021,nan,nan,profile,1,1,1,2,10.431854724884033,1.5681452751159668,-0.6,0.6,
1785154418.9075918,348.4245356779993,-6.666666666666665,-1.5721980199395738,6.666666666666665,1.5721980199395738,0.0,-3.079009206527254e-06,2.1041557075223563,0.5039928120742317,1.8242842230995817,1.764922258301411,-2.3915876741293935,before_ekf,-3.079009206527254e-06,0.5039928120742317,1.8242842230995817,1.764922258301411,-2.3915876741293935,-6.767065740095649e-05,0.49545610457893285,1.8233083575565143,1.808454314819409,-0.9488570175238316,nan,nan,nan,nan,nan,nan,nan,nan,,0.05183609799860278,0.04154641099921719,0.031128395999985514,0.031128395999985514,0.02073632599967823,nan,nan,profile,1,1,1,2,10.51530909538269,1.4846909046173096,-0.6,0.6,
1785154418.9909227,348.50786568500007,-6.666666666666665,-1.5718191724031463,6.666666666666665,1.5718191724031463,0.0,0.0011743624648058045,2.1041557075223563,0.49986698757693465,1.8240034275956094,1.7646477341593247,-2.359912840255745,before_ekf,0.0011743624648058045,0.49986698757693465,1.8240034275956094,1.7646477341593247,-2.359912840255745,0.0008256860263376349,0.4978678875105957,1.8233191369662696,1.8084128269039421,-0.9157159453525701,nan,nan,nan,nan,nan,nan,nan,nan,,0.05189125800097827,0.04154802999983076,0.031168395000349847,0.031168395000349847,0.020863916999587673,nan,nan,profile,1,1,1,2,10.598632335662842,1.4013676643371582,-0.6,0.6,
1785154419.0748596,348.5918030449993,-6.666666666666665,-1.570818066916943,6.666666666666665,1.309015055764119,0.0,0.0011743624648043903,2.1041557075223563,0.49986981967570154,1.8240034275956096,1.764647734159325,-2.3433868399738405,before_ekf,0.0011743624648043903,0.49986981967570154,1.8240034275956096,1.764647734159325,-2.3433868399738405,7.906823038457612e-05,0.5027656130780783,1.8233611913593546,1.808381427827249,-0.8489248445886823,nan,nan,nan,nan,nan,nan,nan,nan,,0.052360894998855656,0.04204255199874751,0.031124817000090843,0.031124817000090843,0.02081380199888372,nan,nan,profile,1,1,1,2,10.682517528533936,1.3174824714660645,-0.6,0.6,
1785154419.1583874,348.67533052399995,-6.666666666666665,-1.5709426286819057,6.666666666666665,1.5709426286819057,0.0,0.0023530341090973452,2.1041557075223563,0.49566777911137694,1.8240034275956094,1.7646477341593245,-2.260756838564322,before_ekf,0.0023530341090973452,0.49566777911137694,1.8240034275956094,1.7646477341593245,-2.260756838564322,2.7215852700205356e-05,0.5034655028992663,1.823363752010044,1.8083802440999783,-0.815387580057493,nan,nan,nan,nan,nan,nan,nan,nan,,0.052005638999617076,0.04168483300054504,0.031368596999527654,0.031368596999527654,0.020853325000643963,nan,nan,profile,1,1,1,2,10.766079187393188,1.2339208126068115,-0.6,0.6,
1785154419.2441933,348.7611368679991,-6.666666666666665,-1.5695421527469011,6.666666666666665,1.5695421527469011,0.0,0.0023547567061111174,2.1041557075223563,0.49591395113041925,1.823761272093635,1.7643385915342902,-2.2263276713103557,before_ekf,0.0023547567061111174,0.49591395113041925,1.823761272093635,1.7643385915342902,-2.2263276713103557,-0.0007286505183647416,0.501875726618178,1.82334770881083,1.8084151633511838,-0.7483198309199616,nan,nan,nan,nan,nan,nan,nan,nan,,0.052698420999149675,0.04240724400006002,0.03196578899951419,0.03196578899951419,0.021535596999456175,nan,nan,profile,1,1,1,2,10.851861000061035,1.1481389999389648,-0.6,0.6,
1785154419.3278282,348.8447720309996,-6.666666666666665,-1.572753099018102,6.666666666666665,1.572753099018102,0.0,0.002354756706111038,2.1041557075223563,0.49569970736002267,1.8237612720936351,1.7643385915342904,-2.209801671028451,before_ekf,0.002354756706111038,0.49569970736002267,1.8237612720936351,1.7643385915342904,-2.209801671028451,-0.0018821943341478565,0.5029351263234841,1.8232851478555812,1.8085002628154478,-0.7147817542935196,nan,nan,nan,nan,nan,nan,nan,nan,,0.05241793799905281,0.042016134999357746,0.03130296699964674,0.03130296699964674,0.020897709000564646,nan,nan,profile,1,1,1,2,10.935476064682007,1.0645239353179932,-0.6,0.6,
1785154419.41201,348.92895378399953,-6.666666666666665,-1.5709595023584069,6.666666666666665,1.5709595023584069,0.0,0.0011773152321003049,2.1041557075223563,0.4999436064812361,1.8237612720936351,1.76433859153429,-2.1767496704646443,before_ekf,0.0011773152321003049,0.4999436064812361,1.8237612720936351,1.76433859153429,-2.1767496704646443,-0.0013954460428848006,0.5012962518882185,1.8232030911818613,1.8085586591286844,-0.6813769330481962,nan,nan,nan,nan,nan,nan,nan,nan,,0.05216066499997396,0.04183175899925118,0.031297122999603744,0.031297122999603744,0.02075389899982838,nan,nan,profile,1,1,1,2,11.01971173286438,0.9802882671356201,-0.6,0.6,
1785154419.4956148,349.0125576249993,-6.666666666666665,-1.8322192118681992,6.666666666666665,1.5704736101727421,0.0,1.0938775943615611e-07,2.1041557075223563,0.5037270182600936,1.8239656649902645,1.7646739003375707,-2.092742502364967,before_ekf,1.0938775943615611e-07,0.5037270182600936,1.8239656649902645,1.7646739003375707,-2.092742502364967,-0.0012497700537794402,0.5003632721933697,1.8231347318490319,1.8086098102727581,-0.6479102232671599,nan,nan,nan,nan,nan,nan,nan,nan,,0.0522233209994738,0.04188283199982834,0.03145840399884037,0.03145840399884037,0.021068140000352287,nan,nan,profile,1,1,1,2,11.10331678390503,0.8966832160949707,-0.6,0.6,
1785154419.5793908,349.0963341229999,-6.666666666666665,-1.571004469177018,6.666666666666665,1.571004469177018,0.0,-0.0011772058443395394,2.1041557075223563,0.4998652951219828,1.8239656649902645,1.7646739003375702,-2.0596905018011604,before_ekf,-0.0011772058443395394,0.4998652951219828,1.8239656649902645,1.7646739003375702,-2.0596905018011604,-0.0020461404362859827,0.5022899143378167,1.8230452855492096,1.8086941775751488,-0.6145189991508923,nan,nan,nan,nan,nan,nan,nan,nan,,0.05219336700065469,0.04189480300010473,0.031230324999341974,0.031230324999341974,0.020828124999752617,nan,nan,profile,1,1,1,2,11.187059164047241,0.8129408359527588,-0.6,0.6,
1785154419.662123,349.17906640100045,-6.666666666666665,-1.56948955409726,6.666666666666665,1.56948955409726,0.0,-0.0011772058443394599,2.1041557075223563,0.4998695819421304,1.8239656649902647,1.7646739003375702,-2.0266385012373522,before_ekf,-0.0011772058443394599,0.4998695819421304,1.8239656649902647,1.7646739003375702,-2.0266385012373522,-0.001436628487219125,0.5055277537300507,1.8229527566650348,1.808744958404307,-0.5808785576206549,nan,nan,nan,nan,nan,nan,nan,nan,,0.05152844300027937,0.04131552500075486,0.03096259199992346,0.03096259199992346,0.020644377000280656,nan,nan,profile,1,1,1,2,11.269821405410767,0.7301785945892334,-0.6,0.6,
1785154419.7450979,349.2620407249997,-6.666666666666665,-1.570476577763664,6.666666666666665,1.570476577763664,0.0,-0.001177205844339628,2.1041557075223563,0.5000661437169887,1.823965664990265,1.7646739003375702,-1.9935865006735436,before_ekf,-0.001177205844339628,0.5000661437169887,1.823965664990265,1.7646739003375702,-1.9935865006735436,-0.001258499825041843,0.5024906399589352,1.8228785223160975,1.8087891419352455,-0.5473343900598833,nan,nan,nan,nan,nan,nan,nan,nan,,0.05159825800001272,0.04136581300008402,0.03104051099944627,0.03104051099944627,0.02070190700032981,nan,nan,profile,1,1,1,2,11.35283088684082,0.6471691131591797,-0.6,0.6,
1785154419.8281996,349.3451432339989,-6.666666666666665,-1.5713045023840129,6.666666666666665,1.5713045023840129,0.0,-2.0844437287337312e-15,2.1041557075223563,0.5040002036130194,1.8238137153808605,1.7643117957035879,-1.9591573334195773,before_ekf,-2.0844437287337312e-15,0.5040002036130194,1.8238137153808605,1.7643117957035879,-1.9591573334195773,0.0004808508652096831,0.5010858431935806,1.8228647853242184,1.8087613392506483,-0.5139267405292056,nan,nan,nan,nan,nan,nan,nan,nan,,0.05183088299963856,0.04157403499993961,0.031052137999722618,0.031052137999722618,0.020688830998551566,nan,nan,profile,1,1,1,2,11.435914516448975,0.5640854835510254,-0.6,0.6,
1785154419.9114273,349.4283705880007,-6.666666666666665,-1.5705478975284657,6.666666666666665,1.5705478975284657,0.0,0.0011772058443372904,2.1041557075223563,0.4995646373797332,1.8238137153808605,1.7643117957035876,-1.909579332573866,before_ekf,0.0011772058443372904,0.4995646373797332,1.8238137153808605,1.7643117957035876,-1.909579332573866,0.00012532702588324986,0.4978314277017583,1.8228944394768396,1.808752718535467,-0.46400046815132256,nan,nan,nan,nan,nan,nan,nan,nan,,0.05173504500089621,0.04147648900107015,0.0311100870003429,0.0311100870003429,0.02081942900076683,nan,nan,profile,1,1,1,2,11.519131422042847,0.4808685779571533,-0.6,0.6,
1785154419.9958084,349.512751061,-6.666666666666665,-1.5662083231194004,6.666666666666665,1.5662083231194004,0.0,0.0011772058443370514,2.1041557075223563,0.4996308262361425,1.8238137153808605,1.7643117957035874,-1.8600013317281543,before_ekf,0.0011772058443370514,0.4996308262361425,1.8238137153808605,1.7643117957035874,-1.8600013317281543,4.0327412445663474e-05,0.49204020073917665,1.822898437385606,1.8087528608559562,-0.43115979010055927,nan,nan,nan,nan,nan,nan,nan,nan,,0.052679354999781935,0.04229798599953938,0.031787971000085236,0.031787971000085236,0.020817102000364684,nan,nan,profile,1,1,1,2,11.603522062301636,0.39647793769836426,-0.6,0.6,
1785154420.0789995,349.59594224099965,-6.666666666666665,-1.5718674444275529,6.666666666666665,1.5718674444275529,0.0,0.001177205844338469,2.1041557075223563,0.4997368274687613,1.8238137153808605,1.7643117957035872,-1.8434753314462513,before_ekf,0.001177205844338469,0.4997368274687613,1.8238137153808605,1.7643117957035872,-1.8434753314462513,0.001788263245148361,0.4937013273365097,1.8229941773017866,1.8086782459627735,-0.38184653881714936,nan,nan,nan,nan,nan,nan,nan,nan,,0.05183039700023073,0.04155501000059303,0.03116787699946144,0.03116787699946144,0.020862969000518206,nan,nan,profile,1,1,1,2,11.68670654296875,0.31329345703125,-0.6,0.6,
1785154420.1623793,349.6793230050007,-6.666666666666665,-1.5714892278252295,6.666666666666665,1.5714892278252295,0.0,0.001180640194656076,2.1041557075223563,0.4995823695280922,1.8237113475979176,1.7639326792481738,-1.7594681633465734,before_ekf,0.001180640194656076,0.4995823695280922,1.8237113475979176,1.7639326792481738,-1.7594681633465734,0.000548408324738029,0.49475645814915487,1.8230586140491583,1.8086770902665223,-0.3488584492961877,nan,nan,nan,nan,nan,nan,nan,nan,,0.05199486700075795,0.041250390000641346,0.030798781001067255,0.030798781001067255,0.02055097600168665,nan,nan,profile,1,1,1,2,11.770049333572388,0.2299506664276123,-0.6,0.6,
1785154420.246333,349.7632755960003,-6.666666666666665,-1.5740754565266875,6.666666666666665,1.5740754565266875,0.0,0.001180640194656073,2.1041557075223563,0.4998641705783216,1.8237113475979176,1.7639326792481738,-1.7264161627827652,before_ekf,0.001180640194656073,0.4998641705783216,1.8237113475979176,1.7639326792481738,-1.7264161627827652,0.00016289796315618638,0.49522867341231264,1.823077454235577,1.808677959782573,-0.3158648588145203,nan,nan,nan,nan,nan,nan,nan,nan,,0.05281296900102461,0.04228215600051044,0.0311114890009776,0.0311114890009776,0.02074968200031435,nan,nan,profile,1,1,1,2,11.854015588760376,0.14598441123962402,-0.6,0.6,
1785154420.3294513,349.84639475699987,-6.666666666666665,-1.5698602662139611,6.666666666666665,1.5698602662139611,0.0,4.728629606323004e-06,2.1041557075223563,0.4955900836556605,1.8237692722066254,1.764321078989864,-1.7112673291910212,before_ekf,4.728629606323004e-06,0.4955900836556605,1.8237692722066254,1.764321078989864,-1.7112673291910212,4.780318052321686e-05,0.4954081604327692,1.8230828859785042,1.8086785973399175,-0.2828092888552387,nan,nan,nan,nan,nan,nan,nan,nan,,0.05161795999993046,0.04136633500093012,0.03091797500019311,0.03091797500019311,0.02058050599953276,nan,nan,profile,1,1,1,2,11.937124967575073,0.06287503242492676,-0.6,0.6,
1785154420.4119706,349.92891424499976,-6.666666666666665,-1.569452953539315,6.666666666666665,1.569452953539315,0.0,4.728629606229612e-06,2.1041557075223563,0.49595046675839854,1.8237692722066254,1.764321078989864,-1.6782153286272146,before_ekf,4.728629606229612e-06,0.49595046675839854,1.8237692722066254,1.764321078989864,-1.6782153286272146,1.3517797860771889e-05,0.49553174954705587,1.8230843673158155,1.8086790045749903,-0.2497975588469363,nan,nan,nan,nan,nan,nan,nan,nan,,0.05139644500013674,0.041206702999261324,0.03089943799932371,0.03089943799932371,0.020547808999253903,nan,nan,profile,1,1,2,2,0.019630908966064453,9.980369091033936,0.0,0.0,
1785154420.4955225,350.01246604900007,-6.666666666666665,-1.5713499605264891,6.666666666666665,1.8332416206142372,0.0,-0.0011759115650516595,2.1041557075223563,0.4919891250355549,1.8237692722066254,1.7643210789898638,-1.5955853272176996,before_ekf,-0.0011759115650516595,0.4919891250355549,1.8237692722066254,1.7643210789898638,-1.5955853272176996,-0.0016768227376827713,0.49566892646099936,1.823012062158048,1.8087276392179306,-0.21677923633309115,nan,nan,nan,nan,nan,nan,nan,nan,,0.05196347799937939,0.04135519500050577,0.03103220000048168,0.03103220000048168,0.020669187999374117,nan,nan,profile,1,1,2,2,0.10323715209960938,9.89676284790039,0.0,0.0,
1785154420.5791564,350.0960999889994,0.0,-1.8342748648335607,0.0,1.5722355984287664,0.0,-0.0011759115650516628,0.0,0.4915795053141473,1.8237692722066254,1.7643210789898636,-1.5790593269357973,before_ekf,-0.0011759115650516628,0.4915795053141473,1.8237692722066254,1.7643210789898636,-1.5790593269357973,-0.0021779764558656923,0.4957326008684842,1.8228814058371625,1.808764188591532,-0.18371109041780406,nan,nan,nan,nan,nan,nan,nan,nan,,0.052048383999135694,0.04165055100020254,0.03121588599969982,0.03121588599969982,0.020723169998746016,nan,nan,profile,1,1,2,2,0.18686652183532715,9.813133478164673,0.0,0.0,
1785154420.6624556,350.179398414999,0.0,-1.5711515013032815,0.0,1.5711515013032815,0.0,-0.0011798198710420249,0.0,0.5000763072709523,1.8237625124796022,1.7647137146426515,-1.5446301596818335,before_ekf,-0.0011798198710420249,0.5000763072709523,1.8237625124796022,1.7647137146426515,-1.5446301596818335,-0.0014801608443995094,0.4979065363279748,1.8227706294403825,1.8087712777304243,-0.15047964428298588,nan,nan,nan,nan,nan,nan,nan,nan,,0.051788290998956654,0.04152532299849554,0.031020377999084303,0.031020377999084303,0.020606383999620448,nan,nan,profile,1,1,2,2,0.27014827728271484,9.729851722717285,0.0,0.0,
1785154420.744931,350.26187459299945,0.0,-1.569969612196506,0.0,1.569969612196506,0.0,-0.002358053077878686,0.0,0.4955460246722331,1.8237492652238194,1.7651061864631092,-1.5129553258081854,before_ekf,-0.002358053077878686,0.4955460246722331,1.8237492652238194,1.7651061864631092,-1.5129553258081854,-0.0012103270349125095,0.4992669241167992,1.8225956595944963,1.8087898098605946,-0.08399309102828309,nan,nan,nan,nan,nan,nan,nan,nan,,0.05150762099947315,0.04133480900054565,0.031027238999740803,0.031027238999740803,0.020728162000523298,nan,nan,profile,1,1,2,2,0.35260725021362305,9.647392749786377,0.0,0.0,
1785154420.8291054,350.3460479459991,0.0,-1.5697579005485258,0.0,1.5697579005485258,0.0,-0.0023580530778786937,0.0,0.4958148292472738,1.8237492652238194,1.765106186463109,-1.4303253243986702,before_ekf,-0.0023580530778786937,0.4958148292472738,1.8237492652238194,1.765106186463109,-1.4303253243986702,-0.00045501907897604107,0.4912967192753142,1.8224724423890588,1.8087856043010826,-0.01806865462968599,nan,nan,nan,nan,nan,nan,nan,nan,,0.0528213509987836,0.04225615299947094,0.03184508499907679,0.03184508499907679,0.020705662998807384,nan,nan,profile,1,1,2,2,0.4368460178375244,9.563153982162476,0.0,0.0,
1785154420.9124475,350.4293911780005,0.0,-1.5758804006257874,0.0,1.5758804006257874,0.0,-0.0023580530778786937,0.0,0.49579287891214563,1.8237492652238194,1.7651061864631088,-1.4137993241167681,before_ekf,-0.0023580530778786937,0.49579287891214563,1.8237492652238194,1.7651061864631088,-1.4137993241167681,-0.00013435601717805404,0.48490367464686585,1.8224569884218895,1.8087804881519443,0.014421388049696393,nan,nan,nan,nan,nan,nan,nan,nan,,0.051425898000161396,0.041190181000274606,0.030866480999975465,0.030866480999975465,0.020631383000363712,nan,nan,profile,1,1,2,2,0.5201566219329834,9.479843378067017,0.0,0.0,
1785154420.9956,350.5125433100002,0.0,-1.5721203193642557,0.0,1.5721203193642557,0.0,-4.645748731805606e-16,0.0,0.4957914905084745,1.8237492652238194,1.7651061864631086,-1.3642213232710592,before_ekf,-4.645748731805606e-16,0.4957914905084745,1.8237492652238194,1.7651061864631086,-1.3642213232710592,-3.589771635833905e-05,0.4727817711628241,1.8224526104223202,1.8087790269826993,0.04606652342003592,nan,nan,nan,nan,nan,nan,nan,nan,,0.051666972000020905,0.04140478299996175,0.031038220000482397,0.031038220000482397,0.02060520099985297,nan,nan,profile,1,1,2,2,0.6032984256744385,9.396701574325562,0.0,0.0,
1785154421.0785232,350.5954668430004,0.0,-1.8317045353864445,0.0,1.5700324589026668,0.0,-1.7985619925624528e-15,0.0,0.49585169878669316,1.8237492652238194,1.7651061864631086,-1.3311693227072527,before_ekf,-1.7985619925624528e-15,0.49585169878669316,1.8237492652238194,1.7651061864631086,-1.3311693227072527,-6.8010190807962215e-06,0.45833777511770496,1.8224513616222078,1.808778801429287,0.07679887616876394,nan,nan,nan,nan,nan,nan,nan,nan,,0.051712724000026355,0.04149725299976126,0.031142940000790986,0.031142940000790986,0.020785273000001325,nan,nan,profile,1,1,2,2,0.6862049102783203,9.31379508972168,0.0,0.0,
1785154421.162264,350.6792071159998,0.0,-1.5709679864667778,0.0,1.5709679864667778,0.0,-0.001175517124379419,0.0,0.4998516901126762,1.8236526521391312,1.7654868101113714,-1.3132661557351903,before_ekf,-0.001175517124379419,0.4998516901126762,1.8236526521391312,1.7654868101113714,-1.3132661557351903,4.0729304441304383e-07,0.4258815930287875,1.8224510049933436,1.808779135116296,0.1208622570019462,nan,nan,nan,nan,nan,nan,nan,nan,,0.05205868700068095,0.04169623999951,0.03125788999932411,0.03125788999932411,0.020754588000272634,nan,nan,profile,1,1,2,2,0.76999831199646,9.23000168800354,0.0,0.0,
1785154421.2459219,350.76286511800026,0.0,-1.308951793248398,0.0,1.5707421518980778,0.0,-0.0023525799538506803,0.0,0.5041637546640924,1.8235305935057586,1.7658600528470927,-1.2292589876355169,before_ekf,-0.0023525799538506803,0.5041637546640924,1.8235305935057586,1.7658600528470927,-1.2292589876355169,6.890849865799476e-07,0.4002517010457915,1.8224506739819317,1.8087794037747449,0.1477675451278171,nan,nan,nan,nan,nan,nan,nan,nan,,0.052376034000189975,0.04195815599996422,0.03139662600005977,0.03139662600005977,0.02085430599981919,nan,nan,profile,1,1,2,2,0.8536098003387451,9.146390199661255,0.0,0.0,
1785154421.3288653,350.84580878199995,0.0,-1.570906761540233,0.0,1.309088967950194,0.0,-0.002352579953852011,0.0,0.5039006734632105,1.8235305935057586,1.765860052847093,-1.212732987353613,before_ekf,-0.002352579953852011,0.5039006734632105,1.8235305935057586,1.765860052847093,-1.212732987353613,4.9983925672213095e-06,0.35199964789249105,1.8224504589804797,1.8087797400635752,0.18411932313014925,nan,nan,nan,nan,nan,nan,nan,nan,,0.051711231000808766,0.041131326001050184,0.0308177250008157,0.0308177250008157,0.020577999001034186,nan,nan,profile,1,1,2,2,0.9365274906158447,9.063472509384155,0.0,0.0,
1785154421.4123578,350.929301659,0.0,-1.5707422932600086,0.0,1.5707422932600086,0.0,-0.0011706011168394976,0.0,0.5080185007995212,1.8236715041322242,1.765493511382728,-1.178303820099647,before_ekf,-0.0011706011168394976,0.5080185007995212,1.8236715041322242,1.765493511382728,-1.178303820099647,1.9889275456641914e-05,0.28136188390965483,1.8224519954155123,1.8087803369316169,0.22585598726208467,nan,nan,nan,nan,nan,nan,nan,nan,,0.05231095499948424,0.04184221000105026,0.031344765000540065,0.031344765000540065,0.020712388000902138,nan,nan,profile,1,1,2,2,1.0200302600860596,8.97996973991394,0.0,0.0,
1785154421.4950602,351.0120035330001,0.0,-1.5706871169196572,0.0,1.5706871169196572,0.0,-0.0011736628631582144,0.0,0.5081537082859634,1.8235180597885892,1.7658549851482432,-1.127348652563781,before_ekf,-0.0011736628631582144,0.5081537082859634,1.8235180597885892,1.7658549851482432,-1.127348652563781,0.0011046873360745766,0.2044083828842513,1.8225389017699856,1.8087847641313668,0.25771389614538975,nan,nan,nan,nan,nan,nan,nan,nan,,0.05145683599948825,0.041260214000431006,0.03092377699977078,0.03092377699977078,0.020581912000125158,nan,nan,profile,1,1,2,2,1.1027531623840332,8.897246837615967,0.0,0.0,
1785154421.5793877,351.09633085099995,0.0,-1.5719379939211215,0.0,1.5719379939211215,0.0,0.0011821812709566961,0.0,0.5077610200478058,1.8237012936895498,1.7655076613982803,-1.059867484746009,before_ekf,0.0011821812709566961,0.5077610200478058,1.8237012936895498,1.7655076613982803,-1.059867484746009,0.0011887481579816444,0.15890637247189476,1.8226497761570912,1.8088139131662566,0.2758796850027964,nan,nan,nan,nan,nan,nan,nan,nan,,0.052813275000517024,0.04189082999982929,0.0313783940000576,0.0313783940000576,0.020762718999321805,nan,nan,profile,1,1,2,2,1.187058448791504,8.812941551208496,0.0,0.0,
1785154421.6630442,351.179986789999,0.0,-1.5633283385880283,0.0,1.5633283385880283,0.0,2.7077919965532924e-06,0.0,0.5038176545289004,1.8235066814720684,1.7658487416006463,-1.044718651154265,before_ekf,2.7077919965532924e-06,0.5038176545289004,1.8235066814720684,1.7658487416006463,-1.044718651154265,0.0011967021443057841,0.09580658650885245,1.8227625668076455,1.8088471673954314,0.2869609460789917,nan,nan,nan,nan,nan,nan,nan,nan,,0.05238429399832967,0.042139004999626195,0.03173761299876787,0.03173761299876787,0.020822479998969357,nan,nan,profile,1,1,2,2,1.2708103656768799,8.72918963432312,0.0,0.0,
1785154421.7466226,351.2635655009999,0.0,-1.571121800387065,0.0,1.571121800387065,0.0,-6.921743182852966e-07,0.0,0.4957539932875304,1.8235066814720682,1.765848741600646,-0.9951406503085561,before_ekf,-6.921743182852966e-07,0.4957539932875304,1.8235066814720682,1.765848741600646,-0.9951406503085561,-0.0004679910562308681,0.06901660661636538,1.8227514076131082,1.80886895529791,0.2919834821110645,nan,nan,nan,nan,nan,nan,nan,nan,,0.05192016799992416,0.04161961399950087,0.031174759000350605,0.031174759000350605,0.020709095000711386,nan,nan,profile,1,1,2,2,1.35432767868042,8.64567232131958,0.0,0.0,
1785154421.82031,351.3372529699991,0.0,-1.5707414450888055,0.0,1.5707414450888055,0.0,-6.921743196536719e-07,0.0,0.4956043143464421,1.823506681472068,1.765848741600646,-0.96208864974475,before_ekf,-6.921743196536719e-07,0.4956043143464421,1.823506681472068,1.765848741600646,-0.96208864974475,-0.0004679910562308681,0.06901660661636538,1.8227514076131082,1.80886895529791,0.2919834821110645,nan,nan,nan,nan,nan,nan,nan,nan,,0.0417686019991379,0.0314157590000832,0.02087418299925048,0.02087418299925048,0.09439656399990781,nan,nan,profile,1,1,2,2,1.4280281066894531,8.571971893310547,0.0,0.0,
1785154421.9033482,351.42029041500064,0.0,-1.570963461597576,0.0,1.570963461597576,0.0,-6.921743183481687e-07,0.0,0.49591454393831613,1.823506681472068,1.7658487416006459,-0.9455626494628476,before_ekf,-6.921743183481687e-07,0.49591454393831613,1.823506681472068,1.7658487416006459,-0.9455626494628476,-0.0010282863969693558,0.039748857674446726,1.8226759389741327,1.8088537009798227,0.2973685883524344,nan,nan,nan,nan,nan,nan,nan,nan,,0.051587468000434455,0.04135628100084432,0.031040719000884565,0.031040719000884565,0.020707257001049584,nan,nan,profile,1,1,2,2,1.5110819339752197,8.48891806602478,0.0,0.0,
1785154421.9863532,351.5032961550005,0.0,-1.5719744273096996,0.0,1.5719744273096996,0.0,-0.0011794734789631854,0.0,0.491612899985941,1.8235066814720677,1.7658487416006459,-0.912510648899041,before_ekf,-0.0011794734789631854,0.491612899985941,1.8235066814720677,1.7658487416006459,-0.912510648899041,-0.0011502344774455108,0.01983385550133113,1.8226046096840778,1.8088330161893518,0.2988818300868213,nan,nan,nan,nan,nan,nan,nan,nan,,0.05170919000011054,0.04150262700022722,0.031163605000983807,0.031163605000983807,0.02086580100149149,nan,nan,profile,1,1,2,2,1.5940442085266113,8.405955791473389,0.0,0.0,
1785154422.0695772,351.5865209959993,0.0,-1.574242280176512,0.0,1.574242280176512,0.0,-3.921160197534123e-16,0.0,0.49570933635317094,1.8235066814720675,1.7658487416006456,-0.84640664777143,before_ekf,-3.921160197534123e-16,0.49570933635317094,1.8235066814720675,1.7658487416006456,-0.84640664777143,-0.00034228326997187654,0.008914499380849985,1.822577570508582,1.8088137331760976,0.2995931073595828,nan,nan,nan,nan,nan,nan,nan,nan,,0.05159168899990618,0.04120445700027631,0.030838216998745338,0.030838216998745338,0.020564214999467367,nan,nan,profile,1,1,2,2,1.6772491931915283,8.322750806808472,0.0,0.0,
1785154422.1524403,351.669384113,0.0,-1.5694739821859458,0.0,1.5694739821859458,0.0,0.0011770123619325168,0.0,0.49985416606160465,1.823774318670602,1.7655613763631683,-0.8119774805174644,before_ekf,0.0011770123619325168,0.49985416606160465,1.823774318670602,1.7655613763631683,-0.8119774805174644,0.0007428029511683765,0.0017549359114476847,1.8226166550998608,1.808812276964004,0.29978829989844075,nan,nan,nan,nan,nan,nan,nan,nan,,0.05163265900046099,0.04135402300016722,0.030901526999514317,0.030901526999514317,0.020619957000235445,nan,nan,profile,1,1,2,2,1.760087490081787,8.239912509918213,0.0,0.0,
1785154422.2360334,351.7529766629996,0.0,-1.5701418288749485,0.0,1.5701418288749485,0.0,1.5978532664902435e-07,0.0,0.504002340848995,1.8234923924392334,1.7658347370220357,-0.7444963126996942,before_ekf,1.5978532664902435e-07,0.504002340848995,1.8234923924392334,1.7658347370220357,-0.7444963126996942,0.0011434461317738115,-0.0027175589965124708,1.8227183139216834,1.8088396912936369,0.2996092531790282,nan,nan,nan,nan,nan,nan,nan,nan,,0.05239722099940991,0.04207264499927987,0.03137787000014214,0.03137787000014214,0.020748291999552748,nan,nan,profile,1,1,2,2,1.8437604904174805,8.15623950958252,0.0,0.0,
1785154422.31984,351.8367834309993,0.0,-1.5725674623507184,0.0,1.3104728852922654,0.0,1.5978532664492198e-07,0.0,0.5040734766473369,1.8234923924392334,1.765834737022036,-0.7114443121358878,before_ekf,1.5978532664492198e-07,0.5040734766473369,1.8234923924392334,1.765834737022036,-0.7114443121358878,0.0011826344422642798,-0.003468014808104948,1.822792137399468,1.8088626350822339,0.2993903479675021,nan,nan,nan,nan,nan,nan,nan,nan,,0.05218545800016727,0.04160498799865309,0.031062103000294883,0.031062103000294883,0.020639319000110845,nan,nan,profile,1,1,2,2,1.9275314807891846,8.072468519210815,0.0,0.0,
1785154422.4028695,351.91981296499944,0.0,-1.312178420550646,0.0,1.312178420550646,0.0,1.5978532664178756e-07,0.0,0.5039429526780238,1.8234923924392337,1.765834737022036,-0.661866311290179,before_ekf,1.5978532664178756e-07,0.5039429526780238,1.8234923924392337,1.765834737022036,-0.661866311290179,0.00035211672273134566,-0.0015773896157253837,1.822820944684583,1.8088809465310907,0.2992571605613885,nan,nan,nan,nan,nan,nan,nan,nan,,0.0517033790001733,0.041461251999862725,0.031077100999027607,0.031077100999027607,0.020701161000033608,nan,nan,profile,1,1,2,2,2.010565996170044,7.989434003829956,0.0,0.0,
1785154422.4860666,352.0030099710002,0.0,-1.3128997698836848,0.0,1.3128997698836848,0.0,-0.0011768525766069214,0.0,0.49987443860607533,1.8234923924392337,1.765834737022036,-0.6453403110082758,before_ekf,-0.0011768525766069214,0.49987443860607533,1.8234923924392337,1.765834737022036,-0.6453403110082758,0.00010464636978733179,-0.0007132399755104117,1.822829289525495,1.8088862120253582,0.2991981244968613,nan,nan,nan,nan,nan,nan,nan,nan,,0.051666352001120686,0.04143515200121328,0.031058292001034715,0.031058292001034715,0.020687816000645398,nan,nan,profile,1,1,2,2,2.0937411785125732,7.906258821487427,0.0,0.0,
1785154422.568801,352.08574477599905,0.0,-1.0472309264462236,0.0,1.0472309264462236,0.0,-0.001174167958744443,0.0,0.4999317719667702,1.8231727560667317,1.7660628620735395,-0.5778591431905055,before_ekf,-0.001174167958744443,0.4999317719667702,1.8231727560667317,1.7660628620735395,-0.5778591431905055,9.636217195067118e-06,-0.0001442141299608394,1.822834596713367,1.8088888329702952,0.2991486417826405,nan,nan,nan,nan,nan,nan,nan,nan,,0.05172552600015479,0.041474367999398964,0.03104879399870697,0.03104879399870697,0.020714367999971728,nan,nan,profile,1,1,2,2,2.176488161087036,7.823511838912964,0.0,0.0,
1785154422.6525574,352.1695011089996,0.0,-1.0481625735147813,0.0,1.0481625735147813,0.0,-0.0011741679587444589,0.0,0.4995949348588712,1.8231727560667317,1.7660628620735395,-0.5448071426266992,before_ekf,-0.0011741679587444589,0.4995949348588712,1.8231727560667317,1.7660628620735395,-0.5448071426266992,2.992291697893269e-06,-6.700901168486409e-05,1.8228348370324043,1.808888972281344,0.29914302280297767,nan,nan,nan,nan,nan,nan,nan,nan,,0.051795772998957545,0.041588632000639336,0.031167487999482546,0.031167487999482546,0.020780004999323864,nan,nan,profile,1,1,2,2,2.2603302001953125,7.7396697998046875,0.0,0.0,
1785154422.7359202,352.2528640670007,0.0,-0.7855367399337401,0.0,1.0473823199116534,0.0,-0.0023488048410918736,0.0,0.5038774117080899,1.8228318380820356,1.7662577553198577,-0.5103779753727353,before_ekf,-0.0023488048410918736,0.5038774117080899,1.8228318380820356,1.7662577553198577,-0.5103779753727353,3.243085617430343e-07,-1.3638181855660704e-05,1.8228349872231047,1.8088890455763178,0.29913830896582594,nan,nan,nan,nan,nan,nan,nan,nan,,0.05167253200124833,0.04140298300080758,0.031041419000757742,0.031041419000757742,0.020676343001468922,nan,nan,profile,1,1,2,2,2.343641996383667,7.656358003616333,0.0,0.0,
1785154422.8193178,352.3362615299993,0.0,-0.523538516315071,0.0,0.7853077744726066,0.0,-0.0011670295376549145,0.0,0.5081937908785357,1.8231761904520356,1.766068996492183,-0.47594880811876966,before_ekf,-0.0011670295376549145,0.5081937908785357,1.8231761904520356,1.766068996492183,-0.47594880811876966,1.426896348107762e-07,-6.33965955153475e-06,1.8228349941604696,1.8088890504537631,0.29913777486755055,nan,nan,nan,nan,nan,nan,nan,nan,,0.05211602799863613,0.041878725998685695,0.03142268400006287,0.03142268400006287,0.020950276999428752,nan,nan,profile,1,1,2,2,2.427098035812378,7.572901964187622,0.0,0.0,
1785154422.9030056,352.41994962100034,0.0,-0.5240743311278508,0.0,0.5240743311278508,0.0,-0.0011716513198118817,0.0,0.49999149605227133,1.8228257871059974,1.766246273435761,-0.4442739742451225,before_ekf,-0.0011716513198118817,0.49999149605227133,1.8228257871059974,1.766246273435761,-0.4442739742451225,8.319939269998985e-08,-2.879630173086167e-06,1.822834996256065,1.808889052686479,0.29913753439425234,nan,nan,nan,nan,nan,nan,nan,nan,,0.05209047500102315,0.04177186900051311,0.03114672500123561,0.03114672500123561,0.020673772000009194,nan,nan,profile,1,1,2,2,2.510745048522949,7.489254951477051,0.0,0.0,
1785154422.9861345,352.50307830699967,0.0,-0.2621034566402323,0.0,0.2621034566402323,0.0,5.164228550621566e-06,0.0,0.4957296996116126,1.8231790294213666,1.766074236332226,-0.36302113952576565,before_ekf,5.164228550621566e-06,0.4957296996116126,1.8231790294213666,1.766074236332226,-0.36302113952576565,6.578236984703969e-08,-1.1313350251244774e-06,1.8228350010534322,1.8088890557962933,0.29913734075440734,nan,nan,nan,nan,nan,nan,nan,nan,,0.05173714699958509,0.04147673400075291,0.031082710000191582,0.031082710000191582,0.02076383299936424,nan,nan,profile,1,1,2,2,2.593951463699341,7.406048536300659,0.0,0.0,
1785154423.0706227,352.5875660599995,0.0,-0.2617619558394644,0.0,0.2617619558394644,0.0,-1.974192538914615e-06,0.0,0.4874945620493943,1.8231790294213666,1.766074236332226,-0.3299691389619592,before_ekf,-1.974192538914615e-06,0.4874945620493943,1.8231790294213666,1.766074236332226,-0.3299691389619592,5.507385214697676e-08,-4.976020946893518e-07,1.8228350009656111,1.8088890567427394,0.29913730176793774,nan,nan,nan,nan,nan,nan,nan,nan,,0.05251216699980432,0.04164490199946158,0.031070932000147877,0.031070932000147877,0.020725316000607563,nan,nan,profile,1,1,2,2,2.6783320903778076,7.321667909622192,0.0,0.0,
1785154423.1542509,352.6711944939998,0.0,0.0,0.0,0.0,0.0,0.0011768155483621637,0.0,0.4916868399739515,1.8231790294213668,1.766074236332226,-0.2969171383981537,before_ekf,0.0011768155483621637,0.4916868399739515,1.8231790294213668,1.766074236332226,-0.2969171383981537,4.2942235036353774e-08,-1.1853175249875476e-07,1.822834999516641,1.8088890575877148,0.2991372825332021,nan,nan,nan,nan,nan,nan,nan,nan,,0.051737272000536905,0.04142752500047209,0.03102073999980348,0.03102073999980348,0.0207057759998861,nan,nan,profile,1,1,2,2,2.7619004249572754,7.238099575042725,0.0,0.0,
1785154423.237464,352.75440711900046,0.0,0.0,0.0,0.0,0.0,0.0023533066656858744,0.0,0.4957989115426506,1.8235555535581376,1.7659627104420539,-0.27901397142609125,before_ekf,0.0023533066656858744,0.4957989115426506,1.8235555535581376,1.7659627104420539,-0.27901397142609125,4.71015668572894e-08,-5.549653286842006e-08,1.8228349997570372,1.8088890583601644,0.2991372778311918,nan,nan,nan,nan,nan,nan,nan,nan,,0.0518818310010829,0.04168502799984708,0.031219854001392378,0.031219854001392378,0.020693808000942226,nan,nan,profile,1,1,2,2,2.8451216220855713,7.154878377914429,0.0,0.0,
1785154423.3200638,352.8370074909999,0.0,0.0,0.0,0.0,0.0,-3.9121657959083455e-06,0.0,0.49568484882264474,1.8235555535581376,1.7659627104420539,-0.24596197086228488,before_ekf,-3.9121657959083455e-06,0.49568484882264474,1.8235555535581376,1.7659627104420539,-0.24596197086228488,3.82466660068282e-08,-1.1300933749922185e-08,1.8228350012978587,1.8088890601674974,0.29913727389205225,nan,nan,nan,nan,nan,nan,nan,nan,,0.051538966999942204,0.041317526000057114,0.03098311199937598,0.03098311199937598,0.020642969999244087,nan,nan,profile,1,1,2,2,2.927715301513672,7.072284698486328,0.0,0.0,
1785154423.403046,352.91998919599973,0.0,0.0,0.0,0.0,0.0,-5.063770493228057e-06,0.0,0.4955562039520747,1.8231724833853178,1.7660491214502345,-0.1812351364248321,before_ekf,-5.063770493228057e-06,0.4955562039520747,1.8231724833853178,1.7660491214502345,-0.1812351364248321,4.43273746485032e-08,-4.550448218895134e-09,1.8228350039159786,1.808889061768343,0.29913727310509713,nan,nan,nan,nan,nan,nan,nan,nan,,0.05181550499946752,0.04156455299926165,0.03120057900014217,0.03120057900014217,0.020789009000509395,nan,nan,profile,1,1,2,2,3.0107581615448,6.9892418384552,0.0,0.0,
1785154423.4865115,353.00345526399906,0.0,0.26196620525899633,0.0,0.0,0.0,-5.0637704932492455e-06,0.0,0.4956335343361298,1.8231724833853178,1.7660491214502345,-0.14818313586102572,before_ekf,-5.0637704932492455e-06,0.4956335343361298,1.8231724833853178,1.7660491214502345,-0.14818313586102572,3.970465854781111e-08,-2.010335857027969e-09,1.8228350037463457,1.8088890622371867,0.29913727294279235,nan,nan,nan,nan,nan,nan,nan,nan,,0.051742304998697364,0.04141260100004729,0.03091550799945253,0.03091550799945253,0.020537012998829596,nan,nan,profile,1,1,2,2,3.0941786766052246,6.905821323394775,0.0,0.0,
1785154423.5688996,353.0858431209999,0.0,0.0,0.0,0.0,0.0,-0.0023539677125181285,0.0,0.4957849857464895,1.8227835896717763,1.7661036203430445,-0.08070196804325457,before_ekf,-0.0023539677125181285,0.4957849857464895,1.8227835896717763,1.7661036203430445,-0.08070196804325457,3.18246982946538e-08,-4.79620652757552e-10,1.822835002532455,1.808889062572231,0.2991372728637911,nan,nan,nan,nan,nan,nan,nan,nan,,0.05126541299978271,0.04106341499937116,0.030768299000556,0.030768299000556,0.020482899999478832,nan,nan,profile,1,1,2,2,3.1765623092651367,6.823437690734863,0.0,0.0,
1785154423.6516407,353.1685842379993,0.0,0.0,0.0,0.0,0.0,-0.001172412824702176,0.0,0.49969345360085937,1.8227835896717763,1.7661036203430445,-0.047649967479448135,before_ekf,-0.001172412824702176,0.49969345360085937,1.8227835896717763,1.7661036203430445,-0.047649967479448135,2.96195597277922e-08,-1.0069509921520452e-10,1.8228350037177223,1.8088890637183903,0.2991372728284491,nan,nan,nan,nan,nan,nan,nan,nan,,0.051606246999654104,0.04135576999942714,0.030962372999056242,0.030962372999056242,0.020636676999856718,nan,nan,profile,1,1,2,2,3.259312152862549,6.740687847137451,0.0,0.0,
1785154423.7343714,353.2513149059996,0.0,0.0,0.0,0.0,0.0,-0.001172412824702255,0.0,0.4993981433061956,1.8227835896717766,1.7661036203430445,0.001928033366260596,before_ekf,-0.001172412824702255,0.4993981433061956,1.8227835896717766,1.7661036203430445,0.001928033366260596,3.222194057760069e-08,-4.689292682924661e-11,1.8228350037707401,1.8088890640626498,0.2991372728244457,nan,nan,nan,nan,nan,nan,nan,nan,,0.051628363000418176,0.04141240199896856,0.031030570999064366,0.031030570999064366,0.020746739999594865,nan,nan,profile,1,1,2,2,3.342036247253418,6.657963752746582,0.0,0.0,
1785154423.806892,353.32383567599936,0.0,0.0,0.0,0.0,0.0,-0.0011724128247016271,0.0,0.4997498962759603,1.8227835896717768,1.7661036203430445,0.018454033648162917,before_ekf,-0.0011724128247016271,0.4997498962759603,1.8227835896717768,1.7661036203430445,0.018454033648162917,3.222194057760069e-08,-4.689292682924661e-11,1.8228350037707401,1.8088890640626498,0.2991372728244457,nan,nan,nan,nan,nan,nan,nan,nan,,0.04136372500033758,0.031130605999351246,0.02067816999988281,0.02067816999988281,0.0932675099993503,nan,nan,profile,1,1,2,2,3.4145796298980713,6.585420370101929,0.0,0.0,
1785154423.8903627,353.40730471799907,0.0,0.0,0.0,0.0,0.0,-0.0011770039510989871,0.0,0.4917019515646762,1.8223915794971721,1.7660804332206348,0.06665486780371424,before_ekf,-0.0011770039510989871,0.4917019515646762,1.8223915794971721,1.7660804332206348,0.06665486780371424,2.6157131798574986e-08,-9.538588429977206e-12,1.8228350046204873,1.8088890649484881,0.2991372728211172,nan,nan,nan,nan,nan,nan,nan,nan,,0.05228702400017937,0.04197860099884565,0.031579847000102745,0.031579847000102745,0.02107979299944418,nan,nan,profile,1,1,2,2,3.4980461597442627,6.501953840255737,0.0,0.0,
1785154423.9731488,353.49009249899973,0.0,0.0,0.0,0.0,0.0,1.448433685880858e-06,0.0,0.4875865862951786,1.8227831934475622,1.7661095559522912,0.08180370139545824,before_ekf,1.448433685880858e-06,0.4875865862951786,1.8227831934475622,1.7661095559522912,0.08180370139545824,2.839812935762457e-08,-4.43584170673698e-12,1.8228350046185557,1.8088890652026612,0.29913727282074376,nan,nan,nan,nan,nan,nan,nan,nan,,0.05172670200045104,0.04145632700056012,0.031042927999806125,0.031042927999806125,0.02070992699918861,nan,nan,profile,1,1,2,2,3.580857038497925,6.419142961502075,0.0,0.0,
1785154424.056934,353.5738772149998,0.0,0.0,0.0,0.0,0.0,-2.6650950880639405e-06,0.0,0.4626846826815979,1.8227826175975892,1.7661154768346212,0.13964470238211946,before_ekf,-2.6650950880639405e-06,0.4626846826815979,1.8227826175975892,1.7661154768346212,0.13964470238211946,2.926320388497343e-08,-1.749721535196348e-12,1.822835006184837,1.8088890660391048,0.2991372728204418,nan,nan,nan,nan,nan,nan,nan,nan,,0.05217526500018721,0.04179620499962766,0.031192272999760462,0.031192272999760462,0.02071012200030964,nan,nan,profile,1,1,2,2,3.665151596069336,6.334848403930664,0.0,0.0,
1785154424.14152,353.65846308800064,0.0,0.0,0.0,0.0,0.0,-2.6650950874867684e-06,0.0,0.44641979045168484,1.8227826175975894,1.7661154768346212,0.16718803618529088,before_ekf,-2.6650950874867684e-06,0.44641979045168484,1.8227826175975894,1.7661154768346212,0.16718803618529088,2.6058335606609612e-08,-7.701690185052373e-13,1.8228350059574403,1.808889066193762,0.299137272820381,nan,nan,nan,nan,nan,nan,nan,nan,,0.05222123300154635,0.041889166001055855,0.03134496400161879,0.03134496400161879,0.021014084000853472,nan,nan,profile,1,1,2,2,3.749222993850708,6.250777006149292,0.0,0.0,
1785154424.2242737,353.74121682499936,0.0,0.0,0.0,0.0,0.0,-6.291035420770549e-06,0.0,0.3801336553341401,1.8223958089687988,1.7660477296631256,0.22365187048179117,before_ekf,-6.291035420770549e-06,0.3801336553341401,1.8223958089687988,1.7660477296631256,0.22365187048179117,2.0869229376714168e-08,-1.8340012657547562e-13,1.8228350050504432,1.808889066219421,0.2991372728203508,nan,nan,nan,nan,nan,nan,nan,nan,,0.05166900800031726,0.04141376499865146,0.031006361999970977,0.031006361999970977,0.020685622999735642,nan,nan,profile,1,1,2,2,3.8319931030273438,6.168006896972656,0.0,0.0,
1785154424.3088477,353.82579135000015,0.0,0.0,0.0,0.0,0.0,-3.127724279572419e-07,0.0,0.34714742446656793,1.8227775537652968,1.7661398289836099,0.2415550374538518,before_ekf,-3.127724279572419e-07,0.34714742446656793,1.8227775537652968,1.7661398289836099,0.2415550374538518,2.29777532074693e-08,-8.570967115429912e-14,1.8228350050687436,1.8088890663916475,0.2991372728203432,nan,nan,nan,nan,nan,nan,nan,nan,,0.05216341699997429,0.041915986001185956,0.031398909999552416,0.031398909999552416,0.020962976001101197,nan,nan,profile,1,1,2,2,3.916494131088257,6.083505868911743,0.0,0.0,
1785154424.3932416,353.9101848199989,0.0,0.0,0.0,0.0,0.0,-3.127724273751911e-07,0.0,0.3305414111577832,1.8227775537652968,1.7661398289836099,0.24981803759480337,before_ekf,-3.127724273751911e-07,0.3305414111577832,1.8227775537652968,1.7661398289836099,0.24981803759480337,2.2274320290247156e-08,-3.888380687989952e-14,1.822835005026257,1.8088890665393926,0.2991372728203396,nan,nan,nan,nan,nan,nan,nan,nan,,0.053071086998897954,0.04226573399864719,0.031841241998336045,0.031841241998336045,0.021067345998744713,nan,nan,profile,1,1,2,2,4.000960350036621,5.999039649963379,0.0,0.0,
1785154424.4775429,353.99448677500004,0.0,0.0,0.0,0.0,0.0,1.558590668287452e-05,0.0,0.27264196939389596,1.8223980868742198,1.7660388229709578,0.2704755379471815,before_ekf,1.558590668287452e-05,0.27264196939389596,1.8223980868742198,1.7660388229709578,0.2704755379471815,2.1381582800698688e-08,-1.7466214089049406e-14,1.822835004958936,1.8088890666673374,0.2991372728203384,nan,nan,nan,nan,nan,nan,nan,nan,,0.052410620999580715,0.04219131100035156,0.031374485000924324,0.031374485000924324,0.020835571000134223,nan,nan,profile,1,1,2,2,4.085199594497681,5.914800405502319,0.0,0.0,
1785154424.5605125,354.077456084,0.0,0.0,0.0,0.0,0.0,0.0011943334675039816,0.0,0.1941645482863405,1.8227757031039273,1.7661466113398574,0.2883787049192448,before_ekf,0.0011943334675039816,0.1941645482863405,1.8227757031039273,1.7661466113398574,0.2883787049192448,2.049535240715488e-08,-7.776567919318933e-15,1.822835004885471,1.808889066781274,0.29913727282033736,nan,nan,nan,nan,nan,nan,nan,nan,,0.05201798500092991,0.041765742000279715,0.0313999040008639,0.0313999040008639,0.020842068999627372,nan,nan,profile,1,1,2,2,4.168221950531006,5.831778049468994,0.0,0.0,
1785154424.6446738,354.16161763299897,0.0,0.0,0.0,0.0,0.0,0.0011943334675031496,0.0,0.17765134797488433,1.8227757031039273,1.7661466113398574,0.2911330382995623,before_ekf,0.0011943334675031496,0.17765134797488433,1.8227757031039273,1.7661466113398574,0.2911330382995623,1.9647676158191834e-08,-3.4000196553162193e-15,1.8228350048159896,1.8088890668853699,0.299137272820337,nan,nan,nan,nan,nan,nan,nan,nan,,0.05266035899876442,0.042343340999650536,0.031779810999069014,0.031779810999069014,0.021289894999426906,nan,nan,profile,1,1,2,2,4.252335071563721,5.747664928436279,0.0,0.0,
1785154424.7291715,354.2461151309999,0.0,0.0,0.0,0.0,0.0,0.0011880708416281498,0.0,0.12819771673863692,1.8227757031039271,1.7661466113398574,0.29939603844051477,before_ekf,0.0011880708416281498,0.12819771673863692,1.8227757031039271,1.7661466113398574,0.29939603844051477,1.8841739559467416e-08,-1.4229225416002645e-15,1.8228350047556037,1.8088890669823086,0.299137272820337,nan,nan,nan,nan,nan,nan,nan,nan,,0.05305923800005985,0.042395476999445236,0.03204892500070855,0.03204892500070855,0.020638231000702945,nan,nan,profile,1,1,2,2,4.336832523345947,5.663167476654053,0.0,0.0,
1785154424.812226,354.3291689819998,0.0,0.0,0.0,0.0,0.0,0.0011787475608211794,0.0,0.08676170578229898,1.8227757031039271,1.7661466113398574,0.29939603844051477,before_ekf,0.0011787475608211794,0.08676170578229898,1.8227757031039271,1.7661466113398574,0.29939603844051477,1.8052437411536244e-08,-5.314143126288822e-16,1.822835004695949,1.808889067069831,0.299137272820337,nan,nan,nan,nan,nan,nan,nan,nan,,0.05167663599968364,0.041453317999184947,0.03116551399944001,0.03116551399944001,0.020588785999279935,nan,nan,profile,1,1,2,2,4.419893741607666,5.580106258392334,0.0,0.0,
1785154424.8946447,354.4115886889995,0.0,0.0,0.0,0.0,0.0,0.0011787475608210961,0.0,0.0702443140843837,1.8227757031039271,1.7661466113398574,0.29939603844051477,before_ekf,0.0011787475608210961,0.0702443140843837,1.8227757031039271,1.7661466113398574,0.29939603844051477,1.730742372407074e-08,-1.28842776380975e-16,1.8228350046430972,1.808889067150904,0.299137272820337,nan,nan,nan,nan,nan,nan,nan,nan,,0.051501046000339556,0.04130910200001381,0.030900466999810305,0.030900466999810305,0.02054658099950757,nan,nan,profile,1,1,2,2,4.502313852310181,5.497686147689819,0.0,0.0,
1785154424.9770865,354.4940300519993,0.0,0.0,0.0,0.0,0.0,-0.0011831505169543335,0.0,0.04546263066191575,1.822400553193325,1.766030529088978,0.3007732051306739,before_ekf,-0.0011831505169543335,0.04546263066191575,1.822400553193325,1.766030529088978,0.3007732051306739,1.3881296528353562e-08,1.3561036727040542e-16,1.8228350050538682,1.808889067453713,0.299137272820337,nan,nan,nan,nan,nan,nan,nan,nan,,0.05141337900022336,0.04119573599928117,0.030882540999300545,0.030882540999300545,0.020545821998894098,nan,nan,profile,1,1,2,2,4.584775447845459,5.415224552154541,0.0,0.0,
1785154425.059896,354.5768395979994,0.0,0.0,0.0,0.0,0.0,-0.0011831505169539996,0.0,0.00414922152184218,1.822400553193325,1.766030529088978,0.3007732051306739,before_ekf,-0.0011831505169539996,0.00414922152184218,1.822400553193325,1.766030529088978,0.3007732051306739,1.507900915134776e-08,1.7146910476382108e-16,1.822835005054987,1.8088890675259173,0.299137272820337,nan,nan,nan,nan,nan,nan,nan,nan,,0.05157653999958711,0.04135218699957477,0.03093734600042808,0.03093734600042808,0.020599157998731243,nan,nan,profile,1,1,2,2,4.667574882507324,5.332425117492676,0.0,0.0,
1785154425.142996,354.65993868199985,0.0,0.0,0.0,0.0,0.0,-5.776375330140103e-06,0.0,2.025732186371615e-05,1.8227757031039271,1.7661466113398574,0.29939603844051477,before_ekf,-5.776375330140103e-06,2.025732186371615e-05,1.8227757031039271,1.7661466113398574,0.29939603844051477,1.553679663766215e-08,1.9033104614296187e-16,1.8228350058922562,1.8088890678837584,0.299137272820337,nan,nan,nan,nan,nan,nan,nan,nan,,0.05194207299973641,0.041741814000488375,0.03141669099932187,0.03141669099932187,0.020993612000893336,nan,nan,profile,1,1,2,2,4.750794887542725,5.249205112457275,0.0,0.0,
1785154425.2269032,354.74384592500064,0.0,0.0,0.0,0.0,0.0,0.0011773741416231,0.0,-0.004128964199978262,1.8227757031039271,1.7661466113398574,0.29939603844051477,before_ekf,0.0011773741416231,-0.004128964199978262,1.8227757031039271,1.7661466113398574,0.29939603844051477,1.1576383163387047e-08,1.9975951857297994e-16,1.8228350053567404,1.8088890678142302,0.299137272820337,nan,nan,nan,nan,nan,nan,nan,nan,,0.05200268600128766,0.041685317000883515,0.0311544350006443,0.0311544350006443,0.020642770001359168,nan,nan,profile,1,1,2,2,4.8345911502838135,5.1654088497161865,0.0,0.0,
1785154425.3095949,354.8265373489994,0.0,0.0,0.0,0.0,0.0,0.0011773741416231,0.0,-0.004128964199978262,1.8227757031039271,1.7661466113398574,0.29939603844051477,before_ekf,0.0011773741416231,-0.004128964199978262,1.8227757031039271,1.7661466113398574,0.29939603844051477,1.2728680993805769e-08,2.0128076178907392e-16,1.822835005362056,1.8088890678669938,0.299137272820337,nan,nan,nan,nan,nan,nan,nan,nan,,0.05150471599881712,0.041261802000008174,0.030869168000208447,0.030869168000208447,0.020524040999589488,nan,nan,profile,1,1,2,2,4.91728401184082,5.08271598815918,0.0,0.0,
1785154425.3922632,354.90920620999896,0.0,0.0,0.0,0.0,0.0,0.0011773741416231,0.0,-0.004128964199978262,1.8227757031039271,1.7661466113398574,0.29939603844051477,before_ekf,0.0011773741416231,-0.004128964199978262,1.8227757031039271,1.7661466113398574,0.29939603844051477,1.0338097317457722e-08,2.0234372268220155e-16,1.822835005665351,1.8088890680578331,0.299137272820337,nan,nan,nan,nan,nan,nan,nan,nan,,0.05161293999844929,0.04140811499928532,0.031113923998418613,0.031113923998418613,0.0208499069995014,nan,nan,profile,1,1,2,2,4.999996185302734,5.000003814697266,0.0,0.0,
1785154425.4756005,354.992544105,0.0,0.0,0.0,0.0,0.0,-7.592884654350484e-16,0.0,2.0261570199409106e-16,1.8227757031039271,1.7661466113398574,0.29939603844051477,before_ekf,-7.592884654350484e-16,2.0261570199409106e-16,1.8227757031039271,1.7661466113398574,0.29939603844051477,9.486572633167051e-09,2.0255899001776716e-16,1.8228350059595715,1.808889068228764,0.299137272820337,nan,nan,nan,nan,nan,nan,nan,nan,,0.05172689100072603,0.04150561899950844,0.03105359899927862,0.03105359899927862,0.02061100299943064,nan,nan,profile,1,1,2,2,5.08327317237854,4.91672682762146,0.0,0.0,
1785154425.558683,355.07562662999953,0.0,0.0,0.0,0.0,0.0,-7.592884654350484e-16,0.0,2.0261570199409106e-16,1.8227757031039271,1.7661466113398574,0.29939603844051477,before_ekf,-7.592884654350484e-16,2.0261570199409106e-16,1.8227757031039271,1.7661466113398574,0.29939603844051477,1.0320599957464085e-08,2.025893134201347e-16,1.82283500594771,1.808889068258778,0.299137272820337,nan,nan,nan,nan,nan,nan,nan,nan,,0.05161999499978265,0.041248214000006556,0.03092743600063841,0.03092743600063841,0.020555596000122023,nan,nan,profile,1,1,2,2,5.1663713455200195,4.8336286544799805,0.0,0.0,
1785154425.641502,355.15844565099906,0.0,0.0,0.0,0.0,0.0,-7.592884654350484e-16,0.0,2.0261570199409106e-16,1.8227757031039271,1.7661466113398574,0.29939603844051477,before_ekf,-7.592884654350484e-16,2.0261570199409106e-16,1.8227757031039271,1.7661466113398574,0.29939603844051477,9.998342522965726e-09,2.0260371420194418e-16,1.822835005911402,1.8088890682800118,0.299137272820337,nan,nan,nan,nan,nan,nan,nan,nan,,0.05164849499851698,0.0413532739985385,0.030942284000047948,0.030942284000047948,0.020591738999428344,nan,nan,profile,1,1,2,2,5.249164342880249,4.750835657119751,0.0,0.0,
1785154425.7244518,355.24139552999986,0.0,0.0,0.0,0.0,0.0,-7.592884654350484e-16,0.0,2.0261570199409106e-16,1.8227757031039271,1.7661466113398574,0.29939603844051477,before_ekf,-7.592884654350484e-16,2.0261570199409106e-16,1.8227757031039271,1.7661466113398574,0.29939603844051477,9.593724754976485e-09,2.0261028352002304e-16,1.8228350058645788,1.808889068295501,0.299137272820337,nan,nan,nan,nan,nan,nan,nan,nan,,0.05191487199954281,0.04167148600026849,0.03126482600055169,0.03126482600055169,0.020730984000692843,nan,nan,profile,1,1,2,2,5.332174777984619,4.667825222015381,0.0,0.0,
1785154425.8079085,355.32485203099895,0.0,0.0,0.0,0.0,0.0,-7.592884654350484e-16,0.0,2.0261570199409106e-16,1.8227757031039271,1.7661466113398574,0.29939603844051477,before_ekf,-7.592884654350484e-16,2.0261570199409106e-16,1.8227757031039271,1.7661466113398574,0.29939603844051477,9.196430949627877e-09,2.0261325486251237e-16,1.8228350058169795,1.808889068308318,0.299137272820337,nan,nan,nan,nan,nan,nan,nan,nan,,0.05186712899921986,0.0415245229996799,0.031018036999739707,0.031018036999739707,0.02055901599851495,nan,nan,profile,1,1,2,2,5.415585517883301,4.584414482116699,0.0,0.0,
1785154425.8912039,355.40814752299957,0.0,0.0,0.0,0.0,0.0,-7.592884654350484e-16,0.0,2.0261570199409106e-16,1.8227757031039271,1.7661466113398574,0.29939603844051477,before_ekf,-7.592884654350484e-16,2.0261570199409106e-16,1.8227757031039271,1.7661466113398574,0.29939603844051477,8.818952817424221e-09,2.0261459762124167e-16,1.822835005773838,1.808889068320324,0.299137272820337,nan,nan,nan,nan,nan,nan,nan,nan,,0.05212960700009717,0.04176867299975129,0.03136274200005573,0.03136274200005573,0.0209463829996821,nan,nan,profile,1,1,2,2,5.498853445053101,4.501146554946899,0.0,0.0,
1785154425.973907,355.4908506030006,0.0,0.0,0.0,0.0,0.0,-7.592884654350484e-16,0.0,2.0261570199409106e-16,1.8227757031039271,1.7661466113398574,0.29939603844051477,before_ekf,-7.592884654350484e-16,2.0261570199409106e-16,1.8227757031039271,1.7661466113398574,0.29939603844051477,7.071651440583771e-09,2.0261547866519127e-16,1.8228350059472826,1.8088890684194716,0.299137272820337,nan,nan,nan,nan,nan,nan,nan,nan,,0.051362797001274885,0.04115013200134854,0.03084140000100888,0.03084140000100888,0.02053459600028873,nan,nan,profile,1,1,2,2,5.581568717956543,4.418431282043457,0.0,0.0,
1785154426.0567837,355.57372731800024,0.0,0.0,0.0,0.0,0.0,-7.592884654350484e-16,0.0,2.0261570199409106e-16,1.8227757031039271,1.7661466113398574,0.29939603844051477,before_ekf,-7.592884654350484e-16,2.0261570199409106e-16,1.8227757031039271,1.7661466113398574,0.29939603844051477,7.683741985441087e-09,2.026155982662341e-16,1.822835005935937,1.8088890684346581,0.299137272820337,nan,nan,nan,nan,nan,nan,nan,nan,,0.051739987000473775,0.04135637699982908,0.030990692999694147,0.030990692999694147,0.02063355300015246,nan,nan,profile,1,1,2,2,5.664448499679565,4.335551500320435,0.0,0.0,
1785154426.1396282,355.65657176199966,0.0,0.0,0.0,0.0,0.0,-7.592884654350484e-16,0.0,2.0261570199409106e-16,1.8227757031039271,1.7661466113398574,0.29939603844051477,before_ekf,-7.592884654350484e-16,2.0261570199409106e-16,1.8227757031039271,1.7661466113398574,0.29939603844051477,7.437977780041591e-09,2.0261565486266402e-16,1.8228350059087803,1.8088890684442136,0.299137272820337,nan,nan,nan,nan,nan,nan,nan,nan,,0.051657677000548574,0.041324601999804145,0.030926216999432654,0.030926216999432654,0.020630773999073426,nan,nan,profile,1,1,2,2,5.747315406799316,4.252684593200684,0.0,0.0,
1785154426.2229724,355.7399153189999,0.0,0.0,0.0,0.0,0.0,-7.592884654350484e-16,0.0,2.0261570199409106e-16,1.8227757031039271,1.7661466113398574,0.29939603844051477,before_ekf,-7.592884654350484e-16,2.0261570199409106e-16,1.8227757031039271,1.7661466113398574,0.29939603844051477,7.590842812238059e-09,2.0261568349041025e-16,1.8228350062943892,1.808889068586978,0.299137272820337,nan,nan,nan,nan,nan,nan,nan,nan,,0.05183855100040091,0.04155786199953582,0.03113147200019739,0.03113147200019739,0.020744224000736722,nan,nan,profile,1,1,2,2,5.830710411071777,4.169289588928223,0.0,0.0,
1785154426.3074727,355.8244151409999,0.0,0.0,0.0,0.0,0.0,-7.592884654350484e-16,0.0,2.0261570199409106e-16,1.8227757031039271,1.7661466113398574,0.29939603844051477,before_ekf,-7.592884654350484e-16,2.0261570199409106e-16,1.8227757031039271,1.7661466113398574,0.29939603844051477,6.753568854999001e-09,2.0261569385270716e-16,1.8228350062241927,1.8088890685804238,0.299137272820337,nan,nan,nan,nan,nan,nan,nan,nan,,0.05208316400057811,0.0417751290005981,0.03140405699923576,0.03140405699923576,0.020876321999821812,nan,nan,profile,1,1,2,2,5.915210962295532,4.084789037704468,0.0,0.0,
1785154426.3924193,355.90936241099917,0.0,0.0,0.0,0.0,0.0,-7.592884654350484e-16,0.0,2.0261570199409106e-16,1.8227757031039271,1.7661466113398574,0.29939603844051477,before_ekf,-7.592884654350484e-16,2.0261570199409106e-16,1.8227757031039271,1.7661466113398574,0.29939603844051477,6.431803899159915e-09,2.0261569833672515e-16,1.8228350061715684,1.8088890685776615,0.299137272820337,nan,nan,nan,nan,nan,nan,nan,nan,,0.05306302499957383,0.04253066499950364,0.03185854099865537,0.03185854099865537,0.02120317799926852,nan,nan,profile,1,1,2,2,6.000163555145264,3.9998364448547363,0.0,0.0,
1785154426.47635,355.99329346500053,0.0,0.0,0.0,0.0,0.0,-7.592884654350484e-16,0.0,2.0261570199409106e-16,1.8227757031039271,1.7661466113398574,0.29939603844051477,before_ekf,-7.592884654350484e-16,2.0261570199409106e-16,1.8227757031039271,1.7661466113398574,0.29939603844051477,6.164197162483387e-09,2.026157003453451e-16,1.8228350061301661,1.8088890685772607,0.299137272820337,nan,nan,nan,nan,nan,nan,nan,nan,,0.05221617900133424,0.04186343500077783,0.03125572899989493,0.03125572899989493,0.020716381000966066,nan,nan,profile,1,1,2,2,6.084067344665527,3.9159326553344727,0.0,0.0,
1785154426.560277,356.0772195739992,0.0,0.0,0.0,0.0,0.0,-7.592884654350484e-16,0.0,2.0261570199409106e-16,1.8227757031039271,1.7661466113398574,0.29939603844051477,before_ekf,-7.592884654350484e-16,2.0261570199409106e-16,1.8227757031039271,1.7661466113398574,0.29939603844051477,5.9069929480169004e-09,2.0261570124998317e-16,1.8228350060934129,1.8088890685772743,0.299137272820337,nan,nan,nan,nan,nan,nan,nan,nan,,0.052275573998485925,0.04191535300014948,0.0314099819988769,0.0314099819988769,0.02092291199915053,nan,nan,profile,1,1,2,2,6.1680614948272705,3.8319385051727295,0.0,0.0,
1785154426.6457129,356.1626567559997,0.0,0.0,0.0,0.0,0.0,-7.592884654350484e-16,0.0,2.0261570199409106e-16,1.8227757031039271,1.7661466113398574,0.29939603844051477,before_ekf,-7.592884654350484e-16,2.0261570199409106e-16,1.8227757031039271,1.7661466113398574,0.29939603844051477,4.765579875886444e-09,2.0261570181560515e-16,1.8228350058937972,1.8088890685315941,0.299137272820337,nan,nan,nan,nan,nan,nan,nan,nan,,0.052879500999551965,0.042274977000488434,0.03153947899954801,0.03153947899954801,0.020850950999374618,nan,nan,profile,1,1,2,2,6.253411293029785,3.746588706970215,0.0,0.0,
1785154426.7311294,356.2480720090007,0.0,0.0,0.0,0.0,0.0,-7.592884654350484e-16,0.0,2.0261570199409106e-16,1.8227757031039271,1.7661466113398574,0.29939603844051477,before_ekf,-7.592884654350484e-16,2.0261570199409106e-16,1.8227757031039271,1.7661466113398574,0.29939603844051477,5.6046416921794436e-09,2.0261570192179078e-16,1.8228350062067642,1.8088890686407735,0.299137272820337,nan,nan,nan,nan,nan,nan,nan,nan,,0.0528900680001243,0.04245967700080655,0.031757177001054515,0.031757177001054515,0.021092091001264635,nan,nan,profile,1,1,2,2,6.338878154754639,3.6611218452453613,0.0,0.0,
1785154426.814688,356.33163194199915,0.0,0.0,0.0,0.0,0.0,-7.592884654350484e-16,0.0,2.0261570199409106e-16,1.8227757031039271,1.7661466113398574,0.29939603844051477,before_ekf,-7.592884654350484e-16,2.0261570199409106e-16,1.8227757031039271,1.7661466113398574,0.29939603844051477,4.231239720923532e-09,2.0261570197728335e-16,1.822835006021175,1.8088890685962404,0.299137272820337,nan,nan,nan,nan,nan,nan,nan,nan,,0.05198215800010075,0.041601351998906466,0.03113097099958395,0.03113097099958395,0.020668238999860478,nan,nan,profile,1,1,2,2,6.4223785400390625,3.5776214599609375,0.0,0.0,
1785154426.8981605,356.41510225099955,0.0,0.0,0.0,0.0,0.0,-7.592884654350484e-16,0.0,2.0261570199409106e-16,1.8227757031039271,1.7661466113398574,0.29939603844051477,before_ekf,-7.592884654350484e-16,2.0261570199409106e-16,1.8227757031039271,1.7661466113398574,0.29939603844051477,4.930377198797676e-09,2.0261570198726742e-16,1.822835006278755,1.8088890686854149,0.299137272820337,nan,nan,nan,nan,nan,nan,nan,nan,,0.05205120999926294,0.04180857199935417,0.03134992900049838,0.03134992900049838,0.02086382100060291,nan,nan,profile,1,1,2,2,6.505964040756226,3.4940359592437744,0.0,0.0,
1785154426.9814816,356.4984251249989,0.0,0.0,0.0,0.0,0.0,-7.592884654350484e-16,0.0,2.0261570199409106e-16,1.8227757031039271,1.7661466113398574,0.29939603844051477,before_ekf,-7.592884654350484e-16,2.0261570199409106e-16,1.8227757031039271,1.7661466113398574,0.29939603844051477,4.426265120952084e-09,2.0261570199107231e-16,1.8228350062443923,1.8088890686812922,0.299137272820337,nan,nan,nan,nan,nan,nan,nan,nan,,0.051717422998990514,0.041422337999392767,0.031001599998489837,0.031001599998489837,0.020612288999473094,nan,nan,profile,1,1,2,2,6.589144945144653,3.4108550548553467,0.0,0.0,
1785154427.0647707,356.58171462800055,0.0,0.0,0.0,0.0,0.0,-7.592884654350484e-16,0.0,2.0261570199409106e-16,1.8227757031039271,1.7661466113398574,0.29939603844051477,before_ekf,-7.592884654350484e-16,2.0261570199409106e-16,1.8227757031039271,1.7661466113398574,0.29939603844051477,3.550103118217965e-09,2.0261570199337118e-16,1.8228350060870917,1.8088890686416121,0.299137272820337,nan,nan,nan,nan,nan,nan,nan,nan,,0.052152976000797935,0.04174753600091208,0.03127741100070125,0.03127741100070125,0.02081915700000536,nan,nan,profile,1,1,2,2,6.672425746917725,3.3275742530822754,0.0,0.0,
1785154427.1477065,356.66465004699967,0.0,0.0,0.0,0.0,0.0,-7.592884654350484e-16,0.0,2.0261570199409106e-16,1.8227757031039271,1.7661466113398574,0.29939603844051477,before_ekf,-7.592884654350484e-16,2.0261570199409106e-16,1.8227757031039271,1.7661466113398574,0.29939603844051477,3.3054221092656465e-09,2.0261570199393985e-16,1.822835006191748,1.8088890686835815,0.299137272820337,nan,nan,nan,nan,nan,nan,nan,nan,,0.05174819599960756,0.041498185999444104,0.031166323000434204,0.031166323000434204,0.020789829999557696,nan,nan,profile,1,1,2,2,6.755452394485474,3.2445476055145264,0.0,0.0,
1785154427.2210796,356.7380225759989,0.0,0.0,0.0,0.0,0.0,-7.592884654350484e-16,0.0,2.0261570199409106e-16,1.8227757031039271,1.7661466113398574,0.29939603844051477,before_ekf,-7.592884654350484e-16,2.0261570199409106e-16,1.8227757031039271,1.7661466113398574,0.29939603844051477,3.3054221092656465e-09,2.0261570199393985e-16,1.822835006191748,1.8088890686835815,0.299137272820337,nan,nan,nan,nan,nan,nan,nan,nan,,0.04167206499914755,0.03134710499944049,0.020877824999843142,0.020877824999843142,0.09416235899880121,nan,nan,profile,1,1,2,2,6.828798770904541,3.171201229095459,0.0,0.0,
1785154427.305657,356.8225997640002,0.0,0.0,0.0,0.0,0.0,-7.592884654350484e-16,0.0,2.0261570199409106e-16,1.8227757031039271,1.7661466113398574,0.29939603844051477,before_ekf,-7.592884654350484e-16,2.0261570199409106e-16,1.8227757031039271,1.7661466113398574,0.29939603844051477,3.838112782953405e-09,2.026157019940301e-16,1.8228350063956966,1.8088890687524255,0.299137272820337,nan,nan,nan,nan,nan,nan,nan,nan,,0.05235085800086381,0.04190202100107854,0.03132392299994535,0.03132392299994535,0.02084841800024151,nan,nan,profile,1,1,2,2,6.913418292999268,3.0865817070007324,0.0,0.0,
1785154427.3894024,356.90634591100024,0.0,0.0,0.0,0.0,0.0,-7.592884654350484e-16,0.0,2.0261570199409106e-16,1.8227757031039271,1.7661466113398574,0.29939603844051477,before_ekf,-7.592884654350484e-16,2.0261570199409106e-16,1.8227757031039271,1.7661466113398574,0.29939603844051477,3.438591553758755e-09,2.0261570199406414e-16,1.8228350063648984,1.8088890687468384,0.299137272820337,nan,nan,nan,nan,nan,nan,nan,nan,,0.05236702799993509,0.04203420500016364,0.031674800000473624,0.031674800000473624,0.02080938899962348,nan,nan,profile,1,1,2,2,6.997117757797241,3.002882242202759,0.0,0.0,
1785154427.472892,356.98983569899974,0.0,0.0,0.0,0.0,0.0,-7.592884654350484e-16,0.0,2.0261570199409106e-16,1.8227757031039271,1.7661466113398574,0.29939603844051477,before_ekf,-7.592884654350484e-16,2.0261570199409106e-16,1.8227757031039271,1.7661466113398574,0.29939603844051477,3.27621742541598e-09,2.0261570199407896e-16,1.8228350063373122,1.8088890687418273,0.299137272820337,nan,nan,nan,nan,nan,nan,nan,nan,,0.05199763900054677,0.041713844000696554,0.03127619999941089,0.03127619999941089,0.020767193000210682,nan,nan,profile,1,1,2,2,7.080601453781128,2.919398546218872,0.0,0.0,
1785154427.5567868,357.0737299600005,0.0,0.0,0.0,0.0,0.0,-7.592884654350484e-16,0.0,2.0261570199409106e-16,1.8227757031039271,1.7661466113398574,0.29939603844051477,before_ekf,-7.592884654350484e-16,2.0261570199409106e-16,1.8227757031039271,1.7661466113398574,0.29939603844051477,3.13896282205543e-09,2.0261570199408562e-16,1.822835006313541,1.8088890687377028,0.299137272820337,nan,nan,nan,nan,nan,nan,nan,nan,,0.05207295400032308,0.04176405700127361,0.031136378000155673,0.031136378000155673,0.02075699099987105,nan,nan,profile,1,1,2,2,7.164494037628174,2.835505962371826,0.0,0.0,
1785154427.6399188,357.1568623109997,0.0,0.0,0.0,0.0,0.0,-7.592884654350484e-16,0.0,2.0261570199409106e-16,1.8227757031039271,1.7661466113398574,0.29939603844051477,before_ekf,-7.592884654350484e-16,2.0261570199409106e-16,1.8227757031039271,1.7661466113398574,0.29939603844051477,2.531390324090044e-09,2.0261570199408976e-16,1.8228350062015957,1.8088890687076629,0.299137272820337,nan,nan,nan,nan,nan,nan,nan,nan,,0.0517413960005797,0.04148376000011922,0.031028056000650395,0.031028056000650395,0.020656882999901427,nan,nan,profile,1,1,2,2,7.247628211975098,2.7523717880249023,0.0,0.0,
1785154427.723113,357.2400565200005,0.0,0.0,0.0,0.0,0.0,-7.592884654350484e-16,0.0,2.0261570199409106e-16,1.8227757031039271,1.7661466113398574,0.29939603844051477,before_ekf,-7.592884654350484e-16,2.0261570199409106e-16,1.8227757031039271,1.7661466113398574,0.29939603844051477,2.7860485289266035e-09,2.0261570199409045e-16,1.8228350062002472,1.8088890687096928,0.299137272820337,nan,nan,nan,nan,nan,nan,nan,nan,,0.051948506999906385,0.04166588000043703,0.0312387400008447,0.0312387400008447,0.020871394001005683,nan,nan,profile,1,1,2,2,7.330801486968994,2.669198513031006,0.0,0.0,
1785154427.8071163,357.3240589750003,0.0,0.0,0.0,0.0,0.0,-7.592884654350484e-16,0.0,2.0261570199409106e-16,1.8227757031039271,1.7661466113398574,0.29939603844051477,before_ekf,-7.592884654350484e-16,2.0261570199409106e-16,1.8227757031039271,1.7661466113398574,0.29939603844051477,2.8743931030415342e-09,2.0261570199409082e-16,1.822835006349935,1.8088890687592656,0.299137272820337,nan,nan,nan,nan,nan,nan,nan,nan,,0.05247931200028688,0.04217941699971561,0.03164952000042831,0.03164952000042831,0.020716290000564186,nan,nan,profile,1,1,2,2,7.414863348007202,2.585136651992798,0.0,0.0,
1785154427.8903096,357.4072531950005,0.0,0.0,0.0,0.0,0.0,-7.592884654350484e-16,0.0,2.0261570199409106e-16,1.8227757031039271,1.7661466113398574,0.29939603844051477,before_ekf,-7.592884654350484e-16,2.0261570199409106e-16,1.8227757031039271,1.7661466113398574,0.29939603844051477,2.559536435548922e-09,2.0261570199409097e-16,1.8228350063242211,1.808889068753504,0.299137272820337,nan,nan,nan,nan,nan,nan,nan,nan,,0.051638392000313615,0.04139450500042585,0.031036099000630202,0.031036099000630202,0.020660871001382475,nan,nan,profile,1,1,2,2,7.49801230430603,2.5019876956939697,0.0,0.0,
1785154427.9736755,357.4906181009992,0.0,0.0,0.0,0.0,0.0,-7.592884654350484e-16,0.0,2.0261570199409106e-16,1.8227757031039271,1.7661466113398574,0.29939603844051477,before_ekf,-7.592884654350484e-16,2.0261570199409106e-16,1.8227757031039271,1.7661466113398574,0.29939603844051477,2.0496530764748655e-09,2.0261570199409104e-16,1.82283500623049,1.8088890687275454,0.299137272820337,nan,nan,nan,nan,nan,nan,nan,nan,,0.052117162998911226,0.04185324999889417,0.03148116000011214,0.03148116000011214,0.021007710000048974,nan,nan,profile,1,1,2,2,7.5813963413238525,2.4186036586761475,0.0,0.0,
1785154428.057905,357.5748473069998,0.0,0.0,0.0,0.0,0.0,-7.592884654350484e-16,0.0,2.0261570199409106e-16,1.8227757031039271,1.7661466113398574,0.29939603844051477,before_ekf,-7.592884654350484e-16,2.0261570199409106e-16,1.8227757031039271,1.7661466113398574,0.29939603844051477,2.4110645588008005e-09,2.0261570199409106e-16,1.8228350063609764,1.808889068770129,0.299137272820337,nan,nan,nan,nan,nan,nan,nan,nan,,0.05280254399986006,0.042503083999690716,0.031939884000166785,0.031939884000166785,0.02107366699965496,nan,nan,profile,1,1,2,2,7.66568398475647,2.3343160152435303,0.0,0.0,
1785154428.1412823,357.65822609600036,0.0,0.0,0.0,0.0,0.0,-7.592884654350484e-16,0.0,2.0261570199409106e-16,1.8227757031039271,1.7661466113398574,0.29939603844051477,before_ekf,-7.592884654350484e-16,2.0261570199409106e-16,1.8227757031039271,1.7661466113398574,0.29939603844051477,2.1613880141869655e-09,2.0261570199409106e-16,1.8228350063433147,1.8088890687662273,0.299137272820337,nan,nan,nan,nan,nan,nan,nan,nan,,0.05178416099988681,0.04145944599986251,0.03100358600022446,0.03100358600022446,0.020639604999814765,nan,nan,profile,1,1,2,2,7.748948812484741,2.251051187515259,0.0,0.0,
1785154428.2241633,357.74110709399974,0.0,0.0,0.0,0.0,0.0,-7.592884654350484e-16,0.0,2.0261570199409106e-16,1.8227757031039271,1.7661466113398574,0.29939603844051477,before_ekf,-7.592884654350484e-16,2.0261570199409106e-16,1.8227757031039271,1.7661466113398574,0.29939603844051477,2.0594414113881848e-09,2.0261570199409106e-16,1.8228350063272818,1.8088890687626644,0.299137272820337,nan,nan,nan,nan,nan,nan,nan,nan,,0.05169962400032091,0.04147329099941999,0.030999312999483664,0.030999312999483664,0.02060570699904929,nan,nan,profile,1,1,2,2,7.831843614578247,2.168156385421753,0.0,0.0,
1785154428.307683,357.8246266219994,0.0,0.0,0.0,0.0,0.0,-7.592884654350484e-16,0.0,2.0261570199409106e-16,1.8227757031039271,1.7661466113398574,0.29939603844051477,before_ekf,-7.592884654350484e-16,2.0261570199409106e-16,1.8227757031039271,1.7661466113398574,0.29939603844051477,1.9726410757947484e-09,2.0261570199409106e-16,1.8228350063132042,1.808889068759588,0.299137272820337,nan,nan,nan,nan,nan,nan,nan,nan,,0.051793239999824436,0.04150604300048144,0.031067824000274413,0.031067824000274413,0.020708680000097957,nan,nan,profile,1,1,2,2,7.9153807163238525,2.0846192836761475,0.0,0.0,
1785154428.3904471,357.90739093400043,0.0,0.0,0.0,0.0,0.0,-7.592884654350484e-16,0.0,2.0261570199409106e-16,1.8227757031039271,1.7661466113398574,0.29939603844051477,before_ekf,-7.592884654350484e-16,2.0261570199409106e-16,1.8227757031039271,1.7661466113398574,0.29939603844051477,1.59135437225786e-09,2.0261570199409106e-16,1.8228350062446417,1.8088890687402168,0.299137272820337,nan,nan,nan,nan,nan,nan,nan,nan,,0.05153408400110493,0.04134590000103344,0.03096598900083336,0.03096598900083336,0.020614021999790566,nan,nan,profile,1,1,2,2,7.998108386993408,2.001891613006592,0.0,0.0,
1785154428.4734137,357.9903573979991,0.0,0.0,0.0,0.0,0.0,-7.592884654350484e-16,0.0,2.0261570199409106e-16,1.8227757031039271,1.7661466113398574,0.29939603844051477,before_ekf,-7.592884654350484e-16,2.0261570199409106e-16,1.8227757031039271,1.7661466113398574,0.29939603844051477,1.7516871089937115e-09,2.0261570199409106e-16,1.822835006244738,1.8088890687412138,0.299137272820337,nan,nan,nan,nan,nan,nan,nan,nan,,0.051741985998887685,0.04153357699942717,0.03117739600020286,0.03117739600020286,0.020828261000133352,nan,nan,profile,1,1,2,2,8.08117413520813,1.9188258647918701,0.0,0.0,
1785154428.5563874,358.07333031099915,0.0,0.0,0.0,0.0,0.0,-7.592884654350484e-16,0.0,2.0261570199409106e-16,1.8227757031039271,1.7661466113398574,0.29939603844051477,before_ekf,-7.592884654350484e-16,2.0261570199409106e-16,1.8227757031039271,1.7661466113398574,0.29939603844051477,1.699009544561714e-09,2.0261570199409106e-16,1.8228350062404666,1.8088890687408328,0.299137272820337,nan,nan,nan,nan,nan,nan,nan,nan,,0.051575552999565843,0.04134777899889741,0.0310597579991736,0.0310597579991736,0.020749028999489383,nan,nan,profile,1,1,2,2,8.164113998413086,1.835886001586914,0.0,0.0,
1785154428.6404054,358.15734935599903,0.0,0.0,0.0,0.0,0.0,-7.592884654350484e-16,0.0,2.0261570199409106e-16,1.8227757031039271,1.7661466113398574,0.29939603844051477,before_ekf,-7.592884654350484e-16,2.0261570199409106e-16,1.8227757031039271,1.7661466113398574,0.29939603844051477,1.3650826659009355e-09,2.0261570199409106e-16,1.8228350062759788,1.8088890687534849,0.299137272820337,nan,nan,nan,nan,nan,nan,nan,nan,,0.05229872699965199,0.042019168999104295,0.03119231999880867,0.03119231999880867,0.020701034998637624,nan,nan,profile,1,1,2,2,8.24808955192566,1.7519104480743408,0.0,0.0,
1785154428.723647,358.2405908370001,0.0,0.0,0.0,0.0,0.0,-7.592884654350484e-16,0.0,2.0261570199409106e-16,1.8227757031039271,1.7661466113398574,0.29939603844051477,before_ekf,-7.592884654350484e-16,2.0261570199409106e-16,1.8227757031039271,1.7661466113398574,0.29939603844051477,1.5827303606292313e-09,2.0261570199409106e-16,1.822835006360144,1.8088890687804529,0.299137272820337,nan,nan,nan,nan,nan,nan,nan,nan,,0.051752593000855995,0.04149813200092467,0.031045753999933368,0.031045753999933368,0.020634738000808284,nan,nan,profile,1,1,2,2,8.33135437965393,1.6686456203460693,0.0,0.0,
1785154428.806878,358.32382163200054,0.0,0.0,0.0,0.0,0.0,-7.592884654350484e-16,0.0,2.0261570199409106e-16,1.8227757031039271,1.7661466113398574,0.29939603844051477,before_ekf,-7.592884654350484e-16,2.0261570199409106e-16,1.8227757031039271,1.7661466113398574,0.29939603844051477,1.4176274467488094e-09,2.0261570199409106e-16,1.8228350063479568,1.8088890687773589,0.299137272820337,nan,nan,nan,nan,nan,nan,nan,nan,,0.051996439000504324,0.04164374700121698,0.031242136001310428,0.031242136001310428,0.020728194000184885,nan,nan,profile,1,1,2,2,8.41457748413086,1.5854225158691406,0.0,0.0,
1785154428.8897736,358.4067167609992,0.0,0.0,0.0,0.0,0.0,-7.592884654350484e-16,0.0,2.0261570199409106e-16,1.8227757031039271,1.7661466113398574,0.29939603844051477,before_ekf,-7.592884654350484e-16,2.0261570199409106e-16,1.8227757031039271,1.7661466113398574,0.29939603844051477,1.3508667963218216e-09,2.0261570199409106e-16,1.8228350063373544,1.8088890687746837,0.299137272820337,nan,nan,nan,nan,nan,nan,nan,nan,,0.05156110299867578,0.04129800899863767,0.030983028998889495,0.030983028998889495,0.020694708999144495,nan,nan,profile,1,1,2,2,8.497437000274658,1.5025629997253418,0.0,0.0,
1785154428.9723973,358.48934063600063,0.0,0.0,0.0,0.0,0.0,-7.592884654350484e-16,0.0,2.0261570199409106e-16,1.8227757031039271,1.7661466113398574,0.29939603844051477,before_ekf,-7.592884654350484e-16,2.0261570199409106e-16,1.8227757031039271,1.7661466113398574,0.29939603844051477,1.0886770256386189e-09,2.0261570199409106e-16,1.8228350062893237,1.8088890687607004,0.299137272820337,nan,nan,nan,nan,nan,nan,nan,nan,,0.05154828000013367,0.04130222300045716,0.030943837000450003,0.030943837000450003,0.02058232300078089,nan,nan,profile,1,1,2,2,8.580089330673218,1.4199106693267822,0.0,0.0,
1785154429.0553854,358.572329052,0.0,0.0,0.0,0.0,0.0,-7.592884654350484e-16,0.0,2.0261570199409106e-16,1.8227757031039271,1.7661466113398574,0.29939603844051477,before_ekf,-7.592884654350484e-16,2.0261570199409106e-16,1.8227757031039271,1.7661466113398574,0.29939603844051477,1.2806048583085534e-09,2.0261570199409106e-16,1.8228350063591157,1.8088890687828847,0.299137272820337,nan,nan,nan,nan,nan,nan,nan,nan,,0.05174277100013569,0.041455536000285065,0.031016425000416348,0.031016425000416348,0.020632379999369732,nan,nan,profile,1,1,2,2,8.663052082061768,1.3369479179382324,0.0,0.0,
1785154429.1382382,358.65518194700053,0.0,0.0,0.0,0.0,0.0,-7.592884654350484e-16,0.0,2.0261570199409106e-16,1.8227757031039271,1.7661466113398574,0.29939603844051477,before_ekf,-7.592884654350484e-16,2.0261570199409106e-16,1.8227757031039271,1.7661466113398574,0.29939603844051477,1.1476030267834003e-09,2.0261570199409106e-16,1.8228350063497518,1.8088890687804322,0.299137272820337,nan,nan,nan,nan,nan,nan,nan,nan,,0.05162254000060784,0.04137677900143899,0.030973616001574555,0.030973616001574555,0.02060532600080478,nan,nan,profile,1,1,2,2,8.745901584625244,1.2540984153747559,0.0,0.0,
1785154429.2217984,358.7387415289995,0.0,0.0,0.0,0.0,0.0,-7.592884654350484e-16,0.0,2.0261570199409106e-16,1.8227757031039271,1.7661466113398574,0.29939603844051477,before_ekf,-7.592884654350484e-16,2.0261570199409106e-16,1.8227757031039271,1.7661466113398574,0.29939603844051477,1.093703565048128e-09,2.0261570199409106e-16,1.822835006341341,1.8088890687782277,0.299137272820337,nan,nan,nan,nan,nan,nan,nan,nan,,0.05248810000011872,0.04212913499941351,0.03165799399903335,0.03165799399903335,0.020935119999194285,nan,nan,profile,1,1,2,2,8.8295419216156,1.1704580783843994,0.0,0.0,
1785154429.3050249,358.8219679140002,0.0,0.0,0.0,0.0,0.0,-7.592884654350484e-16,0.0,2.0261570199409106e-16,1.8227757031039271,1.7661466113398574,0.29939603844051477,before_ekf,-7.592884654350484e-16,2.0261570199409106e-16,1.8227757031039271,1.7661466113398574,0.29939603844051477,1.0480950036436274e-09,2.0261570199409106e-16,1.8228350063341632,1.8088890687763717,0.299137272820337,nan,nan,nan,nan,nan,nan,nan,nan,,0.051577940001152456,0.04134254600103304,0.0309908990002441,0.0309908990002441,0.02070474500033015,nan,nan,profile,1,1,2,2,8.912741899490356,1.0872581005096436,0.0,0.0,
1785154429.3892112,358.9061543249991,0.0,0.0,0.0,0.0,0.0,-7.592884654350484e-16,0.0,2.0261570199409106e-16,1.8227757031039271,1.7661466113398574,0.29939603844051477,before_ekf,-7.592884654350484e-16,2.0261570199409106e-16,1.8227757031039271,1.7661466113398574,0.29939603844051477,1.0045132141758136e-09,2.0261570199409106e-16,1.8228350063276981,1.8088890687747063,0.299137272820337,nan,nan,nan,nan,nan,nan,nan,nan,,0.052660154999102815,0.04178674200011301,0.03146814399951836,0.03146814399951836,0.02116327099975024,nan,nan,profile,1,1,2,2,8.997061967849731,1.0029380321502686,0.0,0.0,
1785154429.4724104,358.989354243,0.0,0.0,0.0,0.0,0.0,-7.592884654350484e-16,0.0,2.0261570199409106e-16,1.8227757031039271,1.7661466113398574,0.29939603844051477,before_ekf,-7.592884654350484e-16,2.0261570199409106e-16,1.8227757031039271,1.7661466113398574,0.29939603844051477,8.107593023446157e-10,2.0261570199409106e-16,1.822835006293364,1.8088890687645773,0.299137272820337,nan,nan,nan,nan,nan,nan,nan,nan,,0.05159636800090084,0.04136563199972443,0.030963528000938823,0.030963528000938823,0.020593298999301624,nan,nan,profile,1,1,2,2,9.080098867416382,0.9199011325836182,0.0,0.0,
1785154429.555604,359.0725478539989,0.0,0.0,0.0,0.0,0.0,-7.592884654350484e-16,0.0,2.0261570199409106e-16,1.8227757031039271,1.7661466113398574,0.29939603844051477,before_ekf,-7.592884654350484e-16,2.0261570199409106e-16,1.8227757031039271,1.7661466113398574,0.29939603844051477,7.544131336540021e-10,2.0261570199409106e-16,1.8228350063187138,1.808889068772901,0.299137272820337,nan,nan,nan,nan,nan,nan,nan,nan,,0.051847603999704006,0.04164575199865794,0.031199195998851792,0.031199195998851792,0.020747908998600906,nan,nan,profile,1,1,2,2,9.163367986679077,0.8366320133209229,0.0,0.0,
1785154429.639492,359.15643518700017,0.0,0.0,0.0,0.0,0.0,-7.592884654350484e-16,0.0,2.0261570199409106e-16,1.8227757031039271,1.7661466113398574,0.29939603844051477,before_ekf,-7.592884654350484e-16,2.0261570199409106e-16,1.8227757031039271,1.7661466113398574,0.29939603844051477,8.766484647972311e-10,2.0261570199409106e-16,1.8228350063659207,1.8088890687877694,0.299137272820337,nan,nan,nan,nan,nan,nan,nan,nan,,0.05260837599962542,0.04219990899946424,0.03160271200067655,0.03160271200067655,0.020936431999871274,nan,nan,profile,1,1,2,2,9.247373819351196,0.7526261806488037,0.0,0.0,
1785154429.7226548,359.2395981640002,0.0,0.0,0.0,0.0,0.0,-7.592884654350484e-16,0.0,2.0261570199409106e-16,1.8227757031039271,1.7661466113398574,0.29939603844051477,before_ekf,-7.592884654350484e-16,2.0261570199409106e-16,1.8227757031039271,1.7661466113398574,0.29939603844051477,6.574196152525389e-10,2.0261570199409106e-16,1.822835006335171,1.8088890687785946,0.299137272820337,nan,nan,nan,nan,nan,nan,nan,nan,,0.05166341600124724,0.04145206400062307,0.030972327000199584,0.030972327000199584,0.02064797200000612,nan,nan,profile,1,1,2,2,9.330386638641357,0.6696133613586426,0.0,0.0,
1785154429.8061593,359.32310256600067,0.0,0.0,0.0,0.0,0.0,-7.592884654350484e-16,0.0,2.0261570199409106e-16,1.8227757031039271,1.7661466113398574,0.29939603844051477,before_ekf,-7.592884654350484e-16,2.0261570199409106e-16,1.8227757031039271,1.7661466113398574,0.29939603844051477,7.227743190324574e-10,2.0261570199409106e-16,1.8228350063342988,1.8088890687784902,0.299137272820337,nan,nan,nan,nan,nan,nan,nan,nan,,0.05219063200092933,0.04184345300018322,0.031286599001759896,0.031286599001759896,0.020783031000974006,nan,nan,profile,1,1,2,2,9.413904666900635,0.5860953330993652,0.0,0.0,
1785154429.8895636,359.4065069009994,0.0,0.0,0.0,0.0,0.0,-7.592884654350484e-16,0.0,2.0261570199409106e-16,1.8227757031039271,1.7661466113398574,0.29939603844051477,before_ekf,-7.592884654350484e-16,2.0261570199409106e-16,1.8227757031039271,1.7661466113398574,0.29939603844051477,5.870701697736704e-10,2.0261570199409106e-16,1.8228350063490828,1.8088890687833634,0.299137272820337,nan,nan,nan,nan,nan,nan,nan,nan,,0.051803197000481305,0.041463927998847794,0.03105865599900426,0.03105865599900426,0.0207266460001847,nan,nan,profile,1,1,2,2,9.497312307357788,0.5026876926422119,0.0,0.0,
1785154429.97222,359.48916380399896,0.0,0.0,0.0,0.0,0.0,-7.592884654350484e-16,0.0,2.0261570199409106e-16,1.8227757031039271,1.7661466113398574,0.29939603844051477,before_ekf,-7.592884654350484e-16,2.0261570199409106e-16,1.8227757031039271,1.7661466113398574,0.29939603844051477,6.375489871670621e-10,2.0261570199409106e-16,1.822835006347452,1.8088890687829888,0.299137272820337,nan,nan,nan,nan,nan,nan,nan,nan,,0.051399735999439145,0.04116245099976368,0.03080780599884747,0.03080780599884747,0.020504370999333332,nan,nan,profile,1,1,2,2,9.57985782623291,0.42014217376708984,0.0,0.0,
1785154430.0550334,359.57197700100005,0.0,0.0,0.0,0.0,0.0,-7.592884654350484e-16,0.0,2.0261570199409106e-16,1.8227757031039271,1.7661466113398574,0.29939603844051477,before_ekf,-7.592884654350484e-16,2.0261570199409106e-16,1.8227757031039271,1.7661466113398574,0.29939603844051477,5.170676474569586e-10,2.0261570199409106e-16,1.8228350063598142,1.808889068787045,0.299137272820337,nan,nan,nan,nan,nan,nan,nan,nan,,0.05156364200047392,0.0413503399995534,0.030935221000618185,0.030935221000618185,0.02056231200003822,nan,nan,profile,1,1,2,2,9.662688493728638,0.3373115062713623,0.0,0.0,
1785154430.1377764,359.6547198019998,0.0,0.0,0.0,0.0,0.0,-7.592884654350484e-16,0.0,2.0261570199409106e-16,1.8227757031039271,1.7661466113398574,0.29939603844051477,before_ekf,-7.592884654350484e-16,2.0261570199409106e-16,1.8227757031039271,1.7661466113398574,0.29939603844051477,5.618629947406646e-10,2.0261570199409106e-16,1.8228350063581156,1.8088890687866208,0.299137272820337,nan,nan,nan,nan,nan,nan,nan,nan,,0.051650572999278666,0.04142430700085242,0.03104120399984822,0.03104120399984822,0.020710516999315587,nan,nan,profile,1,1,2,2,9.745471715927124,0.254528284072876,0.0,0.0,
1785154430.2211545,359.73809712799994,0.0,0.0,0.0,0.0,0.0,-7.592884654350484e-16,0.0,2.0261570199409106e-16,1.8227757031039271,1.7661466113398574,0.29939603844051477,before_ekf,-7.592884654350484e-16,2.0261570199409106e-16,1.8227757031039271,1.7661466113398574,0.29939603844051477,5.44515629979844e-10,2.0261570199409106e-16,1.8228350063554837,1.8088890687859056,0.299137272820337,nan,nan,nan,nan,nan,nan,nan,nan,,0.05195402599929366,0.04167420799967658,0.03122296100082167,0.03122296100082167,0.020789042000615154,nan,nan,profile,1,1,2,2,9.828909873962402,0.17109012603759766,0.0,0.0,
1785154430.3053865,359.8223301580001,0.0,0.0,0.0,0.0,0.0,-7.592884654350484e-16,0.0,2.0261570199409106e-16,1.8227757031039271,1.7661466113398574,0.29939603844051477,before_ekf,-7.592884654350484e-16,2.0261570199409106e-16,1.8227757031039271,1.7661466113398574,0.29939603844051477,5.551138615257888e-10,2.0261570199409106e-16,1.8228350063822125,1.8088890687942758,0.299137272820337,nan,nan,nan,nan,nan,nan,nan,nan,,0.052132898001218564,0.04175918500004627,0.031237818000590778,0.031237818000590778,0.02078132399947208,nan,nan,profile,1,1,2,2,9.913063287734985,0.08693671226501465,0.0,0.0,
1785154430.389082,359.90602528599993,0.0,0.0,0.0,0.0,0.0,-7.592884654350484e-16,0.0,2.0261570199409106e-16,1.8227757031039271,1.7661466113398574,0.29939603844051477,before_ekf,-7.592884654350484e-16,2.0261570199409106e-16,1.8227757031039271,1.7661466113398574,0.29939603844051477,4.131261287280288e-10,2.0261570199409106e-16,1.8228350063607792,1.808889068787788,0.299137272820337,nan,nan,nan,nan,nan,nan,nan,nan,,0.05204390300059458,0.0417034229994897,0.03118570700098644,0.03118570700098644,0.020737688999361126,nan,nan,profile,1,1,2,2,9.996809005737305,0.0031909942626953125,0.0,0.0,
