path_id,point_index,x,y,yaw,frame_id,received_time_sec
1,0,1.625000724568963,0.3749996032565832,-1.6061667237670993,map,8.09938818000228
1,1,1.623231466813648,0.32499960251152515,-1.616827184760402,map,8.09938818000228
1,2,1.6209282969685421,0.2749996017664671,-1.6390845790113513,map,8.09938818000228
1,3,1.6175085669278102,0.22499960102140903,-1.6738795605320023,map,8.09938818000228
1,4,1.6123360709272812,0.17499960027635098,-1.7203231932414091,map,8.09938818000228
1,5,1.6048035052238454,0.12499959953129292,-1.7737234391179892,map,8.09938818000228
1,6,1.5945155428292503,0.07499959878623486,-1.8258646529751832,map,8.09938818000228
1,7,1.581478155535883,0.024999598041176796,-1.8704469707165878,map,8.09938818000228
1,8,1.5660304800369875,-0.025000402703881264,-1.910312175017901,map,8.09938818000228
1,9,1.5483708678892814,-0.07500040344893932,-1.9460860522529353,map,8.09938818000228
1,10,1.5286728060874701,-0.12500040419399738,-1.9742188755323076,map,8.09938818000228
1,11,1.5073311345599407,-0.17500040493905544,-1.9946593961085457,map,8.09938818000228
1,12,1.4847704319036146,-0.2250004056841135,-2.0067081323700653,map,8.09938818000228
1,13,1.4614806408194891,-0.27500040642917156,-2.012455330918419,map,8.09938818000228
1,14,1.4378401999856898,-0.3250004071742296,-2.0118752511452294,map,8.09938818000228
1,15,1.4142352372032065,-0.3750004079192877,-2.006956299078727,map,8.09938818000228
1,16,1.3909303438536742,-0.42500040866434574,-1.998031188022555,map,8.09938818000228
1,17,1.3681664177947688,-0.4750004094094038,-1.9889552478483399,map,8.09938818000228
1,18,1.3459481115640448,-0.5250004101544619,-1.983614076029339,map,8.09938818000228
1,19,1.3240488434687094,-0.5750004108995199,-1.9889073582579995,map,8.09938818000228
1,20,1.301833404473442,-0.625000411644578,-2.005386139439034,map,8.09938818000228
1,21,1.2786240049392852,-0.675000412389636,-2.026903743043273,map,8.09938818000228
1,22,1.2540935054549889,-0.7250004131346941,-2.0489435776147356,map,8.09938818000228
1,23,1.2281805950434628,-0.7750004138797522,-2.064509342017855,map,8.09938818000228
1,24,1.2012722440467611,-0.8250004146248102,-2.0665648621153596,map,8.09938818000228
1,25,1.1742312037034712,-0.8750004153698683,-2.043902815771275,map,8.09938818000228
1,26,1.1486371962875386,-0.9250004161149263,-1.9900838214269754,map,8.09938818000228
1,27,1.1263512849669322,-0.9750004168599844,-1.9104141036168236,map,8.09938818000228
1,28,1.1086859404298923,-1.0250004176050425,-1.8229034813971103,map,8.09938818000228
1,29,1.0958065565938806,-1.0750004183501005,-1.7456911417976921,map,8.09938818000228
1,30,1.0869715491657344,-1.1250004190951586,-1.6888717270450209,map,8.09938818000228
1,31,1.0810401887975551,-1.1750004198402166,-1.6545794395223021,map,8.09938818000228
1,32,1.0768412034179138,-1.2250004205852747,-1.6409323925334491,map,8.09938818000228
1,33,1.0733286386744711,-1.2750004213303328,-1.6451004702049852,map,8.09938818000228
1,34,1.06960657896426,-1.3250004220753908,-1.6640315812397972,map,8.09938818000228
1,35,1.0649312610943396,-1.3750004228204489,-1.6933113663857433,map,8.09938818000228
1,36,1.058774674835964,-1.425000423565507,-1.7256286593733985,map,8.09938818000228
1,37,1.0509705956656985,-1.475000424310565,-1.7516417342528243,map,8.09938818000228
1,38,1.0418284422799573,-1.525000425055623,-1.7664306813402482,map,8.09938818000228
1,39,1.0319199926549507,-1.5750004258006811,-1.778295374068319,map,8.09938818000228
1,40,1.021393529415457,-1.6250004265457392,-1.7960507425530827,map,8.09938818000228
1,41,1.0099363728016453,-1.6750004272907972,-1.8196279582955028,map,8.09938818000228
1,42,0.9972314852975099,-1.7250004280358553,-1.8388014439554312,map,8.09938818000228
1,43,0.9835009032385086,-1.7750004287809134,-1.8402476227027222,map,8.09938818000228
1,44,0.9696925283631714,-1.8250004295259714,-1.8193841442000933,map,8.09938818000228
1,45,0.9570006178612542,-1.8750004302710295,-1.777520218586525,map,8.09938818000228
1,46,0.9465146236444568,-1.9250004310160875,-1.726452906031245,map,8.09938818000228
1,47,0.9386683227066923,-1.9750004317611456,-1.6784030929078697,map,8.09938818000228
1,48,0.9332671209827885,-2.0250004325062037,-1.64014269665816,map,8.09938818000228
1,49,0.9297942337078591,-2.0750004332512617,-1.6130141595729741,map,8.09938818000228
1,50,0.9276820870300608,-2.1250004339963198,-1.595334644653277,map,8.09938818000228
1,51,0.926454924805633,-2.175000434741378,-1.5845253608999743,map,8.09938818000228
1,52,0.9257684299579658,-2.225000435486436,-1.5782407746255558,map,8.09938818000228
1,53,0.9253962006845698,-2.275000436231494,-1.574737106377846,map,8.09938818000228
1,54,0.9251991606824916,-2.325000436976552,-1.5728612037975676,map,8.09938818000228
1,55,0.9250959166840852,-2.37500043772161,-1.5719134020636216,map,8.09938818000228
1,56,0.9250400628965841,-2.425000438466668,-1.5715061492801534,map,8.09938818000228
1,57,0.9250045717658317,-2.475000439211726,-1.57146167255328,map,8.09938818000228
1,58,0.9249713044725079,-2.5250004399567842,-1.5717570022052383,map,8.09938818000228
1,59,0.9249232706864983,-2.5750004407018423,-1.572514089114876,map,8.09938818000228
1,60,0.9248373824847425,-2.6250004414469004,-1.574032182891735,map,8.09938818000228
1,61,0.9246755891127891,-2.6750004421919584,-1.576859274586826,map,8.09938818000228
1,62,0.9243724380041218,-2.7250004429370165,-1.581890326460204,map,8.09938818000228
1,63,0.9238177152545651,-2.7750004436820745,-1.590451055833287,map,8.09938818000228
1,64,0.9228348522220022,-2.8250004444271326,-1.604265009217882,map,8.09938818000228
1,65,0.9211607929618987,-2.8750004451721907,-1.6251101330995525,map,8.09938818000228
1,66,0.9184424290319533,-2.9250004459172487,-1.6539127919814407,map,8.09938818000228
1,67,0.9142770092352879,-2.975000446662307,-1.6892240691383076,map,8.09938818000228
1,68,0.9083277830995082,-3.025000447407365,-1.7258837279529968,map,8.09938818000228
1,69,0.9005106392875123,-3.075000448152423,-1.756291809894526,map,8.09938818000228
1,70,0.8911280029456776,-3.125000448897481,-1.7773225697284891,map,8.09938818000228
1,71,0.880652325398274,-3.175000449642539,-1.7995169763387031,map,8.09938818000228
1,72,0.8690126113596537,-3.225000450387597,-1.834645553748967,map,8.09938818000228
1,73,0.8555052404646859,-3.275000451132655,-1.8863672696356215,map,8.09938818000228
1,74,0.8391811839360217,-3.325000451877713,-1.948822382642589,map,8.09938818000228
1,75,0.8193248999831245,-3.3750004526227713,-2.0132925620302986,map,8.09938818000228
1,76,0.7956332192234926,-3.4250004533678293,-2.0776745412756954,map,8.09938818000228
1,77,0.7678698532996697,-3.4750004541128874,-2.1400746504846873,map,8.09938818000228
1,78,0.7358723102231511,-3.5250004548579454,-2.1992111016590083,map,8.09938818000228
1,79,0.6995378303687562,-3.5750004556030035,-2.249540192434692,map,8.09938818000228
1,80,0.6592085337715322,-3.6250004563480616,-2.287795917965597,map,8.09938818000228
1,81,0.6156198656568638,-3.6750004570931196,-2.314384021812983,map,8.09938818000228
1,82,0.5696353621165278,-3.7250004578381777,-2.3316497606800124,map,8.09938818000228
1,83,0.5220315029127626,-3.7750004585832357,-2.34227990450702,map,8.09938818000228
1,84,0.4734039522596706,-3.825000459328294,-2.3485440804678883,map,8.09938818000228
1,85,0.42416319875861935,-3.875000460073352,-2.352100458981428,map,8.09938818000228
1,86,0.3745709341343858,-3.92500046081841,-2.354055422827223,map,8.09938818000228
1,87,0.3247843838696264,-3.975000461563468,-2.355100161978184,map,8.09938818000228
1,88,0.27489369636668626,-4.025000462308526,-2.3556446457898943,map,8.09938818000228
1,89,0.22494864985195476,-4.075000463053584,-2.3559217989096686,map,8.09938818000228
1,90,0.17497591080221975,-4.125000463798642,-2.3560590203915206,map,8.09938818000228
1,91,0.12498945520257068,-4.1750004645437,-2.356123229923346,map,8.09938818000228
1,92,0.07499657997676434,-4.225000465288758,-2.3561472024285033,map,8.09938818000228
1,93,0.02500130778456173,-4.275000466033816,-2.3561435029295477,map,8.09938818000228
1,94,-0.02499359449409306,-4.325000466778874,-2.3561100600027647,map,8.09938818000228
1,95,-0.07498515293283273,-4.3750004675239325,-2.356029145072891,map,8.09938818000228
1,96,-0.12496862189899732,-4.4250004682689905,-2.355859355726213,map,8.09938818000228
1,97,-0.17493512042343734,-4.475000469014049,-2.35551794277441,map,8.09938818000228
1,98,-0.2248675121560813,-4.525000469759107,-2.354848304857288,map,8.09938818000228
1,99,-0.2747330752623955,-4.575000470504165,-2.353564897697871,map,8.09938818000228
1,100,-0.32447080581331,-4.625000471249223,-2.351166251662275,map,8.09938818000228
1,101,-0.3739704941713861,-4.675000471994281,-2.3468090508731323,map,8.09938818000228
1,102,-0.423040650664943,-4.725000472739339,-2.339148060136846,map,8.09938818000228
1,103,-0.47136441978089694,-4.775000473484397,-2.3261792235292993,map,8.09938818000228
1,104,-0.5184495102094526,-4.825000474229455,-2.305198524035931,map,8.09938818000228
1,105,-0.5635933485973181,-4.875000474974513,-2.27314684435697,map,8.09938818000228
1,106,-0.6059090717440854,-4.925000475719571,-2.2278690710443585,map,8.09938818000228
1,107,-0.6444803261102752,-4.975000476464629,-2.170865124619196,map,8.09938818000228
1,108,-0.6786922171836729,-5.025000477209687,-2.1105138637660517,map,8.09938818000228
1,109,-0.7086445042136389,-5.075000477954745,-2.0600071380653544,map,8.09938818000228
1,110,-0.7352632474973426,-5.125000478699803,-2.024800187328598,map,8.09938818000228
1,111,-0.7596633874370952,-5.175000479444861,-2.0008613180801733,map,8.09938818000228
1,112,-0.7825983721260243,-5.2250004801899195,-1.985778775658218,map,8.09938818000228
1,113,-0.8046267606696663,-5.2750004809349775,-1.9786355437649303,map,8.09938818000228
1,114,-0.8262299933301311,-5.325000481680036,-1.9835229214929582,map,8.09938818000228
1,115,-0.8481238296013384,-5.375000482425094,-1.9997097194552127,map,8.09938818000228
1,116,-0.870989155994714,-5.425000483170152,-2.0208648256915867,map,8.09938818000228
1,117,-0.8951461339042771,-5.47500048391521,-2.0433150010346606,map,8.09938818000228
1,118,-0.9207030607373192,-5.525000484660268,-2.0621644615880244,map,8.09938818000228
1,119,-0.9474604013479964,-5.575000485405326,-2.0742368448644872,map,8.09938818000228
1,120,-0.974999314174056,-5.625000486150384,2.8819630241815357,map,8.09938818000228
2,0,1.675000725314021,0.32499960251152515,-1.7118263202741522,map,10.159290954001335
2,1,1.667902100410088,0.2749996017664671,-1.7279583217805694,map,10.159290954001335
2,2,1.6599786567998844,0.22499960102140903,-1.7545350998505818,map,10.159290954001335
2,3,1.650686919089639,0.17499960027635098,-1.7828783898203067,map,10.159290954001335
2,4,1.639920915707604,0.12499959953129292,-1.808915663037408,map,10.159290954001335
2,5,1.627784699145205,0.07499959878623486,-1.84202601816971,map,10.159290954001335
2,6,1.6138805755922756,0.024999598041176796,-1.8913358498619792,map,10.159290954001335
2,7,1.597281161081189,-0.025000402703881264,-1.9548071781158531,map,10.159290954001335
2,8,1.5770776151145485,-0.07500040344893932,-2.017744192832817,map,10.159290954001335
2,9,1.5531128012516533,-0.12500040419399738,-2.062039261009916,map,10.159290954001335
2,10,1.5263635128907744,-0.17500040493905544,-2.0807335687214166,map,10.159290954001335
2,11,1.4983996962450188,-0.2250004056841135,-2.0787298984961637,map,10.159290954001335
2,12,1.4705672524723654,-0.27500040642917156,-2.0660370273346134,map,10.159290954001335
2,13,1.4435603133812835,-0.3250004071742296,-2.0481832866164607,map,10.159290954001335
2,14,1.417695608922584,-0.3750004079192877,-2.029408369617414,map,10.159290954001335
2,15,1.3930095436738232,-0.42500040866434574,-2.0101273410884293,map,10.159290954001335
2,16,1.3695113668948093,-0.4750004094094038,-1.993089196348283,map,10.159290954001335
2,17,1.3470450915756813,-0.5250004101544619,-1.9807013682532388,map,10.159290954001335
2,18,1.325319175619848,-0.5750004108995199,-1.9783841136124285,map,10.159290954001335
2,19,1.3037308596943498,-0.625000411644578,-1.9854807114949053,map,10.159290954001335
2,20,1.2817202647350907,-0.675000412389636,-1.9951845478601498,map,10.159290954001335
2,21,1.2591279511070799,-0.7250004131346941,-2.003642521199034,map,10.159290954001335
2,22,1.236024431811197,-0.7750004138797522,-2.0067892056020384,map,10.159290954001335
2,23,1.212729707373395,-0.8250004146248102,-2.0037524959339175,map,10.159290954001335
2,24,1.1896195149715636,-0.8750004153698683,-1.9915906826462138,map,10.159290954001335
2,25,1.167243231814344,-0.9250004161149263,-1.9690151006543068,map,10.159290954001335
2,26,1.1462084730552151,-0.9750004168599844,-1.93251003223881,map,10.159290954001335
2,27,1.1272904418681298,-1.0250004176050425,-1.882304242940758,map,10.159290954001335
2,28,1.1111908939875292,-1.0750004183501005,-1.8208619398093895,map,10.159290954001335
2,29,1.0984203031301272,-1.1250004190951586,-1.7596119683597629,map,10.159290954001335
2,30,1.0888657053648587,-1.1750004198402166,-1.710438567541009,map,10.159290954001335
2,31,1.0818378527906742,-1.2250004205852747,-1.6801517755673203,map,10.159290954001335
2,32,1.0763481798444525,-1.2750004213303328,-1.6704097873392492,map,10.159290954001335
2,33,1.071350966947922,-1.3250004220753908,-1.679346525890927,map,10.159290954001335
2,34,1.0659020382409576,-1.3750004228204489,-1.70211252259199,map,10.159290954001335
2,35,1.0592982260568529,-1.425000423565507,-1.7304793945996297,map,10.159290954001335
2,36,1.0512455113773365,-1.475000424310565,-1.7542306173829003,map,10.159290954001335
2,37,1.0419695226583885,-1.525000425055623,-1.7677795417930842,map,10.159290954001335
2,38,1.0319909626750512,-1.5750004258006811,-1.7789825472594205,map,10.159290954001335
2,39,1.021428612713991,-1.6250004265457392,-1.7963928595652792,map,10.159290954001335
2,40,1.0099534506674828,-1.6750004272907972,-1.8197947378708506,map,10.159290954001335
2,41,0.9972396853964338,-1.7250004280358553,-1.8388816100861216,map,10.159290954001335
2,42,0.9835047926633134,-1.7750004287809134,-1.8402859923829666,map,10.159290954001335
2,43,0.9696943529621844,-1.8250004295259714,-1.819402503720287,map,10.159290954001335
2,44,0.9570014653309744,-1.8750004302710295,-1.777528980999455,map,10.159290954001335
2,45,0.9465150137230731,-1.9250004310160875,-1.7264570442501224,map,10.159290954001335
2,46,0.9386685007788816,-1.9750004317611456,-1.6784050183137251,map,10.159290954001335
2,47,0.9332672016612669,-2.0250004325062037,-1.6401435799734574,map,10.159290954001335
2,48,0.9297942700074968,-2.0750004332512617,-1.6130145602910295,map,10.159290954001335
2,49,0.9276821032580418,-2.1250004339963198,-1.595334824865337,map,10.159290954001335
2,50,0.926454932017583,-2.175000434741378,-1.5845254413734031,map,10.159290954001335
2,51,0.9257684331454858,-2.225000435486436,-1.5782408103414822,map,10.159290954001335
2,52,0.9253962020861946,-2.275000436231494,-1.574737122142228,map,10.159290954001335
2,53,0.925199161295885,-2.325000436976552,-1.5728612107205004,map,10.159290954001335
2,54,0.9250959169513304,-2.37500043772161,-1.571913405089544,map,10.159290954001335
2,55,0.925040063012533,-2.425000438466668,-1.5715061505969372,map,10.159290954001335
2,56,0.9250045718159414,-2.475000439211726,-1.5714616731239475,map,10.159290954001335
2,57,0.9249713044940842,-2.5250004399567842,-1.571757002451601,map,10.159290954001335
2,58,0.9249232706957564,-2.5750004407018423,-1.5725140892208467,map,10.159290954001335
2,59,0.9248373824887021,-2.6250004414469004,-1.5740321829371604,map,10.159290954001335
2,60,0.9246755891144774,-2.6750004421919584,-1.5768592746062386,map,10.159290954001335
2,61,0.9243724380048395,-2.7250004429370165,-1.5818903264684698,map,10.159290954001335
2,62,0.9238177152548694,-2.7750004436820745,-1.5904510558367986,map,10.159290954001335
2,63,0.9228348522221309,-2.8250004444271326,-1.6042650092193704,map,10.159290954001335
2,64,0.9211607929619529,-2.8750004451721907,-1.6251101331001767,map,10.159290954001335
2,65,0.9184424290319761,-2.9250004459172487,-1.6539127919817052,map,10.159290954001335
2,66,0.9142770092352974,-2.975000446662307,-1.6892240691384193,map,10.159290954001335
2,67,0.9083277830995121,-3.025000447407365,-1.7258837279530421,map,10.159290954001335
2,68,0.9005106392875138,-3.075000448152423,-1.7562918098945433,map,10.159290954001335
2,69,0.8911280029456783,-3.125000448897481,-1.7773225697284956,map,10.159290954001335
2,70,0.8806523253982743,-3.175000449642539,-1.799516976338709,map,10.159290954001335
2,71,0.8690126113596537,-3.225000450387597,-1.834645553748967,map,10.159290954001335
2,72,0.8555052404646859,-3.275000451132655,-1.8863672696356215,map,10.159290954001335
2,73,0.8391811839360217,-3.325000451877713,-1.948822382642589,map,10.159290954001335
2,74,0.8193248999831245,-3.3750004526227713,-2.0132925620302986,map,10.159290954001335
2,75,0.7956332192234926,-3.4250004533678293,-2.0776745412756954,map,10.159290954001335
2,76,0.7678698532996697,-3.4750004541128874,-2.1400746504846873,map,10.159290954001335
2,77,0.7358723102231511,-3.5250004548579454,-2.1992111016590083,map,10.159290954001335
2,78,0.6995378303687562,-3.5750004556030035,-2.249540192434692,map,10.159290954001335
2,79,0.6592085337715322,-3.6250004563480616,-2.287795917965597,map,10.159290954001335
2,80,0.6156198656568638,-3.6750004570931196,-2.314384021812983,map,10.159290954001335
2,81,0.5696353621165278,-3.7250004578381777,-2.3316497606800124,map,10.159290954001335
2,82,0.5220315029127626,-3.7750004585832357,-2.34227990450702,map,10.159290954001335
2,83,0.4734039522596706,-3.825000459328294,-2.3485440804678883,map,10.159290954001335
2,84,0.42416319875861935,-3.875000460073352,-2.352100458981428,map,10.159290954001335
2,85,0.3745709341343858,-3.92500046081841,-2.354055422827223,map,10.159290954001335
2,86,0.3247843838696264,-3.975000461563468,-2.355100161978184,map,10.159290954001335
2,87,0.27489369636668626,-4.025000462308526,-2.3556446457898943,map,10.159290954001335
2,88,0.22494864985195476,-4.075000463053584,-2.3559217989096686,map,10.159290954001335
2,89,0.17497591080221975,-4.125000463798642,-2.3560590203915206,map,10.159290954001335
2,90,0.12498945520257068,-4.1750004645437,-2.356123229923346,map,10.159290954001335
2,91,0.07499657997676434,-4.225000465288758,-2.3561472024285033,map,10.159290954001335
2,92,0.02500130778456173,-4.275000466033816,-2.3561435029295477,map,10.159290954001335
2,93,-0.02499359449409306,-4.325000466778874,-2.3561100600027647,map,10.159290954001335
2,94,-0.07498515293283273,-4.3750004675239325,-2.356029145072891,map,10.159290954001335
2,95,-0.12496862189899732,-4.4250004682689905,-2.355859355726213,map,10.159290954001335
2,96,-0.17493512042343734,-4.475000469014049,-2.35551794277441,map,10.159290954001335
2,97,-0.2248675121560813,-4.525000469759107,-2.354848304857288,map,10.159290954001335
2,98,-0.2747330752623955,-4.575000470504165,-2.353564897697871,map,10.159290954001335
2,99,-0.32447080581331,-4.625000471249223,-2.351166251662275,map,10.159290954001335
2,100,-0.3739704941713861,-4.675000471994281,-2.3468090508731323,map,10.159290954001335
2,101,-0.423040650664943,-4.725000472739339,-2.339148060136846,map,10.159290954001335
2,102,-0.47136441978089694,-4.775000473484397,-2.3261792235292993,map,10.159290954001335
2,103,-0.5184495102094526,-4.825000474229455,-2.305198524035931,map,10.159290954001335
2,104,-0.5635933485973181,-4.875000474974513,-2.27314684435697,map,10.159290954001335
2,105,-0.6059090717440854,-4.925000475719571,-2.2278690710443585,map,10.159290954001335
2,106,-0.6444803261102752,-4.975000476464629,-2.170865124619196,map,10.159290954001335
2,107,-0.6786922171836729,-5.025000477209687,-2.1105138637660517,map,10.159290954001335
2,108,-0.7086445042136389,-5.075000477954745,-2.0600071380653544,map,10.159290954001335
2,109,-0.7352632474973426,-5.125000478699803,-2.024800187328598,map,10.159290954001335
2,110,-0.7596633874370952,-5.175000479444861,-2.0008613180801733,map,10.159290954001335
2,111,-0.7825983721260243,-5.2250004801899195,-1.985778775658218,map,10.159290954001335
2,112,-0.8046267606696663,-5.2750004809349775,-1.9786355437649303,map,10.159290954001335
2,113,-0.8262299933301311,-5.325000481680036,-1.9835229214929582,map,10.159290954001335
2,114,-0.8481238296013384,-5.375000482425094,-1.9997097194552127,map,10.159290954001335
2,115,-0.870989155994714,-5.425000483170152,-2.0208648256915867,map,10.159290954001335
2,116,-0.8951461339042771,-5.47500048391521,-2.0433150010346606,map,10.159290954001335
2,117,-0.9207030607373192,-5.525000484660268,-2.0621644615880244,map,10.159290954001335
2,118,-0.9474604013479964,-5.575000485405326,-2.0742368448644872,map,10.159290954001335
2,119,-0.974999314174056,-5.625000486150384,2.8819630241815357,map,10.159290954001335
3,0,1.7250007260590792,0.32499960251152515,-1.816268025591553,map,12.222039653999673
3,1,1.712474530121484,0.2749996017664671,-1.8062361443235067,map,12.222039653999673
3,2,1.7004800908320277,0.22499960102140903,-1.7878681593758736,map,12.222039653999673
3,3,1.6894527490511106,0.17499960027635098,-1.7740690641221182,map,12.222039653999673
3,4,1.6791467724902476,0.12499959953129292,-1.7800808033548265,map,12.222039653999673
3,5,1.6685270458889023,0.07499959878623486,-1.8161938525619374,map,12.222039653999673
3,6,1.6560047912928602,0.024999598041176796,-1.8837849062188252,map,12.222039653999673
3,7,1.6398234955900657,-0.025000402703881264,-1.97257951260745,map,12.222039653999673
3,8,1.6185786580508217,-0.07500040344893932,-2.061957570297289,map,12.222039653999673
3,9,1.5918346230300489,-0.12500040419399738,-2.1305356017287798,map,12.222039653999673
3,10,1.5605053032005398,-0.17500040493905544,-2.168602245271558,map,12.222039653999673
3,11,1.5264592714712373,-0.2250004056841135,-2.1762327183719514,map,12.222039653999673
3,12,1.4918518940260457,-0.27500040642917156,-2.158851261652967,map,12.222039653999673
3,13,1.4585147805805494,-0.3250004071742296,-2.125711251879185,map,12.222039653999673
3,14,1.427520372970564,-0.3750004079192877,-2.087547064971456,map,12.222039653999673
3,15,1.3991076040916424,-0.42500040866434574,-2.050118561448602,map,12.222039653999673
3,16,1.3731201195042353,-0.4750004094094038,-2.018694720999547,map,12.222039653999673
3,17,1.349096834575912,-0.5250004101544619,-1.9961425320887605,map,12.222039653999673
3,18,1.326446817395509,-0.5750004108995199,-1.9872094301849856,map,12.222039653999673
3,19,1.3043329576944898,-0.625000411644578,-1.9903038709255898,map,12.222039653999673
3,20,1.2820338568011818,-0.675000412389636,-1.9977352105041,map,12.222039653999673
3,21,1.259287794700962,-0.7250004131346941,-2.0049584095407034,map,12.222039653999673
3,22,1.2361043846619721,-0.7750004138797522,-2.007456507194373,map,12.222039653999673
3,23,1.2127690403631435,-0.8250004146248102,-2.0040864180514175,map,12.222039653999673
3,24,1.1896385818975013,-0.8750004153698683,-1.9917563792093027,map,12.222039653999673
3,25,1.167252353895579,-0.9250004161149263,-1.9690968160271478,map,12.222039653999673
3,26,1.1462127860849893,-0.9750004168599844,-1.9325501900715347,map,12.222039653999673
3,27,1.1272924595281004,-1.0250004176050425,-1.8823238653884078,map,12.222039653999673
3,28,1.1111918287972826,-1.0750004183501005,-1.8208714304053737,map,12.222039653999673
3,29,1.0984207324528048,-1.1250004190951586,-1.7596164782267234,map,12.222039653999673
3,30,1.088865900959838,-1.1750004198402166,-1.710440668784909,map,12.222039653999673
3,31,1.0818379412477868,-1.2250004205852747,-1.6801527384212438,map,12.222039653999673
3,32,1.076348219578522,-1.2750004213303328,-1.6704102229347144,map,12.222039653999673
3,33,1.0713509846846618,-1.3250004220753908,-1.6793467208770596,map,12.222039653999673
3,34,1.0659020461126045,-1.3750004228204489,-1.7021126090231273,map,12.222039653999673
3,35,1.059298229531557,-1.425000423565507,-1.7304794325858135,map,12.222039653999673
3,36,1.0512455129034661,-1.475000424310565,-1.7542306339906482,map,12.222039653999673
3,37,1.0419695233255508,-1.525000425055623,-1.7677795490400592,map,12.222039653999673
3,38,1.031990962965433,-1.5750004258006811,-1.7789825504090875,map,12.222039653999673
3,39,1.0214286128398617,-1.6250004265457392,-1.7963928609241056,map,12.222039653999673
3,40,1.0099534507218335,-1.6750004272907972,-1.8197947384525828,map,12.222039653999673
3,41,0.9972396854198173,-1.7250004280358553,-1.83888161033453,map,12.222039653999673
3,42,0.9835047926733392,-1.7750004287809134,-1.840285992489647,map,12.222039653999673
3,43,0.9696943529664693,-1.8250004295259714,-1.8194025037664945,map,12.222039653999673
3,44,0.9570014653328001,-1.8750004302710295,-1.7775289810195714,map,12.222039653999673
3,45,0.9465150137238487,-1.9250004310160875,-1.7264570442588492,map,12.222039653999673
3,46,0.9386685007792102,-1.9750004317611456,-1.6784050183174783,map,12.222039653999673
3,47,0.9332672016614055,-2.0250004325062037,-1.6401435799750548,map,12.222039653999673
3,48,0.9297942700075552,-2.0750004332512617,-1.6130145602917056,map,12.222039653999673
3,49,0.9276821032580663,-2.1250004339963198,-1.5953348248656214,map,12.222039653999673
3,50,0.9264549320175933,-2.175000434741378,-1.5845254413735257,map,12.222039653999673
3,51,0.9257684331454901,-2.225000435486436,-1.578240810341531,map,12.222039653999673
3,52,0.9253962020861963,-2.275000436231494,-1.5747371221422481,map,12.222039653999673
3,53,0.9251991612958858,-2.325000436976552,-1.5728612107205115,map,12.222039653999673
3,54,0.9250959169513306,-2.37500043772161,-1.5719134050895462,map,12.222039653999673
3,55,0.9250400630125332,-2.425000438466668,-1.5715061505969394,map,12.222039653999673
3,56,0.9250045718159414,-2.475000439211726,-1.5714616731239475,map,12.222039653999673
3,57,0.9249713044940842,-2.5250004399567842,-1.571757002451601,map,12.222039653999673
3,58,0.9249232706957564,-2.5750004407018423,-1.5725140892208467,map,12.222039653999673
3,59,0.9248373824887021,-2.6250004414469004,-1.5740321829371604,map,12.222039653999673
3,60,0.9246755891144774,-2.6750004421919584,-1.5768592746062386,map,12.222039653999673
3,61,0.9243724380048395,-2.7250004429370165,-1.5818903264684698,map,12.222039653999673
3,62,0.9238177152548694,-2.7750004436820745,-1.5904510558367986,map,12.222039653999673
3,63,0.9228348522221309,-2.8250004444271326,-1.6042650092193704,map,12.222039653999673
3,64,0.9211607929619529,-2.8750004451721907,-1.6251101331001767,map,12.222039653999673
3,65,0.9184424290319761,-2.9250004459172487,-1.6539127919817052,map,12.222039653999673
3,66,0.9142770092352974,-2.975000446662307,-1.6892240691384193,map,12.222039653999673
3,67,0.9083277830995121,-3.025000447407365,-1.7258837279530421,map,12.222039653999673
3,68,0.9005106392875138,-3.075000448152423,-1.7562918098945433,map,12.222039653999673
3,69,0.8911280029456783,-3.125000448897481,-1.7773225697284956,map,12.222039653999673
3,70,0.8806523253982743,-3.175000449642539,-1.799516976338709,map,12.222039653999673
3,71,0.8690126113596537,-3.225000450387597,-1.834645553748967,map,12.222039653999673
3,72,0.8555052404646859,-3.275000451132655,-1.8863672696356215,map,12.222039653999673
3,73,0.8391811839360217,-3.325000451877713,-1.948822382642589,map,12.222039653999673
3,74,0.8193248999831245,-3.3750004526227713,-2.0132925620302986,map,12.222039653999673
3,75,0.7956332192234926,-3.4250004533678293,-2.0776745412756954,map,12.222039653999673
3,76,0.7678698532996697,-3.4750004541128874,-2.1400746504846873,map,12.222039653999673
3,77,0.7358723102231511,-3.5250004548579454,-2.1992111016590083,map,12.222039653999673
3,78,0.6995378303687562,-3.5750004556030035,-2.249540192434692,map,12.222039653999673
3,79,0.6592085337715322,-3.6250004563480616,-2.287795917965597,map,12.222039653999673
3,80,0.6156198656568638,-3.6750004570931196,-2.314384021812983,map,12.222039653999673
3,81,0.5696353621165278,-3.7250004578381777,-2.3316497606800124,map,12.222039653999673
3,82,0.5220315029127626,-3.7750004585832357,-2.34227990450702,map,12.222039653999673
3,83,0.4734039522596706,-3.825000459328294,-2.3485440804678883,map,12.222039653999673
3,84,0.42416319875861935,-3.875000460073352,-2.352100458981428,map,12.222039653999673
3,85,0.3745709341343858,-3.92500046081841,-2.354055422827223,map,12.222039653999673
3,86,0.3247843838696264,-3.975000461563468,-2.355100161978184,map,12.222039653999673
3,87,0.27489369636668626,-4.025000462308526,-2.3556446457898943,map,12.222039653999673
3,88,0.22494864985195476,-4.075000463053584,-2.3559217989096686,map,12.222039653999673
3,89,0.17497591080221975,-4.125000463798642,-2.3560590203915206,map,12.222039653999673
3,90,0.12498945520257068,-4.1750004645437,-2.356123229923346,map,12.222039653999673
3,91,0.07499657997676434,-4.225000465288758,-2.3561472024285033,map,12.222039653999673
3,92,0.02500130778456173,-4.275000466033816,-2.3561435029295477,map,12.222039653999673
3,93,-0.02499359449409306,-4.325000466778874,-2.3561100600027647,map,12.222039653999673
3,94,-0.07498515293283273,-4.3750004675239325,-2.356029145072891,map,12.222039653999673
3,95,-0.12496862189899732,-4.4250004682689905,-2.355859355726213,map,12.222039653999673
3,96,-0.17493512042343734,-4.475000469014049,-2.35551794277441,map,12.222039653999673
3,97,-0.2248675121560813,-4.525000469759107,-2.354848304857288,map,12.222039653999673
3,98,-0.2747330752623955,-4.575000470504165,-2.353564897697871,map,12.222039653999673
3,99,-0.32447080581331,-4.625000471249223,-2.351166251662275,map,12.222039653999673
3,100,-0.3739704941713861,-4.675000471994281,-2.3468090508731323,map,12.222039653999673
3,101,-0.423040650664943,-4.725000472739339,-2.339148060136846,map,12.222039653999673
3,102,-0.47136441978089694,-4.775000473484397,-2.3261792235292993,map,12.222039653999673
3,103,-0.5184495102094526,-4.825000474229455,-2.305198524035931,map,12.222039653999673
3,104,-0.5635933485973181,-4.875000474974513,-2.27314684435697,map,12.222039653999673
3,105,-0.6059090717440854,-4.925000475719571,-2.2278690710443585,map,12.222039653999673
3,106,-0.6444803261102752,-4.975000476464629,-2.170865124619196,map,12.222039653999673
3,107,-0.6786922171836729,-5.025000477209687,-2.1105138637660517,map,12.222039653999673
3,108,-0.7086445042136389,-5.075000477954745,-2.0600071380653544,map,12.222039653999673
3,109,-0.7352632474973426,-5.125000478699803,-2.024800187328598,map,12.222039653999673
3,110,-0.7596633874370952,-5.175000479444861,-2.0008613180801733,map,12.222039653999673
3,111,-0.7825983721260243,-5.2250004801899195,-1.985778775658218,map,12.222039653999673
3,112,-0.8046267606696663,-5.2750004809349775,-1.9786355437649303,map,12.222039653999673
3,113,-0.8262299933301311,-5.325000481680036,-1.9835229214929582,map,12.222039653999673
3,114,-0.8481238296013384,-5.375000482425094,-1.9997097194552127,map,12.222039653999673
3,115,-0.870989155994714,-5.425000483170152,-2.0208648256915867,map,12.222039653999673
3,116,-0.8951461339042771,-5.47500048391521,-2.0433150010346606,map,12.222039653999673
3,117,-0.9207030607373192,-5.525000484660268,-2.0621644615880244,map,12.222039653999673
3,118,-0.9474604013479964,-5.575000485405326,-2.0742368448644872,map,12.222039653999673
3,119,-0.974999314174056,-5.625000486150384,2.8819630241815357,map,12.222039653999673
4,0,1.675000725314021,0.32499960251152515,-1.7118263202741522,map,13.248604789001547
4,1,1.667902100410088,0.2749996017664671,-1.7279583217805694,map,13.248604789001547
4,2,1.6599786567998844,0.22499960102140903,-1.7545350998505818,map,13.248604789001547
4,3,1.650686919089639,0.17499960027635098,-1.7828783898203067,map,13.248604789001547
4,4,1.639920915707604,0.12499959953129292,-1.808915663037408,map,13.248604789001547
4,5,1.627784699145205,0.07499959878623486,-1.84202601816971,map,13.248604789001547
4,6,1.6138805755922756,0.024999598041176796,-1.8913358498619792,map,13.248604789001547
4,7,1.597281161081189,-0.025000402703881264,-1.9548071781158531,map,13.248604789001547
4,8,1.5770776151145485,-0.07500040344893932,-2.017744192832817,map,13.248604789001547
4,9,1.5531128012516533,-0.12500040419399738,-2.062039261009916,map,13.248604789001547
4,10,1.5263635128907744,-0.17500040493905544,-2.0807335687214166,map,13.248604789001547
4,11,1.4983996962450188,-0.2250004056841135,-2.0787298984961637,map,13.248604789001547
4,12,1.4705672524723654,-0.27500040642917156,-2.0660370273346134,map,13.248604789001547
4,13,1.4435603133812835,-0.3250004071742296,-2.0481832866164607,map,13.248604789001547
4,14,1.417695608922584,-0.3750004079192877,-2.029408369617414,map,13.248604789001547
4,15,1.3930095436738232,-0.42500040866434574,-2.0101273410884293,map,13.248604789001547
4,16,1.3695113668948093,-0.4750004094094038,-1.993089196348283,map,13.248604789001547
4,17,1.3470450915756813,-0.5250004101544619,-1.9807013682532388,map,13.248604789001547
4,18,1.325319175619848,-0.5750004108995199,-1.9783841136124285,map,13.248604789001547
4,19,1.3037308596943498,-0.625000411644578,-1.9854807114949053,map,13.248604789001547
4,20,1.2817202647350907,-0.675000412389636,-1.9951845478601498,map,13.248604789001547
4,21,1.2591279511070799,-0.7250004131346941,-2.003642521199034,map,13.248604789001547
4,22,1.236024431811197,-0.7750004138797522,-2.0067892056020384,map,13.248604789001547
4,23,1.212729707373395,-0.8250004146248102,-2.0037524959339175,map,13.248604789001547
4,24,1.1896195149715636,-0.8750004153698683,-1.9915906826462138,map,13.248604789001547
4,25,1.167243231814344,-0.9250004161149263,-1.9690151006543068,map,13.248604789001547
4,26,1.1462084730552151,-0.9750004168599844,-1.93251003223881,map,13.248604789001547
4,27,1.1272904418681298,-1.0250004176050425,-1.882304242940758,map,13.248604789001547
4,28,1.1111908939875292,-1.0750004183501005,-1.8208619398093895,map,13.248604789001547
4,29,1.0984203031301272,-1.1250004190951586,-1.7596119683597629,map,13.248604789001547
4,30,1.0888657053648587,-1.1750004198402166,-1.710438567541009,map,13.248604789001547
4,31,1.0818378527906742,-1.2250004205852747,-1.6801517755673203,map,13.248604789001547
4,32,1.0763481798444525,-1.2750004213303328,-1.6704097873392492,map,13.248604789001547
4,33,1.071350966947922,-1.3250004220753908,-1.679346525890927,map,13.248604789001547
4,34,1.0659020382409576,-1.3750004228204489,-1.70211252259199,map,13.248604789001547
4,35,1.0592982260568529,-1.425000423565507,-1.7304793945996297,map,13.248604789001547
4,36,1.0512455113773365,-1.475000424310565,-1.7542306173829003,map,13.248604789001547
4,37,1.0419695226583885,-1.525000425055623,-1.7677795417930842,map,13.248604789001547
4,38,1.0319909626750512,-1.5750004258006811,-1.7789825472594205,map,13.248604789001547
4,39,1.021428612713991,-1.6250004265457392,-1.7963928595652792,map,13.248604789001547
4,40,1.0099534506674828,-1.6750004272907972,-1.8197947378708506,map,13.248604789001547
4,41,0.9972396853964338,-1.7250004280358553,-1.8388816100861216,map,13.248604789001547
4,42,0.9835047926633134,-1.7750004287809134,-1.8402859923829666,map,13.248604789001547
4,43,0.9696943529621844,-1.8250004295259714,-1.819402503720287,map,13.248604789001547
4,44,0.9570014653309744,-1.8750004302710295,-1.777528980999455,map,13.248604789001547
4,45,0.9465150137230731,-1.9250004310160875,-1.7264570442501224,map,13.248604789001547
4,46,0.9386685007788816,-1.9750004317611456,-1.6784050183137251,map,13.248604789001547
4,47,0.9332672016612669,-2.0250004325062037,-1.6401435799734574,map,13.248604789001547
4,48,0.9297942700074968,-2.0750004332512617,-1.6130145602910295,map,13.248604789001547
4,49,0.9276821032580418,-2.1250004339963198,-1.595334824865337,map,13.248604789001547
4,50,0.926454932017583,-2.175000434741378,-1.5845254413734031,map,13.248604789001547
4,51,0.9257684331454858,-2.225000435486436,-1.5782408103414822,map,13.248604789001547
4,52,0.9253962020861946,-2.275000436231494,-1.574737122142228,map,13.248604789001547
4,53,0.925199161295885,-2.325000436976552,-1.5728612107205004,map,13.248604789001547
4,54,0.9250959169513304,-2.37500043772161,-1.571913405089544,map,13.248604789001547
4,55,0.925040063012533,-2.425000438466668,-1.5715061505969372,map,13.248604789001547
4,56,0.9250045718159414,-2.475000439211726,-1.5714616731239475,map,13.248604789001547
4,57,0.9249713044940842,-2.5250004399567842,-1.571757002451601,map,13.248604789001547
4,58,0.9249232706957564,-2.5750004407018423,-1.5725140892208467,map,13.248604789001547
4,59,0.9248373824887021,-2.6250004414469004,-1.5740321829371604,map,13.248604789001547
4,60,0.9246755891144774,-2.6750004421919584,-1.5768592746062386,map,13.248604789001547
4,61,0.9243724380048395,-2.7250004429370165,-1.5818903264684698,map,13.248604789001547
4,62,0.9238177152548694,-2.7750004436820745,-1.5904510558367986,map,13.248604789001547
4,63,0.9228348522221309,-2.8250004444271326,-1.6042650092193704,map,13.248604789001547
4,64,0.9211607929619529,-2.8750004451721907,-1.6251101331001767,map,13.248604789001547
4,65,0.9184424290319761,-2.9250004459172487,-1.6539127919817052,map,13.248604789001547
4,66,0.9142770092352974,-2.975000446662307,-1.6892240691384193,map,13.248604789001547
4,67,0.9083277830995121,-3.025000447407365,-1.7258837279530421,map,13.248604789001547
4,68,0.9005106392875138,-3.075000448152423,-1.7562918098945433,map,13.248604789001547
4,69,0.8911280029456783,-3.125000448897481,-1.7773225697284956,map,13.248604789001547
4,70,0.8806523253982743,-3.175000449642539,-1.799516976338709,map,13.248604789001547
4,71,0.8690126113596537,-3.225000450387597,-1.834645553748967,map,13.248604789001547
4,72,0.8555052404646859,-3.275000451132655,-1.8863672696356215,map,13.248604789001547
4,73,0.8391811839360217,-3.325000451877713,-1.948822382642589,map,13.248604789001547
4,74,0.8193248999831245,-3.3750004526227713,-2.0132925620302986,map,13.248604789001547
4,75,0.7956332192234926,-3.4250004533678293,-2.0776745412756954,map,13.248604789001547
4,76,0.7678698532996697,-3.4750004541128874,-2.1400746504846873,map,13.248604789001547
4,77,0.7358723102231511,-3.5250004548579454,-2.1992111016590083,map,13.248604789001547
4,78,0.6995378303687562,-3.5750004556030035,-2.249540192434692,map,13.248604789001547
4,79,0.6592085337715322,-3.6250004563480616,-2.287795917965597,map,13.248604789001547
4,80,0.6156198656568638,-3.6750004570931196,-2.314384021812983,map,13.248604789001547
4,81,0.5696353621165278,-3.7250004578381777,-2.3316497606800124,map,13.248604789001547
4,82,0.5220315029127626,-3.7750004585832357,-2.34227990450702,map,13.248604789001547
4,83,0.4734039522596706,-3.825000459328294,-2.3485440804678883,map,13.248604789001547
4,84,0.42416319875861935,-3.875000460073352,-2.352100458981428,map,13.248604789001547
4,85,0.3745709341343858,-3.92500046081841,-2.354055422827223,map,13.248604789001547
4,86,0.3247843838696264,-3.975000461563468,-2.355100161978184,map,13.248604789001547
4,87,0.27489369636668626,-4.025000462308526,-2.3556446457898943,map,13.248604789001547
4,88,0.22494864985195476,-4.075000463053584,-2.3559217989096686,map,13.248604789001547
4,89,0.17497591080221975,-4.125000463798642,-2.3560590203915206,map,13.248604789001547
4,90,0.12498945520257068,-4.1750004645437,-2.356123229923346,map,13.248604789001547
4,91,0.07499657997676434,-4.225000465288758,-2.3561472024285033,map,13.248604789001547
4,92,0.02500130778456173,-4.275000466033816,-2.3561435029295477,map,13.248604789001547
4,93,-0.02499359449409306,-4.325000466778874,-2.3561100600027647,map,13.248604789001547
4,94,-0.07498515293283273,-4.3750004675239325,-2.356029145072891,map,13.248604789001547
4,95,-0.12496862189899732,-4.4250004682689905,-2.355859355726213,map,13.248604789001547
4,96,-0.17493512042343734,-4.475000469014049,-2.35551794277441,map,13.248604789001547
4,97,-0.2248675121560813,-4.525000469759107,-2.354848304857288,map,13.248604789001547
4,98,-0.2747330752623955,-4.575000470504165,-2.353564897697871,map,13.248604789001547
4,99,-0.32447080581331,-4.625000471249223,-2.351166251662275,map,13.248604789001547
4,100,-0.3739704941713861,-4.675000471994281,-2.3468090508731323,map,13.248604789001547
4,101,-0.423040650664943,-4.725000472739339,-2.339148060136846,map,13.248604789001547
4,102,-0.47136441978089694,-4.775000473484397,-2.3261792235292993,map,13.248604789001547
4,103,-0.5184495102094526,-4.825000474229455,-2.305198524035931,map,13.248604789001547
4,104,-0.5635933485973181,-4.875000474974513,-2.27314684435697,map,13.248604789001547
4,105,-0.6059090717440854,-4.925000475719571,-2.2278690710443585,map,13.248604789001547
4,106,-0.6444803261102752,-4.975000476464629,-2.170865124619196,map,13.248604789001547
4,107,-0.6786922171836729,-5.025000477209687,-2.1105138637660517,map,13.248604789001547
4,108,-0.7086445042136389,-5.075000477954745,-2.0600071380653544,map,13.248604789001547
4,109,-0.7352632474973426,-5.125000478699803,-2.024800187328598,map,13.248604789001547
4,110,-0.7596633874370952,-5.175000479444861,-2.0008613180801733,map,13.248604789001547
4,111,-0.7825983721260243,-5.2250004801899195,-1.985778775658218,map,13.248604789001547
4,112,-0.8046267606696663,-5.2750004809349775,-1.9786355437649303,map,13.248604789001547
4,113,-0.8262299933301311,-5.325000481680036,-1.9835229214929582,map,13.248604789001547
4,114,-0.8481238296013384,-5.375000482425094,-1.9997097194552127,map,13.248604789001547
4,115,-0.870989155994714,-5.425000483170152,-2.0208648256915867,map,13.248604789001547
4,116,-0.8951461339042771,-5.47500048391521,-2.0433150010346606,map,13.248604789001547
4,117,-0.9207030607373192,-5.525000484660268,-2.0621644615880244,map,13.248604789001547
4,118,-0.9474604013479964,-5.575000485405326,-2.0742368448644872,map,13.248604789001547
4,119,-0.974999314174056,-5.625000486150384,2.8819630241815357,map,13.248604789001547
5,0,1.625000724568963,0.32499960251152515,-1.6326305753562196,map,14.27642853100042
5,1,1.6219050656980807,0.2749996017664671,-1.6481005730104081,map,14.27642853100042
5,2,1.6180321354464346,0.22499960102140903,-1.6788230521181684,map,14.27642853100042
5,3,1.6126096897674778,0.17499960027635098,-1.7229371497659183,map,14.27642853100042
5,4,1.604943406979977,0.12499959953129292,-1.7750602385369485,map,14.27642853100042
5,5,1.5945857556083656,0.07499959878623486,-1.8265288118216414,map,14.27642853100042
5,6,1.5815128964364111,0.024999598041176796,-1.8707682773465617,map,14.27642853100042
5,7,1.5660476203856277,-0.025000402703881264,-1.9104606202926802,map,14.27642853100042
5,8,1.548379659647798,-0.07500040344893932,-1.946144709774665,map,14.27642853100042
5,9,1.5286782096931943,-0.12500040419399738,-1.9742228340827523,map,14.27642853100042
5,10,1.5073363041779675,-0.17500040493905544,-1.9946132861970463,map,14.27642853100042
5,11,1.484778376344861,-0.2250004056841135,-2.006589541841486,map,14.27642853100042
5,12,1.4614958008928174,-0.27500040642917156,-2.0122055333597366,map,14.27642853100042
5,13,1.4378706402221728,-0.3250004071742296,-2.011373917225277,map,14.27642853100042
5,14,1.4142963236929398,-0.3750004079192877,-2.0059745399237414,map,14.27642853100042
5,15,1.3910511552135014,-0.42500040866434574,-1.99615070553574,map,14.27642853100042
5,16,1.3684006454955497,-0.4750004094094038,-1.9854548075296357,map,14.27642853100042
5,17,1.346391596708898,-0.5250004101544619,-1.9773350746216565,map,14.27642853100042
5,18,1.3248654827880386,-0.5750004108995199,-1.9781938637554775,map,14.27642853100042
5,19,1.3032884517680627,-0.625000411644578,-1.9881850892853095,map,14.27642853100042
5,20,1.281116241523258,-0.675000412389636,-2.0011730260830243,map,14.27642853100042
5,21,1.2581623894832386,-0.7250004131346941,-2.013768121638199,map,14.27642853100042
5,22,1.2344415855866324,-0.7750004138797522,-2.021968342666897,map,14.27642853100042
5,23,1.2102165161387561,-0.8250004146248102,-2.024115368041932,map,14.27642853100042
5,24,1.18585875738057,-0.8750004153698683,-2.015144270880637,map,14.27642853100042
5,25,1.162053604361199,-0.9250004161149263,-1.9900838215143846,map,14.27642853100042
5,26,1.139767693035354,-0.9750004168599844,-1.9418570610193633,map,14.27642853100042
5,27,1.1203134940873958,-1.0250004176050425,-1.8725450127353533,map,14.27642853100042
5,28,1.1047508286374348,-1.0750004183501005,-1.7972120869600288,map,14.27642853100042
5,29,1.0932325395959077,-1.1250004190951586,-1.7318583582096487,map,14.27642853100042
5,30,1.0851090725654158,-1.1750004198402166,-1.685799294119277,map,14.27642853100042
5,31,1.0793334394047118,-1.2250004205852747,-1.6615415121140922,map,14.27642853100042
5,32,1.074783684605026,-1.2750004213303328,-1.657785627746601,map,14.27642853100042
5,33,1.0704232151813626,-1.3250004220753908,-1.671424805431043,map,14.27642853100042
5,34,1.065374739218084,-1.3750004228204489,-1.6974320679344692,map,14.27642853100042
5,35,1.0590088867306848,-1.425000423565507,-1.7278426537463643,map,14.27642853100042
5,36,1.0510913716486348,-1.475000424310565,-1.7527981825518082,map,14.27642853100042
5,37,1.0418894500874536,-1.525000425055623,-1.767022206913186,map,14.27642853100042
5,38,1.0319502590876772,-1.5750004258006811,-1.7785919579536564,map,14.27642853100042
5,39,1.021408308418202,-1.6250004265457392,-1.7961963578052915,map,14.27642853100042
5,40,1.0099434884980147,-1.6750004272907972,-1.8196980784998338,map,14.27642853100042
5,41,0.9972348685492187,-1.7250004280358553,-1.8388347831095369,map,14.27642853100042
5,42,0.9835024938082058,-1.7750004287809134,-1.8402634248210392,map,14.27642853100042
5,43,0.9696932685630483,-1.8250004295259714,-1.8193916392836968,map,14.27642853100042
5,44,0.957000959159337,-1.8750004302710295,-1.777523767458918,map,14.27642853100042
5,45,0.946514779694378,-1.9250004310160875,-1.7264545700004805,map,14.27642853100042
5,46,0.9386683935093016,-1.9750004317611456,-1.6784038620238984,map,14.27642853100042
5,47,0.9332671528808445,-2.0250004325062037,-1.6401430473789245,map,14.27642853100042
5,48,0.9297942479852757,-2.0750004332512617,-1.613014317796324,map,14.27642853100042
5,49,0.9276820933821925,-2.1250004339963198,-1.5953347154457342,map,14.27642853100042
5,50,0.9264549276160096,-2.175000434741378,-1.5845253923623956,map,14.27642853100042
5,51,0.9257684311949248,-2.225000435486436,-1.5782407885278082,map,14.27642853100042
5,52,0.9253962012263777,-2.275000436231494,-1.574737112488898,map,14.27642853100042
5,53,0.9251991609187421,-2.325000436976552,-1.5728612064709688,map,14.27642853100042
5,54,0.925095916786665,-2.37500043772161,-1.5719134032279447,map,14.27642853100042
5,55,0.9250400629409478,-2.425000438466668,-1.571506149785127,map,14.27642853100042
5,56,0.9250045717849467,-2.475000439211726,-1.5714616727714343,map,14.27642853100042
5,57,0.9249713044807151,-2.5250004399567842,-1.571757002299141,map,14.27642853100042
5,58,0.9249232706900103,-2.5750004407018423,-1.5725140891551503,map,14.27642853100042
5,59,0.9248373824862408,-2.6250004414469004,-1.574032182908954,map,14.27642853100042
5,60,0.9246755891134265,-2.6750004421919584,-1.5768592745941687,map,14.27642853100042
5,61,0.9243724380043921,-2.7250004429370165,-1.581890326463321,map,14.27642853100042
5,62,0.9238177152546795,-2.7750004436820745,-1.5904510558346079,map,14.27642853100042
5,63,0.9228348522220505,-2.8250004444271326,-1.604265009218441,map,14.27642853100042
5,64,0.921160792961919,-2.8750004451721907,-1.6251101330997848,map,14.27642853100042
5,65,0.9184424290319619,-2.9250004459172487,-1.6539127919815422,map,14.27642853100042
5,66,0.9142770092352914,-2.975000446662307,-1.689224069138349,map,14.27642853100042
5,67,0.9083277830995097,-3.025000447407365,-1.725883727953012,map,14.27642853100042
5,68,0.900510639287513,-3.075000448152423,-1.7562918098945324,map,14.27642853100042
5,69,0.891128002945678,-3.125000448897481,-1.7773225697284936,map,14.27642853100042
5,70,0.8806523253982741,-3.175000449642539,-1.7995169763387053,map,14.27642853100042
5,71,0.8690126113596537,-3.225000450387597,-1.834645553748967,map,14.27642853100042
5,72,0.8555052404646859,-3.275000451132655,-1.8863672696356215,map,14.27642853100042
5,73,0.8391811839360217,-3.325000451877713,-1.948822382642589,map,14.27642853100042
5,74,0.8193248999831245,-3.3750004526227713,-2.0132925620302986,map,14.27642853100042
5,75,0.7956332192234926,-3.4250004533678293,-2.0776745412756954,map,14.27642853100042
5,76,0.7678698532996697,-3.4750004541128874,-2.1400746504846873,map,14.27642853100042
5,77,0.7358723102231511,-3.5250004548579454,-2.1992111016590083,map,14.27642853100042
5,78,0.6995378303687562,-3.5750004556030035,-2.249540192434692,map,14.27642853100042
5,79,0.6592085337715322,-3.6250004563480616,-2.287795917965597,map,14.27642853100042
5,80,0.6156198656568638,-3.6750004570931196,-2.314384021812983,map,14.27642853100042
5,81,0.5696353621165278,-3.7250004578381777,-2.3316497606800124,map,14.27642853100042
5,82,0.5220315029127626,-3.7750004585832357,-2.34227990450702,map,14.27642853100042
5,83,0.4734039522596706,-3.825000459328294,-2.3485440804678883,map,14.27642853100042
5,84,0.42416319875861935,-3.875000460073352,-2.352100458981428,map,14.27642853100042
5,85,0.3745709341343858,-3.92500046081841,-2.354055422827223,map,14.27642853100042
5,86,0.3247843838696264,-3.975000461563468,-2.355100161978184,map,14.27642853100042
5,87,0.27489369636668626,-4.025000462308526,-2.3556446457898943,map,14.27642853100042
5,88,0.22494864985195476,-4.075000463053584,-2.3559217989096686,map,14.27642853100042
5,89,0.17497591080221975,-4.125000463798642,-2.3560590203915206,map,14.27642853100042
5,90,0.12498945520257068,-4.1750004645437,-2.356123229923346,map,14.27642853100042
5,91,0.07499657997676434,-4.225000465288758,-2.3561472024285033,map,14.27642853100042
5,92,0.02500130778456173,-4.275000466033816,-2.3561435029295477,map,14.27642853100042
5,93,-0.02499359449409306,-4.325000466778874,-2.3561100600027647,map,14.27642853100042
5,94,-0.07498515293283273,-4.3750004675239325,-2.356029145072891,map,14.27642853100042
5,95,-0.12496862189899732,-4.4250004682689905,-2.355859355726213,map,14.27642853100042
5,96,-0.17493512042343734,-4.475000469014049,-2.35551794277441,map,14.27642853100042
5,97,-0.2248675121560813,-4.525000469759107,-2.354848304857288,map,14.27642853100042
5,98,-0.2747330752623955,-4.575000470504165,-2.353564897697871,map,14.27642853100042
5,99,-0.32447080581331,-4.625000471249223,-2.351166251662275,map,14.27642853100042
5,100,-0.3739704941713861,-4.675000471994281,-2.3468090508731323,map,14.27642853100042
5,101,-0.423040650664943,-4.725000472739339,-2.339148060136846,map,14.27642853100042
5,102,-0.47136441978089694,-4.775000473484397,-2.3261792235292993,map,14.27642853100042
5,103,-0.5184495102094526,-4.825000474229455,-2.305198524035931,map,14.27642853100042
5,104,-0.5635933485973181,-4.875000474974513,-2.27314684435697,map,14.27642853100042
5,105,-0.6059090717440854,-4.925000475719571,-2.2278690710443585,map,14.27642853100042
5,106,-0.6444803261102752,-4.975000476464629,-2.170865124619196,map,14.27642853100042
5,107,-0.6786922171836729,-5.025000477209687,-2.1105138637660517,map,14.27642853100042
5,108,-0.7086445042136389,-5.075000477954745,-2.0600071380653544,map,14.27642853100042
5,109,-0.7352632474973426,-5.125000478699803,-2.024800187328598,map,14.27642853100042
5,110,-0.7596633874370952,-5.175000479444861,-2.0008613180801733,map,14.27642853100042
5,111,-0.7825983721260243,-5.2250004801899195,-1.985778775658218,map,14.27642853100042
5,112,-0.8046267606696663,-5.2750004809349775,-1.9786355437649303,map,14.27642853100042
5,113,-0.8262299933301311,-5.325000481680036,-1.9835229214929582,map,14.27642853100042
5,114,-0.8481238296013384,-5.375000482425094,-1.9997097194552127,map,14.27642853100042
5,115,-0.870989155994714,-5.425000483170152,-2.0208648256915867,map,14.27642853100042
5,116,-0.8951461339042771,-5.47500048391521,-2.0433150010346606,map,14.27642853100042
5,117,-0.9207030607373192,-5.525000484660268,-2.0621644615880244,map,14.27642853100042
5,118,-0.9474604013479964,-5.575000485405326,-2.0742368448644872,map,14.27642853100042
5,119,-0.974999314174056,-5.625000486150384,2.8819630241815357,map,14.27642853100042
6,0,1.625000724568963,0.22499960102140903,-1.711809644249293,map,15.310200436000741
6,1,1.6179029502705278,0.17499960027635098,-1.7279321465687552,map,15.310200436000741
6,2,1.609980848281467,0.12499959953129292,-1.7544852731199685,map,15.310200436000741
6,3,1.6006916879211257,0.07499959878623486,-1.7827794922536022,map,15.310200436000741
6,4,1.5899308585654008,0.024999598041176796,-1.8087200072348055,map,15.310200436000741
6,5,1.5778050006555329,-0.025000402703881264,-1.841646993360032,map,15.310200436000741
6,6,1.5639212916894119,-0.07500040344893932,-1.8906260312989296,map,15.310200436000741
6,7,1.5473612705065867,-0.12500040419399738,-1.95353224343443,map,15.310200436000741
6,8,1.5272318412728323,-0.17500040493905544,-2.0155412722695445,map,15.310200436000741
6,9,1.5034023340821339,-0.2250004056841135,-2.058328136873245,map,15.310200436000741
6,10,1.47689123811621,-0.27500040642917156,-2.0746042571033123,map,15.310200436000741
6,11,1.449328376982705,-0.3250004071742296,-2.068938362876906,map,15.310200436000741
6,12,1.4221337532430232,-0.3750004079192877,-2.0513342747204946,map,15.310200436000741
6,13,1.396069013514873,-0.42500040866434574,-2.028147572826701,map,15.310200436000741
6,14,1.3714613060086898,-0.4750004094094038,-2.005972744273857,map,15.310200436000741
6,15,1.3482162467168077,-0.5250004101544619,-1.9890797596185812,map,15.310200436000741
6,16,1.3259904851724587,-0.5750004108995199,-1.9834435164976556,map,15.310200436000741
6,17,1.304101380226483,-0.625000411644578,-1.988363875081191,map,15.310200436000741
6,18,1.2819184719968675,-0.675000412389636,-1.9967601591658954,map,15.310200436000741
6,19,1.2592312259000484,-0.7250004131346941,-2.0044771334365454,map,15.310200436000741
6,20,1.2360770465800759,-0.7750004138797522,-2.0072217198997158,map,15.310200436000741
6,21,1.2127559970934547,-0.8250004146248102,-2.0039728785695967,map,15.310200436000741
6,22,1.1896324301536032,-0.8750004153698683,-1.991701725764043,map,15.310200436000741
6,23,1.1672494825277635,-0.9250004161149263,-1.9690705854771657,map,15.310200436000741
6,24,1.1462114584537462,-0.9750004168599844,-1.9325376105607135,map,15.310200436000741
6,25,1.1272918509329366,-1.0250004176050425,-1.8823178528525837,map,15.310200436000741
6,26,1.1111915520009021,-1.0750004183501005,-1.8208685801027529,map,15.310200436000741
6,27,1.0984206074691854,-1.1250004190951586,-1.7596151483212352,map,15.310200436000741
6,28,1.0888658448997457,-1.1750004198402166,-1.7104400594398463,map,15.310200436000741
6,29,1.0818379162568834,-1.2250004205852747,-1.680152463463331,map,15.310200436000741
6,30,1.0763482085012424,-1.2750004213303328,-1.6704101002956522,map,15.310200436000741
6,31,1.0713509798005871,-1.3250004220753908,-1.6793466666955552,map,15.310200436000741
6,32,1.065902043969779,-1.3750004228204489,-1.7021125852967338,map,15.310200436000741
6,33,1.0592982285957455,-1.425000423565507,-1.7304794222755302,map,15.310200436000741
6,34,1.0512455124965405,-1.475000424310565,-1.7542306295302805,map,15.310200436000741
6,35,1.0419695231493193,-1.525000425055623,-1.7677795471128426,map,15.310200436000741
6,36,1.0319909628894002,-1.5750004258006811,-1.7789825495791887,map,15.310200436000741
6,37,1.0214286128071757,-1.6250004265457392,-1.7963928605691661,map,15.310200436000741
6,38,1.0099534507078292,-1.6750004272907972,-1.8197947383018627,map,15.310200436000741
6,39,0.9972396854138362,-1.7250004280358553,-1.8388816102706624,map,15.310200436000741
6,40,0.9835047926707925,-1.7750004287809134,-1.8402859924624169,map,15.310200436000741
6,41,0.969694352965388,-1.8250004295259714,-1.8194025037547792,map,15.310200436000741
6,42,0.9570014653323422,-1.8750004302710295,-1.7775289810145047,map,15.310200436000741
6,43,0.9465150137236553,-1.9250004310160875,-1.726457044256665,map,15.310200436000741
6,44,0.9386685007791287,-1.9750004317611456,-1.6784050183165429,map,15.310200436000741
6,45,0.9332672016613713,-2.0250004325062037,-1.6401435799746573,map,15.310200436000741
6,46,0.929794270007541,-2.0750004332512617,-1.6130145602915393,map,15.310200436000741
6,47,0.9276821032580604,-2.1250004339963198,-1.5953348248655506,map,15.310200436000741
6,48,0.926454932017591,-2.175000434741378,-1.5845254413734966,map,15.310200436000741
6,49,0.9257684331454892,-2.225000435486436,-1.5782408103415202,map,15.310200436000741
6,50,0.925396202086196,-2.275000436231494,-1.574737122142246,map,15.310200436000741
6,51,0.9251991612958855,-2.325000436976552,-1.572861210720507,map,15.310200436000741
6,52,0.9250959169513306,-2.37500043772161,-1.5719134050895462,map,15.310200436000741
6,53,0.9250400630125332,-2.425000438466668,-1.5715061505969394,map,15.310200436000741
6,54,0.9250045718159414,-2.475000439211726,-1.5714616731239475,map,15.310200436000741
6,55,0.9249713044940842,-2.5250004399567842,-1.571757002451601,map,15.310200436000741
6,56,0.9249232706957564,-2.5750004407018423,-1.5725140892208467,map,15.310200436000741
6,57,0.9248373824887021,-2.6250004414469004,-1.5740321829371604,map,15.310200436000741
6,58,0.9246755891144774,-2.6750004421919584,-1.5768592746062386,map,15.310200436000741
6,59,0.9243724380048395,-2.7250004429370165,-1.5818903264684698,map,15.310200436000741
6,60,0.9238177152548694,-2.7750004436820745,-1.5904510558367986,map,15.310200436000741
6,61,0.9228348522221309,-2.8250004444271326,-1.6042650092193704,map,15.310200436000741
6,62,0.9211607929619529,-2.8750004451721907,-1.6251101331001767,map,15.310200436000741
6,63,0.9184424290319761,-2.9250004459172487,-1.6539127919817052,map,15.310200436000741
6,64,0.9142770092352974,-2.975000446662307,-1.6892240691384193,map,15.310200436000741
6,65,0.9083277830995121,-3.025000447407365,-1.7258837279530421,map,15.310200436000741
6,66,0.9005106392875138,-3.075000448152423,-1.7562918098945433,map,15.310200436000741
6,67,0.8911280029456783,-3.125000448897481,-1.7773225697284956,map,15.310200436000741
6,68,0.8806523253982743,-3.175000449642539,-1.799516976338709,map,15.310200436000741
6,69,0.8690126113596537,-3.225000450387597,-1.834645553748967,map,15.310200436000741
6,70,0.8555052404646859,-3.275000451132655,-1.8863672696356215,map,15.310200436000741
6,71,0.8391811839360217,-3.325000451877713,-1.948822382642589,map,15.310200436000741
6,72,0.8193248999831245,-3.3750004526227713,-2.0132925620302986,map,15.310200436000741
6,73,0.7956332192234926,-3.4250004533678293,-2.0776745412756954,map,15.310200436000741
6,74,0.7678698532996697,-3.4750004541128874,-2.1400746504846873,map,15.310200436000741
6,75,0.7358723102231511,-3.5250004548579454,-2.1992111016590083,map,15.310200436000741
6,76,0.6995378303687562,-3.5750004556030035,-2.249540192434692,map,15.310200436000741
6,77,0.6592085337715322,-3.6250004563480616,-2.287795917965597,map,15.310200436000741
6,78,0.6156198656568638,-3.6750004570931196,-2.314384021812983,map,15.310200436000741
6,79,0.5696353621165278,-3.7250004578381777,-2.3316497606800124,map,15.310200436000741
6,80,0.5220315029127626,-3.7750004585832357,-2.34227990450702,map,15.310200436000741
6,81,0.4734039522596706,-3.825000459328294,-2.3485440804678883,map,15.310200436000741
6,82,0.42416319875861935,-3.875000460073352,-2.352100458981428,map,15.310200436000741
6,83,0.3745709341343858,-3.92500046081841,-2.354055422827223,map,15.310200436000741
6,84,0.3247843838696264,-3.975000461563468,-2.355100161978184,map,15.310200436000741
6,85,0.27489369636668626,-4.025000462308526,-2.3556446457898943,map,15.310200436000741
6,86,0.22494864985195476,-4.075000463053584,-2.3559217989096686,map,15.310200436000741
6,87,0.17497591080221975,-4.125000463798642,-2.3560590203915206,map,15.310200436000741
6,88,0.12498945520257068,-4.1750004645437,-2.356123229923346,map,15.310200436000741
6,89,0.07499657997676434,-4.225000465288758,-2.3561472024285033,map,15.310200436000741
6,90,0.02500130778456173,-4.275000466033816,-2.3561435029295477,map,15.310200436000741
6,91,-0.02499359449409306,-4.325000466778874,-2.3561100600027647,map,15.310200436000741
6,92,-0.07498515293283273,-4.3750004675239325,-2.356029145072891,map,15.310200436000741
6,93,-0.12496862189899732,-4.4250004682689905,-2.355859355726213,map,15.310200436000741
6,94,-0.17493512042343734,-4.475000469014049,-2.35551794277441,map,15.310200436000741
6,95,-0.2248675121560813,-4.525000469759107,-2.354848304857288,map,15.310200436000741
6,96,-0.2747330752623955,-4.575000470504165,-2.353564897697871,map,15.310200436000741
6,97,-0.32447080581331,-4.625000471249223,-2.351166251662275,map,15.310200436000741
6,98,-0.3739704941713861,-4.675000471994281,-2.3468090508731323,map,15.310200436000741
6,99,-0.423040650664943,-4.725000472739339,-2.339148060136846,map,15.310200436000741
6,100,-0.47136441978089694,-4.775000473484397,-2.3261792235292993,map,15.310200436000741
6,101,-0.5184495102094526,-4.825000474229455,-2.305198524035931,map,15.310200436000741
6,102,-0.5635933485973181,-4.875000474974513,-2.27314684435697,map,15.310200436000741
6,103,-0.6059090717440854,-4.925000475719571,-2.2278690710443585,map,15.310200436000741
6,104,-0.6444803261102752,-4.975000476464629,-2.170865124619196,map,15.310200436000741
6,105,-0.6786922171836729,-5.025000477209687,-2.1105138637660517,map,15.310200436000741
6,106,-0.7086445042136389,-5.075000477954745,-2.0600071380653544,map,15.310200436000741
6,107,-0.7352632474973426,-5.125000478699803,-2.024800187328598,map,15.310200436000741
6,108,-0.7596633874370952,-5.175000479444861,-2.0008613180801733,map,15.310200436000741
6,109,-0.7825983721260243,-5.2250004801899195,-1.985778775658218,map,15.310200436000741
6,110,-0.8046267606696663,-5.2750004809349775,-1.9786355437649303,map,15.310200436000741
6,111,-0.8262299933301311,-5.325000481680036,-1.9835229214929582,map,15.310200436000741
6,112,-0.8481238296013384,-5.375000482425094,-1.9997097194552127,map,15.310200436000741
6,113,-0.870989155994714,-5.425000483170152,-2.0208648256915867,map,15.310200436000741
6,114,-0.8951461339042771,-5.47500048391521,-2.0433150010346606,map,15.310200436000741
6,115,-0.9207030607373192,-5.525000484660268,-2.0621644615880244,map,15.310200436000741
6,116,-0.9474604013479964,-5.575000485405326,-2.0742368448644872,map,15.310200436000741
6,117,-0.974999314174056,-5.625000486150384,2.8819630241815357,map,15.310200436000741
7,0,1.4750007223337889,-0.12500040419399738,-1.711829177997589,map,16.342772945001343
7,1,1.4679019516635818,-0.17500040493905544,-1.7279628652073458,map,16.342772945001343
7,2,1.4599782751770547,-0.2250004056841135,-1.7545438824805535,map,16.342772945001343
7,3,1.4506860831693515,-0.27500040642917156,-1.782896093472608,map,16.342772945001343
7,4,1.4399191535616742,-0.3250004071742296,-1.8089512576297648,map,16.342772945001343
7,5,1.427781052400399,-0.3750004079192877,-1.8420961752400167,map,16.342772945001343
7,6,1.4138731496583463,-0.42500040866434574,-1.8914697034198904,map,16.342772945001343
7,7,1.3972663044973375,-0.4750004094094038,-1.9550524127492532,map,16.342772945001343
7,8,1.3770484933715326,-0.5250004101544619,-2.018176786212311,map,16.342772945001343
7,9,1.3530570754476534,-0.5750004108995199,-2.062783269480866,map,16.342772945001343
7,10,1.3262599204767547,-0.625000411644578,-2.0819856882471774,map,16.342772945001343
7,11,1.2982138576913351,-0.675000412389636,-2.0807551709624,map,16.342772945001343
7,12,1.2702486230681218,-0.7250004131346941,-2.06906210226183,map,16.342772945001343
7,13,1.2430459815962824,-0.7750004138797522,-2.0520749109497713,map,16.342772945001343
7,14,1.2169341285272364,-0.8250004146248102,-2.0329084497562175,map,16.342772945001343
7,15,1.192030022486765,-0.8750004153698683,-2.0094002240001316,map,16.342772945001343
7,16,1.1685762161703344,-0.9250004161149263,-1.9794690018749332,map,16.342772945001343
7,17,1.1469235132854423,-0.9750004168599844,-1.938467599814995,map,16.342772945001343
7,18,1.127664187057651,-1.0250004176050425,-1.8856115781732716,map,16.342772945001343
7,19,1.1113819322522367,-1.0750004183501005,-1.8226498048854682,map,16.342772945001343
7,20,1.0985160729482542,-1.1250004190951586,-1.7605489848266063,map,16.342772945001343
7,21,1.0889129048369213,-1.1750004198402166,-1.7109148303920734,map,16.342772945001343
7,22,1.0818607670330709,-1.2250004205852747,-1.6803876854416646,map,16.342772945001343
7,23,1.0763591560935253,-1.2750004213303328,-1.6705242660845632,map,16.342772945001343
7,24,1.0713561620178964,-1.3250004220753908,-1.679401130238661,map,16.342772945001343
7,25,1.065904470652101,-1.3750004228204489,-1.70213816714008,map,16.342772945001343
7,26,1.0592993538688071,-1.425000423565507,-1.7304912767263925,map,16.342772945001343
7,27,1.051246029671559,-1.475000424310565,-1.7542360703640736,map,16.342772945001343
7,28,1.0419697589193404,-1.525000425055623,-1.7677820299125258,map,16.342772945001343
7,29,1.0319910695750414,-1.5750004258006811,-1.7789836741921987,map,16.342772945001343
7,30,1.0214286607528422,-1.6250004265457392,-1.7963933646977008,map,16.342772945001343
7,31,1.0099534721193992,-1.6750004272907972,-1.8197949619488205,map,16.342772945001343
7,32,0.9972396949200525,-1.7250004280358553,-1.8388817089919884,map,16.342772945001343
7,33,0.983504796868472,-1.7750004287809134,-1.8402860361948596,map,16.342772945001343
7,34,0.9696943548096251,-1.8250004295259714,-1.8194025232539266,map,16.342772945001343
7,35,0.957001466138792,-1.8750004302710295,-1.7775289897379034,map,16.342772945001343
7,36,0.9465150140747497,-1.9250004310160875,-1.7264570481385175,map,16.342772945001343
7,37,0.9386685009313505,-1.9750004317611456,-1.6784050200261798,map,16.342772945001343
7,38,0.9332672017271137,-2.0250004325062037,-1.6401435807201128,map,16.342772945001343
7,39,0.9297942700358308,-2.0750004332512617,-1.6130145606141275,map,16.342772945001343
7,40,0.9276821032701921,-2.1250004339963198,-1.595334825004391,map,16.342772945001343
7,41,0.9264549320227764,-2.175000434741378,-1.5845254414330003,map,16.342772945001343
7,42,0.9257684331476989,-2.225000435486436,-1.578240810366936,map,16.342772945001343
7,43,0.9253962020871348,-2.275000436231494,-1.5747371221530662,map,16.342772945001343
7,44,0.9251991612962833,-2.325000436976552,-1.5728612107251012,map,16.342772945001343
7,45,0.9250959169514987,-2.37500043772161,-1.5719134050914891,map,16.342772945001343
7,46,0.9250400630126041,-2.425000438466668,-1.5715061505977588,map,16.342772945001343
7,47,0.9250045718159714,-2.475000439211726,-1.571461673124296,map,16.342772945001343
7,48,0.9249713044940967,-2.5250004399567842,-1.5717570024517473,map,16.342772945001343
7,49,0.9249232706957616,-2.5750004407018423,-1.5725140892209066,map,16.342772945001343
7,50,0.9248373824887043,-2.6250004414469004,-1.5740321829371848,map,16.342772945001343
7,51,0.9246755891144784,-2.6750004421919584,-1.5768592746062495,map,16.342772945001343
7,52,0.9243724380048399,-2.7250004429370165,-1.5818903264684765,map,16.342772945001343
7,53,0.9238177152548696,-2.7750004436820745,-1.5904510558368008,map,16.342772945001343
7,54,0.9228348522221309,-2.8250004444271326,-1.6042650092193704,map,16.342772945001343
7,55,0.9211607929619529,-2.8750004451721907,-1.6251101331001767,map,16.342772945001343
7,56,0.9184424290319761,-2.9250004459172487,-1.6539127919817052,map,16.342772945001343
7,57,0.9142770092352974,-2.975000446662307,-1.6892240691384193,map,16.342772945001343
7,58,0.9083277830995121,-3.025000447407365,-1.7258837279530421,map,16.342772945001343
7,59,0.9005106392875138,-3.075000448152423,-1.7562918098945433,map,16.342772945001343
7,60,0.8911280029456783,-3.125000448897481,-1.7773225697284956,map,16.342772945001343
7,61,0.8806523253982743,-3.175000449642539,-1.799516976338709,map,16.342772945001343
7,62,0.8690126113596537,-3.225000450387597,-1.834645553748967,map,16.342772945001343
7,63,0.8555052404646859,-3.275000451132655,-1.8863672696356215,map,16.342772945001343
7,64,0.8391811839360217,-3.325000451877713,-1.948822382642589,map,16.342772945001343
7,65,0.8193248999831245,-3.3750004526227713,-2.0132925620302986,map,16.342772945001343
7,66,0.7956332192234926,-3.4250004533678293,-2.0776745412756954,map,16.342772945001343
7,67,0.7678698532996697,-3.4750004541128874,-2.1400746504846873,map,16.342772945001343
7,68,0.7358723102231511,-3.5250004548579454,-2.1992111016590083,map,16.342772945001343
7,69,0.6995378303687562,-3.5750004556030035,-2.249540192434692,map,16.342772945001343
7,70,0.6592085337715322,-3.6250004563480616,-2.287795917965597,map,16.342772945001343
7,71,0.6156198656568638,-3.6750004570931196,-2.314384021812983,map,16.342772945001343
7,72,0.5696353621165278,-3.7250004578381777,-2.3316497606800124,map,16.342772945001343
7,73,0.5220315029127626,-3.7750004585832357,-2.34227990450702,map,16.342772945001343
7,74,0.4734039522596706,-3.825000459328294,-2.3485440804678883,map,16.342772945001343
7,75,0.42416319875861935,-3.875000460073352,-2.352100458981428,map,16.342772945001343
7,76,0.3745709341343858,-3.92500046081841,-2.354055422827223,map,16.342772945001343
7,77,0.3247843838696264,-3.975000461563468,-2.355100161978184,map,16.342772945001343
7,78,0.27489369636668626,-4.025000462308526,-2.3556446457898943,map,16.342772945001343
7,79,0.22494864985195476,-4.075000463053584,-2.3559217989096686,map,16.342772945001343
7,80,0.17497591080221975,-4.125000463798642,-2.3560590203915206,map,16.342772945001343
7,81,0.12498945520257068,-4.1750004645437,-2.356123229923346,map,16.342772945001343
7,82,0.07499657997676434,-4.225000465288758,-2.3561472024285033,map,16.342772945001343
7,83,0.02500130778456173,-4.275000466033816,-2.3561435029295477,map,16.342772945001343
7,84,-0.02499359449409306,-4.325000466778874,-2.3561100600027647,map,16.342772945001343
7,85,-0.07498515293283273,-4.3750004675239325,-2.356029145072891,map,16.342772945001343
7,86,-0.12496862189899732,-4.4250004682689905,-2.355859355726213,map,16.342772945001343
7,87,-0.17493512042343734,-4.475000469014049,-2.35551794277441,map,16.342772945001343
7,88,-0.2248675121560813,-4.525000469759107,-2.354848304857288,map,16.342772945001343
7,89,-0.2747330752623955,-4.575000470504165,-2.353564897697871,map,16.342772945001343
7,90,-0.32447080581331,-4.625000471249223,-2.351166251662275,map,16.342772945001343
7,91,-0.3739704941713861,-4.675000471994281,-2.3468090508731323,map,16.342772945001343
7,92,-0.423040650664943,-4.725000472739339,-2.339148060136846,map,16.342772945001343
7,93,-0.47136441978089694,-4.775000473484397,-2.3261792235292993,map,16.342772945001343
7,94,-0.5184495102094526,-4.825000474229455,-2.305198524035931,map,16.342772945001343
7,95,-0.5635933485973181,-4.875000474974513,-2.27314684435697,map,16.342772945001343
7,96,-0.6059090717440854,-4.925000475719571,-2.2278690710443585,map,16.342772945001343
7,97,-0.6444803261102752,-4.975000476464629,-2.170865124619196,map,16.342772945001343
7,98,-0.6786922171836729,-5.025000477209687,-2.1105138637660517,map,16.342772945001343
7,99,-0.7086445042136389,-5.075000477954745,-2.0600071380653544,map,16.342772945001343
7,100,-0.7352632474973426,-5.125000478699803,-2.024800187328598,map,16.342772945001343
7,101,-0.7596633874370952,-5.175000479444861,-2.0008613180801733,map,16.342772945001343
7,102,-0.7825983721260243,-5.2250004801899195,-1.985778775658218,map,16.342772945001343
7,103,-0.8046267606696663,-5.2750004809349775,-1.9786355437649303,map,16.342772945001343
7,104,-0.8262299933301311,-5.325000481680036,-1.9835229214929582,map,16.342772945001343
7,105,-0.8481238296013384,-5.375000482425094,-1.9997097194552127,map,16.342772945001343
7,106,-0.870989155994714,-5.425000483170152,-2.0208648256915867,map,16.342772945001343
7,107,-0.8951461339042771,-5.47500048391521,-2.0433150010346606,map,16.342772945001343
7,108,-0.9207030607373192,-5.525000484660268,-2.0621644615880244,map,16.342772945001343
7,109,-0.9474604013479964,-5.575000485405326,-2.0742368448644872,map,16.342772945001343
7,110,-0.974999314174056,-5.625000486150384,2.8819630241815357,map,16.342772945001343
8,0,1.3250007200986147,-0.3750004079192877,-1.6356199220905636,map,17.365762962999725
8,1,1.321754992722707,-0.42500040866434574,-1.6522510610275891,map,17.365762962999725
8,2,1.317673224616183,-0.4750004094094038,-1.685545639503787,map,17.365762962999725
8,3,1.311910443038061,-0.5250004101544619,-1.7340629264126504,map,17.365762962999725
8,4,1.3036737972539854,-0.5750004108995199,-1.792807498214789,map,17.365762962999725
8,5,1.2923871912923377,-0.625000411644578,-1.853119428165342,map,17.365762962999725
8,6,1.2778836308571229,-0.675000412389636,-1.9074892124676768,map,17.365762962999725
8,7,1.260382616619621,-0.7250004131346941,-1.9558017218052133,map,17.365762962999725
8,8,1.2401212010710867,-0.7750004138797522,-1.9937275172879874,map,17.365762962999725
8,9,1.2176165550545526,-0.8250004146248102,-2.012215818444654,map,17.365762962999725
8,10,1.193990765314563,-0.8750004153698683,-2.008693042071616,map,17.365762962999725
8,11,1.170580083943941,-0.9250004161149263,-1.9866233830456395,map,17.365762962999725
8,12,1.1485012493340652,-0.9750004168599844,-1.9470054450823586,map,17.365762962999725
8,13,1.128750063894438,-1.0250004176050425,-1.8928335716148756,map,17.365762962999725
8,14,1.1120674682107956,-1.0750004183501005,-1.8278694931610993,map,17.365762962999725
8,15,1.0989229673760563,-1.1250004190951586,-1.7639505456586475,map,17.365762962999725
8,16,1.0891433313551047,-1.1750004198402166,-1.7129675675982325,map,17.365762962999725
8,17,1.0819864844654905,-1.2250004205852747,-1.681557080980229,map,17.365762962999725
8,18,1.0764256882069294,-1.2750004213303328,-1.6711619696345512,map,17.365762962999725
8,19,1.0713904876601612,-1.3250004220753908,-1.6797370222307118,map,17.365762962999725
8,20,1.0659218014109568,-1.3750004228204489,-1.7023100056182,map,17.365762962999725
8,21,1.0593079425672012,-1.425000423565507,-1.7305770676171301,map,17.365762962999725
8,22,1.0512502174833986,-1.475000424310565,-1.7542781190326648,map,17.365762962999725
8,23,1.041971771915668,-1.525000425055623,-1.767802371188028,map,17.365762962999725
8,24,1.0319920249939445,-1.5750004258006811,-1.778993382169081,map,17.365762962999725
8,25,1.0214291091105465,-1.6250004265457392,-1.7963979261518213,map,17.365762962999725
8,26,1.0099536803911016,-1.6750004272907972,-1.819797073664193,map,17.365762962999725
8,27,0.9972397907791654,-1.7250004280358553,-1.8388826780121994,map,17.365762962999725
8,28,0.9835048406204965,-1.7750004287809134,-1.8402864809610933,map,17.365762962999725
8,29,0.9696943746267443,-1.8250004295259714,-1.8194027281282048,map,17.365762962999725
8,30,0.9570014750520531,-1.8750004302710295,-1.777529084185262,map,17.365762962999725
8,31,0.9465150180579234,-1.9250004310160875,-1.726457091349271,map,17.365762962999725
8,32,0.9386685027007786,-1.9750004317611456,-1.6784050395529349,map,17.365762962999725
8,33,0.9332672025088107,-2.0250004325062037,-1.6401435894405691,map,17.365762962999725
8,34,0.9297942703794013,-2.0750004332512617,-1.613014564472936,map,17.365762962999725
8,35,0.9276821034204779,-2.1250004339963198,-1.5953348267001675,map,17.365762962999725
8,36,0.9264549320882223,-2.175000434741378,-1.584525442174154,map,17.365762962999725
8,37,0.92576843317608,-2.225000435486436,-1.578240810689349,map,17.365762962999725
8,38,0.9253962020993944,-2.275000436231494,-1.5747371222927322,map,17.365762962999725
8,39,0.9251991613015595,-2.325000436976552,-1.5728612107853681,map,17.365762962999725
8,40,0.9250959169537616,-2.37500043772161,-1.5719134051174017,map,17.365762962999725
8,41,0.9250400630135713,-2.425000438466668,-1.5715061506088632,map,17.365762962999725
8,42,0.9250045718163834,-2.475000439211726,-1.5714616731290347,map,17.365762962999725
8,43,0.9249713044942718,-2.5250004399567842,-1.571757002453766,map,17.365762962999725
8,44,0.9249232706958358,-2.5750004407018423,-1.572514089221766,map,17.365762962999725
8,45,0.9248373824887355,-2.6250004414469004,-1.5740321829375465,map,17.365762962999725
8,46,0.9246755891144915,-2.6750004421919584,-1.5768592746064005,map,17.365762962999725
8,47,0.9243724380048455,-2.7250004429370165,-1.5818903264685387,map,17.365762962999725
8,48,0.923817715254872,-2.7750004436820745,-1.5904510558368274,map,17.365762962999725
8,49,0.922834852222132,-2.8250004444271326,-1.6042650092193815,map,17.365762962999725
8,50,0.9211607929619534,-2.8750004451721907,-1.6251101331001832,map,17.365762962999725
8,51,0.9184424290319764,-2.9250004459172487,-1.6539127919817074,map,17.365762962999725
8,52,0.9142770092352975,-2.975000446662307,-1.6892240691384193,map,17.365762962999725
8,53,0.9083277830995122,-3.025000447407365,-1.7258837279530401,map,17.365762962999725
8,54,0.9005106392875141,-3.075000448152423,-1.7562918098945453,map,17.365762962999725
8,55,0.8911280029456784,-3.125000448897481,-1.7773225697284976,map,17.365762962999725
8,56,0.8806523253982743,-3.175000449642539,-1.799516976338709,map,17.365762962999725
8,57,0.8690126113596537,-3.225000450387597,-1.834645553748967,map,17.365762962999725
8,58,0.8555052404646859,-3.275000451132655,-1.8863672696356215,map,17.365762962999725
8,59,0.8391811839360217,-3.325000451877713,-1.948822382642589,map,17.365762962999725
8,60,0.8193248999831245,-3.3750004526227713,-2.0132925620302986,map,17.365762962999725
8,61,0.7956332192234926,-3.4250004533678293,-2.0776745412756954,map,17.365762962999725
8,62,0.7678698532996697,-3.4750004541128874,-2.1400746504846873,map,17.365762962999725
8,63,0.7358723102231511,-3.5250004548579454,-2.1992111016590083,map,17.365762962999725
8,64,0.6995378303687562,-3.5750004556030035,-2.249540192434692,map,17.365762962999725
8,65,0.6592085337715322,-3.6250004563480616,-2.287795917965597,map,17.365762962999725
8,66,0.6156198656568638,-3.6750004570931196,-2.314384021812983,map,17.365762962999725
8,67,0.5696353621165278,-3.7250004578381777,-2.3316497606800124,map,17.365762962999725
8,68,0.5220315029127626,-3.7750004585832357,-2.34227990450702,map,17.365762962999725
8,69,0.4734039522596706,-3.825000459328294,-2.3485440804678883,map,17.365762962999725
8,70,0.42416319875861935,-3.875000460073352,-2.352100458981428,map,17.365762962999725
8,71,0.3745709341343858,-3.92500046081841,-2.354055422827223,map,17.365762962999725
8,72,0.3247843838696264,-3.975000461563468,-2.355100161978184,map,17.365762962999725
8,73,0.27489369636668626,-4.025000462308526,-2.3556446457898943,map,17.365762962999725
8,74,0.22494864985195476,-4.075000463053584,-2.3559217989096686,map,17.365762962999725
8,75,0.17497591080221975,-4.125000463798642,-2.3560590203915206,map,17.365762962999725
8,76,0.12498945520257068,-4.1750004645437,-2.356123229923346,map,17.365762962999725
8,77,0.07499657997676434,-4.225000465288758,-2.3561472024285033,map,17.365762962999725
8,78,0.02500130778456173,-4.275000466033816,-2.3561435029295477,map,17.365762962999725
8,79,-0.02499359449409306,-4.325000466778874,-2.3561100600027647,map,17.365762962999725
8,80,-0.07498515293283273,-4.3750004675239325,-2.356029145072891,map,17.365762962999725
8,81,-0.12496862189899732,-4.4250004682689905,-2.355859355726213,map,17.365762962999725
8,82,-0.17493512042343734,-4.475000469014049,-2.35551794277441,map,17.365762962999725
8,83,-0.2248675121560813,-4.525000469759107,-2.354848304857288,map,17.365762962999725
8,84,-0.2747330752623955,-4.575000470504165,-2.353564897697871,map,17.365762962999725
8,85,-0.32447080581331,-4.625000471249223,-2.351166251662275,map,17.365762962999725
8,86,-0.3739704941713861,-4.675000471994281,-2.3468090508731323,map,17.365762962999725
8,87,-0.423040650664943,-4.725000472739339,-2.339148060136846,map,17.365762962999725
8,88,-0.47136441978089694,-4.775000473484397,-2.3261792235292993,map,17.365762962999725
8,89,-0.5184495102094526,-4.825000474229455,-2.305198524035931,map,17.365762962999725
8,90,-0.5635933485973181,-4.875000474974513,-2.27314684435697,map,17.365762962999725
8,91,-0.6059090717440854,-4.925000475719571,-2.2278690710443585,map,17.365762962999725
8,92,-0.6444803261102752,-4.975000476464629,-2.170865124619196,map,17.365762962999725
8,93,-0.6786922171836729,-5.025000477209687,-2.1105138637660517,map,17.365762962999725
8,94,-0.7086445042136389,-5.075000477954745,-2.0600071380653544,map,17.365762962999725
8,95,-0.7352632474973426,-5.125000478699803,-2.024800187328598,map,17.365762962999725
8,96,-0.7596633874370952,-5.175000479444861,-2.0008613180801733,map,17.365762962999725
8,97,-0.7825983721260243,-5.2250004801899195,-1.985778775658218,map,17.365762962999725
8,98,-0.8046267606696663,-5.2750004809349775,-1.9786355437649303,map,17.365762962999725
8,99,-0.8262299933301311,-5.325000481680036,-1.9835229214929582,map,17.365762962999725
8,100,-0.8481238296013384,-5.375000482425094,-1.9997097194552127,map,17.365762962999725
8,101,-0.870989155994714,-5.425000483170152,-2.0208648256915867,map,17.365762962999725
8,102,-0.8951461339042771,-5.47500048391521,-2.0433150010346606,map,17.365762962999725
8,103,-0.9207030607373192,-5.525000484660268,-2.0621644615880244,map,17.365762962999725
8,104,-0.9474604013479964,-5.575000485405326,-2.0742368448644872,map,17.365762962999725
8,105,-0.974999314174056,-5.625000486150384,2.8819630241815357,map,17.365762962999725
9,0,1.1750007178634405,-0.7250004131346941,-1.660868551341022,map,18.411914456002705
9,1,1.170484887639994,-0.7750004138797522,-1.676346137508475,map,18.411914456002705
9,2,1.1651877108702549,-0.8250004146248102,-1.7038831978607287,map,18.411914456002705
9,3,1.158493799361408,-0.8750004153698683,-1.7359780903868678,map,18.411914456002705
9,4,1.150158765632605,-0.9250004161149263,-1.762167432240316,map,18.411914456002705
9,5,1.1404716638943113,-0.9750004168599844,-1.7751869571411922,map,18.411914456002705
9,6,1.1301074045290767,-1.0250004176050425,-1.7792899821479156,map,18.411914456002705
9,7,1.1195289958113113,-1.0750004183501005,-1.7781613070949267,map,18.411914456002705
9,8,1.1090095328326917,-1.1250004190951586,-1.7690343827558914,map,18.411914456002705
9,9,1.0989657154917194,-1.1750004198402166,-1.7486534775524105,map,18.411914456002705
9,10,1.089977886190856,-1.2250004205852747,-1.7252111590855315,map,18.411914456002705
9,11,1.082195189189022,-1.2750004213303328,-1.7095835886971842,map,18.411914456002705
9,12,1.0752109248904005,-1.3250004220753908,-1.7083279489777818,map,18.411914456002705
9,13,1.0682906563885943,-1.3750004228204489,-1.7214068190240568,map,18.411914456002705
9,14,1.0607026706375413,-1.425000423565507,-1.7423900017044527,map,18.411914456002705
9,15,1.0520377751714016,-1.475000424310565,-1.7611893034256152,map,18.411914456002705
9,16,1.0424014060276476,-1.525000425055623,-1.7716833965289882,map,18.411914456002705
9,17,1.0322197197518794,-1.5750004258006811,-1.7810976023966263,map,18.411914456002705
9,18,1.021546848238787,-1.6250004265457392,-1.7975021354021128,map,18.411914456002705
9,19,1.0100132861337836,-1.6750004272907972,-1.8203602009441948,map,18.411914456002705
9,20,0.9972694153497237,-1.7250004280358553,-1.8391641572110429,map,18.411914456002705
9,21,0.9835193280455076,-1.7750004287809134,-1.8404259033188881,map,18.411914456002705
9,22,0.9697013588071164,-1.8250004295259714,-1.8194714926256719,map,18.411914456002705
9,23,0.9570047993710594,-1.8750004302710295,-1.7775628008199804,map,18.411914456002705
9,24,0.9465165823792026,-1.9250004310160875,-1.7264734044977692,map,18.411914456002705
9,25,0.9386692312751871,-1.9750004317611456,-1.6784127969875182,map,18.411914456002705
9,26,0.9332675386848407,-2.0250004325062037,-1.6401472193608821,map,18.411914456002705
9,27,0.9297944241837389,-2.0750004332512617,-1.6130162411096987,map,18.411914456002705
9,28,0.9276821732433722,-2.1250004339963198,-1.595335593238156,map,18.411914456002705
9,29,0.9264549635611286,-2.175000434741378,-1.5845257896808624,map,18.411914456002705
9,30,0.9257684472703751,-2.225000435486436,-1.5782409670791289,map,18.411914456002705
9,31,0.925396208373767,-2.275000436231494,-1.5747371922092392,map,18.411914456002705
9,32,0.9251991640800524,-2.325000436976552,-1.5728612418515713,map,18.411914456002705
9,33,0.9250959181789377,-2.37500043772161,-1.5719134188406578,map,18.411914456002705
9,34,0.9250400635525837,-2.425000438466668,-1.5715061566355082,map,18.411914456002705
9,35,0.9250045720540634,-2.475000439211726,-1.571461675758417,map,18.411914456002705
9,36,0.9249713046004826,-2.5250004399567842,-1.5717570035910529,map,18.411914456002705
9,37,0.9249232707451822,-2.5750004407018423,-1.5725140897067589,map,18.411914456002705
9,38,0.9248373825138322,-2.6250004414469004,-1.5740321831387327,map,18.411914456002705
9,39,0.9246755891295289,-2.6750004421919584,-1.5768592746848908,map,18.411914456002705
9,40,0.9243724380159581,-2.7250004429370165,-1.5818903264946946,map,18.411914456002705
9,41,0.9238177152646767,-2.7750004436820745,-1.5904510558414775,map,18.411914456002705
9,42,0.9228348522317041,-2.8250004444271326,-1.6042650092162143,map,18.411914456002705
9,43,0.9211607929716841,-2.8750004451721907,-1.6251101330954278,map,18.411914456002705
9,44,0.9184424290419455,-2.9250004459172487,-1.6539127919782963,map,18.411914456002705
9,45,0.9142770092454384,-2.975000446662307,-1.6892240691377385,map,18.411914456002705
9,46,0.9083277831096876,-3.025000447407365,-1.7258837279556476,map,18.411914456002705
9,47,0.9005106392975559,-3.075000448152423,-1.7562918099005078,map,18.411914456002705
9,48,0.8911280029554116,-3.125000448897481,-1.7773225697375739,map,18.411914456002705
9,49,0.8806523254075338,-3.175000449642539,-1.7995169763504058,map,18.411914456002705
9,50,0.8690126113682967,-3.225000450387597,-1.834645553762555,map,18.411914456002705
9,51,0.8555052404725999,-3.275000451132655,-1.886367269650177,map,18.411914456002705
9,52,0.8391811839431303,-3.325000451877713,-1.9488223826571827,map,18.411914456002705
9,53,0.8193248999893884,-3.3750004526227713,-2.0132925620441724,map,18.411914456002705
9,54,0.7956332192289071,-3.4250004533678293,-2.0776745412882884,map,18.411914456002705
9,55,0.7678698533042604,-3.4750004541128874,-2.1400746504956816,map,18.411914456002705
9,56,0.735872310226967,-3.5250004548579454,-2.199211101668301,map,18.411914456002705
9,57,0.699537830371862,-3.5750004556030035,-2.2495401924424203,map,18.411914456002705
9,58,0.6592085337740002,-3.6250004563480616,-2.287795917972022,map,18.411914456002705
9,59,0.6156198656587664,-3.6750004570931196,-2.314384021818407,map,18.411914456002705
9,60,0.5696353621179298,-3.7250004578381777,-2.331649760684726,map,18.411914456002705
9,61,0.5220315029137153,-3.7750004585832357,-2.3422799045112956,map,18.411914456002705
9,62,0.47340395226020726,-3.825000459328294,-2.348544080471986,map,18.411914456002705
9,63,0.4241631987587524,-3.875000460073352,-2.3521004589855967,map,18.411914456002705
9,64,0.37457093413410536,-3.92500046081841,-2.3540554228316846,map,18.411914456002705
9,65,0.3247843838689016,-3.975000461563468,-2.3551001619831196,map,18.411914456002705
9,66,0.274893696365469,-4.025000462308526,-2.35564464579542,map,18.411914456002705
9,67,0.22494864985018553,-4.075000463053584,-2.3559217989158117,map,18.411914456002705
9,68,0.17497591079983654,-4.125000463798642,-2.3560590203982055,map,18.411914456002705
9,69,0.12498945519951916,-4.1750004645437,-2.3561232299303843,map,18.411914456002705
9,70,0.07499657997300908,-4.225000465288758,-2.356147202435601,map,18.411914456002705
9,71,0.025001307780096772,-4.275000466033816,-2.356143502936325,map,18.411914456002705
9,72,-0.024993594499235654,-4.325000466778874,-2.3561100600087905,map,18.411914456002705
9,73,-0.07498515293857783,-4.3750004675239325,-2.356029145077731,map,18.411914456002705
9,74,-0.12496862190522624,-4.4250004682689905,-2.3558593557294767,map,18.411914456002705
9,75,-0.17493512042999243,-4.475000469014049,-2.3555179427758013,map,18.411914456002705
9,76,-0.22486751216277534,-4.525000469759107,-2.3548483048566418,map,18.411914456002705
9,77,-0.2747330752690251,-4.575000470504165,-2.3535648976951737,map,18.411914456002705
9,78,-0.32447080581967125,-4.625000471249223,-2.3511662516576655,map,18.411914456002705
9,79,-0.373970494177291,-4.675000471994281,-2.346809050866877,map,18.411914456002705
9,80,-0.4230406506702339,-4.725000472739339,-2.3391480601293018,map,18.411914456002705
9,81,-0.47136441978545823,-4.775000473484397,-2.3261792235208607,map,18.411914456002705
9,82,-0.5184495102132178,-4.825000474229455,-2.3051985240269874,map,18.411914456002705
9,83,-0.5635933486002717,-4.875000474974513,-2.2731468443478833,map,18.411914456002705
9,84,-0.6059090717462592,-4.925000475719571,-2.227869071035487,map,18.411914456002705
9,85,-0.6444803261117414,-4.975000476464629,-2.1708651246109385,map,18.411914456002705
9,86,-0.678692217184533,-5.025000477209687,-2.1105138637588765,map,18.411914456002705
9,87,-0.7086445042140115,-5.075000477954745,-2.0600071380596883,map,18.411914456002705
9,88,-0.7352632474973516,-5.125000478699803,-2.024800187324629,map,18.411914456002705
9,89,-0.7596633874368585,-5.175000479444861,-2.0008613180778325,map,18.411914456002705
9,90,-0.782598372125646,-5.2250004801899195,-1.9857787756572678,map,18.411914456002705
9,91,-0.8046267606692312,-5.2750004809349775,-1.9786355437650407,map,18.411914456002705
9,92,-0.8262299933297026,-5.325000481680036,-1.9835229214937764,map,18.411914456002705
9,93,-0.8481238296009586,-5.375000482425094,-1.99970971945641,map,18.411914456002705
9,94,-0.8709891559944066,-5.425000483170152,-2.020864825692908,map,18.411914456002705
9,95,-0.8951461339040512,-5.47500048391521,-2.043315001035942,map,18.411914456002705
9,96,-0.9207030607371741,-5.525000484660268,-2.0621644615891968,map,18.411914456002705
9,97,-0.9474604013479266,-5.575000485405326,-2.074236844865557,map,18.411914456002705
9,98,-0.974999314174056,-5.625000486150384,2.8819630241815357,map,18.411914456002705
10,0,1.0750007163733244,-0.9750004168599844,-1.5732943102294896,map,19.425817431001633
10,1,1.074875816939946,-1.0250004176050425,-1.574415478958638,map,19.425817431001633
10,2,1.0746948585389815,-1.0750004183501005,-1.5770331390199728,map,19.425817431001633
10,3,1.0743830138797106,-1.1250004190951586,-1.5819431607576633,map,19.425817431001633
10,4,1.0738256490885298,-1.1750004198402166,-1.5904092432238282,map,19.425817431001633
10,5,1.0728448774925894,-1.2250004205852747,-1.604103507010498,map,19.425817431001633
10,6,1.0711789023514484,-1.2750004213303328,-1.6247390868014127,map,19.425817431001633
10,7,1.0684791451991398,-1.3250004220753908,-1.6531346395482687,map,19.425817431001633
10,8,1.064352900523157,-1.3750004228204489,-1.687646074926091,map,19.425817431001633
10,9,1.0584836761528544,-1.425000423565507,-1.7227560023614226,map,19.425817431001633
10,10,1.0508266634058536,-1.475000424310565,-1.7502128478865677,map,19.425817431001633
10,11,1.0417583236019812,-1.525000425055623,-1.76572972524877,map,19.425817431001633
10,12,1.0318862930896842,-1.5750004258006811,-1.7779563914107426,map,19.425817431001633
10,13,1.0213775289500298,-1.6250004265457392,-1.7958894762337914,map,19.425817431001633
10,14,1.0099288587158772,-1.6750004272907972,-1.819552428306941,map,19.425817431001633
10,15,0.9972279914662765,-1.7250004280358553,-1.8387664071137568,map,19.425817431001633
10,16,0.9834992933403904,-1.7750004287809134,-1.8402313777816581,map,19.425817431001633
10,17,0.9696917926559732,-1.8250004295259714,-1.8193765902160286,map,19.425817431001633
10,18,0.9570002841891024,-1.8750004302710295,-1.7775167053004866,map,19.425817431001633
10,19,0.9465144733626172,-1.9250004310160875,-1.7264512853225396,map,19.425817431001633
10,20,0.9386682554558284,-1.9750004317611456,-1.678402354819563,map,19.425817431001633
10,21,0.9332670910669822,-2.0250004325062037,-1.640142364626715,map,19.425817431001633
10,22,0.9297942204737172,-2.0750004332512617,-1.6130140116369986,map,19.425817431001633
10,23,0.9276820812059171,-2.1250004339963198,-1.5953345792172582,map,19.425817431001633
10,24,0.926454922255261,-2.175000434741378,-1.584525332121216,map,19.425817431001633
10,25,0.9257684288468031,-2.225000435486436,-1.5782407620284689,map,19.425817431001633
10,26,0.9253962002032964,-2.275000436231494,-1.5747371008849609,map,19.425817431001633
10,27,0.9251991604758667,-2.325000436976552,-1.572861201408433,map,19.425817431001633
10,28,0.9250959165969175,-2.37500043772161,-1.5719134010242852,map,19.425817431001633
10,29,0.9250400628613833,-2.425000438466668,-1.5715061488252062,map,19.425817431001633
10,30,0.9250045717533782,-2.475000439211726,-1.5714616723501693,map,19.425817431001633
10,31,0.9249713044702099,-2.5250004399567842,-1.5717570021101142,map,19.425817431001633
10,32,0.9249232706889565,-2.5750004407018423,-1.5725140890658444,map,19.425817431001633
10,33,0.9248373824896523,-2.6250004414469004,-1.5740321828624033,map,19.425817431001633
10,34,0.9246755891191656,-2.6750004421919584,-1.5768592745661767,map,19.425817431001633
10,35,0.9243724380115308,-2.7250004429370165,-1.5818903264438682,map,19.425817431001633
10,36,0.923817715262791,-2.7750004436820745,-1.59045105581979,map,19.425817431001633
10,37,0.9228348522309032,-2.8250004444271326,-1.6042650092069919,map,19.425817431001633
10,38,0.9211607929713448,-2.8750004451721907,-1.6251101330915203,map,19.425817431001633
10,39,0.9184424290418022,-2.9250004459172487,-1.653912791976651,map,19.425817431001633
10,40,0.9142770092453779,-2.975000446662307,-1.6892240691370444,map,19.425817431001633
10,41,0.9083277831096623,-3.025000447407365,-1.7258837279553616,map,19.425817431001633
10,42,0.9005106392975453,-3.075000448152423,-1.756291809900388,map,19.425817431001633
10,43,0.8911280029554072,-3.125000448897481,-1.7773225697375232,map,19.425817431001633
10,44,0.880652325407532,-3.175000449642539,-1.7995169763503869,map,19.425817431001633
10,45,0.8690126113682959,-3.225000450387597,-1.8346455537625466,map,19.425817431001633
10,46,0.8555052404725996,-3.275000451132655,-1.8863672696501732,map,19.425817431001633
10,47,0.8391811839431302,-3.325000451877713,-1.9488223826571827,map,19.425817431001633
10,48,0.8193248999893883,-3.3750004526227713,-2.0132925620441706,map,19.425817431001633
10,49,0.7956332192289071,-3.4250004533678293,-2.0776745412882884,map,19.425817431001633
10,50,0.7678698533042604,-3.4750004541128874,-2.1400746504956816,map,19.425817431001633
10,51,0.735872310226967,-3.5250004548579454,-2.199211101668301,map,19.425817431001633
10,52,0.699537830371862,-3.5750004556030035,-2.2495401924424203,map,19.425817431001633
10,53,0.6592085337740002,-3.6250004563480616,-2.287795917972022,map,19.425817431001633
10,54,0.6156198656587664,-3.6750004570931196,-2.314384021818407,map,19.425817431001633
10,55,0.5696353621179298,-3.7250004578381777,-2.331649760684726,map,19.425817431001633
10,56,0.5220315029137153,-3.7750004585832357,-2.3422799045112956,map,19.425817431001633
10,57,0.47340395226020726,-3.825000459328294,-2.348544080471986,map,19.425817431001633
10,58,0.4241631987587524,-3.875000460073352,-2.3521004589855967,map,19.425817431001633
10,59,0.37457093413410536,-3.92500046081841,-2.3540554228316846,map,19.425817431001633
10,60,0.3247843838689016,-3.975000461563468,-2.3551001619831196,map,19.425817431001633
10,61,0.274893696365469,-4.025000462308526,-2.35564464579542,map,19.425817431001633
10,62,0.22494864985018553,-4.075000463053584,-2.3559217989158117,map,19.425817431001633
10,63,0.17497591079983654,-4.125000463798642,-2.3560590203982055,map,19.425817431001633
10,64,0.12498945519951916,-4.1750004645437,-2.3561232299303843,map,19.425817431001633
10,65,0.07499657997300908,-4.225000465288758,-2.356147202435601,map,19.425817431001633
10,66,0.025001307780096772,-4.275000466033816,-2.356143502936325,map,19.425817431001633
10,67,-0.024993594499235654,-4.325000466778874,-2.3561100600087905,map,19.425817431001633
10,68,-0.07498515293857783,-4.3750004675239325,-2.356029145077731,map,19.425817431001633
10,69,-0.12496862190522624,-4.4250004682689905,-2.3558593557294767,map,19.425817431001633
10,70,-0.17493512042999243,-4.475000469014049,-2.3555179427758013,map,19.425817431001633
10,71,-0.22486751216277534,-4.525000469759107,-2.3548483048566418,map,19.425817431001633
10,72,-0.2747330752690251,-4.575000470504165,-2.3535648976951737,map,19.425817431001633
10,73,-0.32447080581967125,-4.625000471249223,-2.3511662516576655,map,19.425817431001633
10,74,-0.373970494177291,-4.675000471994281,-2.346809050866877,map,19.425817431001633
10,75,-0.4230406506702339,-4.725000472739339,-2.3391480601293018,map,19.425817431001633
10,76,-0.47136441978545823,-4.775000473484397,-2.3261792235208607,map,19.425817431001633
10,77,-0.5184495102132178,-4.825000474229455,-2.3051985240269874,map,19.425817431001633
10,78,-0.5635933486002717,-4.875000474974513,-2.2731468443478833,map,19.425817431001633
10,79,-0.6059090717462592,-4.925000475719571,-2.227869071035487,map,19.425817431001633
10,80,-0.6444803261117414,-4.975000476464629,-2.1708651246109385,map,19.425817431001633
10,81,-0.678692217184533,-5.025000477209687,-2.1105138637588765,map,19.425817431001633
10,82,-0.7086445042140115,-5.075000477954745,-2.0600071380596883,map,19.425817431001633
10,83,-0.7352632474973516,-5.125000478699803,-2.024800187324629,map,19.425817431001633
10,84,-0.7596633874368585,-5.175000479444861,-2.0008613180778325,map,19.425817431001633
10,85,-0.782598372125646,-5.2250004801899195,-1.9857787756572678,map,19.425817431001633
10,86,-0.8046267606692312,-5.2750004809349775,-1.9786355437650407,map,19.425817431001633
10,87,-0.8262299933297026,-5.325000481680036,-1.9835229214937764,map,19.425817431001633
10,88,-0.8481238296009586,-5.375000482425094,-1.99970971945641,map,19.425817431001633
10,89,-0.8709891559944066,-5.425000483170152,-2.020864825692908,map,19.425817431001633
10,90,-0.8951461339040512,-5.47500048391521,-2.043315001035942,map,19.425817431001633
10,91,-0.9207030607371741,-5.525000484660268,-2.0621644615891968,map,19.425817431001633
10,92,-0.9474604013479266,-5.575000485405326,-2.074236844865557,map,19.425817431001633
10,93,-0.974999314174056,-5.625000486150384,2.8819630241815357,map,19.425817431001633
11,0,1.0250007156282663,-1.3250004220753908,-1.5820809297810547,map,20.45809833900057
11,1,1.0244364615192154,-1.3750004228204489,-1.586431326622651,map,20.45809833900057
11,2,1.0236546478095143,-1.425000423565507,-1.5961459504080844,map,20.45809833900057
11,3,1.0223868950442474,-1.475000424310565,-1.613109181177205,map,20.45809833900057
11,4,1.0202699887889093,-1.525000425055623,-1.6395757754962346,map,20.45809833900057
11,5,1.016825583206133,-1.5750004258006811,-1.676935610732415,map,20.45809833900057
11,6,1.0114986000965414,-1.6250004265457392,-1.7234958899351154,map,20.45809833900057
11,7,1.0038037210830475,-1.6750004272907972,-1.7719926015890917,map,20.45809833900057
11,8,0.9936059324540791,-1.7250004280358553,-1.8094559003082442,map,20.45809833900057
11,9,0.9814411088671054,-1.7750004287809134,-1.8229156930719301,map,20.45809833900057
11,10,0.9685610739322033,-1.8250004295259714,-1.8094467718158527,map,20.45809833900057
11,11,0.9563967337860034,-1.8750004302710295,-1.7719684490572463,map,20.45809833900057
11,12,0.9462002030122478,-1.9250004310160875,-1.7234416903075445,map,20.45809833900057
11,13,0.9385080981414947,-1.9750004317611456,-1.6768193420368036,map,20.45809833900057
11,14,0.9331869943805189,-2.0250004325062037,-1.6393322617110646,map,20.45809833900057
11,15,0.9297548220628171,-2.0750004332512617,-1.6126086890647413,map,20.45809833900057
11,16,0.9276629847413864,-2.1250004339963198,-1.5951354754697296,map,20.45809833900057
11,17,0.9264457869263929,-2.175000434741378,-1.5844290222609634,map,20.45809833900057
11,18,0.9257641099124305,-2.225000435486436,-1.5781947914063672,map,20.45809833900057
11,19,0.9253941799266665,-2.275000436231494,-1.5747154149511151,map,20.45809833900057
11,20,0.9251982245126917,-2.325000436976552,-1.5728510787597882,map,20.45809833900057
11,21,0.9250954867683298,-2.37500043772161,-1.5719087207755118,map,20.45809833900057
11,22,0.9250398670455285,-2.425000438466668,-1.5715040035717776,map,20.45809833900057
11,23,0.9250044832002504,-2.475000439211726,-1.5714606968008231,map,20.45809833900057
11,24,0.9249712646945717,-2.5250004399567842,-1.5717565616911267,map,20.45809833900057
11,25,0.9249232529342883,-2.5750004407018423,-1.5725138915600902,map,20.45809833900057
11,26,0.9248373746103011,-2.6250004414469004,-1.5740320948363737,map,20.45809833900057
11,27,0.924675585641162,-2.6750004421919584,-1.5768592355583064,map,20.45809833900057
11,28,0.9243724364839925,-2.7250004429370165,-1.581890309250453,map,20.45809833900057
11,29,0.9238177145950293,-2.7750004436820745,-1.5904510482801901,map,20.45809833900057
11,30,0.9228348519402672,-2.8250004444271326,-1.6042650059175159,map,20.45809833900057
11,31,0.9211607928453669,-2.8750004451721907,-1.6251101316640955,map,20.45809833900057
11,32,0.9184424289874065,-2.9250004459172487,-1.6539127913610547,map,20.45809833900057
11,33,0.9142770092219756,-2.975000446662307,-1.6892240688734104,map,20.45809833900057
11,34,0.9083277830996284,-3.025000447407365,-1.7258837278431889,map,20.45809833900057
11,35,0.900510639293257,-3.075000448152423,-1.7562918098528373,map,20.45809833900057
11,36,0.8911280029535802,-3.125000448897481,-1.77732256971739,map,20.45809833900057
11,37,0.8806523254067559,-3.175000449642539,-1.7995169763418983,map,20.45809833900057
11,38,0.8690126113679671,-3.225000450387597,-1.834645553759006,map,20.45809833900057
11,39,0.8555052404724608,-3.275000451132655,-1.88636726964872,map,20.45809833900057
11,40,0.8391811839430718,-3.325000451877713,-1.948822382656596,map,20.45809833900057
11,41,0.8193248999893639,-3.3750004526227713,-2.0132925620439384,map,20.45809833900057
11,42,0.7956332192288968,-3.4250004533678293,-2.0776745412881987,map,20.45809833900057
11,43,0.7678698533042561,-3.4750004541128874,-2.140074650495647,map,20.45809833900057
11,44,0.7358723102269651,-3.5250004548579454,-2.1992111016682863,map,20.45809833900057
11,45,0.6995378303718612,-3.5750004556030035,-2.249540192442415,map,20.45809833900057
11,46,0.6592085337739999,-3.6250004563480616,-2.2877959179720198,map,20.45809833900057
11,47,0.6156198656587663,-3.6750004570931196,-2.314384021818407,map,20.45809833900057
11,48,0.5696353621179296,-3.7250004578381777,-2.331649760684726,map,20.45809833900057
11,49,0.5220315029137151,-3.7750004585832357,-2.342279904511295,map,20.45809833900057
11,50,0.4734039522602072,-3.825000459328294,-2.348544080471986,map,20.45809833900057
11,51,0.42416319875875236,-3.875000460073352,-2.3521004589855963,map,20.45809833900057
11,52,0.37457093413410536,-3.92500046081841,-2.3540554228316846,map,20.45809833900057
11,53,0.3247843838689016,-3.975000461563468,-2.3551001619831196,map,20.45809833900057
11,54,0.274893696365469,-4.025000462308526,-2.35564464579542,map,20.45809833900057
11,55,0.22494864985018553,-4.075000463053584,-2.3559217989158117,map,20.45809833900057
11,56,0.17497591079983654,-4.125000463798642,-2.3560590203982055,map,20.45809833900057
11,57,0.12498945519951916,-4.1750004645437,-2.3561232299303843,map,20.45809833900057
11,58,0.07499657997300908,-4.225000465288758,-2.356147202435601,map,20.45809833900057
11,59,0.025001307780096772,-4.275000466033816,-2.356143502936325,map,20.45809833900057
11,60,-0.024993594499235654,-4.325000466778874,-2.3561100600087905,map,20.45809833900057
11,61,-0.07498515293857783,-4.3750004675239325,-2.356029145077731,map,20.45809833900057
11,62,-0.12496862190522624,-4.4250004682689905,-2.3558593557294767,map,20.45809833900057
11,63,-0.17493512042999243,-4.475000469014049,-2.3555179427758013,map,20.45809833900057
11,64,-0.22486751216277534,-4.525000469759107,-2.3548483048566418,map,20.45809833900057
11,65,-0.2747330752690251,-4.575000470504165,-2.3535648976951737,map,20.45809833900057
11,66,-0.32447080581967125,-4.625000471249223,-2.3511662516576655,map,20.45809833900057
11,67,-0.373970494177291,-4.675000471994281,-2.346809050866877,map,20.45809833900057
11,68,-0.4230406506702339,-4.725000472739339,-2.3391480601293018,map,20.45809833900057
11,69,-0.47136441978545823,-4.775000473484397,-2.3261792235208607,map,20.45809833900057
11,70,-0.5184495102132178,-4.825000474229455,-2.3051985240269874,map,20.45809833900057
11,71,-0.5635933486002717,-4.875000474974513,-2.2731468443478833,map,20.45809833900057
11,72,-0.6059090717462592,-4.925000475719571,-2.227869071035487,map,20.45809833900057
11,73,-0.6444803261117414,-4.975000476464629,-2.1708651246109385,map,20.45809833900057
11,74,-0.678692217184533,-5.025000477209687,-2.1105138637588765,map,20.45809833900057
11,75,-0.7086445042140115,-5.075000477954745,-2.0600071380596883,map,20.45809833900057
11,76,-0.7352632474973516,-5.125000478699803,-2.024800187324629,map,20.45809833900057
11,77,-0.7596633874368585,-5.175000479444861,-2.0008613180778325,map,20.45809833900057
11,78,-0.782598372125646,-5.2250004801899195,-1.9857787756572678,map,20.45809833900057
11,79,-0.8046267606692312,-5.2750004809349775,-1.9786355437650407,map,20.45809833900057
11,80,-0.8262299933297026,-5.325000481680036,-1.9835229214937764,map,20.45809833900057
11,81,-0.8481238296009586,-5.375000482425094,-1.99970971945641,map,20.45809833900057
11,82,-0.8709891559944066,-5.425000483170152,-2.020864825692908,map,20.45809833900057
11,83,-0.8951461339040512,-5.47500048391521,-2.043315001035942,map,20.45809833900057
11,84,-0.9207030607371741,-5.525000484660268,-2.0621644615891968,map,20.45809833900057
11,85,-0.9474604013479266,-5.575000485405326,-2.074236844865557,map,20.45809833900057
11,86,-0.974999314174056,-5.625000486150384,2.8819630241815357,map,20.45809833900057
12,0,0.9250007141381502,-1.6250004265457392,-1.5707963276962,map,21.48751524600084
12,1,0.925000714093085,-1.6750004272907972,-1.5707963283675563,map,21.48751524600084
12,2,0.925000714014452,-1.7250004280358553,-1.5707963301967196,map,21.48751524600084
12,3,0.9250007138443609,-1.7750004287809134,-1.570796334498241,map,21.48751524600084
12,4,0.9250007134591937,-1.8250004295259714,-1.5707963443278115,map,21.48751524600084
12,5,0.9250007125825479,-1.8750004302710295,-1.570796366575062,map,21.48751524600084
12,6,0.9250007105935396,-1.9250004310160875,-1.5707964166045927,map,21.48751524600084
12,7,0.9250007061030547,-1.9750004317611456,-1.5707965284158356,map,21.48751524600084
12,8,0.9250006960220076,-2.0250004325062037,-1.5707967766688988,map,21.48751524600084
12,9,0.9250006735283072,-2.0750004332512617,-1.570797323964613,map,21.48751524600084
12,10,0.9250006236698206,-2.1250004339963198,-1.5707985212401758,map,21.48751524600084
12,11,0.925000513947555,-2.175000434741378,-1.5708011183848232,map,21.48751524600084
12,12,0.9250002743680551,-2.225000435486436,-1.5708067000800388,map,21.48751524600084
12,13,0.9249997557037902,-2.275000436231494,-1.570818573762041,map,21.48751524600084
12,14,0.9249986433554163,-2.325000436976552,-1.5708435465181754,map,21.48751524600084
12,15,0.9249962823692154,-2.37500043772161,-1.570895407049944,map,21.48751524600084
12,16,0.924991328356373,-2.425000438466668,-1.5710015812380218,map,21.48751524600084
12,17,0.9249810656339197,-2.475000439211726,-1.5712154765593769,map,21.48751524600084
12,18,0.9249601081441561,-2.5250004399567842,-1.571638536936011,map,21.48751524600084
12,19,0.9249179976265163,-2.5750004407018423,-1.5724577912178677,map,21.48751524600084
12,20,0.9248349243276895,-2.6250004414469004,-1.5740057265675058,map,21.48751524600084
12,21,0.9246744537857055,-2.6750004421919584,-1.5768469671899852,map,21.48751524600084
12,22,0.9243719180694646,-2.7250004429370165,-1.5818846537664164,map,21.48751524600084
12,23,0.9238174789894954,-2.7750004436820745,-1.5904484634439313,map,21.48751524600084
12,24,0.9228347456264816,-2.8250004444271326,-1.604263834106105,map,21.48751524600084
12,25,0.9211607451878299,-2.8750004451721907,-1.6251096047458595,map,21.48751524600084
12,26,0.9184424077536542,-2.9250004459172487,-1.653912556463202,map,21.48751524600084
12,27,0.9142769998146288,-2.975000446662307,-1.6892239651145908,map,21.48751524600084
12,28,0.9083277789536699,-3.025000447407365,-1.7258836823999073,map,21.48751524600084
12,29,0.9005106374750014,-3.075000448152423,-1.7562917900601773,map,21.48751524600084
12,30,0.891128002159806,-3.125000448897481,-1.7773225611202148,map,21.48751524600084
12,31,0.8806523250617095,-3.175000449642539,-1.7995169726298685,map,21.48751524600084
12,32,0.8690126112185806,-3.225000450387597,-1.8346455521754874,map,21.48751524600084
12,33,0.8555052404080284,-3.275000451132655,-1.8863672689846893,map,21.48751524600084
12,34,0.83918118391538,-3.325000451877713,-1.948822382383121,map,21.48751524600084
12,35,0.8193248999775022,-3.3750004526227713,-2.013292561932927,map,21.48751524600084
12,36,0.795633219223832,-3.4250004533678293,-2.0776745412437325,map,21.48751524600084
12,37,0.7678698533021,-3.4750004541128874,-2.1400746504780397,map,21.48751524600084
12,38,0.7358723102260499,-3.5250004548579454,-2.19921110166138,map,21.48751524600084
12,39,0.6995378303714738,-3.5750004556030035,-2.2495401924397003,map,21.48751524600084
12,40,0.6592085337738365,-3.6250004563480616,-2.2877959179709446,map,21.48751524600084
12,41,0.6156198656586974,-3.6750004570931196,-2.314384021817974,map,21.48751524600084
12,42,0.5696353621179008,-3.7250004578381777,-2.33164976068455,map,21.48751524600084
12,43,0.522031502913703,-3.7750004585832357,-2.3422799045112224,map,21.48751524600084
12,44,0.47340395226020215,-3.825000459328294,-2.348544080471956,map,21.48751524600084
12,45,0.42416319875875025,-3.875000460073352,-2.352100458985584,map,21.48751524600084
12,46,0.37457093413410447,-3.92500046081841,-2.3540554228316792,map,21.48751524600084
12,47,0.3247843838689013,-3.975000461563468,-2.3551001619831173,map,21.48751524600084
12,48,0.2748936963654689,-4.025000462308526,-2.355644645795419,map,21.48751524600084
12,49,0.2249486498501855,-4.075000463053584,-2.3559217989158117,map,21.48751524600084
12,50,0.17497591079983651,-4.125000463798642,-2.3560590203982055,map,21.48751524600084
12,51,0.12498945519951915,-4.1750004645437,-2.3561232299303843,map,21.48751524600084
12,52,0.07499657997300908,-4.225000465288758,-2.356147202435601,map,21.48751524600084
12,53,0.025001307780096772,-4.275000466033816,-2.356143502936325,map,21.48751524600084
12,54,-0.024993594499235654,-4.325000466778874,-2.3561100600087905,map,21.48751524600084
12,55,-0.07498515293857783,-4.3750004675239325,-2.356029145077731,map,21.48751524600084
12,56,-0.12496862190522624,-4.4250004682689905,-2.3558593557294767,map,21.48751524600084
12,57,-0.17493512042999243,-4.475000469014049,-2.3555179427758013,map,21.48751524600084
12,58,-0.22486751216277534,-4.525000469759107,-2.3548483048566418,map,21.48751524600084
12,59,-0.2747330752690251,-4.575000470504165,-2.3535648976951737,map,21.48751524600084
12,60,-0.32447080581967125,-4.625000471249223,-2.3511662516576655,map,21.48751524600084
12,61,-0.373970494177291,-4.675000471994281,-2.346809050866877,map,21.48751524600084
12,62,-0.4230406506702339,-4.725000472739339,-2.3391480601293018,map,21.48751524600084
12,63,-0.47136441978545823,-4.775000473484397,-2.3261792235208607,map,21.48751524600084
12,64,-0.5184495102132178,-4.825000474229455,-2.3051985240269874,map,21.48751524600084
12,65,-0.5635933486002717,-4.875000474974513,-2.2731468443478833,map,21.48751524600084
12,66,-0.6059090717462592,-4.925000475719571,-2.227869071035487,map,21.48751524600084
12,67,-0.6444803261117414,-4.975000476464629,-2.1708651246109385,map,21.48751524600084
12,68,-0.678692217184533,-5.025000477209687,-2.1105138637588765,map,21.48751524600084
12,69,-0.7086445042140115,-5.075000477954745,-2.0600071380596883,map,21.48751524600084
12,70,-0.7352632474973516,-5.125000478699803,-2.024800187324629,map,21.48751524600084
12,71,-0.7596633874368585,-5.175000479444861,-2.0008613180778325,map,21.48751524600084
12,72,-0.782598372125646,-5.2250004801899195,-1.9857787756572678,map,21.48751524600084
12,73,-0.8046267606692312,-5.2750004809349775,-1.9786355437650407,map,21.48751524600084
12,74,-0.8262299933297026,-5.325000481680036,-1.9835229214937764,map,21.48751524600084
12,75,-0.8481238296009586,-5.375000482425094,-1.99970971945641,map,21.48751524600084
12,76,-0.8709891559944066,-5.425000483170152,-2.020864825692908,map,21.48751524600084
12,77,-0.8951461339040512,-5.47500048391521,-2.043315001035942,map,21.48751524600084
12,78,-0.9207030607371741,-5.525000484660268,-2.0621644615891968,map,21.48751524600084
12,79,-0.9474604013479266,-5.575000485405326,-2.074236844865557,map,21.48751524600084
12,80,-0.974999314174056,-5.625000486150384,2.8819630241815357,map,21.48751524600084
13,0,0.9250007141381502,-1.9250004310160875,-1.5707964563777215,map,22.51379616200211
13,1,0.9250007076590089,-1.9750004317611456,-1.570796545938512,map,22.51379616200211
13,2,0.9250006967018279,-2.0250004325062037,-1.5707967843508053,map,22.51379616200211
13,3,0.9250006738240322,-2.0750004332512617,-1.570797327316849,map,22.51379616200211
13,4,0.9250006237979338,-2.1250004339963198,-1.5707985226967152,map,22.51379616200211
13,5,0.9250005140028412,-2.175000434741378,-1.5708011190151214,map,22.51379616200211
13,6,0.9250002743918264,-2.225000435486436,-1.5708067003517503,map,22.51379616200211
13,7,0.924999755713976,-2.275000436231494,-1.5708185738787541,map,22.51379616200211
13,8,0.9249986433597663,-2.325000436976552,-1.5708435465681332,map,22.51379616200211
13,9,0.9249962823710676,-2.37500043772161,-1.5708954070712602,map,22.51379616200211
13,10,0.9249913283571594,-2.425000438466668,-1.5710015812470925,map,22.51379616200211
13,11,0.9249810656342525,-2.475000439211726,-1.5712154765632202,map,22.51379616200211
13,12,0.9249601081442967,-2.5250004399567842,-1.5716385369376387,map,22.51379616200211
13,13,0.9249179976265756,-2.5750004407018423,-1.5724577912185536,map,22.51379616200211
13,14,0.9248349243277145,-2.6250004414469004,-1.5740057265677967,map,22.51379616200211
13,15,0.9246744537857159,-2.6750004421919584,-1.5768469671901075,map,22.51379616200211
13,16,0.924371918069469,-2.7250004429370165,-1.5818846537664675,map,22.51379616200211
13,17,0.9238174789894972,-2.7750004436820745,-1.5904484634439535,map,22.51379616200211
13,18,0.9228347456264823,-2.8250004444271326,-1.604263834106114,map,22.51379616200211
13,19,0.9211607451878301,-2.8750004451721907,-1.625109604745864,map,22.51379616200211
13,20,0.9184424077536542,-2.9250004459172487,-1.6539125564632,map,22.51379616200211
13,21,0.914276999814629,-2.975000446662307,-1.6892239651145928,map,22.51379616200211
13,22,0.9083277789536699,-3.025000447407365,-1.7258836823999073,map,22.51379616200211
13,23,0.9005106374750014,-3.075000448152423,-1.7562917900601773,map,22.51379616200211
13,24,0.891128002159806,-3.125000448897481,-1.7773225611202148,map,22.51379616200211
13,25,0.8806523250617095,-3.175000449642539,-1.7995169726298685,map,22.51379616200211
13,26,0.8690126112185806,-3.225000450387597,-1.8346455521754874,map,22.51379616200211
13,27,0.8555052404080284,-3.275000451132655,-1.8863672689846893,map,22.51379616200211
13,28,0.83918118391538,-3.325000451877713,-1.948822382383121,map,22.51379616200211
13,29,0.8193248999775022,-3.3750004526227713,-2.013292561932927,map,22.51379616200211
13,30,0.795633219223832,-3.4250004533678293,-2.0776745412437325,map,22.51379616200211
13,31,0.7678698533021,-3.4750004541128874,-2.1400746504780397,map,22.51379616200211
13,32,0.7358723102260499,-3.5250004548579454,-2.19921110166138,map,22.51379616200211
13,33,0.6995378303714738,-3.5750004556030035,-2.2495401924397003,map,22.51379616200211
13,34,0.6592085337738365,-3.6250004563480616,-2.2877959179709446,map,22.51379616200211
13,35,0.6156198656586974,-3.6750004570931196,-2.314384021817974,map,22.51379616200211
13,36,0.5696353621179008,-3.7250004578381777,-2.33164976068455,map,22.51379616200211
13,37,0.522031502913703,-3.7750004585832357,-2.3422799045112224,map,22.51379616200211
13,38,0.47340395226020215,-3.825000459328294,-2.348544080471956,map,22.51379616200211
13,39,0.42416319875875025,-3.875000460073352,-2.352100458985584,map,22.51379616200211
13,40,0.37457093413410447,-3.92500046081841,-2.3540554228316792,map,22.51379616200211
13,41,0.3247843838689013,-3.975000461563468,-2.3551001619831173,map,22.51379616200211
13,42,0.2748936963654689,-4.025000462308526,-2.355644645795419,map,22.51379616200211
13,43,0.2249486498501855,-4.075000463053584,-2.3559217989158117,map,22.51379616200211
13,44,0.17497591079983651,-4.125000463798642,-2.3560590203982055,map,22.51379616200211
13,45,0.12498945519951915,-4.1750004645437,-2.3561232299303843,map,22.51379616200211
13,46,0.07499657997300908,-4.225000465288758,-2.356147202435601,map,22.51379616200211
13,47,0.025001307780096772,-4.275000466033816,-2.356143502936325,map,22.51379616200211
13,48,-0.024993594499235654,-4.325000466778874,-2.3561100600087905,map,22.51379616200211
13,49,-0.07498515293857783,-4.3750004675239325,-2.356029145077731,map,22.51379616200211
13,50,-0.12496862190522624,-4.4250004682689905,-2.3558593557294767,map,22.51379616200211
13,51,-0.17493512042999243,-4.475000469014049,-2.3555179427758013,map,22.51379616200211
13,52,-0.22486751216277534,-4.525000469759107,-2.3548483048566418,map,22.51379616200211
13,53,-0.2747330752690251,-4.575000470504165,-2.3535648976951737,map,22.51379616200211
13,54,-0.32447080581967125,-4.625000471249223,-2.3511662516576655,map,22.51379616200211
13,55,-0.373970494177291,-4.675000471994281,-2.346809050866877,map,22.51379616200211
13,56,-0.4230406506702339,-4.725000472739339,-2.3391480601293018,map,22.51379616200211
13,57,-0.47136441978545823,-4.775000473484397,-2.3261792235208607,map,22.51379616200211
13,58,-0.5184495102132178,-4.825000474229455,-2.3051985240269874,map,22.51379616200211
13,59,-0.5635933486002717,-4.875000474974513,-2.2731468443478833,map,22.51379616200211
13,60,-0.6059090717462592,-4.925000475719571,-2.227869071035487,map,22.51379616200211
13,61,-0.6444803261117414,-4.975000476464629,-2.1708651246109385,map,22.51379616200211
13,62,-0.678692217184533,-5.025000477209687,-2.1105138637588765,map,22.51379616200211
13,63,-0.7086445042140115,-5.075000477954745,-2.0600071380596883,map,22.51379616200211
13,64,-0.7352632474973516,-5.125000478699803,-2.024800187324629,map,22.51379616200211
13,65,-0.7596633874368585,-5.175000479444861,-2.0008613180778325,map,22.51379616200211
13,66,-0.782598372125646,-5.2250004801899195,-1.9857787756572678,map,22.51379616200211
13,67,-0.8046267606692312,-5.2750004809349775,-1.9786355437650407,map,22.51379616200211
13,68,-0.8262299933297026,-5.325000481680036,-1.9835229214937764,map,22.51379616200211
13,69,-0.8481238296009586,-5.375000482425094,-1.99970971945641,map,22.51379616200211
13,70,-0.8709891559944066,-5.425000483170152,-2.020864825692908,map,22.51379616200211
13,71,-0.8951461339040512,-5.47500048391521,-2.043315001035942,map,22.51379616200211
13,72,-0.9207030607371741,-5.525000484660268,-2.0621644615891968,map,22.51379616200211
13,73,-0.9474604013479266,-5.575000485405326,-2.074236844865557,map,22.51379616200211
13,74,-0.974999314174056,-5.625000486150384,2.8819630241815357,map,22.51379616200211
14,0,0.9250007141381502,-2.175000434741378,-1.5708033128196135,map,23.544333085999824
14,1,0.9250003648369092,-2.225000435486436,-1.570807697244597,map,23.544333085999824
14,2,0.9249997963144156,-2.275000436231494,-1.5708190236347372,map,23.544333085999824
14,3,0.9249986614724065,-2.325000436976552,-1.5708437481398467,map,23.544333085999824
14,4,0.9249962904051219,-2.37500043772161,-1.5708954968605762,map,23.544333085999824
14,5,0.9249913319017478,-2.425000438466668,-1.5710016210171796,map,23.544333085999824
14,6,0.9249810671903365,-2.475000439211726,-1.5712154940858358,map,23.544333085999824
14,7,0.9249601088242497,-2.5250004399567842,-1.5716385446202275,map,23.544333085999824
14,8,0.9249179979223988,-2.5750004407018423,-1.572457794571471,map,23.544333085999824
14,9,0.9248349244558914,-2.6250004414469004,-1.5740057280248294,map,23.544333085999824
14,10,0.9246744538410404,-2.6750004421919584,-1.5768469678207109,map,23.544333085999824
14,11,0.9243719180932621,-2.7250004429370165,-1.5818846540383433,map,23.544333085999824
14,12,0.9238174789996949,-2.7750004436820745,-1.5904484635607306,map,23.544333085999824
14,13,0.9228347456308389,-2.8250004444271326,-1.6042638341560802,map,23.544333085999824
14,14,0.9211607451896856,-2.8750004451721907,-1.6251096047671505,map,23.544333085999824
14,15,0.9184424077544422,-2.9250004459172487,-1.6539125564722235,map,23.544333085999824
14,16,0.9142769998149627,-2.975000446662307,-1.6892239651183913,map,23.544333085999824
14,17,0.908327778953811,-3.025000447407365,-1.7258836824015005,map,23.544333085999824
14,18,0.9005106374750609,-3.075000448152423,-1.756291790060842,map,23.544333085999824
14,19,0.8911280021598311,-3.125000448897481,-1.7773225611204908,map,23.544333085999824
14,20,0.8806523250617202,-3.175000449642539,-1.7995169726299864,map,23.544333085999824
14,21,0.8690126112185851,-3.225000450387597,-1.8346455521755374,map,23.544333085999824
14,22,0.8555052404080302,-3.275000451132655,-1.8863672689847073,map,23.544333085999824
14,23,0.8391811839153808,-3.325000451877713,-1.9488223823831303,map,23.544333085999824
14,24,0.8193248999775025,-3.3750004526227713,-2.013292561932929,map,23.544333085999824
14,25,0.7956332192238321,-3.4250004533678293,-2.0776745412437343,map,23.544333085999824
14,26,0.7678698533021,-3.4750004541128874,-2.1400746504780397,map,23.544333085999824
14,27,0.7358723102260499,-3.5250004548579454,-2.19921110166138,map,23.544333085999824
14,28,0.6995378303714738,-3.5750004556030035,-2.2495401924397003,map,23.544333085999824
14,29,0.6592085337738365,-3.6250004563480616,-2.2877959179709446,map,23.544333085999824
14,30,0.6156198656586974,-3.6750004570931196,-2.314384021817974,map,23.544333085999824
14,31,0.5696353621179008,-3.7250004578381777,-2.33164976068455,map,23.544333085999824
14,32,0.522031502913703,-3.7750004585832357,-2.3422799045112224,map,23.544333085999824
14,33,0.47340395226020215,-3.825000459328294,-2.348544080471956,map,23.544333085999824
14,34,0.42416319875875025,-3.875000460073352,-2.352100458985584,map,23.544333085999824
14,35,0.37457093413410447,-3.92500046081841,-2.3540554228316792,map,23.544333085999824
14,36,0.3247843838689013,-3.975000461563468,-2.3551001619831173,map,23.544333085999824
14,37,0.2748936963654689,-4.025000462308526,-2.355644645795419,map,23.544333085999824
14,38,0.2249486498501855,-4.075000463053584,-2.3559217989158117,map,23.544333085999824
14,39,0.17497591079983651,-4.125000463798642,-2.3560590203982055,map,23.544333085999824
14,40,0.12498945519951915,-4.1750004645437,-2.3561232299303843,map,23.544333085999824
14,41,0.07499657997300908,-4.225000465288758,-2.356147202435601,map,23.544333085999824
14,42,0.025001307780096772,-4.275000466033816,-2.356143502936325,map,23.544333085999824
14,43,-0.024993594499235654,-4.325000466778874,-2.3561100600087905,map,23.544333085999824
14,44,-0.07498515293857783,-4.3750004675239325,-2.356029145077731,map,23.544333085999824
14,45,-0.12496862190522624,-4.4250004682689905,-2.3558593557294767,map,23.544333085999824
14,46,-0.17493512042999243,-4.475000469014049,-2.3555179427758013,map,23.544333085999824
14,47,-0.22486751216277534,-4.525000469759107,-2.3548483048566418,map,23.544333085999824
14,48,-0.2747330752690251,-4.575000470504165,-2.3535648976951737,map,23.544333085999824
14,49,-0.32447080581967125,-4.625000471249223,-2.3511662516576655,map,23.544333085999824
14,50,-0.373970494177291,-4.675000471994281,-2.346809050866877,map,23.544333085999824
14,51,-0.4230406506702339,-4.725000472739339,-2.3391480601293018,map,23.544333085999824
14,52,-0.47136441978545823,-4.775000473484397,-2.3261792235208607,map,23.544333085999824
14,53,-0.5184495102132178,-4.825000474229455,-2.3051985240269874,map,23.544333085999824
14,54,-0.5635933486002717,-4.875000474974513,-2.2731468443478833,map,23.544333085999824
14,55,-0.6059090717462592,-4.925000475719571,-2.227869071035487,map,23.544333085999824
14,56,-0.6444803261117414,-4.975000476464629,-2.1708651246109385,map,23.544333085999824
14,57,-0.678692217184533,-5.025000477209687,-2.1105138637588765,map,23.544333085999824
14,58,-0.7086445042140115,-5.075000477954745,-2.0600071380596883,map,23.544333085999824
14,59,-0.7352632474973516,-5.125000478699803,-2.024800187324629,map,23.544333085999824
14,60,-0.7596633874368585,-5.175000479444861,-2.0008613180778325,map,23.544333085999824
14,61,-0.782598372125646,-5.2250004801899195,-1.9857787756572678,map,23.544333085999824
14,62,-0.8046267606692312,-5.2750004809349775,-1.9786355437650407,map,23.544333085999824
14,63,-0.8262299933297026,-5.325000481680036,-1.9835229214937764,map,23.544333085999824
14,64,-0.8481238296009586,-5.375000482425094,-1.99970971945641,map,23.544333085999824
14,65,-0.8709891559944066,-5.425000483170152,-2.020864825692908,map,23.544333085999824
14,66,-0.8951461339040512,-5.47500048391521,-2.043315001035942,map,23.544333085999824
14,67,-0.9207030607371741,-5.525000484660268,-2.0621644615891968,map,23.544333085999824
14,68,-0.9474604013479266,-5.575000485405326,-2.074236844865557,map,23.544333085999824
14,69,-0.974999314174056,-5.625000486150384,2.8819630241815357,map,23.544333085999824
15,0,0.9250007141381502,-2.475000439211726,-1.57142073090524,map,24.574130042001343
15,1,0.9249694939281105,-2.5250004399567842,-1.5717376170856705,map,24.574130042001343
15,2,0.9249224293989703,-2.5750004407018423,-1.5725050107949075,map,24.574130042001343
15,3,0.924836995114552,-2.6250004414469004,-1.5740279733026274,map,24.574130042001343
15,4,0.9246754122242582,-2.6750004421919584,-1.5768573401005122,map,24.574130042001343
15,5,0.9243723578434625,-2.7250004429370165,-1.5818894447766974,map,24.574130042001343
15,6,0.9238176791835075,-2.7750004436820745,-1.5904506570529786,map,24.574130042001343
15,7,0.9228348360976648,-2.8250004444271326,-1.604264830170482,map,24.574130042001343
15,8,0.9211607857999669,-2.8750004451721907,-1.6251100533040863,map,24.574130042001343
15,9,0.9184424258715878,-2.9250004459172487,-1.6539127567026266,map,24.574130042001343
15,10,0.9142770078511053,-2.975000446662307,-1.6892240536761298,map,24.574130042001343
15,11,0.9083277824993797,-3.025000447407365,-1.7258837212327238,map,24.574130042001343
15,12,0.9005106390316107,-3.075000448152423,-1.75629180699209,map,24.574130042001343
15,13,0.891128002840008,-3.125000448897481,-1.7773225684822436,map,24.574130042001343
15,14,0.8806523253576519,-3.175000449642539,-1.7995169758116019,map,24.574130042001343
15,15,0.869012611346815,-3.225000450387597,-1.8346455535339812,map,24.574130042001343
15,16,0.855505240463381,-3.275000451132655,-1.8863672695548288,map,24.574130042001343
15,17,0.839181183939187,-3.325000451877713,-1.94882238261811,map,24.574130042001343
15,18,0.8193248999877067,-3.3750004526227713,-2.0132925620283837,map,24.574130042001343
15,19,0.7956332192281921,-3.4250004533678293,-2.0776745412819935,map,24.574130042001343
15,20,0.7678698533039572,-3.4750004541128874,-2.1400746504932004,map,24.574130042001343
15,21,0.7358723102268386,-3.5250004548579454,-2.19921110166733,map,24.574130042001343
15,22,0.6995378303718078,-3.5750004556030035,-2.2495401924420384,map,24.574130042001343
15,23,0.6592085337739776,-3.6250004563480616,-2.287795917971873,map,24.574130042001343
15,24,0.6156198656587568,-3.6750004570931196,-2.3143840218183467,map,24.574130042001343
15,25,0.5696353621179258,-3.7250004578381777,-2.3316497606847024,map,24.574130042001343
15,26,0.5220315029137135,-3.7750004585832357,-2.342279904511285,map,24.574130042001343
15,27,0.47340395226020654,-3.825000459328294,-2.3485440804719824,map,24.574130042001343
15,28,0.4241631987587521,-3.875000460073352,-2.3521004589855945,map,24.574130042001343
15,29,0.37457093413410525,-3.92500046081841,-2.354055422831684,map,24.574130042001343
15,30,0.32478438386890157,-3.975000461563468,-2.3551001619831196,map,24.574130042001343
15,31,0.27489369636546895,-4.025000462308526,-2.355644645795419,map,24.574130042001343
15,32,0.22494864985018553,-4.075000463053584,-2.3559217989158117,map,24.574130042001343
15,33,0.17497591079983654,-4.125000463798642,-2.3560590203982055,map,24.574130042001343
15,34,0.12498945519951916,-4.1750004645437,-2.3561232299303843,map,24.574130042001343
15,35,0.07499657997300908,-4.225000465288758,-2.356147202435601,map,24.574130042001343
15,36,0.025001307780096772,-4.275000466033816,-2.356143502936325,map,24.574130042001343
15,37,-0.024993594499235654,-4.325000466778874,-2.3561100600087905,map,24.574130042001343
15,38,-0.07498515293857783,-4.3750004675239325,-2.356029145077731,map,24.574130042001343
15,39,-0.12496862190522624,-4.4250004682689905,-2.3558593557294767,map,24.574130042001343
15,40,-0.17493512042999243,-4.475000469014049,-2.3555179427758013,map,24.574130042001343
15,41,-0.22486751216277534,-4.525000469759107,-2.3548483048566418,map,24.574130042001343
15,42,-0.2747330752690251,-4.575000470504165,-2.3535648976951737,map,24.574130042001343
15,43,-0.32447080581967125,-4.625000471249223,-2.3511662516576655,map,24.574130042001343
15,44,-0.373970494177291,-4.675000471994281,-2.346809050866877,map,24.574130042001343
15,45,-0.4230406506702339,-4.725000472739339,-2.3391480601293018,map,24.574130042001343
15,46,-0.47136441978545823,-4.775000473484397,-2.3261792235208607,map,24.574130042001343
15,47,-0.5184495102132178,-4.825000474229455,-2.3051985240269874,map,24.574130042001343
15,48,-0.5635933486002717,-4.875000474974513,-2.2731468443478833,map,24.574130042001343
15,49,-0.6059090717462592,-4.925000475719571,-2.227869071035487,map,24.574130042001343
15,50,-0.6444803261117414,-4.975000476464629,-2.1708651246109385,map,24.574130042001343
15,51,-0.678692217184533,-5.025000477209687,-2.1105138637588765,map,24.574130042001343
15,52,-0.7086445042140115,-5.075000477954745,-2.0600071380596883,map,24.574130042001343
15,53,-0.7352632474973516,-5.125000478699803,-2.024800187324629,map,24.574130042001343
15,54,-0.7596633874368585,-5.175000479444861,-2.0008613180778325,map,24.574130042001343
15,55,-0.782598372125646,-5.2250004801899195,-1.9857787756572678,map,24.574130042001343
15,56,-0.8046267606692312,-5.2750004809349775,-1.9786355437650407,map,24.574130042001343
15,57,-0.8262299933297026,-5.325000481680036,-1.9835229214937764,map,24.574130042001343
15,58,-0.8481238296009586,-5.375000482425094,-1.99970971945641,map,24.574130042001343
15,59,-0.8709891559944066,-5.425000483170152,-2.020864825692908,map,24.574130042001343
15,60,-0.8951461339040512,-5.47500048391521,-2.043315001035942,map,24.574130042001343
15,61,-0.9207030607371741,-5.525000484660268,-2.0621644615891968,map,24.574130042001343
15,62,-0.9474604013479266,-5.575000485405326,-2.074236844865557,map,24.574130042001343
15,63,-0.974999314174056,-5.625000486150384,2.8819630241815357,map,24.574130042001343
16,0,0.9250007141381502,-2.8250004444271326,-1.6238810814387525,map,25.603456439002912
16,1,0.9223439803466575,-2.8750004451721907,-1.6361586157254175,map,25.603456439002912
16,2,0.9190712038400941,-2.9250004459172487,-1.6599184877536377,map,25.603456439002912
16,3,0.9146032601898106,-2.975000446662307,-1.6923873718657216,map,25.603456439002912
16,4,0.9084935687896198,-3.025000447407365,-1.72750509342207,map,25.603456439002912
16,5,0.9005933540131227,-3.075000448152423,-1.7571052276478578,map,25.603456439002912
16,6,0.8911686081799851,-3.125000448897481,-1.777724051847199,map,25.603456439002912
16,7,0.8806719735909032,-3.175000449642539,-1.7997116667166921,map,25.603456439002912
16,8,0.8690219970234827,-3.225000450387597,-1.8347378911404062,map,25.603456439002912
16,9,0.8555096721978697,-3.275000451132655,-1.886409939817593,map,25.603456439002912
16,10,0.839183254716604,-3.325000451877713,-1.9488415986547876,map,25.603456439002912
16,11,0.8193258584278803,-3.3750004526227713,-2.0133010332574974,map,25.603456439002912
16,12,0.7956336590075274,-3.4250004533678293,-2.077678203665207,map,25.603456439002912
16,13,0.7678700535040144,-3.4750004541128874,-2.1400762073613717,map,25.603456439002912
16,14,0.735872400703613,-3.5250004548579454,-2.199211754250105,map,25.603456439002912
16,15,0.6995378709886968,-3.5750004556030035,-2.249540465014028,map,25.603456439002912
16,16,0.659208551895756,-3.6250004563480616,-2.2877960325443194,map,25.603456439002912
16,17,0.6156198736982231,-3.6750004570931196,-2.314384070485185,map,25.603456439002912
16,18,0.5696353656658568,-3.7250004578381777,-2.3316497815589563,map,25.603456439002912
16,19,0.5220315044718574,-3.7750004585832357,-2.342279913525675,map,25.603456439002912
16,20,0.47340395294131543,-3.825000459328294,-2.3485440843794616,map,25.603456439002912
16,21,0.42416319905500144,-3.875000460073352,-2.352100460682526,map,25.603456439002912
16,22,0.37457093426203963,-3.92500046081841,-2.3540554235701316,map,25.603456439002912
16,23,0.3247843839233058,-3.975000461563468,-2.3551001623064667,map,25.603456439002912
16,24,0.2748936963876091,-4.025000462308526,-2.3556446459396922,map,25.603456439002912
16,25,0.22494864985791424,-4.075000463053584,-2.3559217989833656,map,25.603456439002912
16,26,0.17497591080081354,-4.125000463798642,-2.356059020433216,map,25.603456439002912
16,27,0.12498945519699609,-4.1750004645437,-2.3561232299516925,map,25.603456439002912
16,28,0.07499657996835551,-4.225000465288758,-2.3561472024509955,map,25.603456439002912
16,29,0.025001307773903896,-4.275000466033816,-2.3561435029487603,map,25.603456439002912
16,30,-0.02499359450667195,-4.325000466778874,-2.356110060019113,map,25.603456439002912
16,31,-0.07498515294704618,-4.3750004675239325,-2.3560291450858983,map,25.603456439002912
16,32,-0.12496862191451105,-4.4250004682689905,-2.3558593557351335,map,25.603456439002912
16,33,-0.17493512043984255,-4.475000469014049,-2.355517942778567,map,25.603456439002912
16,34,-0.22486751217290166,-4.525000469759107,-2.354848304856263,map,25.603456439002912
16,35,-0.2747330752791136,-4.575000470504165,-2.3535648976916024,map,25.603456439002912
16,36,-0.3244708058294045,-4.625000471249223,-2.3511662516510796,map,25.603456439002912
16,37,-0.37397049418637224,-4.675000471994281,-2.34680905085766,map,25.603456439002912
16,38,-0.4230406506784104,-4.725000472739339,-2.339148060117983,map,25.603456439002912
16,39,-0.4713644197925402,-4.775000473484397,-2.326179223508042,map,25.603456439002912
16,40,-0.5184495102190905,-4.825000474229455,-2.3051985240132673,map,25.603456439002912
16,41,-0.5635933486048991,-4.875000474974513,-2.2731468443338354,map,25.603456439002912
16,42,-0.6059090717496811,-4.925000475719571,-2.227869071021675,map,25.603456439002912
16,43,-0.6444803261140618,-4.975000476464629,-2.170865124598006,map,25.603456439002912
16,44,-0.678692217185904,-5.025000477209687,-2.1105138637475767,map,25.603456439002912
16,45,-0.7086445042146148,-5.075000477954745,-2.060007138050711,map,25.603456439002912
16,46,-0.7352632474973788,-5.125000478699803,-2.0248001873183052,map,25.603456439002912
16,47,-0.7596633874364942,-5.175000479444861,-2.0008613180740737,map,25.603456439002912
16,48,-0.7825983721250542,-5.2250004801899195,-1.9857787756557095,map,25.603456439002912
16,49,-0.8046267606685464,-5.2750004809349775,-1.9786355437651737,map,25.603456439002912
16,50,-0.8262299933290257,-5.325000481680036,-1.983522921495045,map,25.603456439002912
16,51,-0.8481238296003573,-5.375000482425094,-1.9997097194582942,map,25.603456439002912
16,52,-0.8709891559939192,-5.425000483170152,-2.0208648256949964,map,25.603456439002912
16,53,-0.8951461339036926,-5.47500048391521,-2.043315001037974,map,25.603456439002912
16,54,-0.9207030607369436,-5.525000484660268,-2.0621644615910557,map,25.603456439002912
16,55,-0.9474604013478157,-5.575000485405326,-2.0742368448672592,map,25.603456439002912
16,56,-0.974999314174056,-5.625000486150384,2.8819630241815357,map,25.603456439002912
17,0,0.8750007133930922,-3.125000448897481,-1.6989285563662662,map,26.634134154002822
17,1,0.8685588090599154,-3.175000449642539,-1.726121074281796,map,26.634134154002822
17,2,0.8607295074059902,-3.225000450387597,-1.778024491767172,map,26.634134154002822
17,3,0.8502171877855069,-3.275000451132655,-1.8480372567761538,map,26.634134154002822
17,4,0.8359887137883978,-3.325000451877713,-1.9252771714607413,map,26.634134154002822
17,5,0.8174829761859174,-3.3750004526227713,-1.9998440030936542,map,26.634134154002822
17,6,0.7946095309800255,-3.4250004533678293,-2.0704254771652835,map,26.634134154002822
17,7,0.7673184776239896,-3.4750004541128874,-2.1363454595335147,map,26.634134154002822
17,8,0.7355831316822765,-3.5250004548579454,-2.1973639256044653,map,26.634134154002822
17,9,0.6993895942318756,-3.5750004556030035,-2.248646028274939,map,26.634134154002822
17,10,0.6591340389834255,-3.6250004563480616,-2.2873673156338086,map,26.634134154002822
17,11,0.615583073548836,-3.6750004570931196,-2.3141792267158277,map,26.634134154002822
17,12,0.5696174672944523,-3.7250004578381777,-2.3315520943355943,map,26.634134154002822
17,13,0.5220229170299489,-3.7750004585832357,-2.342233482963889,map,26.634134154002822
17,14,0.4733998826536525,-3.825000459328294,-2.348522132450022,map,26.634134154002822
17,15,0.42416129083279414,-3.875000460073352,-2.3520901525510376,map,26.634134154002822
17,16,0.37457004847082576,-3.92500046081841,-2.3540506201646396,map,26.634134154002822
17,17,0.3247839764241599,-3.975000461563468,-2.3550979418014872,map,26.634134154002822
17,18,0.27489351045354316,-4.025000462308526,-2.3556436275184987,map,26.634134154002822
17,19,0.22494856565399413,-4.075000463053584,-2.355921335415587,map,26.634134154002822
17,20,0.17497587292838213,-4.125000463798642,-2.3560588109299574,map,26.634134154002822
17,21,0.12498943826921172,-4.1750004645437,-2.3561231359032546,map,26.634134154002822
17,22,0.074996572444074,-4.225000465288758,-2.356147160496936,map,26.634134154002822
17,23,0.02500130444463144,-4.275000466033816,-2.3561434843447593,map,26.634134154002822
17,24,-0.024993595975734015,-4.325000466778874,-2.356110051816394,map,26.634134154002822
17,25,-0.07498515359597484,-4.3750004675239325,-2.356029141489093,map,26.634134154002822
17,26,-0.12496862220387805,-4.4250004682689905,-2.3558593541659505,map,26.634134154002822
17,27,-0.17493512057239635,-4.475000469014049,-2.355517942096282,map,26.634134154002822
17,28,-0.22486751223731916,-4.525000469759107,-2.354848304558808,map,26.634134154002822
17,29,-0.2747330753138655,-4.575000470504165,-2.35356489755918,map,26.634134154002822
17,30,-0.3244708058509834,-4.625000471249223,-2.351166251588095,map,26.634134154002822
17,31,-0.37397049420171535,-4.675000471994281,-2.3468090508229733,map,26.634134154002822
17,32,-0.42304065069034874,-4.725000472739339,-2.3391480600942374,map,26.634134154002822
17,33,-0.47136441980218224,-4.775000473484397,-2.3261792234882104,map,26.634134154002822
17,34,-0.5184495102268616,-4.825000474229455,-2.3051985239947483,map,26.634134154002822
17,35,-0.5635933486109894,-4.875000474974513,-2.2731468443158986,map,26.634134154002822
17,36,-0.6059090717542323,-4.925000475719571,-2.227869071004397,map,26.634134154002822
17,37,-0.6444803261172349,-4.975000476464629,-2.170865124581914,map,26.634134154002822
17,38,-0.6786922171878959,-5.025000477209687,-2.110513863733477,map,26.634134154002822
17,39,-0.7086445042156486,-5.075000477954745,-2.06000713803941,map,26.634134154002822
17,40,-0.7352632474976875,-5.125000478699803,-2.0248001873102015,map,26.634134154002822
17,41,-0.7596633874363011,-5.175000479444861,-2.0008613180690658,map,26.634134154002822
17,42,-0.7825983721245581,-5.2250004801899195,-1.985778775653357,map,26.634134154002822
17,43,-0.8046267606679098,-5.2750004809349775,-1.9786355437648688,map,26.634134154002822
17,44,-0.826229993328371,-5.325000481680036,-1.9835229214961205,map,26.634134154002822
17,45,-0.8481238295997666,-5.375000482425094,-1.9997097194601232,map,26.634134154002822
17,46,-0.8709891559934392,-5.425000483170152,-2.02086482569709,map,26.634134154002822
17,47,-0.8951461339033416,-5.47500048391521,-2.043315001040007,map,26.634134154002822
17,48,-0.9207030607367209,-5.525000484660268,-2.06216446159288,map,26.634134154002822
17,49,-0.9474604013477104,-5.575000485405326,-2.0742368448688757,map,26.634134154002822
17,50,-0.974999314174056,-5.625000486150384,2.8819630241815357,map,26.634134154002822
18,0,0.775000711902976,-3.4250004533678293,-2.033740306746608,map,27.666203687000234
18,1,0.7500446728876817,-3.4750004541128874,-2.075776294267051,map,27.666203687000234
18,2,0.7224053522624861,-3.5250004548579454,-2.141689304730596,map,27.666203687000234
18,3,0.6902938956258717,-3.5750004556030035,-2.2076966209124333,map,27.666203687000234
18,4,0.653307050740064,-3.6250004563480616,-2.260557975114944,map,27.666203687000234
18,5,0.6120602765218651,-3.6750004570931196,-2.2977918917794975,map,27.666203687000234
18,6,0.5675842057281129,-3.7250004578381777,-2.3219867807246484,map,27.666203687000234
18,7,0.5208930777676206,-3.7750004585832357,-2.3368442368124978,map,27.666203687000234
18,8,0.4727916024045198,-3.825000459328294,-2.3455747766926063,map,27.666203687000234
18,9,0.42384245279200533,-3.875000460073352,-2.350519922036651,map,27.666203687000234
18,10,0.3744067129903415,-3.92500046081841,-2.3532334058122744,map,27.666203687000234
18,11,0.3247019473345678,-3.975000461563468,-2.35468143709084,map,27.666203687000234
18,12,0.27485302342992113,-4.025000462308526,-2.355435281046499,map,27.666203687000234
18,13,0.2249288860190177,-4.075000463053584,-2.355818838554754,map,27.666203687000234
18,14,0.17496643633392767,-4.125000463798642,-2.3560091320627623,map,27.666203687000234
18,15,0.12498496796718932,-4.1750004645437,-2.3560993755470134,map,27.666203687000234
18,16,0.07499447778224125,-4.225000465288758,-2.356135931262284,map,27.666203687000234
18,17,0.025000332587388485,-4.275000466033816,-2.3561382340660977,map,27.666203687000234
18,18,-0.024994042861412463,-4.325000466778874,-2.356107620705716,map,27.666203687000234
18,19,-0.07498535741222158,-4.3750004675239325,-2.356028025593906,map,27.666203687000234
18,20,-0.12496871446761906,-4.4250004682689905,-2.3558588459908294,map,27.666203687000234
18,21,-0.174935162052689,-4.475000469014049,-2.355517712300038,map,27.666203687000234
18,22,-0.22486753076904392,-4.525000469759107,-2.354848201280485,map,27.666203687000234
18,23,-0.27473308354549053,-4.575000470504165,-2.3535648513750216,map,27.666203687000234
18,24,-0.3244708094883547,-4.625000471249223,-2.3511662310083024,map,27.666203687000234
18,25,-0.373970495801597,-4.675000471994281,-2.3468090416654226,map,27.666203687000234
18,26,-0.42304065139134717,-4.725000472739339,-2.339148056012459,map,27.666203687000234
18,27,-0.47136442010845747,-4.775000473484397,-2.3261792216579393,map,27.666203687000234
18,28,-0.5184495103604688,-4.825000474229455,-2.305198523164672,map,27.666203687000234
18,29,-0.5635933486692595,-4.875000474974513,-2.273146843933015,map,27.666203687000234
18,30,-0.6059090717796461,-4.925000475719571,-2.22786907082418,map,27.666203687000234
18,31,-0.6444803261282757,-4.975000476464629,-2.1708651244955486,map,27.666203687000234
18,32,-0.6786922171925965,-5.025000477209687,-2.110513863691722,map,27.666203687000234
18,33,-0.7086445042175123,-5.075000477954745,-2.06000713801928,map,27.666203687000234
18,34,-0.7352632474982594,-5.125000478699803,-2.0248001873006305,map,27.666203687000234
18,35,-0.7596633874362806,-5.175000479444861,-2.0008613180647346,map,27.666203687000234
18,36,-0.7825983721242754,-5.2250004801899195,-1.9857787756517393,map,27.666203687000234
18,37,-0.8046267606675306,-5.2750004809349775,-1.9786355437647114,map,27.666203687000234
18,38,-0.8262299933279824,-5.325000481680036,-1.9835229214967576,map,27.666203687000234
18,39,-0.848123829599416,-5.375000482425094,-1.9997097194611462,map,27.666203687000234
18,40,-0.8709891559931504,-5.425000483170152,-2.020864825698258,map,27.666203687000234
18,41,-0.8951461339031249,-5.47500048391521,-2.043315001041181,map,27.666203687000234
18,42,-0.9207030607365783,-5.525000484660268,-2.0621644615940022,map,27.666203687000234
18,43,-0.9474604013476399,-5.575000485405326,-2.0742368448699575,map,27.666203687000234
18,44,-0.974999314174056,-5.625000486150384,2.8819630241815357,map,27.666203687000234
19,0,0.6250007096678019,-3.7250004578381777,-2.356194487268488,map,28.69245516400042
19,1,0.5750007092151295,-3.7750004585832357,-2.3561944851260175,map,28.69245516400042
19,2,0.5250007089767041,-3.825000459328294,-2.356194479319635,map,28.69245516400042
19,3,0.4750007093189171,-3.875000460073352,-2.3561944657636844,map,28.69245516400042
19,4,0.42500071101672504,-3.92500046081841,-2.356194435043952,map,28.69245516400042
19,5,0.37500071578650607,-3.975000461563468,-2.356194366149541,map,28.69245516400042
19,6,0.32500072744572706,-4.025000462308526,-2.3561942127493647,map,28.69245516400042
19,7,0.27500075444495975,-4.075000463053584,-2.3561938735770416,map,28.69245516400042
19,8,0.2250008153613949,-4.125000463798642,-2.35619312924142,map,28.69245516400042
19,9,0.17500095071124613,-4.1750004645437,-2.3561915089656673,map,28.69245516400042
19,10,0.12500124808797153,-4.225000465288758,-2.3561880131632145,map,28.69245516400042
19,11,0.07500189504164101,-4.275000466033816,-2.35618054426741,map,28.69245516400042
19,12,0.02500328886964869,-4.325000466778874,-2.356164758320864,map,28.69245516400042
19,13,-0.024993738776611915,-4.3750004675239325,-2.3561317920004496,map,28.69245516400042
19,14,-0.07498747009546047,-4.4250004682689905,-2.356063863777994,map,28.69245516400042
19,15,-0.12497440990491768,-4.475000469014049,-2.3559259840210207,map,28.69245516400042
19,16,-0.1749475672394195,-4.525000469759107,-2.35565082218015,map,28.69245516400042
19,17,-0.22489323071852774,-4.575000470504165,-2.3551121377780686,map,28.69245516400042
19,18,-0.27478511320038884,-4.625000471249223,-2.35408035163098,map,28.69245516400042
19,19,-0.3245741457877642,-4.675000471994281,-2.352152800089011,map,28.69245516400042
19,20,-0.3741716022836836,-4.725000472739339,-2.348653366901691,map,28.69245516400042
19,21,-0.42342312089606654,-4.775000473484397,-2.342506263150897,map,28.69245516400042
19,22,-0.47207269945918784,-4.825000474229455,-2.332115086657875,map,28.69245516400042
19,23,-0.5197209343837608,-4.875000474974513,-2.3153346784787963,map,28.69245516400042
19,24,-0.5657932522489754,-4.925000475719571,-2.2897274985309775,map,28.69245516400042
19,25,-0.6095521852925394,-4.975000476464629,-2.2534352764734824,map,28.69245516400042
19,26,-0.6502039541984965,-5.025000477209687,-2.206946193618857,map,28.69245516400042
19,27,-0.6871327778257699,-5.075000477954745,-2.1549856744910536,map,28.69245516400042
19,28,-0.7201914068551848,-5.125000478699803,-2.105132592152772,map,28.69245516400042
19,29,-0.7497792466000976,-5.175000479444861,-2.061142233294653,map,28.69245516400042
19,30,-0.7764708743255857,-5.2250004801899195,-2.0269423092995393,map,28.69245516400042
19,31,-0.8010037663093367,-5.2750004809349775,-2.0047039613423965,map,28.69245516400042
19,32,-0.824171720593379,-5.325000481680036,-1.9989943336243343,map,28.69245516400042
19,33,-0.8469938114264666,-5.375000482425094,-2.0084145821397152,map,28.69245516400042
19,34,-0.870387519757798,-5.425000483170152,-2.0255829212763485,map,28.69245516400042
19,35,-0.8948361351983469,-5.47500048391521,-2.045832342329034,map,28.69245516400042
19,36,-0.9205520183209733,-5.525000484660268,-2.063563224109565,map,28.69245516400042
19,37,-0.9473993935401511,-5.575000485405326,-2.0751725265479366,map,28.69245516400042
19,38,-0.974999314174056,-5.625000486150384,2.8819630241815357,map,28.69245516400042
20,0,0.4250007066875696,-3.975000461563468,-2.3561944538002515,map,29.72229661300298
20,1,0.3750007095817208,-4.025000462308526,-2.3561944281051734,map,29.72229661300298
20,2,0.32500071504537964,-4.075000463053584,-2.3561943592539123,map,29.72229661300298
20,3,0.2750007273941633,-4.125000463798642,-2.3561942010074257,map,29.72229661300298
20,4,0.22500075556758925,-4.1750004645437,-2.3561938488499514,map,29.72229661300298
20,5,0.17500081895673036,-4.225000465288758,-2.3561930747340987,map,29.72229661300298
20,6,0.1250009597572987,-4.275000466033816,-2.356191388354859,map,29.72229661300298
20,7,0.07500126919503174,-4.325000466778874,-2.3561877476586615,map,29.72229661300298
20,8,0.025001942698805936,-4.3750004675239325,-2.3561799641415786,map,29.72229661300298
20,9,-0.024996605462254053,-4.4250004682689905,-2.3561635014824804,map,29.72229661300298
20,10,-0.07499350743230554,-4.475000469014049,-2.356129094566894,map,29.72229661300298
20,11,-0.12498696904234258,-4.525000469759107,-2.356058134336822,map,29.72229661300298
20,12,-0.17497333606059914,-4.575000470504165,-2.3559139534626063,map,29.72229661300298
20,13,-0.22494529099940835,-4.625000471249223,-2.3556258801782013,map,29.72229661300298
20,14,-0.27488846304944525,-4.675000471994281,-2.355061152317038,map,29.72229661300298
20,15,-0.3247752582569381,-4.725000472739339,-2.353977745566916,map,29.72229661300298
20,16,-0.37455407448344563,-4.775000473484397,-2.3519498383786748,map,29.72229661300298
20,17,-0.42413140160472573,-4.825000474229455,-2.348259405934345,map,29.72229661300298
20,18,-0.473344124504331,-4.875000474974513,-2.3417571360220437,map,29.72229661300298
20,19,-0.5219208394027548,-4.925000475719571,-2.3307222999304895,map,29.72229661300298
20,20,-0.5694363686557098,-4.975000476464629,-2.3128100706733377,map,29.72229661300298
20,21,-0.6152758197484128,-5.025000477209687,-2.285290917648129,map,29.72229661300298
20,22,-0.6586445291222667,-5.075000477954745,-2.2459661784539073,map,29.72229661300298
20,23,-0.6986797123668381,-5.125000478699803,-2.1951849823653613,map,29.72229661300298
20,24,-0.7347074767622328,-5.175000479444861,-2.1383966948639035,map,29.72229661300298
20,25,-0.7665868895411221,-5.2250004801899195,-2.0856848326080724,map,29.72229661300298
20,26,-0.7948766098103454,-5.2750004809349775,-2.0451515865715804,map,29.72229661300298
20,27,-0.8205494664366013,-5.325000481680036,-2.0245986225206405,map,29.72229661300298
20,28,-0.8449371292629624,-5.375000482425094,-2.023565594627664,map,29.72229661300298
20,29,-0.8692608848377374,-5.425000483170152,-2.0341355594693784,map,29.72229661300298
20,30,-0.8942416146602639,-5.47500048391521,-2.050554625151827,map,29.72229661300298
20,31,-0.9202567986195365,-5.525000484660268,-2.0662673814476356,map,29.72229661300298
20,32,-0.9472786175575659,-5.575000485405326,-2.0770220296232926,map,29.72229661300298
20,33,-0.974999314174056,-5.625000486150384,2.8819630241815357,map,29.72229661300298
21,0,0.22500070370733738,-4.1750004645437,-2.3561935609887263,map,30.7531061640002
21,1,0.1750007958825562,-4.225000465288758,-2.3561929460852307,map,30.7531061640002
21,2,0.12500094954797344,-4.275000466033816,-2.3561913311991254,map,30.7531061640002
21,3,0.07500126470124413,-4.325000466778874,-2.356187722404808,map,30.7531061640002
21,4,0.025001940730369616,-4.3750004675239325,-2.3561799530402605,map,30.7531061640002
21,5,-0.02499660632059081,-4.4250004682689905,-2.3561634966256713,map,30.7531061640002
21,6,-0.07499350780499148,-4.475000469014049,-2.3561290924514706,map,30.7531061640002
21,7,-0.12498696920351382,-4.525000469759107,-2.3560581334192303,map,30.7531061640002
21,8,-0.17497333613003624,-4.575000470504165,-2.3559139530661026,map,30.7531061640002
21,9,-0.2249452910292173,-4.625000471249223,-2.355625880007455,map,30.7531061640002
21,10,-0.274888463062199,-4.675000471994281,-2.3550611522437266,map,30.7531061640002
21,11,-0.3247752582623773,-4.725000472739339,-2.353977745535512,map,30.7531061640002
21,12,-0.3745540744857583,-4.775000473484397,-2.3519498383652406,map,30.7531061640002
21,13,-0.4241314016057063,-4.825000474229455,-2.3482594059285953,map,30.7531061640002
21,14,-0.47334412450474556,-4.875000474974513,-2.3417571360195772,map,30.7531061640002
21,15,-0.5219208394029297,-4.925000475719571,-2.330722299929424,map,30.7531061640002
21,16,-0.5694363686557833,-4.975000476464629,-2.312810070672873,map,30.7531061640002
21,17,-0.6152758197484436,-5.025000477209687,-2.285290917647925,map,30.7531061640002
21,18,-0.6586445291222796,-5.075000477954745,-2.245966178453815,map,30.7531061640002
21,19,-0.6986797123668435,-5.125000478699803,-2.19518498236532,map,30.7531061640002
21,20,-0.734707476762235,-5.175000479444861,-2.138396694863886,map,30.7531061640002
21,21,-0.7665868895411231,-5.2250004801899195,-2.085684832608064,map,30.7531061640002
21,22,-0.7948766098103458,-5.2750004809349775,-2.045151586571575,map,30.7531061640002
21,23,-0.8205494664366014,-5.325000481680036,-2.0245986225206387,map,30.7531061640002
21,24,-0.8449371292629624,-5.375000482425094,-2.023565594627664,map,30.7531061640002
21,25,-0.8692608848377374,-5.425000483170152,-2.0341355594693784,map,30.7531061640002
21,26,-0.8942416146602639,-5.47500048391521,-2.050554625151827,map,30.7531061640002
21,27,-0.9202567986195365,-5.525000484660268,-2.0662673814476356,map,30.7531061640002
21,28,-0.9472786175575659,-5.575000485405326,-2.0770220296232926,map,30.7531061640002
21,29,-0.974999314174056,-5.625000486150384,2.8819630241815357,map,30.7531061640002
22,0,0.0750007014721632,-4.4250004682689905,-2.35619021132679,map,31.783073665999837
22,1,0.025001128611836145,-4.475000469014049,-2.3561875035337287,map,31.783073665999837
22,2,-0.024998173472231197,-4.525000469759107,-2.3561804900348235,map,31.783073665999837
22,3,-0.07499677422111634,-4.575000470504165,-2.356165122009738,map,31.783073665999837
22,4,-0.12499383823411558,-4.625000471249223,-2.3561328064872766,map,31.783073665999837
22,5,-0.17498767098903156,-4.675000471994281,-2.3560661718018987,map,31.783073665999837
22,6,-0.22497484154113306,-4.725000472739339,-2.355931018171623,map,31.783073665999837
22,7,-0.27494850202303917,-4.775000473484397,-2.3556616295201596,map,31.783073665999837
22,8,-0.32489524507397466,-4.825000474229455,-2.355135077140261,map,31.783073665999837
22,9,-0.37478941658952003,-4.875000474974513,-2.354128509304243,map,31.783073665999837
22,10,-0.42458324489766985,-4.925000475719571,-2.3522527569087157,map,31.783073665999837
22,11,-0.47419061790884276,-4.975000476464629,-2.348858436135514,map,31.783073665999837
22,12,-0.5234623428432474,-5.025000477209687,-2.3429221343017117,map,31.783073665999837
22,13,-0.5721524168751871,-5.075000477954745,-2.332949116982595,map,31.783073665999837
22,14,-0.6198802875156384,-5.125000478699803,-2.31698958416305,map,31.783073665999837
22,15,-0.6661058404658322,-5.175000479444861,-2.2929742361609513,map,31.783073665999837
22,16,-0.7101522682466538,-5.2250004801899195,-2.2597076300131804,map,31.783073665999837
22,17,-0.7513276414977657,-5.2750004809349775,-2.2187538475004875,map,31.783073665999837
22,18,-0.789176969113843,-5.325000481680036,-2.1762580936917324,map,31.783073665999837
22,19,-0.82378622318347,-5.375000482425094,-2.141052403828269,map,31.783073665999837
22,20,-0.8558527184075957,-5.425000483170152,-2.1171093726393537,map,31.783073665999837
22,21,-0.8862549068039576,-5.47500048391521,-2.1059370187928828,map,31.783073665999837
22,22,-0.915897078305607,-5.525000484660268,-2.1035784116607226,map,31.783073665999837
22,23,-0.945380093504065,-5.575000485405326,-2.105597306241717,map,31.783073665999837
22,24,-0.974999314174056,-5.625000486150384,2.8819630241815357,map,31.783073665999837
23,0,-0.1749993022531271,-4.675000471994281,-2.3560045509251464,map,32.80179036499976
23,1,-0.2249803126779614,-4.725000472739339,-2.3559017676797755,map,32.80179036499976
23,2,-0.2749510497366303,-4.775000473484397,-2.35564789312462,map,32.80179036499976
23,3,-0.324896420629178,-4.825000474229455,-2.3551286870618733,map,32.80179036499976
23,4,-0.3747899544920239,-4.875000474974513,-2.3541255606806284,map,32.80179036499976
23,5,-0.42458348915201327,-4.925000475719571,-2.352251405178949,map,32.80179036499976
23,6,-0.474190728047673,-4.975000476464629,-2.3488578192990546,map,32.80179036499976
23,7,-0.5234623921903787,-5.025000477209687,-2.3429218533877765,map,32.80179036499976
23,8,-0.5721524388572449,-5.075000477954745,-2.3329489888919617,map,32.80179036499976
23,9,-0.6198802972574857,-5.125000478699803,-2.316989525465596,map,32.80179036499976
23,10,-0.6661058447643107,-5.175000479444861,-2.292974209041878,map,32.80179036499976
23,11,-0.710152270136911,-5.2250004801899195,-2.259707617372027,map,32.80179036499976
23,12,-0.7513276423273261,-5.2750004809349775,-2.2187538415810755,map,32.80179036499976
23,13,-0.7891769694778332,-5.325000481680036,-2.1762580909339313,map,32.80179036499976
23,14,-0.8237862233435042,-5.375000482425094,-2.141052402561314,map,32.80179036499976
23,15,-0.855852718478227,-5.425000483170152,-2.117109372063908,map,32.80179036499976
23,16,-0.8862549068351789,-5.47500048391521,-2.105937018530955,map,32.80179036499976
23,17,-0.915897078319129,-5.525000484660268,-2.1035784115349907,map,32.80179036499976
23,18,-0.9453800935091147,-5.575000485405326,-2.1055973061669584,map,32.80179036499976
23,19,-0.974999314174056,-5.625000486150384,2.8819630241815357,map,32.80179036499976
24,0,-0.4249993059784174,-4.925000475719571,-2.3501704909464536,map,33.8320197710018
24,1,-0.47440050671747885,-4.975000476464629,-2.347783482460996,map,33.8320197710018
24,2,-0.5235664026690473,-5.025000477209687,-2.342375135764956,map,33.8320197710018
24,3,-0.5722032194936013,-5.075000477954745,-2.3326734116086723,map,33.8320197710018
24,4,-0.6199047509374085,-5.125000478699803,-2.316851240625479,map,33.8320197710018
24,5,-0.6661174760970516,-5.175000479444861,-2.2929048350631005,map,33.8320197710018
24,6,-0.710157741315257,-5.2250004801899195,-2.259672775227634,map,33.8320197710018
24,7,-0.751330190047036,-5.2750004809349775,-2.218736394591972,map,33.8320197710018
24,8,-0.7891781449849954,-5.325000481680036,-2.176249467469474,map,33.8320197710018
24,9,-0.8237867610974542,-5.375000482425094,-2.141048238180386,map,33.8320197710018
24,10,-0.8558529623725778,-5.425000483170152,-2.1171074069067113,map,33.8320197710018
24,11,-0.8862550161442068,-5.47500048391521,-2.105936103167427,map,33.8320197710018
24,12,-0.9158971257741778,-5.525000484660268,-2.103577969701323,map,33.8320197710018
24,13,-0.9453801111912253,-5.575000485405326,-2.1055970443879852,map,33.8320197710018
24,14,-0.974999314174056,-5.625000486150384,2.8819630241815357,map,33.8320197710018
25,0,-0.6249993089586496,-5.125000478699803,0.0,map,34.86130714700266
25,1,-0.6749993097037077,-5.175000479444861,0.0,map,34.86130714700266
25,2,-0.7249993104487658,-5.2250004801899195,0.0,map,34.86130714700266
25,3,-0.7749993111938238,-5.2750004809349775,0.0,map,34.86130714700266
25,4,-0.8249993119388819,-5.325000481680036,0.0,map,34.86130714700266
25,5,-0.8249993119388819,-5.375000482425094,0.0,map,34.86130714700266
25,6,-0.8749993126839399,-5.425000483170152,0.0,map,34.86130714700266
25,7,-0.8749993126839399,-5.47500048391521,0.0,map,34.86130714700266
25,8,-0.924999313428998,-5.525000484660268,0.0,map,34.86130714700266
25,9,-0.924999313428998,-5.575000485405326,0.0,map,34.86130714700266
25,10,-0.974999314174056,-5.625000486150384,2.8819630241815357,map,34.86130714700266
26,0,-0.7249993104487658,-5.2750004809349775,0.0,map,35.890345495001384
26,1,-0.7749993111938238,-5.325000481680036,0.0,map,35.890345495001384
26,2,-0.8249993119388819,-5.375000482425094,0.0,map,35.890345495001384
26,3,-0.8749993126839399,-5.425000483170152,0.0,map,35.890345495001384
26,4,-0.8749993126839399,-5.47500048391521,0.0,map,35.890345495001384
26,5,-0.924999313428998,-5.525000484660268,0.0,map,35.890345495001384
26,6,-0.924999313428998,-5.575000485405326,0.0,map,35.890345495001384
26,7,-0.974999314174056,-5.625000486150384,2.8819630241815357,map,35.890345495001384
27,0,-0.8249993119388819,-5.325000481680036,0.0,map,36.92075319500145
27,1,-0.8249993119388819,-5.375000482425094,0.0,map,36.92075319500145
27,2,-0.8749993126839399,-5.425000483170152,0.0,map,36.92075319500145
27,3,-0.8749993126839399,-5.47500048391521,0.0,map,36.92075319500145
27,4,-0.924999313428998,-5.525000484660268,0.0,map,36.92075319500145
27,5,-0.924999313428998,-5.575000485405326,0.0,map,36.92075319500145
27,6,-0.974999314174056,-5.625000486150384,2.8819630241815357,map,36.92075319500145
28,0,-0.8249993119388819,-5.375000482425094,0.0,map,37.95080259000315
28,1,-0.8749993126839399,-5.425000483170152,0.0,map,37.95080259000315
28,2,-0.8749993126839399,-5.47500048391521,0.0,map,37.95080259000315
28,3,-0.924999313428998,-5.525000484660268,0.0,map,37.95080259000315
28,4,-0.924999313428998,-5.575000485405326,0.0,map,37.95080259000315
28,5,-0.974999314174056,-5.625000486150384,2.8819630241815357,map,37.95080259000315
29,0,-0.8749993126839399,-5.425000483170152,0.0,map,40.01123099400138
29,1,-0.8749993126839399,-5.47500048391521,0.0,map,40.01123099400138
29,2,-0.924999313428998,-5.525000484660268,0.0,map,40.01123099400138
29,3,-0.924999313428998,-5.575000485405326,0.0,map,40.01123099400138
29,4,-0.974999314174056,-5.625000486150384,2.8819630241815357,map,40.01123099400138
30,0,-0.924999313428998,-5.525000484660268,0.0,map,41.040423661001114
30,1,-0.924999313428998,-5.575000485405326,0.0,map,41.040423661001114
30,2,-0.974999314174056,-5.625000486150384,2.8819630241815357,map,41.040423661001114
31,0,-0.974999314174056,-5.575000485405326,0.0,map,44.13095995800177
31,1,-0.974999314174056,-5.625000486150384,2.8819630241815357,map,44.13095995800177
32,0,-0.974999314174056,-5.575000485405326,0.1914708395531475,map,60.10897397100052
32,1,-0.924999313428998,-5.565308209680728,0.232775387719734,map,60.10897397100052
32,2,-0.8749993126839399,-5.55345456867094,0.31039790154820407,map,60.10897397100052
32,3,-0.8249993119388819,-5.537416253874995,0.4111348038811756,map,60.10897397100052
32,4,-0.7749993111938238,-5.515617201342933,0.5134977171953603,map,60.10897397100052
32,5,-0.7249993104487658,-5.487419209575987,0.5965874768474543,map,60.10897397100052
32,6,-0.6749993097037077,-5.453462272754448,0.6516053177934125,map,60.10897397100052
32,7,-0.6249993089586496,-5.415325244960366,0.678249801434713,map,60.10897397100052
32,8,-0.5749993082135916,-5.375036706770313,0.6780041224909583,map,60.10897397100052
32,9,-0.5249993074685335,-5.334768424073813,0.6507096110626531,map,60.10897397100052
32,10,-0.47499930672347546,-5.296702188177594,0.5944569153102951,map,60.10897397100052
32,11,-0.4249993059784174,-5.262900688642925,0.50876050143337,map,60.10897397100052
32,12,-0.37499930523335934,-5.235014061891523,0.4009953698810197,map,60.10897397100052
32,13,-0.3249993044883013,-5.213815711104002,0.28984333324501577,map,60.10897397100052
32,14,-0.2749993037432432,-5.198903602052553,0.19362870188784437,map,60.10897397100052
32,15,-0.22499930299818516,-5.1890993319887535,0.12116894227371013,map,60.10897397100052
32,16,-0.1749993022531271,-5.183011059753077,0.07195817440713775,map,60.10897397100052
32,17,-0.12499930150806904,-5.1794069281248705,0.04096874684178096,map,60.10897397100052
32,18,-0.07499930076301098,-5.177357343923775,0.02252904311201922,map,60.10897397100052
32,19,-0.02499930001795292,-5.176230701132832,0.012032213316139125,map,60.10897397100052
32,20,0.02500070072710514,-5.17562906142382,0.006267587475364606,map,60.10897397100052
32,21,0.0750007014721632,-5.175315677941859,0.003194976048605174,map,60.10897397100052
32,22,0.12500070221722126,-5.175155928593481,0.0015982096529672263,map,60.10897397100052
32,23,0.17500070296227932,-5.175076018041604,0.000786282276773133,map,60.10897397100052
32,24,0.22500070370733738,-5.175036703919078,0.0003811711449235807,map,60.10897397100052
32,25,0.27500070445239544,-5.175017645360625,0.00018236779610357538,map,60.10897397100052
32,26,0.3250007051974535,-5.175008526970583,8.622818892042442e-05,map,60.10897397100052
32,27,0.37500070594251156,-5.175004215561062,4.033904028463203e-05,map,60.10897397100052
32,28,0.4250007066875696,-5.1750021986090164,1.869003537178937e-05,map,60.10897397100052
32,29,0.4750007074326277,-5.175001264107234,8.583784701477468e-06,map,60.10897397100052
32,30,0.5250007081776857,-5.175000834917992,3.910747631833275e-06,map,60.10897397100052
32,31,0.5750007089227438,-5.175000639380608,1.7686468203991925e-06,map,60.10897397100052
32,32,0.6250007096678019,-5.1750005509482655,7.944690120627785e-07,map,60.10897397100052
32,33,0.6750007104128599,-5.175000511224814,3.5464404217759295e-07,map,60.10897397100052
32,34,0.725000711157918,-5.175000493492612,1.5739427304538442e-07,map,60.10897397100052
32,35,0.775000711902976,-5.175000485622898,6.94776670279023e-08,map,60.10897397100052
32,36,0.8250007126480341,-5.175000482149015,3.0515642890833714e-08,map,60.10897397100052
32,37,0.8750007133930922,-5.175000480623233,1.3340315320130933e-08,map,60.10897397100052
32,38,0.9250007141381502,-5.175000479956217,5.80639527799396e-09,map,60.10897397100052
32,39,0.9750007148832083,-5.175000479665897,2.516884441104926e-09,map,60.10897397100052
32,40,1.0250007156282663,-5.175000479540053,1.0867928617189916e-09,map,60.10897397100052
32,41,1.0750007163733244,-5.175000479485713,4.675726402995586e-10,map,60.10897397100052
32,42,1.1250007171183825,-5.1750004794623345,2.00479629907333e-10,map,60.10897397100052
32,43,1.1750007178634405,-5.175000479452311,8.567368908763662e-11,map,60.10897397100052
32,44,1.2250007186084986,-5.175000479448027,3.650413250572118e-11,map,60.10897397100052
32,45,1.2750007193535566,-5.175000479446202,1.5507594976883014e-11,map,60.10897397100052
32,46,1.3250007200986147,-5.175000479445426,6.572520207842744e-12,map,60.10897397100052
32,47,1.3750007208436728,-5.175000479445098,2.7711166281715354e-12,map,60.10897397100052
32,48,1.4250007215887308,-5.175000479444959,1.172395496534111e-12,map,60.10897397100052
32,49,1.4750007223337889,-5.1750004794449005,4.973799076205319e-13,map,60.10897397100052
32,50,1.525000723078847,-5.175000479444876,1.9539924942235185e-13,map,60.10897397100052
32,51,1.575000723823905,-5.175000479444866,7.105427251721885e-14,map,60.10897397100052
32,52,1.625000724568963,-5.175000479444862,1.7763568129304712e-14,map,60.10897397100052
32,53,1.675000725314021,-5.175000479444861,0.0,map,60.10897397100052
32,54,1.7250007260590792,-5.175000479444861,0.0,map,60.10897397100052
32,55,1.7750007268041372,-5.175000479444861,0.0,map,60.10897397100052
32,56,1.8250007275491953,-5.175000479444861,0.0,map,60.10897397100052
32,57,1.8750007282942533,-5.175000479444861,0.0,map,60.10897397100052
32,58,1.9250007290393114,-5.175000479444861,0.0,map,60.10897397100052
32,59,1.9750007297843695,-5.175000479444861,0.0,map,60.10897397100052
32,60,2.0250007305294275,-5.175000479444861,0.0,map,60.10897397100052
32,61,2.0750007312744856,-5.175000479444861,0.0,map,60.10897397100052
32,62,2.1250007320195436,-5.175000479444861,0.0,map,60.10897397100052
32,63,2.1750007327646017,-5.175000479444861,0.0,map,60.10897397100052
32,64,2.2250007335096598,-5.175000479444861,0.0,map,60.10897397100052
32,65,2.275000734254718,-5.175000479444861,0.0,map,60.10897397100052
32,66,2.325000734999776,-5.175000479444861,0.0,map,60.10897397100052
32,67,2.375000735744834,-5.175000479444861,0.0,map,60.10897397100052
32,68,2.425000736489892,-5.175000479444861,0.0,map,60.10897397100052
32,69,2.47500073723495,-5.175000479444861,0.0,map,60.10897397100052
32,70,2.525000737980008,-5.175000479444861,0.0,map,60.10897397100052
32,71,2.575000738725066,-5.175000479444861,0.0,map,60.10897397100052
32,72,2.6250007394701242,-5.175000479444861,1.7763568129304712e-14,map,60.10897397100052
32,73,2.6750007402151823,-5.1750004794448605,5.329070438791414e-14,map,60.10897397100052
32,74,2.7250007409602404,-5.175000479444858,1.421085450344377e-13,map,60.10897397100052
32,75,2.7750007417052984,-5.175000479444851,3.375077944567895e-13,map,60.10897397100052
32,76,2.8250007424503565,-5.175000479444834,7.815969976894074e-13,map,60.10897397100052
32,77,2.8750007431954145,-5.175000479444795,1.9007017898356042e-12,map,60.10897397100052
32,78,2.9250007439404726,-5.1750004794447,4.565237009231311e-12,map,60.10897397100052
32,79,2.9750007446855307,-5.1750004794444715,1.0764722286358655e-11,map,60.10897397100052
32,80,3.0250007454305887,-5.175000479443933,2.5419665993035045e-11,map,60.10897397100052
32,81,3.075000746175647,-5.175000479442662,5.972111605072244e-11,map,60.10897397100052
32,82,3.125000746920705,-5.175000479439676,1.398348083138867e-10,map,60.10897397100052
32,83,3.175000747665763,-5.1750004794326845,3.2631674653532755e-10,map,60.10897397100052
32,84,3.225000748410821,-5.175000479416369,7.585043591213113e-10,map,60.10897397100052
32,85,3.275000749155879,-5.175000479378443,1.756053054558676e-09,map,60.10897397100052
32,86,3.325000749900937,-5.175000479290641,4.0487612658717765e-09,map,60.10897397100052
32,87,3.375000750645995,-5.175000479088203,9.29427188018294e-09,map,60.10897397100052
32,88,3.425000751391053,-5.175000478623489,2.1237820074738508e-08,map,60.10897397100052
32,89,3.4750007521361113,-5.175000477561598,4.829367056459565e-08,map,60.10897397100052
32,90,3.5250007528811693,-5.1750004751469145,1.0924887498396491e-07,map,60.10897397100052
32,91,3.5750007536262274,-5.175000469684471,2.4577241208999966e-07,map,60.10897397100052
32,92,3.6250007543712854,-5.17500045739585,5.496160955499627e-07,map,60.10897397100052
32,93,3.6750007551163435,-5.175000429915045,1.2212158391295658e-06,map,60.10897397100052
32,94,3.7250007558614016,-5.175000368854252,2.6946421048137952e-06,map,60.10897397100052
32,95,3.7750007566064596,-5.175000234122145,5.90096450007949e-06,map,60.10897397100052
32,96,3.8250007573515177,-5.174999939073915,1.2816198541711735e-05,map,60.10897397100052
32,97,3.8750007580965757,-5.1749992982639785,2.7584677714756824e-05,map,60.10897397100052
32,98,3.925000758841634,-5.174997919030072,5.8783610634752496e-05,map,60.10897397100052
32,99,3.975000759586692,-5.174994979849493,0.0001238997251529083,map,60.10897397100052
32,100,4.02500076033175,-5.174988784863111,0.00025797778054963177,map,60.10897397100052
32,101,4.075000761076808,-5.1749758859736055,0.0005298756436430999,map,60.10897397100052
32,102,4.125000761821866,-5.174949392188549,0.001071805101017005,map,60.10897397100052
32,103,4.175000762566924,-5.174895801912179,0.002130786162837027,map,60.10897397100052
32,104,4.225000763311982,-5.174789262441211,0.00415340048647641,map,60.10897397100052
32,105,4.27500076405704,-5.1745815912196305,0.007914861798850049,map,60.10897397100052
32,106,4.325000764802098,-5.1741858398598035,0.014692873350334684,map,60.10897397100052
32,107,4.375000765547156,-5.173451143311686,0.02645225533988126,map,60.10897397100052
32,108,4.425000766292214,-5.172128221951612,0.045927067048005185,map,60.10897397100052
32,109,4.4750007670372725,-5.169830252638981,0.07634728540210886,map,60.10897397100052
32,110,4.5250007677823305,-5.166005453956034,0.1204031062422884,map,60.10897397100052
32,111,4.575000768527389,-5.159956037652464,0.1781341974897838,map,60.10897397100052
32,112,4.625000769272447,-5.1509539076995745,0.24439284284385968,map,60.10897397100052
32,113,4.675000770017505,-5.138485024662604,0.30860079611284197,map,60.10897397100052
32,114,4.725000770762563,-5.122545753452751,0.36025399220941845,map,60.10897397100052
32,115,4.775000771507621,-5.103711110323467,0.3974858915900289,map,60.10897397100052
32,116,4.825000772252679,-5.082719467829919,0.4204070678428738,map,60.10897397100052
32,117,4.875000772997737,-5.060366423333755,0.43270712340976714,map,60.10897397100052
32,118,4.925000773742795,-5.037271341691254,0.4357460922217785,map,60.10897397100052
32,119,4.975000774487853,-5.013991633202805,0.43246876526056877,map,60.10897397100052
32,120,5.025000775232911,-4.990911010598987,0.42368506216965274,map,60.10897397100052
32,121,5.075000775977969,-4.968361019500142,0.41331515252809253,map,60.10897397100052
32,122,5.125000776723027,-4.946432103905543,0.4049434284055663,map,60.10897397100052
32,123,5.175000777468085,-4.925000475719571,-2.9220488173004044,map,60.10897397100052
33,0,-0.974999314174056,-5.575000485405326,0.1914708395531475,map,61.13852985000267
33,1,-0.924999313428998,-5.565308209680728,0.232775387719734,map,61.13852985000267
33,2,-0.8749993126839399,-5.55345456867094,0.31039790154820407,map,61.13852985000267
33,3,-0.8249993119388819,-5.537416253874995,0.4111348038811756,map,61.13852985000267
33,4,-0.7749993111938238,-5.515617201342933,0.5134977171953603,map,61.13852985000267
33,5,-0.7249993104487658,-5.487419209575987,0.5965874768474543,map,61.13852985000267
33,6,-0.6749993097037077,-5.453462272754448,0.6516053177934125,map,61.13852985000267
33,7,-0.6249993089586496,-5.415325244960366,0.678249801434713,map,61.13852985000267
33,8,-0.5749993082135916,-5.375036706770313,0.6780041224909583,map,61.13852985000267
33,9,-0.5249993074685335,-5.334768424073813,0.6507096110626531,map,61.13852985000267
33,10,-0.47499930672347546,-5.296702188177594,0.5944569153102951,map,61.13852985000267
33,11,-0.4249993059784174,-5.262900688642925,0.50876050143337,map,61.13852985000267
33,12,-0.37499930523335934,-5.235014061891523,0.4009953698810197,map,61.13852985000267
33,13,-0.3249993044883013,-5.213815711104002,0.28984333324501577,map,61.13852985000267
33,14,-0.2749993037432432,-5.198903602052553,0.19362870188784437,map,61.13852985000267
33,15,-0.22499930299818516,-5.1890993319887535,0.12116894227371013,map,61.13852985000267
33,16,-0.1749993022531271,-5.183011059753077,0.07195817440713775,map,61.13852985000267
33,17,-0.12499930150806904,-5.1794069281248705,0.04096874684178096,map,61.13852985000267
33,18,-0.07499930076301098,-5.177357343923775,0.02252904311201922,map,61.13852985000267
33,19,-0.02499930001795292,-5.176230701132832,0.012032213316139125,map,61.13852985000267
33,20,0.02500070072710514,-5.17562906142382,0.006267587475364606,map,61.13852985000267
33,21,0.0750007014721632,-5.175315677941859,0.003194976048605174,map,61.13852985000267
33,22,0.12500070221722126,-5.175155928593481,0.0015982096529672263,map,61.13852985000267
33,23,0.17500070296227932,-5.175076018041604,0.000786282276773133,map,61.13852985000267
33,24,0.22500070370733738,-5.175036703919078,0.0003811711449235807,map,61.13852985000267
33,25,0.27500070445239544,-5.175017645360625,0.00018236779610357538,map,61.13852985000267
33,26,0.3250007051974535,-5.175008526970583,8.622818892042442e-05,map,61.13852985000267
33,27,0.37500070594251156,-5.175004215561062,4.033904028463203e-05,map,61.13852985000267
33,28,0.4250007066875696,-5.1750021986090164,1.869003537178937e-05,map,61.13852985000267
33,29,0.4750007074326277,-5.175001264107234,8.583784701477468e-06,map,61.13852985000267
33,30,0.5250007081776857,-5.175000834917992,3.910747631833275e-06,map,61.13852985000267
33,31,0.5750007089227438,-5.175000639380608,1.7686468203991925e-06,map,61.13852985000267
33,32,0.6250007096678019,-5.1750005509482655,7.944690120627785e-07,map,61.13852985000267
33,33,0.6750007104128599,-5.175000511224814,3.5464404217759295e-07,map,61.13852985000267
33,34,0.725000711157918,-5.175000493492612,1.5739427304538442e-07,map,61.13852985000267
33,35,0.775000711902976,-5.175000485622898,6.94776670279023e-08,map,61.13852985000267
33,36,0.8250007126480341,-5.175000482149015,3.0515642890833714e-08,map,61.13852985000267
33,37,0.8750007133930922,-5.175000480623233,1.3340315320130933e-08,map,61.13852985000267
33,38,0.9250007141381502,-5.175000479956217,5.80639527799396e-09,map,61.13852985000267
33,39,0.9750007148832083,-5.175000479665897,2.516884441104926e-09,map,61.13852985000267
33,40,1.0250007156282663,-5.175000479540053,1.0867928617189916e-09,map,61.13852985000267
33,41,1.0750007163733244,-5.175000479485713,4.675726402995586e-10,map,61.13852985000267
33,42,1.1250007171183825,-5.1750004794623345,2.00479629907333e-10,map,61.13852985000267
33,43,1.1750007178634405,-5.175000479452311,8.567368908763662e-11,map,61.13852985000267
33,44,1.2250007186084986,-5.175000479448027,3.650413250572118e-11,map,61.13852985000267
33,45,1.2750007193535566,-5.175000479446202,1.5507594976883014e-11,map,61.13852985000267
33,46,1.3250007200986147,-5.175000479445426,6.572520207842744e-12,map,61.13852985000267
33,47,1.3750007208436728,-5.175000479445098,2.7711166281715354e-12,map,61.13852985000267
33,48,1.4250007215887308,-5.175000479444959,1.172395496534111e-12,map,61.13852985000267
33,49,1.4750007223337889,-5.1750004794449005,4.973799076205319e-13,map,61.13852985000267
33,50,1.525000723078847,-5.175000479444876,1.9539924942235185e-13,map,61.13852985000267
33,51,1.575000723823905,-5.175000479444866,7.105427251721885e-14,map,61.13852985000267
33,52,1.625000724568963,-5.175000479444862,1.7763568129304712e-14,map,61.13852985000267
33,53,1.675000725314021,-5.175000479444861,0.0,map,61.13852985000267
33,54,1.7250007260590792,-5.175000479444861,0.0,map,61.13852985000267
33,55,1.7750007268041372,-5.175000479444861,0.0,map,61.13852985000267
33,56,1.8250007275491953,-5.175000479444861,0.0,map,61.13852985000267
33,57,1.8750007282942533,-5.175000479444861,0.0,map,61.13852985000267
33,58,1.9250007290393114,-5.175000479444861,0.0,map,61.13852985000267
33,59,1.9750007297843695,-5.175000479444861,0.0,map,61.13852985000267
33,60,2.0250007305294275,-5.175000479444861,0.0,map,61.13852985000267
33,61,2.0750007312744856,-5.175000479444861,0.0,map,61.13852985000267
33,62,2.1250007320195436,-5.175000479444861,0.0,map,61.13852985000267
33,63,2.1750007327646017,-5.175000479444861,0.0,map,61.13852985000267
33,64,2.2250007335096598,-5.175000479444861,0.0,map,61.13852985000267
33,65,2.275000734254718,-5.175000479444861,0.0,map,61.13852985000267
33,66,2.325000734999776,-5.175000479444861,0.0,map,61.13852985000267
33,67,2.375000735744834,-5.175000479444861,0.0,map,61.13852985000267
33,68,2.425000736489892,-5.175000479444861,0.0,map,61.13852985000267
33,69,2.47500073723495,-5.175000479444861,0.0,map,61.13852985000267
33,70,2.525000737980008,-5.175000479444861,0.0,map,61.13852985000267
33,71,2.575000738725066,-5.175000479444861,0.0,map,61.13852985000267
33,72,2.6250007394701242,-5.175000479444861,1.7763568129304712e-14,map,61.13852985000267
33,73,2.6750007402151823,-5.1750004794448605,5.329070438791414e-14,map,61.13852985000267
33,74,2.7250007409602404,-5.175000479444858,1.421085450344377e-13,map,61.13852985000267
33,75,2.7750007417052984,-5.175000479444851,3.375077944567895e-13,map,61.13852985000267
33,76,2.8250007424503565,-5.175000479444834,7.815969976894074e-13,map,61.13852985000267
33,77,2.8750007431954145,-5.175000479444795,1.9007017898356042e-12,map,61.13852985000267
33,78,2.9250007439404726,-5.1750004794447,4.547473441102006e-12,map,61.13852985000267
33,79,2.9750007446855307,-5.175000479444472,1.078248585448796e-11,map,61.13852985000267
33,80,3.0250007454305887,-5.175000479443933,2.540190242490574e-11,map,61.13852985000267
33,81,3.075000746175647,-5.175000479442663,5.970335248259314e-11,map,61.13852985000267
33,82,3.125000746920705,-5.175000479439678,1.3979928117762808e-10,map,61.13852985000267
33,83,3.175000747665763,-5.175000479432688,3.261746379902931e-10,map,61.13852985000267
33,84,3.225000748410821,-5.175000479416379,7.581668513268545e-10,map,61.13852985000267
33,85,3.275000749155879,-5.175000479378471,1.7553069846972452e-09,map,61.13852985000267
33,86,3.325000749900937,-5.175000479290706,4.046984909058846e-09,map,61.13852985000267
33,87,3.375000750645995,-5.175000479088356,9.290061914536295e-09,map,61.13852985000267
33,88,3.425000751391053,-5.175000478623853,2.1227996821563003e-08,map,61.13852985000267
33,89,3.4750007521361113,-5.175000477562453,4.827066674386819e-08,map,61.13852985000267
33,90,3.5250007528811693,-5.17500047514892,1.0919535335319131e-07,map,61.13852985000267
33,91,3.5750007536262274,-5.175000469689152,2.456482802759121e-07,map,61.13852985000267
33,92,3.6250007543712854,-5.175000457406738,5.493294803781965e-07,map,61.13852985000267
33,93,3.6750007551163435,-5.175000429940264,1.2205567574612647e-06,map,61.13852985000267
33,94,3.7250007558614016,-5.175000368912425,2.6931333028640392e-06,map,61.13852985000267
33,95,3.7750007566064596,-5.175000234255758,5.897527072010906e-06,map,61.13852985000267
33,96,3.8250007573515177,-5.1749999393794,1.2808406854533752e-05,map,61.13852985000267
33,97,3.8750007580965757,-5.174999298959047,2.7567112334770496e-05,map,61.13852985000267
33,98,3.925000758841634,-5.17499792060341,5.874424340599877e-05,map,61.13852985000267
33,99,3.975000759586692,-5.174994983391192,0.00012381205340125884,map,61.13852985000267
33,100,4.02500076033175,-5.174988792788398,0.0002577838713389631,map,61.13852985000267
33,101,4.075000761076808,-5.174975903594354,0.0005294499621278175,map,61.13852985000267
33,102,4.125000761821866,-5.1749494310933795,0.001070878242136968,map,61.13852985000267
33,103,4.175000762566924,-5.174895887160007,0.002128786148609727,map,61.13852985000267
33,104,4.225000763311982,-5.174789447690205,0.004149127479745915,map,61.13852985000267
33,105,4.27500076405704,-5.174581990122647,0.007905832994560815,map,61.13852985000267
33,106,4.325000764802098,-5.1741866902312905,0.014674031160271604,map,61.13852985000267
33,107,4.375000765547156,-5.173452935995842,0.02641348717776792,map,61.13852985000267
33,108,4.425000766292214,-5.172131954398893,0.04584861523391531,map,61.13852985000267
33,109,4.4750007670372725,-5.169837915948412,0.07619171142615377,map,61.13852985000267
33,110,4.5250007677823305,-5.166020941389426,0.12010241778685794,map,61.13852985000267
33,111,4.575000768527389,-5.159986779030884,0.17757183203053833,map,61.13852985000267
33,112,4.625000769272447,-5.151013675878774,0.2433820767006009,map,61.13852985000267
33,113,4.675000770017505,-5.138598460578111,0.30686003183253946,map,61.13852985000267
33,114,4.725000770762563,-5.12275501968532,0.3573803749635271,map,61.13852985000267
33,115,4.775000771507621,-5.1040842684200705,0.3929672801315536,map,61.13852985000267
33,116,4.825000772252679,-5.083357877546219,0.4137402594433136,map,61.13852985000267
33,117,4.875000772997737,-5.061403613392379,0.4237786732306604,map,61.13852985000267
33,118,4.925000773742795,-5.038847989474182,0.42558236185613685,map,61.13852985000267
33,119,4.975000774487853,-5.016183739866415,0.42434061901619596,map,61.13852985000267
33,120,5.025000775232911,-4.99359429221299,0.42368506217594104,map,61.13852985000267
33,121,5.075000775977969,-4.971044301113766,0.42821872873253575,map,61.13852985000267
33,122,5.125000776723027,-4.948220958314504,0.43477216379957245,map,61.13852985000267
33,123,5.175000777468085,-4.925000475719571,-2.9220488173004044,map,61.13852985000267
34,0,-0.974999314174056,-5.525000484660268,0.034256436405797015,map,63.20000690300003
34,1,-0.924999313428998,-5.523286992499033,0.04677276742189846,map,63.20000690300003
34,2,-0.8749993126839399,-5.520946647192739,0.07430400320092763,map,63.20000690300003
34,3,-0.8249993119388819,-5.517224594531834,0.12115402772393978,map,63.20000690300003
34,4,-0.7749993111938238,-5.511137079079052,0.19140798713274657,map,63.20000690300003
34,5,-0.7249993104487658,-5.501448064023187,0.2848620740276499,map,63.20000690300003
34,6,-0.6749993097037077,-5.486806771596392,0.3921613926184159,map,63.20000690300003
34,7,-0.6249993089586496,-5.466127583256306,0.49453149470631586,map,63.20000690300003
34,8,-0.5749993082135916,-5.439166432461519,0.5726362204670451,map,63.20000690300003
34,9,-0.5249993074685335,-5.406931724846753,0.6181189262331144,map,63.20000690300003
34,10,-0.47499930672347546,-5.371378073388663,0.6304871599138874,map,63.20000690300003
34,11,-0.4249993059784174,-5.334885016215825,0.6115542160978069,map,63.20000690300003
34,12,-0.37499930523335934,-5.2998232751312475,0.5638648181149288,map,63.20000690300003
34,13,-0.3249993044883013,-5.268205945417521,0.49235262439488575,map,63.20000690300003
34,14,-0.2749993037432432,-5.241385249916963,0.40516513784677965,map,63.20000690300003
34,15,-0.22499930299818516,-5.219940498323387,0.3098797506315797,map,63.20000690300003
34,16,-0.1749993022531271,-5.203930751981675,0.21950695450183003,map,63.20000690300003
34,17,-0.12499930150806904,-5.192775662915819,0.14496941926858198,map,63.20000690300003
34,18,-0.07499930076301098,-5.1854759830406465,0.0902282823285181,map,63.20000690300003
34,19,-0.02499930001795292,-5.1809522861681625,0.05347584255011401,map,63.20000690300003
34,20,0.02500070072710514,-5.1782759423647615,0.03043597904974031,map,63.20000690300003
34,21,0.0750007014721632,-5.176753673309852,0.016744360644086458,map,63.20000690300003
34,22,0.12500070221722126,-5.17591637701178,0.008949697156993225,map,63.20000690300003
34,23,0.17500070296227932,-5.175468880199469,0.004666156421016018,map,63.20000690300003
34,24,0.22500070370733738,-5.1752355706816555,0.0023808984904774445,map,63.20000690300003
34,25,0.27500070445239544,-5.175116525530415,0.001192119225782822,map,63.20000690300003
34,26,0.3250007051974535,-5.175056919540001,0.0005870366797360244,map,63.20000690300003
34,27,0.37500070594251156,-5.175027567702205,0.0002848332167004032,map,63.20000690300003
34,28,0.4250007066875696,-5.175013326040773,0.0001363902670266536,map,63.20000690300003
34,29,0.4750007074326277,-5.175006506527278,6.454002276284138e-05,map,63.20000690300003
34,30,0.5250007081776857,-5.175003279526087,3.0215529138923417e-05,map,63.20000690300003
34,31,0.5750007089227438,-5.175001768749607,1.4009428056675061e-05,map,63.20000690300003
34,32,0.6250007096678019,-5.175001068278194,6.438378942769562e-06,map,63.20000690300003
34,33,0.6750007104128599,-5.175000746359242,2.9351332126978013e-06,map,63.20000690300003
34,34,0.725000711157918,-5.175000599602579,1.3281998769404385e-06,map,63.20000690300003
34,35,0.775000711902976,-5.175000533192584,5.969509775247636e-07,map,63.20000690300003
34,36,0.8250007126480341,-5.175000503345035,2.666121506029591e-07,map,63.20000690300003
34,37,0.8750007133930922,-5.175000490014427,1.1838288395248512e-07,map,63.20000690300003
34,38,0.9250007141381502,-5.175000484095283,5.228125410183008e-08,map,63.20000690300003
34,39,0.9750007148832083,-5.17500048148122,2.2972770010359566e-08,map,63.20000690300003
34,40,1.0250007156282663,-5.1750004803325815,1.0046985316094098e-08,map,63.20000690300003
34,41,1.0750007163733244,-5.175000479830232,4.374687213908259e-09,map,63.20000690300003
34,42,1.1250007171183825,-5.175000479611498,1.8969892040965796e-09,map,63.20000690300003
34,43,1.1750007178634405,-5.175000479516648,8.194156342366971e-10,map,63.20000690300003
34,44,1.2250007186084986,-5.175000479475678,3.526423545029572e-10,map,63.20000690300003
34,45,1.2750007193535566,-5.1750004794580455,1.5123901905290032e-10,map,63.20000690300003
34,46,1.3250007200986147,-5.175000479450484,6.465938799066915e-11,map,63.20000690300003
34,47,1.3750007208436728,-5.175000479447251,2.755129416855161e-11,map,63.20000690300003
34,48,1.4250007215887308,-5.175000479445873,1.1706191397211806e-11,map,63.20000690300003
34,49,1.4750007223337889,-5.175000479445288,4.973799076205319e-12,map,63.20000690300003
34,50,1.525000723078847,-5.175000479445039,2.096101039257956e-12,map,63.20000690300003
34,51,1.575000723823905,-5.175000479444934,8.704148383359309e-13,map,63.20000690300003
34,52,1.625000724568963,-5.175000479444891,3.73034930715399e-13,map,63.20000690300003
34,53,1.675000725314021,-5.175000479444872,1.421085450344377e-13,map,63.20000690300003
34,54,1.7250007260590792,-5.175000479444865,5.329070438791414e-14,map,63.20000690300003
34,55,1.7750007268041372,-5.175000479444862,1.7763568129304712e-14,map,63.20000690300003
34,56,1.8250007275491953,-5.175000479444861,0.0,map,63.20000690300003
34,57,1.8750007282942533,-5.175000479444861,0.0,map,63.20000690300003
34,58,1.9250007290393114,-5.175000479444861,0.0,map,63.20000690300003
34,59,1.9750007297843695,-5.175000479444861,0.0,map,63.20000690300003
34,60,2.0250007305294275,-5.175000479444861,0.0,map,63.20000690300003
34,61,2.0750007312744856,-5.175000479444861,0.0,map,63.20000690300003
34,62,2.1250007320195436,-5.175000479444861,0.0,map,63.20000690300003
34,63,2.1750007327646017,-5.175000479444861,0.0,map,63.20000690300003
34,64,2.2250007335096598,-5.175000479444861,0.0,map,63.20000690300003
34,65,2.275000734254718,-5.175000479444861,0.0,map,63.20000690300003
34,66,2.325000734999776,-5.175000479444861,0.0,map,63.20000690300003
34,67,2.375000735744834,-5.175000479444861,0.0,map,63.20000690300003
34,68,2.425000736489892,-5.175000479444861,0.0,map,63.20000690300003
34,69,2.47500073723495,-5.175000479444861,0.0,map,63.20000690300003
34,70,2.525000737980008,-5.175000479444861,0.0,map,63.20000690300003
34,71,2.575000738725066,-5.175000479444861,0.0,map,63.20000690300003
34,72,2.6250007394701242,-5.175000479444861,1.7763568129304712e-14,map,63.20000690300003
34,73,2.6750007402151823,-5.1750004794448605,5.329070438791414e-14,map,63.20000690300003
34,74,2.7250007409602404,-5.175000479444858,1.421085450344377e-13,map,63.20000690300003
34,75,2.7750007417052984,-5.175000479444851,3.375077944567895e-13,map,63.20000690300003
34,76,2.8250007424503565,-5.175000479444834,7.815969976894074e-13,map,63.20000690300003
34,77,2.8750007431954145,-5.175000479444795,1.9007017898356042e-12,map,63.20000690300003
34,78,2.9250007439404726,-5.1750004794447,4.565237009231311e-12,map,63.20000690300003
34,79,2.9750007446855307,-5.1750004794444715,1.0764722286358655e-11,map,63.20000690300003
34,80,3.0250007454305887,-5.175000479443933,2.5419665993035045e-11,map,63.20000690300003
34,81,3.075000746175647,-5.175000479442662,5.972111605072244e-11,map,63.20000690300003
34,82,3.125000746920705,-5.175000479439676,1.398348083138867e-10,map,63.20000690300003
34,83,3.175000747665763,-5.1750004794326845,3.2631674653532755e-10,map,63.20000690300003
34,84,3.225000748410821,-5.175000479416369,7.585043591213113e-10,map,63.20000690300003
34,85,3.275000749155879,-5.175000479378443,1.756053054558676e-09,map,63.20000690300003
34,86,3.325000749900937,-5.175000479290641,4.0487612658717765e-09,map,63.20000690300003
34,87,3.375000750645995,-5.175000479088203,9.29427188018294e-09,map,63.20000690300003
34,88,3.425000751391053,-5.175000478623489,2.1237820074738508e-08,map,63.20000690300003
34,89,3.4750007521361113,-5.175000477561598,4.829367056459565e-08,map,63.20000690300003
34,90,3.5250007528811693,-5.1750004751469145,1.0924887498396491e-07,map,63.20000690300003
34,91,3.5750007536262274,-5.175000469684471,2.4577241208999966e-07,map,63.20000690300003
34,92,3.6250007543712854,-5.17500045739585,5.496160955499627e-07,map,63.20000690300003
34,93,3.6750007551163435,-5.175000429915045,1.2212158391295658e-06,map,63.20000690300003
34,94,3.7250007558614016,-5.175000368854252,2.6946421048137952e-06,map,63.20000690300003
34,95,3.7750007566064596,-5.175000234122145,5.90096450007949e-06,map,63.20000690300003
34,96,3.8250007573515177,-5.174999939073915,1.2816198541711735e-05,map,63.20000690300003
34,97,3.8750007580965757,-5.1749992982639785,2.7584677714756824e-05,map,63.20000690300003
34,98,3.925000758841634,-5.174997919030072,5.8783610634752496e-05,map,63.20000690300003
34,99,3.975000759586692,-5.174994979849493,0.0001238997251529083,map,63.20000690300003
34,100,4.02500076033175,-5.174988784863111,0.00025797778054963177,map,63.20000690300003
34,101,4.075000761076808,-5.1749758859736055,0.0005298756436430999,map,63.20000690300003
34,102,4.125000761821866,-5.174949392188549,0.001071805101017005,map,63.20000690300003
34,103,4.175000762566924,-5.174895801912179,0.002130786162837027,map,63.20000690300003
34,104,4.225000763311982,-5.174789262441211,0.00415340048647641,map,63.20000690300003
34,105,4.27500076405704,-5.1745815912196305,0.007914861798850049,map,63.20000690300003
34,106,4.325000764802098,-5.1741858398598035,0.014692873350334684,map,63.20000690300003
34,107,4.375000765547156,-5.173451143311686,0.02645225533988126,map,63.20000690300003
34,108,4.425000766292214,-5.172128221951612,0.045927067048005185,map,63.20000690300003
34,109,4.4750007670372725,-5.169830252638981,0.07634728540210886,map,63.20000690300003
34,110,4.5250007677823305,-5.166005453956034,0.1204031062422884,map,63.20000690300003
34,111,4.575000768527389,-5.159956037652464,0.1781341974897838,map,63.20000690300003
34,112,4.625000769272447,-5.1509539076995745,0.24439284284385968,map,63.20000690300003
34,113,4.675000770017505,-5.138485024662604,0.30860079611284197,map,63.20000690300003
34,114,4.725000770762563,-5.122545753452751,0.36025399220941845,map,63.20000690300003
34,115,4.775000771507621,-5.103711110323467,0.3974858915900289,map,63.20000690300003
34,116,4.825000772252679,-5.082719467829919,0.4204070678428738,map,63.20000690300003
34,117,4.875000772997737,-5.060366423333755,0.43270712340976714,map,63.20000690300003
34,118,4.925000773742795,-5.037271341691254,0.4357460922217785,map,63.20000690300003
34,119,4.975000774487853,-5.013991633202805,0.43246876526056877,map,63.20000690300003
34,120,5.025000775232911,-4.990911010598987,0.42368506216965274,map,63.20000690300003
34,121,5.075000775977969,-4.968361019500142,0.41331515252809253,map,63.20000690300003
34,122,5.125000776723027,-4.946432103905543,0.4049434284055663,map,63.20000690300003
34,123,5.175000777468085,-4.925000475719571,-2.9220488173004044,map,63.20000690300003
35,0,-0.974999314174056,-5.47500048391521,0.017967636136363797,map,65.2572908200018
35,1,-0.924999313428998,-5.47410200540587,0.025215528199339178,map,65.2572908200018
35,2,-0.8749993126839399,-5.47284096169898,0.04162646635716299,map,65.2572908200018
35,3,-0.8249993119388819,-5.470758435369819,0.07093403625633303,map,65.2572908200018
35,4,-0.7749993111938238,-5.467205772934593,0.11810677759708263,map,65.2572908200018
35,5,-0.7249993104487658,-5.461272821615369,0.18748116165723125,map,65.2572908200018
35,6,-0.6749993097037077,-5.451787366757912,0.2788758554455549,map,65.2572908200018
35,7,-0.6249993089586496,-5.437470485480272,0.3829402030338777,map,65.2572908200018
35,8,-0.5749993082135916,-5.417329185438109,0.48098381472320856,map,65.2572908200018
35,9,-0.5249993074685335,-5.391236087600352,0.5537404395728118,map,65.2572908200018
35,10,-0.47499930672347546,-5.360322910631611,0.5931299418915273,map,65.2572908200018
35,11,-0.4249993059784174,-5.326617995622237,0.5999381873061822,map,65.2572908200018
35,12,-0.37499930523335934,-5.292415691688799,0.579355898744451,map,65.2572908200018
35,13,-0.3249993044883013,-5.2597032783012185,0.5395537045714759,map,65.2572908200018
35,14,-0.2749993037432432,-5.229762121409405,0.4894989506031645,map,65.2572908200018
35,15,-0.22499930299818516,-5.203124885055928,0.43275505639271045,map,65.2572908200018
35,16,-0.1749993022531271,-5.180026895367295,0.3729366254749109,map,65.2572908200018
35,17,-0.12499930150806904,-5.160464623632995,0.3134100975622832,map,65.2572908200018
35,18,-0.07499930076301098,-5.144260041486629,0.2638486036233247,map,65.2572908200018
35,19,-0.02499930001795292,-5.130752704032716,0.2308963138415783,map,65.2572908200018
35,20,0.02500070072710514,-5.1189982531764455,0.21169811402687355,map,65.2572908200018
35,21,0.0750007014721632,-5.1082523356312795,0.19548707641291765,map,65.2572908200018
35,22,0.12500070221722126,-5.098351538877305,0.17306267393847888,map,65.2572908200018
35,23,0.17500070296227932,-5.089610968278178,0.149118554388246,map,65.2572908200018
35,24,0.22500070370733738,-5.082099280243687,0.1325947894082743,map,65.2572908200018
35,25,0.27500070445239544,-5.075430412158603,0.12877348138545608,map,65.2572908200018
35,26,0.3250007051974535,-5.0689559103216135,0.13637781524726827,map,65.2572908200018
35,27,0.37500070594251156,-5.062094427924747,0.14737411404008402,map,65.2572908200018
35,28,0.4250007066875696,-5.054671907247833,0.14949490749566186,map,65.2572908200018
35,29,0.4750007074326277,-5.047140975750823,0.13403932245156638,map,65.2572908200018
35,30,0.5250007081776857,-5.040398581917799,0.1065576629321167,map,65.2572908200018
35,31,0.5750007089227438,-5.035050441469154,0.07664285703477572,map,65.2572908200018
35,32,0.6250007096678019,-5.031210777388964,0.05088613547262922,map,65.2572908200018
35,33,0.6750007104128599,-5.0286642722254395,0.03169826704951919,map,65.2572908200018
35,34,0.725000711157918,-5.027078827806088,0.018758015810539347,map,65.2572908200018
35,35,0.775000711902976,-5.026140816981854,0.010644626340546092,map,65.2572908200018
35,36,0.8250007126480341,-5.02560856555395,0.005833925939557771,map,65.2572908200018
35,37,0.8750007133930922,-5.025316865943316,0.003105025424455719,map,65.2572908200018
35,38,0.9250007141381502,-5.025161614170843,0.0016118206566815311,map,65.2572908200018
35,39,0.9750007148832083,-5.025081023067017,0.0008188620186487964,map,65.2572908200018
35,40,1.0250007156282663,-5.025040079956323,0.00040827985803590567,map,65.2572908200018
35,41,1.0750007163733244,-5.025019665961983,0.00020024035751057192,map,65.2572908200018
35,42,1.1250007171183825,-5.025009653943824,9.678673867334105e-05,map,65.2572908200018
35,43,1.1750007178634405,-5.025004814606803,4.617869339211157e-05,map,65.2572908200018
35,44,1.2250007186084986,-5.025002505672098,2.1777782076129462e-05,map,65.2572908200018
35,45,1.2750007193535566,-5.0250014167829775,1.0163208025467158e-05,map,65.2572908200018
35,46,1.3250007200986147,-5.025000908622569,4.698099226221381e-06,map,65.2572908200018
35,47,1.3750007208436728,-5.025000673717604,2.1530756056919028e-06,map,65.2572908200018
35,48,1.4250007215887308,-5.025000566063822,9.7896210566918e-07,map,65.2572908200018
35,49,1.4750007223337889,-5.025000517115716,4.419018685074189e-07,map,65.2572908200018
35,50,1.525000723078847,-5.025000495020622,1.981478240825647e-07,map,65.2572908200018
35,51,1.575000723823905,-5.025000485113231,8.830349653133931e-08,map,65.2572908200018
35,52,1.625000724568963,-5.025000480698056,3.9128095735509544e-08,map,65.2572908200018
35,53,1.675000725314021,-5.025000478741651,1.7246399606788135e-08,map,65.2572908200018
35,54,1.7250007260590792,-5.025000477879331,7.564224689365567e-09,map,65.2572908200018
35,55,1.7750007268041372,-5.02500047750112,3.3023894237827806e-09,map,65.2572908200018
35,56,1.8250007275491953,-5.025000477336,1.4355627583697604e-09,map,65.2572908200018
35,57,1.8750007282942533,-5.025000477264222,6.215294852762426e-10,map,65.2572908200018
35,58,1.9250007290393114,-5.025000477233146,2.680877702074667e-10,map,65.2572908200018
35,59,1.9750007297843695,-5.025000477219741,1.1521450288667037e-10,map,65.2572908200018
35,60,2.0250007305294275,-5.025000477213981,4.932942869507919e-11,map,65.2572908200018
35,61,2.0750007312744856,-5.025000477211514,2.1049828233226083e-11,map,65.2572908200018
35,62,2.1250007320195436,-5.025000477210462,8.952838337169575e-12,map,65.2572908200018
35,63,2.1750007327646017,-5.025000477210014,3.8014035796712085e-12,map,65.2572908200018
35,64,2.2250007335096598,-5.025000477209824,1.5987211316374242e-12,map,65.2572908200018
35,65,2.275000734254718,-5.025000477209744,6.75015588913579e-13,map,65.2572908200018
35,66,2.325000734999776,-5.02500047720971,2.842170900688754e-13,map,65.2572908200018
35,67,2.375000735744834,-5.025000477209696,1.0658140877582828e-13,map,65.2572908200018
35,68,2.425000736489892,-5.025000477209691,5.329070438791414e-14,map,65.2572908200018
35,69,2.47500073723495,-5.025000477209688,1.7763568129304712e-14,map,65.2572908200018
35,70,2.525000737980008,-5.025000477209687,0.0,map,65.2572908200018
35,71,2.575000738725066,-5.025000477209687,0.0,map,65.2572908200018
35,72,2.6250007394701242,-5.025000477209687,0.0,map,65.2572908200018
35,73,2.6750007402151823,-5.025000477209687,0.0,map,65.2572908200018
35,74,2.7250007409602404,-5.025000477209687,0.0,map,65.2572908200018
35,75,2.7750007417052984,-5.025000477209687,0.0,map,65.2572908200018
35,76,2.8250007424503565,-5.025000477209687,0.0,map,65.2572908200018
35,77,2.8750007431954145,-5.025000477209687,0.0,map,65.2572908200018
35,78,2.9250007439404726,-5.025000477209687,1.7763568129304712e-14,map,65.2572908200018
35,79,2.9750007446855307,-5.025000477209686,5.329070438791414e-14,map,65.2572908200018
35,80,3.0250007454305887,-5.025000477209684,1.2434497690513299e-13,map,65.2572908200018
35,81,3.075000746175647,-5.0250004772096775,3.197442263274848e-13,map,65.2572908200018
35,82,3.125000746920705,-5.0250004772096615,7.993605658187121e-13,map,65.2572908200018
35,83,3.175000747665763,-5.0250004772096215,1.865174653576995e-12,map,65.2572908200018
35,84,3.225000748410821,-5.025000477209528,4.458655600455483e-12,map,65.2572908200018
35,85,3.275000749155879,-5.025000477209305,1.0587086605065608e-11,map,65.2572908200018
35,86,3.325000749900937,-5.025000477208776,2.4940049653543817e-11,map,65.2572908200018
35,87,3.375000750645995,-5.025000477207529,5.858424769044694e-11,map,65.2572908200018
35,88,3.425000751391053,-5.0250004772046,1.3717027309449099e-10,map,65.2572908200018
35,89,3.4750007521361113,-5.025000477197741,3.1997515271316577e-10,map,65.2572908200018
35,90,3.5250007528811693,-5.0250004771817425,7.436007254608246e-10,map,65.2572908200018
35,91,3.5750007536262274,-5.025000477144562,1.7211476431845922e-09,map,65.2572908200018
35,92,3.6250007543712854,-5.025000477058505,3.967208724590139e-09,map,65.2572908200018
35,93,3.6750007551163435,-5.025000476860145,9.104343809744415e-09,map,65.2572908200018
35,94,3.7250007558614016,-5.025000476404927,2.0797478984381177e-08,map,65.2572908200018
35,95,3.7750007566064596,-5.0250004753650535,4.727681287060173e-08,map,65.2572908200018
35,96,3.8250007573515177,-5.025000473001213,1.0691081638321768e-07,map,65.2572908200018
35,97,3.8750007580965757,-5.025000467655672,2.4042071086541183e-07,map,65.2572908200018
35,98,3.925000758841634,-5.025000455634636,5.374247100528706e-07,map,65.2572908200018
35,99,3.975000759586692,-5.0250004287634,1.1935841648152688e-06,map,65.2572908200018
35,100,4.02500076033175,-5.025000369084191,2.6323540110602847e-06,map,65.2572908200018
35,101,4.075000761076808,-5.025000237466489,5.761368878215211e-06,map,65.2572908200018
35,102,4.125000761821866,-5.02499994939804,1.2505305137599488e-05,map,65.2572908200018
35,103,4.175000762566924,-5.024999324132774,2.689697499519715e-05,map,65.2572908200018
35,104,4.225000763311982,-5.024997979284004,5.727358074789656e-05,map,65.2572908200018
35,105,4.27500076405704,-5.024995115604921,0.00012061063012149418,map,65.2572908200018
35,106,4.325000764802098,-5.024989085073296,0.0002508764080966602,map,65.2572908200018
35,107,4.375000765547156,-5.024976541252441,0.0005146910720861754,map,65.2572908200018
35,108,4.425000766292214,-5.0249508066961805,0.0010396820304437015,map,65.2572908200018
35,109,4.4750007670372725,-5.024898822575153,0.002063631972278088,map,65.2572908200018
35,110,4.5250007677823305,-5.024795640828533,0.004014862832045311,map,65.2572908200018
35,111,4.575000768527389,-5.024594896605331,0.007633294436608668,map,65.2572908200018
35,112,4.625000769272447,-5.0242132244647975,0.01413022136420948,map,65.2572908200018
35,113,4.675000770017505,-5.023506666360893,0.025349623605261537,map,65.2572908200018
35,114,4.725000770762563,-5.022238913596023,0.043815176637541704,map,65.2572908200018
35,115,4.775000771507621,-5.020046751736621,0.07241291495453077,map,65.2572908200018
35,116,4.825000772252679,-5.016419764190486,0.1133222607592277,map,65.2572908200018
35,117,4.875000772997737,-5.010729271208204,0.16593040757134653,map,65.2572908200018
35,118,4.925000773742795,-5.002355760263088,0.22442577139147896,map,65.2572908200018
35,119,4.975000774487853,-4.990942203063481,0.27775004456771546,map,65.2572908200018
35,120,5.025000775232911,-4.976686207947518,0.31535114878753734,map,65.2572908200018
35,121,5.075000775977969,-4.9603743116408765,0.3364127298459844,map,65.2572908200018
35,122,5.125000776723027,-4.942889019806913,0.3435808059599766,map,65.2572908200018
35,123,5.175000777468085,-4.925000475719571,-2.9220488173004044,map,65.2572908200018
36,0,-0.974999314174056,-5.425000483170152,0.00909975431235706,map,66.28716829900077
36,1,-0.924999313428998,-5.424545482888838,0.013072725849198335,map,66.28716829900077
36,2,-0.8749993126839399,-5.423891809349448,0.02227779384267614,map,66.28716829900077
36,3,-0.8249993119388819,-5.4227777353296025,0.03933709075646076,map,66.28716829900077
36,4,-0.7749993111938238,-5.4208098656261505,0.06826557814629962,map,66.28716829900077
36,5,-0.7249993104487658,-5.41739127459044,0.11398455898406368,map,66.28716829900077
36,6,-0.6749993097037077,-5.411667235235944,0.18055009143664294,map,66.28716829900077
36,7,-0.6249993089586496,-5.40254034047218,0.2674421888079725,map,66.28716829900077
36,8,-0.5749993082135916,-5.388840022721011,0.36517289147068777,map,66.28716829900077
36,9,-0.5249993074685335,-5.369724012027747,0.4551794570669776,map,66.28716829900077
36,10,-0.47499930672347546,-5.345251052227166,0.5183235370780388,map,66.28716829900077
36,11,-0.4249993059784174,-5.316734156299901,0.5469401816838491,map,66.28716829900077
36,12,-0.37499930523335934,-5.286289001575391,0.5434567450771545,map,66.28716829900077
36,13,-0.3249993044883013,-5.256082090779763,0.516169884399097,map,66.28716829900077
36,14,-0.2749993037432432,-5.227707730212662,0.474858597946297,map,66.28716829900077
36,15,-0.22499930299818516,-5.202003063494752,0.4238634910847874,map,66.28716829900077
36,16,-0.1749993022531271,-5.179442335456358,0.36755461004175977,map,66.28716829900077
36,17,-0.12499930150806904,-5.160189707533067,0.3098796135973546,map,66.28716829900077
36,18,-0.07499930076301098,-5.144179968745536,0.26086114925983067,map,66.28716829900077
36,19,-0.02499930001795292,-5.13083277635438,0.22720034897878777,map,66.28716829900077
36,20,0.02500070072710514,-5.119273168551711,0.20577120195346335,map,66.28716829900077
36,21,0.0750007014721632,-5.108836893989356,0.18512646506844552,map,66.28716829900077
36,22,0.12500070221722126,-5.099473356949307,0.15490898796176913,map,66.28716829900077
36,23,0.17500070296227932,-5.091665351590985,0.11834245779200173,map,66.28716829900077
36,24,0.22500070370733738,-5.085720450008985,0.08307609952915003,map,66.28716829900077
36,25,0.27500070445239544,-5.081557062495852,0.054294612558869686,map,66.28716829900077
36,26,0.3250007051974535,-5.078839661088851,0.033458919830650725,map,66.28716829900077
36,27,0.37500070594251156,-5.0771660905054,0.019648221648458957,map,66.28716829900077
36,28,0.4250007066875696,-5.076183552968022,0.011086556101853844,map,66.28716829900077
36,29,0.4750007074326277,-5.075629202442423,0.006049845015266521,map,66.28716829900077
36,30,0.5250007081776857,-5.07532670649663,0.003209044966809051,map,66.28716829900077
36,31,0.5750007089227438,-5.0751662536951185,0.0016613074843912909,map,66.28716829900077
36,32,0.6250007096678019,-5.075083188243243,0.0008421420448841156,map,66.28716829900077
36,33,0.6750007104128599,-5.075041081130417,0.0004191225393208347,map,66.28716829900077
36,34,0.725000711157918,-5.075020125001911,0.00020524866117052084,map,66.28716829900077
36,35,0.775000711902976,-5.075009862568556,9.909166595920743e-05,map,66.28716829900077
36,36,0.8250007126480341,-5.075004907985168,4.7256238360274894e-05,map,66.28716829900077
36,37,0.8750007133930922,-5.075002545173213,2.2333929782119363e-05,map,66.28716829900077
36,38,0.9250007141381502,-5.075001428476707,1.0570348616148563e-05,map,66.28716829900077
36,39,0.9750007148832083,-5.075000899959268,5.231843733506808e-06,map,66.28716829900077
36,40,1.0250007156282663,-5.075000638367078,3.1699738894317054e-06,map,66.28716829900077
36,41,1.0750007163733244,-5.075000479868381,3.1425270450440285e-06,map,66.28716829900077
36,42,1.1250007171183825,-5.075000322742026,5.130431185551536e-06,map,66.28716829900077
36,43,1.1750007178634405,-5.075000066220463,1.0325041538516054e-05,map,66.28716829900077
36,44,1.2250007186084986,-5.074999549968378,2.1777775627954233e-05,map,66.28716829900077
36,45,1.2750007193535566,-5.074998461079581,4.6016846965275584e-05,map,66.28716829900077
36,46,1.3250007200986147,-5.0749961602371965,9.63543924183601e-05,map,66.28716829900077
36,47,1.3750007208436728,-5.074991342517489,0.00019925088495428153,map,66.28716829900077
36,48,1.4250007215887308,-5.074981379972961,0.00040608880329006595,map,66.28716829900077
36,49,1.4750007223337889,-5.074961075531378,0.0008140719770547758,map,66.28716829900077
36,50,1.525000723078847,-5.074920371922927,0.0016014482327298776,map,66.28716829900077
36,51,1.575000723823905,-5.074840299441645,0.00308277941280018,map,66.28716829900077
36,52,1.625000724568963,-5.074686159980418,0.005786709015644384,map,66.28716829900077
36,53,1.675000725314021,-5.074396821295719,0.01054555977375309,map,66.28716829900077
36,54,1.7250007260590792,-5.073869523752315,0.018552838615630427,map,66.28716829900077
36,55,1.7750007268041372,-5.072941775359183,0.03127954607701211,map,66.28716829900077
36,56,1.8250007275491953,-5.071377287761972,0.050046098788278925,map,66.28716829900077
36,57,1.8750007282942533,-5.068872891589164,0.07499099277238559,map,66.28716829900077
36,58,1.9250007290393114,-5.065116297330659,0.10338364501252849,map,66.28716829900077
36,59,1.9750007297843695,-5.059928619545508,0.1280923225465319,map,66.28716829900077
36,60,2.0250007305294275,-5.053488743674514,0.1386355762133389,map,66.28716829900077
36,61,2.0750007312744856,-5.04651221148108,0.1280923225413947,map,66.28716829900077
36,62,2.1250007320195436,-5.040072335610346,0.10338364500196628,map,66.28716829900077
36,63,2.1750007327646017,-5.034884657825729,0.07499099275590522,map,66.28716829900077
36,64,2.2250007335096598,-5.031128063568053,0.05004609876483654,map,66.28716829900077
36,65,2.275000734254718,-5.02862366739642,0.03127954604405743,map,66.28716829900077
36,66,2.325000734999776,-5.027059179800858,0.018552838566868457,map,66.28716829900077
36,67,2.375000735744834,-5.026131431410166,0.010545559693932493,map,66.28716829900077
36,68,2.425000736489892,-5.025604133870753,0.005786708868069603,map,66.28716829900077
36,69,2.47500073723495,-5.025314795193433,0.003082779110751339,map,66.28716829900077
36,70,2.525000737980008,-5.0251606557473085,0.001601447574271623,map,66.28716829900077
36,71,2.575000738725066,-5.02508058329895,0.0008140704959116831,map,66.28716829900077
36,72,2.6250007394701242,-5.025039879764556,0.0004060854308949763,map,66.28716829900077
36,73,2.6750007402151823,-5.0250195754915925,0.0001992431875919546,map,66.28716829900077
36,74,2.7250007409602404,-5.025009613331933,9.633685846227518e-05,map,66.28716829900077
36,75,2.7750007417052984,-5.025004796488923,4.597706543677061e-05,map,66.28716829900077
36,76,2.8250007424503565,-5.025002497635615,2.1687966971047014e-05,map,66.28716829900077
36,77,2.8750007431954145,-5.02500141323725,1.0123425999502202e-05,map,66.28716829900077
36,78,2.9250007439404726,-5.025000907065943,4.680571007606609e-06,map,66.28716829900077
36,79,2.9750007446855307,-5.025000673037389,2.1453903933400444e-06,map,66.28716829900077
36,80,3.0250007454305887,-5.025000565767868,9.756080420257127e-07,map,66.28716829900077
36,81,3.075000746175647,-5.025000516987465,4.404445098509549e-07,map,66.28716829900077
36,82,3.125000746920705,-5.025000494965239,1.9751766150317767e-07,map,66.28716829900077
36,83,3.175000747665763,-5.025000485089356,8.803329489652446e-08,map,66.28716829900077
36,84,3.225000748410821,-5.025000480687691,3.901565234925105e-08,map,66.28716829900077
36,85,3.275000749155879,-5.025000478736908,1.720689343126856e-08,map,66.28716829900077
36,86,3.325000749900937,-5.025000477876564,7.567777402991428e-09,map,66.28716829900077
36,87,3.375000750645995,-5.025000477498175,3.3518787245910235e-09,map,66.28716829900077
36,88,3.425000751391053,-5.025000477330581,1.5688428100439337e-09,map,66.28716829900077
36,89,3.4750007521361113,-5.025000477252139,9.398881532896416e-10,map,66.28716829900077
36,90,3.5250007528811693,-5.025000477205144,1.010977952943119e-09,map,66.28716829900077
36,91,3.5750007536262274,-5.025000477154595,1.836042401844935e-09,map,66.28716829900077
36,92,3.6250007543712854,-5.025000477062793,4.016413808308313e-09,map,66.28716829900077
36,93,3.6750007551163435,-5.0250004768619725,9.125358110841382e-09,map,66.28716829900077
36,94,3.7250007558614016,-5.025000476405705,2.0806431822718347e-08,map,66.28716829900077
36,95,3.7750007566064596,-5.025000475365383,4.72806142741814e-08,map,66.28716829900077
36,96,3.8250007573515177,-5.025000473001352,1.0691241510434932e-07,map,66.28716829900077
36,97,3.8750007580965757,-5.025000467655731,2.4042138588100074e-07,map,66.28716829900077
36,98,3.925000758841634,-5.025000455634662,5.374250120335289e-07,map,66.28716829900077
36,99,3.975000759586692,-5.025000428763411,1.1935842713966775e-06,map,66.28716829900077
36,100,4.02500076033175,-5.0250003690841964,2.632354064350989e-06,map,66.28716829900077
36,101,4.075000761076808,-5.025000237466491,5.7613689315059155e-06,map,66.28716829900077
36,102,4.125000761821866,-5.02499994939804,1.2505305137599488e-05,map,66.28716829900077
36,103,4.175000762566924,-5.024999324132774,2.689697499519715e-05,map,66.28716829900077
36,104,4.225000763311982,-5.024997979284004,5.727358074789656e-05,map,66.28716829900077
36,105,4.27500076405704,-5.024995115604921,0.00012061063012149418,map,66.28716829900077
36,106,4.325000764802098,-5.024989085073296,0.0002508764080966602,map,66.28716829900077
36,107,4.375000765547156,-5.024976541252441,0.0005146910720861754,map,66.28716829900077
36,108,4.425000766292214,-5.0249508066961805,0.0010396820304437015,map,66.28716829900077
36,109,4.4750007670372725,-5.024898822575153,0.002063631972278088,map,66.28716829900077
36,110,4.5250007677823305,-5.024795640828533,0.004014862832045311,map,66.28716829900077
36,111,4.575000768527389,-5.024594896605331,0.007633294436608668,map,66.28716829900077
36,112,4.625000769272447,-5.0242132244647975,0.01413022136420948,map,66.28716829900077
36,113,4.675000770017505,-5.023506666360893,0.025349623605261537,map,66.28716829900077
36,114,4.725000770762563,-5.022238913596023,0.043815176637541704,map,66.28716829900077
36,115,4.775000771507621,-5.020046751736621,0.07241291495453077,map,66.28716829900077
36,116,4.825000772252679,-5.016419764190486,0.1133222607592277,map,66.28716829900077
36,117,4.875000772997737,-5.010729271208204,0.16593040757134653,map,66.28716829900077
36,118,4.925000773742795,-5.002355760263088,0.22442577139147896,map,66.28716829900077
36,119,4.975000774487853,-4.990942203063481,0.27775004456771546,map,66.28716829900077
36,120,5.025000775232911,-4.976686207947518,0.31535114878753734,map,66.28716829900077
36,121,5.075000775977969,-4.9603743116408765,0.3364127298459844,map,66.28716829900077
36,122,5.125000776723027,-4.942889019806913,0.3435808059599766,map,66.28716829900077
36,123,5.175000777468085,-4.925000475719571,-2.9220488173004044,map,66.28716829900077
37,0,-0.974999314174056,-5.375000482425094,0.004415745664078267,map,68.34930031200201
37,1,-0.924999313428998,-5.374779693703559,0.006472547728954914,map,68.34930031200201
37,2,-0.8749993126839399,-5.374456061792878,0.011328984357845646,map,68.34930031200201
37,3,-0.8249993119388819,-5.373889588331491,0.02060032452946021,map,68.34930031200201
37,4,-0.7749993111938238,-5.372859426361111,0.03696900733844429,map,68.34930031200201
37,5,-0.7249993104487658,-5.371010133409022,0.06425858011545953,map,68.34930031200201
37,6,-0.6749993097037077,-5.367792774800892,0.10697502020482338,map,68.34930031200201
37,7,-0.6249993089586496,-5.362423526794686,0.16862738095253837,map,68.34930031200201
37,8,-0.5749993082135916,-5.353911322196784,0.24828991525658153,map,68.34930031200201
37,9,-0.5249993074685335,-5.34123526535306,0.336615332620032,map,68.34930031200201
37,10,-0.47499930672347546,-5.323738603717612,0.415808258710282,map,68.34930031200201
37,11,-0.4249993059784174,-5.301660892242046,0.46778373558748626,map,68.34930031200201
37,12,-0.37499930523335934,-5.276401846755094,0.4866352095733376,map,68.34930031200201
37,13,-0.3249993044883013,-5.249948156841474,0.47758213257517923,map,68.34930031200201
37,14,-0.2749993037432432,-5.224071081150972,0.45003571590413083,map,68.34930031200201
37,15,-0.22499930299818516,-5.199916124975623,0.4088502112233778,map,68.34930031200201
37,16,-0.1749993022531271,-5.178252879753538,0.3594076693084149,map,68.34930031200201
37,17,-0.12499930150806904,-5.159466541937192,0.3068188653633917,map,68.34930031200201
37,18,-0.07499930076301098,-5.143625366006054,0.26235547280160243,map,68.34930031200201
37,19,-0.02499930001795292,-5.130198101234865,0.2340885967884441,map,68.34930031200201
37,20,0.02500070072710514,-5.11827508778464,0.22059488885444284,map,68.34930031200201
37,21,0.0750007014721632,-5.107062880549877,0.2126988858627396,map,68.34930031200201
37,22,0.12500070221722126,-5.096264601855239,0.2029715656944492,map,68.34930031200201
37,23,0.17500070296227932,-5.085974322670026,0.19756802232563359,map,68.34930031200201
37,24,0.22500070370733738,-5.075965354162712,0.20549912959266628,map,68.34930031200201
37,25,0.27500070445239544,-5.065543275072524,0.22911665072331686,map,68.34930031200201
37,26,0.3250007051974535,-5.053882686021053,0.25999142263212516,map,68.34930031200201
37,27,0.37500070594251156,-5.040582067953818,0.2803877892349441,map,68.34930031200201
37,28,0.4250007066875696,-5.026183356382263,0.2724643158132506,map,68.34930031200201
37,29,0.4750007074326277,-5.012212705065163,0.23422082095844707,map,68.34930031200201
37,30,0.5250007081776857,-5.000282704250859,0.1801205305485434,map,68.34930031200201
37,31,0.5750007089227438,-4.991178001443305,0.1262065441916664,map,68.34930031200201
37,32,0.6250007096678019,-4.984833955469568,0.0820352040200694,map,68.34930031200201
37,33,0.6750007104128599,-4.980722969063222,0.05022153363395444,map,68.34930031200201
37,34,0.725000711157918,-4.978209779064089,0.029297756548989144,map,68.34930031200201
37,35,0.775000711902976,-4.976744471937857,0.01643031237372618,map,68.34930031200201
37,36,0.8250007126480341,-4.9759228823748165,0.008916539961487769,map,68.34930031200201
37,37,0.8750007133930922,-4.975477043554611,0.00470644753957334,map,68.34930031200201
37,38,0.9250007141381502,-4.975241719436596,0.0024258870785597198,map,68.34930031200201
37,39,0.9750007148832083,-4.975120424842924,0.001224946657190059,map,68.34930031200201
37,40,1.0250007156282663,-4.975059177478518,0.0006075228300651122,map,68.34930031200201
37,41,1.0750007163733244,-4.975028801332825,0.0002965771385757255,map,68.34930031200201
37,42,1.1250007171183825,-4.9750139724752405,0.00014276377245962766,map,68.34930031200201
37,43,1.1750007178634405,-4.975006834286463,6.786664681264047e-05,map,68.34930031200201
37,44,1.2250007186084986,-4.975003440954066,3.190120213556678e-05,map,68.34930031200201
37,45,1.2750007193535566,-4.975001845893935,1.4843776421123142e-05,map,68.34930031200201
37,46,1.3250007200986147,-4.975001103705103,6.843488393806247e-06,map,68.34930031200201
37,47,1.3750007208436728,-4.975000761530678,3.1286829726954546e-06,map,68.34930031200201
37,48,1.4250007215887308,-4.975000605096527,1.4194060293217746e-06,map,68.34930031200201
37,49,1.4750007223337889,-4.975000534126225,6.394185885414299e-07,map,68.34930031200201
37,50,1.525000723078847,-4.975000502155295,2.8617918275015814e-07,map,68.34930031200201
37,51,1.575000723823905,-4.975000487846335,1.273146546978532e-07,map,68.34930031200201
37,52,1.625000724568963,-4.975000481480603,5.632440208017298e-08,map,68.34930031200201
37,53,1.675000725314021,-4.975000478664382,2.4789219196557885e-08,map,68.34930031200201
37,54,1.7250007260590792,-4.9750004774249215,1.0857519166266143e-08,map,68.34930031200201
37,55,1.7750007268041372,-4.9750004768820455,4.7340974878684815e-09,map,68.34930031200201
37,56,1.8250007275491953,-4.975000476645341,2.055457995378107e-09,map,68.34930031200201
37,57,1.8750007282942533,-4.975000476542568,8.889067127585371e-10,map,68.34930031200201
37,58,1.9250007290393114,-4.975000476498122,3.829825288678096e-10,map,68.34930031200201
37,59,1.9750007297843695,-4.975000476478973,1.6443735017297371e-10,map,68.34930031200201
37,60,2.0250007305294275,-4.975000476470751,7.036149336017596e-11,map,68.34930031200201
37,61,2.0750007312744856,-4.975000476467233,3.0020430138524964e-11,map,68.34930031200201
37,62,2.1250007320195436,-4.975000476465732,1.2754241916840784e-11,map,68.34930031200201
37,63,2.1750007327646017,-4.975000476465095,5.417888279437937e-12,map,68.34930031200201
37,64,2.2250007335096598,-4.975000476464824,2.291500288680308e-12,map,68.34930031200201
37,65,2.275000734254718,-4.975000476464709,9.592326789824545e-13,map,68.34930031200201
37,66,2.325000734999776,-4.975000476464661,3.907984988447037e-13,map,68.34930031200201
37,67,2.375000735744834,-4.975000476464642,1.598721131637424e-13,map,68.34930031200201
37,68,2.425000736489892,-4.975000476464634,7.105427251721885e-14,map,68.34930031200201
37,69,2.47500073723495,-4.97500047646463,1.7763568129304712e-14,map,68.34930031200201
37,70,2.525000737980008,-4.975000476464629,0.0,map,68.34930031200201
37,71,2.575000738725066,-4.975000476464629,0.0,map,68.34930031200201
37,72,2.6250007394701242,-4.975000476464629,0.0,map,68.34930031200201
37,73,2.6750007402151823,-4.975000476464629,0.0,map,68.34930031200201
37,74,2.7250007409602404,-4.975000476464629,0.0,map,68.34930031200201
37,75,2.7750007417052984,-4.975000476464629,0.0,map,68.34930031200201
37,76,2.8250007424503565,-4.975000476464629,0.0,map,68.34930031200201
37,77,2.8750007431954145,-4.975000476464629,0.0,map,68.34930031200201
37,78,2.9250007439404726,-4.975000476464629,0.0,map,68.34930031200201
37,79,2.9750007446855307,-4.975000476464629,0.0,map,68.34930031200201
37,80,3.0250007454305887,-4.975000476464629,1.7763568129304712e-14,map,68.34930031200201
37,81,3.075000746175647,-4.975000476464628,5.329070438791414e-14,map,68.34930031200201
37,82,3.125000746920705,-4.975000476464626,1.0658140877582828e-13,map,68.34930031200201
37,83,3.175000747665763,-4.97500047646462,2.842170900688754e-13,map,68.34930031200201
37,84,3.225000748410821,-4.975000476464606,7.105427251721885e-13,map,68.34930031200201
37,85,3.275000749155879,-4.9750004764645706,1.6875389722839477e-12,map,68.34930031200201
37,86,3.325000749900937,-4.975000476464486,3.99680282909356e-12,map,68.34930031200201
37,87,3.375000750645995,-4.975000476464286,9.50350894917802e-12,map,68.34930031200201
37,88,3.425000751391053,-4.975000476463811,2.2399859411053244e-11,map,68.34930031200201
37,89,3.4750007521361113,-4.975000476462691,5.261568879900056e-11,map,68.34930031200201
37,90,3.5250007528811693,-4.97500047646006,1.2313705427234027e-10,map,68.34930031200201
37,91,3.5750007536262274,-4.9750004764539035,2.872191330827279e-10,map,68.34930031200201
37,92,3.6250007543712854,-4.975000476439543,6.67199618936685e-10,map,68.34930031200201
37,93,3.6750007551163435,-4.975000476406183,1.5436007797321917e-09,map,68.34930031200201
37,94,3.7250007558614016,-4.9750004763290026,3.5560887038055104e-09,map,68.34930031200201
37,95,3.7750007566064596,-4.975000476151198,8.155964670888966e-09,map,68.34930031200201
37,96,3.8250007573515177,-4.9750004757434,1.861835102768686e-08,map,68.34930031200201
37,97,3.8750007580965757,-4.975000474812482,4.229116549445419e-08,map,68.34930031200201
37,98,3.925000758841634,-4.975000472697924,9.555653903421567e-08,map,68.34930031200201
37,99,3.975000759586692,-4.975000467920097,2.1469051993790974e-07,map,68.34930031200201
37,100,4.02500076033175,-4.975000457185571,4.794273884169991e-07,map,68.34930031200201
37,101,4.075000761076808,-4.975000433214201,1.0636062183479541e-06,map,68.34930031200201
37,102,4.125000761821866,-4.975000380033889,2.3428697388257743e-06,map,68.34930031200201
37,103,4.175000762566924,-4.975000262890401,5.1209747500581495e-06,map,68.34930031200201
37,104,4.225000763311982,-4.975000006841659,1.1098992527959581e-05,map,68.34930031200201
37,105,4.27500076405704,-4.974999451892025,2.3833317626176222e-05,map,68.34930031200201
37,106,4.325000764802098,-4.974998260226125,5.065760124384738e-05,map,68.34930031200201
37,107,4.375000765547156,-4.974995727346023,0.00010646025664678506,map,68.34930031200201
37,108,4.425000766292214,-4.9749904043330915,0.00022093113595133255,map,68.34930031200201
37,109,4.4750007670372725,-4.97497935777595,0.00045206248215383084,map,68.34930031200201
37,110,4.5250007677823305,-4.974956754649965,0.0009104072902761109,map,68.34930031200201
37,111,4.575000768527389,-4.974911234272197,0.0018006902076791256,map,68.34930031200201
37,112,4.625000769272447,-4.974821199663159,0.0034888602066171772,map,68.34930031200201
37,113,4.675000770017505,-4.974646755942444,0.00660074831260243,map,68.34930031200201
37,114,4.725000770762563,-4.974316713728582,0.012146802190997681,map,68.34930031200201
37,115,4.775000771507621,-4.97370934373826,0.02163438054015354,map,68.34930031200201
37,116,4.825000772252679,-4.972627455898622,0.03705954965039099,map,68.34930031200201
37,117,4.875000772997737,-4.97077362962279,0.06055973072086236,map,68.34930031200201
37,118,4.925000773742795,-4.967741935908792,0.09341418259884927,map,68.34930031200201
37,119,4.975000774487853,-4.963057593257584,0.1342312582333717,map,68.34930031200201
37,120,5.025000775232911,-4.95630542787477,0.17701314554702358,map,68.34930031200201
37,121,5.075000775977969,-4.947361155830045,0.21145357402768974,map,68.34930031200201
37,122,5.125000776723027,-4.936628029376892,0.2284899321702746,map,68.34930031200201
37,123,5.175000777468085,-4.925000475719571,-2.9220488173004044,map,68.34930031200201
38,0,-0.974999314174056,-5.325000481680036,0.0020002461638740196,map,70.40899362900018
38,1,-0.924999313428998,-5.324900469236969,0.00298374473184958,map,70.40899362900018
38,2,-0.8749993126839399,-5.324751281555427,0.00534337975217082,map,70.40899362900018
38,3,-0.8249993119388819,-5.324484110021098,0.009960573364208752,map,70.40899362900018
38,4,-0.7749993111938238,-5.323986064874503,0.018382733024942383,map,70.40899362900018
38,5,-0.7249993104487658,-5.323066824662516,0.03302347539869763,map,70.40899362900018
38,6,-0.6749993097037077,-5.321415050376875,0.05722381949989306,map,70.40899362900018
38,7,-0.6249993089586496,-5.318550732210678,0.09482110038356284,map,70.40899362900018
38,8,-0.5749993082135916,-5.313795416825674,0.14865791314826962,map,70.40899362900018
38,9,-0.5249993074685335,-5.306307279063264,0.21762681991261118,map,70.40899362900018
38,10,-0.47499930672347546,-5.295250834595844,0.2933002513220456,map,70.40899362900018
38,11,-0.4249993059784174,-5.280150310265395,0.3599590130224151,map,70.40899362900018
38,12,-0.37499930523335934,-5.26133250706559,0.40209305657094907,map,70.40899362900018
38,13,-0.3249993044883013,-5.240069376418414,0.41642294741527336,map,70.40899362900018
38,14,-0.2749993037432432,-5.217954928234514,0.4084263591277438,map,70.40899362900018
38,15,-0.22499930299818516,-5.196316849240945,0.38176965775133326,map,70.40899362900018
38,16,-0.1749993022531271,-5.176243541582665,0.3421438899976953,map,70.40899362900018
38,17,-0.12499930150806904,-5.158435997971287,0.2953678935102282,map,70.40899362900018
38,18,-0.07499930076301098,-5.1432225913631395,0.25332651632534015,map,70.40899362900018
38,19,-0.02499930001795292,-5.130278173662685,0.2242720006341468,map,70.40899362900018
38,20,0.02500070072710514,-5.118872705349327,0.2064105286062369,map,70.40899362900018
38,21,0.0750007014721632,-5.108403067341369,0.18953468507403345,map,70.40899362900018
38,22,0.12500070221722126,-5.098811199438152,0.16459798272092602,map,70.40899362900018
38,23,0.17500070296227932,-5.090506162975183,0.13630692108064665,map,70.40899362900018
38,24,0.22500070370733738,-5.083648292005434,0.11391980827658232,map,70.40899362900018
38,25,0.27500070445239544,-5.077927532592707,0.10399179042015372,map,70.40899362900018
38,26,0.3250007051974535,-5.072709118265352,0.1081478707510594,map,70.40899362900018
38,27,0.37500070594251156,-5.067280543993789,0.12276895900843908,map,70.40899362900018
38,28,0.4250007066875696,-5.061111068872124,0.13897599032163704,map,70.40899362900018
38,29,0.4750007074326277,-5.054117183775405,0.1445619241530064,map,70.40899362900018
38,30,0.5250007081776857,-5.046838311689774,0.1312463274847629,map,70.40899362900018
38,31,0.5750007089227438,-5.040238053828154,0.10502634779425793,map,70.40899362900018
38,32,0.6250007096678019,-5.034967342507722,0.0758280703550622,map,70.40899362900018
38,33,0.6750007104128599,-5.031168655455581,0.05046403510387528,map,70.40899362900018
38,34,0.725000711157918,-5.028643309600978,0.03148453223486449,map,70.40899362900018
38,35,0.775000711902976,-5.027068562595204,0.018651861560747704,map,70.40899362900018
38,36,0.8250007126480341,-5.026135861341012,0.01059277800158649,map,70.40899362900018
38,37,0.8750007133930922,-5.02560620262243,0.005808988299145302,map,70.40899362900018
38,38,0.9250007141381502,-5.025315749936092,0.00309323781782093,map,70.40899362900018
38,39,0.9750007148832083,-5.02516108754962,0.0016064355851900555,map,70.40899362900018
38,40,1.0250007156282663,-5.02508076570007,0.0008167049156551656,map,70.40899362900018
38,41,1.0750007163733244,-5.025039930444599,0.00040805800339932123,map,70.40899362900018
38,42,1.1250007171183825,-5.025019527542993,0.0002018383589577144,map,70.40899362900018
38,43,1.1750007178634405,-5.025009435624757,0.00010121900524196739,map,70.40899362900018
38,44,1.2250007186084986,-5.025004374674403,5.619027720511551e-05,map,70.40899362900018
38,45,1.2750007193535566,-5.025001565160498,4.3415700422226996e-05,map,70.40899362900018
38,46,1.3250007200986147,-5.024999394375443,5.611801490361196e-05,map,70.40899362900018
38,47,1.3750007208436728,-5.024996588474653,0.00010102512017883854,map,70.40899362900018
38,48,1.4250007215887308,-5.024991537218551,0.00020139194763018408,map,70.40899362900018
38,49,1.4750007223337889,-5.024981467620884,0.00040706252137617365,map,70.40899362900018
38,50,1.525000723078847,-5.0249611144933874,0.0008145116040779345,map,70.40899362900018
38,51,1.575000723823905,-5.0249203889035705,0.0016016454023592024,map,70.40899362900018
38,52,1.625000724568963,-5.024840306563782,0.003082867301676872,map,70.40899362900018
38,53,1.675000725314021,-5.024686162708069,0.0057867479724737535,map,70.40899362900018
38,54,1.7250007260590792,-5.024396822075463,0.010545576952499159,map,70.40899362900018
38,55,1.7750007268041372,-5.023869523673026,0.01855284615500166,map,70.40899362900018
38,56,1.8250007275491953,-5.0229417749027965,0.03127954937095413,map,70.40899362900018
38,57,1.8750007282942533,-5.0213772871407265,0.050046100220532665,map,70.40899362900018
38,58,1.9250007290393114,-5.018872890896127,0.07499099339138021,map,70.40899362900018
38,59,1.9750007297843695,-5.0151162966064975,0.10338364527756777,map,70.40899362900018
38,60,2.0250007305294275,-5.009928618807952,0.12809232265808407,map,70.40899362900018
38,61,2.0750007312744856,-5.003488742931287,0.13863557625845052,map,70.40899362900018
38,62,2.1250007320195436,-4.9965122107355535,0.12809232255769767,map,70.40899362900018
38,63,2.1750007327646017,-4.990072334863991,0.10338364500574476,map,70.40899362900018
38,64,2.2250007335096598,-4.984884657079183,0.07499099275431546,map,70.40899362900018
38,65,2.275000734254718,-4.981128062821587,0.05004609876116868,map,70.40899362900018
38,66,2.325000734999776,-4.9786236666501384,0.031279546039851586,map,70.40899362900018
38,67,2.375000735744834,-4.977059179054787,0.018552838562801998,map,70.40899362900018
38,68,2.425000736489892,-4.976131430664298,0.01054555969034465,map,70.40899362900018
38,69,2.47500073723495,-4.975604133125064,0.005786708865049897,map,70.40899362900018
38,70,2.525000737980008,-4.975314794447895,0.0030827791082999895,map,70.40899362900018
38,71,2.575000738725066,-4.975160655001893,0.0016014475723176353,map,70.40899362900018
38,72,2.6250007394701242,-4.975080582553632,0.0008140704944550716,map,70.40899362900018
38,73,2.6750007402151823,-4.975039879019311,0.0004060854297936353,map,70.40899362900018
38,74,2.7250007409602404,-4.975019574746403,0.0001992431867925941,map,70.40899362900018
38,75,2.7750007417052984,-4.975009612586783,9.633685789384102e-05,map,70.40899362900018
38,76,2.8250007424503565,-4.975004795743802,4.5977065010444975e-05,map,70.40899362900018
38,77,2.8750007431954145,-4.975002496890515,2.1687966686829926e-05,map,70.40899362900018
38,78,2.9250007439404726,-4.975001412492165,1.0123425786339385e-05,map,70.40899362900018
38,79,2.9750007446855307,-4.975000906320868,4.680570865498064e-06,map,70.40899362900018
38,80,3.0250007454305887,-4.975000672292321,2.1453902867586357e-06,map,70.40899362900018
38,81,3.075000746175647,-4.975000565022805,9.756078821535995e-07,map,70.40899362900018
38,82,3.125000746920705,-4.97500051624241,4.4044427892456923e-07,map,70.40899362900018
38,83,3.175000747665763,-4.975000494220196,1.9751716412327005e-07,map,70.40899362900018
38,84,3.225000748410821,-4.975000484344338,8.80321047374598e-08,map,70.40899362900018
38,85,3.275000749155879,-4.975000479942732,3.901286346905475e-08,map,70.40899362900018
38,86,3.325000749900937,-4.975000477992089,1.7200320911060718e-08,map,70.40899362900018
38,87,3.375000750645995,-4.975000477132073,7.552340862287062e-09,map,70.40899362900018
38,88,3.425000751391053,-4.975000476754456,3.3156765727435005e-09,map,70.40899362900018
38,89,3.4750007521361113,-4.975000476588672,1.4843059893165726e-09,map,70.40899362900018
38,90,3.5250007528811693,-4.975000476514457,7.430322912806869e-10,map,70.40899362900018
38,91,3.5750007536262274,-4.975000476477305,5.545785969968931e-10,map,70.40899362900018
38,92,3.6250007543712854,-4.975000476449576,7.821299047332865e-10,map,70.40899362900018
38,93,3.6750007551163435,-4.97500047641047,1.592823627018495e-09,map,70.40899362900018
38,94,3.7250007558614016,-4.975000476330829,3.5770852413343486e-09,map,70.40899362900018
38,95,3.7750007566064596,-4.975000476151974,8.164917509226135e-09,map,70.40899362900018
38,96,3.8250007573515177,-4.9750004757437285,1.8622152431266532e-08,map,70.40899362900018
38,97,3.8750007580965757,-4.975000474812621,4.2292781979153954e-08,map,70.40899362900018
38,98,3.925000758841634,-4.975000472697982,9.555723181337271e-08,map,70.40899362900018
38,99,3.975000759586692,-4.97500046792012,2.1469076862786355e-07,map,70.40899362900018
38,100,4.02500076033175,-4.9750004571855815,4.794274949984079e-07,map,70.40899362900018
38,101,4.075000761076808,-4.975000433214206,1.0636062716386585e-06,map,70.40899362900018
38,102,4.125000761821866,-4.975000380033892,2.3428697743529102e-06,map,70.40899362900018
38,103,4.175000762566924,-4.9750002628904015,5.1209747500581495e-06,map,70.40899362900018
38,104,4.225000763311982,-4.97500000684166,1.109899254572315e-05,map,70.40899362900018
38,105,4.27500076405704,-4.974999451892025,2.3833317626176222e-05,map,70.40899362900018
38,106,4.325000764802098,-4.974998260226125,5.065760124384738e-05,map,70.40899362900018
38,107,4.375000765547156,-4.974995727346023,0.00010646025664678506,map,70.40899362900018
38,108,4.425000766292214,-4.9749904043330915,0.00022093113595133255,map,70.40899362900018
38,109,4.4750007670372725,-4.97497935777595,0.00045206248215383084,map,70.40899362900018
38,110,4.5250007677823305,-4.974956754649965,0.0009104072902761109,map,70.40899362900018
38,111,4.575000768527389,-4.974911234272197,0.0018006902076791256,map,70.40899362900018
38,112,4.625000769272447,-4.974821199663159,0.0034888602066171772,map,70.40899362900018
38,113,4.675000770017505,-4.974646755942444,0.00660074831260243,map,70.40899362900018
38,114,4.725000770762563,-4.974316713728582,0.012146802190997681,map,70.40899362900018
38,115,4.775000771507621,-4.97370934373826,0.02163438054015354,map,70.40899362900018
38,116,4.825000772252679,-4.972627455898622,0.03705954965039099,map,70.40899362900018
38,117,4.875000772997737,-4.97077362962279,0.06055973072086236,map,70.40899362900018
38,118,4.925000773742795,-4.967741935908792,0.09341418259884927,map,70.40899362900018
38,119,4.975000774487853,-4.963057593257584,0.1342312582333717,map,70.40899362900018
38,120,5.025000775232911,-4.95630542787477,0.17701314554702358,map,70.40899362900018
38,121,5.075000775977969,-4.947361155830045,0.21145357402768974,map,70.40899362900018
38,122,5.125000776723027,-4.936628029376892,0.2284899321702746,map,70.40899362900018
38,123,5.175000777468085,-4.925000475719571,-2.9220488173004044,map,70.40899362900018
39,0,-0.8249993119388819,-5.325000481680036,0.015075221120173109,map,71.44372242100144
39,1,-0.7749993111938238,-5.324246663507115,0.021009007487505994,map,71.44372242100144
39,2,-0.7249993104487658,-5.323196058541093,0.0343445804165677,map,71.44372242100144
39,3,-0.6749993097037077,-5.32147815399,0.05787584549123787,map,71.44372242100144
39,4,-0.6249993089586496,-5.318581126308765,0.09513673398059641,map,71.44372242100144
39,5,-0.5749993082135916,-5.3138098860164975,0.1488072588355167,map,71.44372242100144
39,6,-0.5249993074685335,-5.306314113315947,0.21769523944186728,map,71.44372242100144
39,7,-0.47499930672347546,-5.295254080538863,0.2933297144926198,map,71.44372242100144
39,8,-0.4249993059784174,-5.280151948668278,0.35996917748619145,map,71.44372242100144
39,9,-0.37499930523335934,-5.261333565256351,0.40209148813039425,map,71.44372242100144
39,10,-0.3249993044883013,-5.240070527213631,0.4164093887679267,map,71.44372242100144
39,11,-0.2749993037432432,-5.217956889574055,0.4083928480531124,map,71.44372242100144
39,12,-0.22499930299818516,-5.196320799907423,0.3816959940983212,map,71.44372242100144
39,13,-0.1749993022531271,-5.176251768942601,0.34198658218277234,map,71.44372242100144
39,14,-0.12499930150806904,-5.158453087898865,0.29503838931030724,map,71.44372242100144
39,15,-0.07499930076301098,-5.143257679957136,0.25265380460135417,map,71.44372242100144
39,16,-0.02499930001795292,-5.130349145963297,0.22293876875055765,map,71.44372242100144
39,17,0.02500070072710514,-5.119013786626462,0.20384489556850877,map,71.44372242100144
39,18,0.0750007014721632,-5.108677983217687,0.18473411452515584,map,71.44372242100144
39,19,0.12500070221722126,-5.099334750207431,0.1558812492924504,map,71.44372242100144
39,20,0.17500070296227932,-5.091476938726966,0.12108991003457228,map,71.44372242100144
39,21,0.22500070370733738,-5.085392676654574,0.08867901909827426,map,71.44372242100144
39,22,0.27500070445239544,-5.08094706613931,0.06473573161599903,map,71.44372242100144
39,23,0.3250007051974535,-5.077705750434731,0.05194778861718896,map,71.44372242100144
39,24,0.37500070594251156,-5.075106022025608,0.05088174229372177,map,71.44372242100144
39,25,0.4250007066875696,-5.072559737090751,0.061091990274208155,map,71.44372242100144
39,26,0.4750007074326277,-5.069501331692377,0.08100106162788069,map,71.44372242100144
39,27,0.5250007081776857,-5.065442397543575,0.10655606762446365,map,71.44372242100144
39,28,0.5750007089227438,-5.060094337772899,0.12972554890310742,map,71.44372242100144
39,29,0.6250007096678019,-5.053571428379183,0.1394612592367986,map,71.44372242100144
39,30,0.6750007104128599,-5.046552803422074,0.12850445570703728,map,71.44372242100144
39,31,0.725000711157918,-5.0400919779397855,0.10358664038427365,map,71.44372242100144
39,32,0.775000711902976,-5.03489404090945,0.07508948577900681,map,71.44372242100144
39,33,0.8250007126480341,-5.03113249416521,0.0500931869106987,map,71.44372242100144
39,34,0.8750007133930922,-5.028625737673943,0.03130176545122803,map,71.44372242100144
39,35,0.9250007141381502,-5.0270601380195385,0.018563205781217902,map,71.44372242100144
39,36,0.9750007148832083,-5.026131871089556,0.01055034968081816,map,71.44372242100144
39,37,1.0250007156282663,-5.025604334024147,0.005788902787369246,map,71.44372242100144
39,38,1.0750007163733244,-5.025314885647186,0.0030837760835419965,map,71.44372242100144
39,39,1.1250007171183825,-5.025160696351947,0.0016018973721712475,map,71.44372242100144
39,40,1.1750007178634405,-5.025080601413635,0.0008142720884909025,map,71.44372242100144
39,41,1.2250007186084986,-5.025039887799606,0.0004061752305132217,map,71.44372242100144
39,42,1.2750007193535566,-5.025019579036661,0.0001992829627418435,map,71.44372242100144
39,43,1.3250007200986147,-5.025009614888243,9.635438353657612e-05,map,71.44372242100144
39,44,1.3750007208436728,-5.02500479716898,4.598474919249367e-05,map,71.44372242100144
39,45,1.4250007215887308,-5.025002497931484,2.1691320448491157e-05,map,71.44372242100144
39,46,1.4750007223337889,-5.0250014133654455,1.0124883269340675e-05,map,71.44372242100144
39,47,1.525000723078847,-5.0250009071212745,4.6812017208565905e-06,map,71.44372242100144
39,48,1.575000723823905,-5.025000673061185,2.145662300277398e-06,map,71.44372242100144
39,49,1.625000724568963,-5.025000565778068,9.75724730904754e-07,map,71.44372242100144
39,50,1.675000725314021,-5.025000516991831,4.404942123145807e-07,map,71.44372242100144
39,51,1.7250007260590792,-5.02500049496712,1.975382317150714e-07,map,71.44372242100144
39,52,1.7750007268041372,-5.025000485090208,8.804050690518496e-08,map,71.44372242100144
39,53,1.8250007275491953,-5.025000480688183,3.9015048387934655e-08,map,71.44372242100144
39,54,1.8750007282942533,-5.0250004787374305,1.719795835649952e-08,map,71.44372242100144
39,55,1.9250007290393114,-5.025000477877533,7.543547896063056e-09,map,71.44372242100144
39,56,1.9750007297843695,-5.025000477500355,3.2935964575587748e-09,map,71.44372242100144
39,57,2.0250007305294275,-5.025000477335675,1.4318146454944771e-09,map,71.44372242100144
39,58,2.0750007312744856,-5.025000477264085,6.199307641446051e-10,map,71.44372242100144
39,59,2.1250007320195436,-5.025000477233088,2.6739499105042383e-10,map,71.44372242100144
39,60,2.1750007327646017,-5.025000477219718,1.1493028579660149e-10,map,71.44372242100144
39,61,2.2250007335096598,-5.025000477213972,4.922284728630336e-11,map,71.44372242100144
39,62,2.275000734254718,-5.025000477211511,2.1014301096967474e-11,map,71.44372242100144
39,63,2.325000734999776,-5.02500047721046,8.952838337169575e-12,map,71.44372242100144
39,64,2.375000735744834,-5.025000477210012,3.8014035796712085e-12,map,71.44372242100144
39,65,2.425000736489892,-5.025000477209822,1.5987211316374242e-12,map,71.44372242100144
39,66,2.47500073723495,-5.025000477209742,6.572520207842743e-13,map,71.44372242100144
39,67,2.525000737980008,-5.025000477209709,2.664535219395707e-13,map,71.44372242100144
39,68,2.575000738725066,-5.025000477209696,1.0658140877582828e-13,map,71.44372242100144
39,69,2.6250007394701242,-5.025000477209691,5.329070438791414e-14,map,71.44372242100144
39,70,2.6750007402151823,-5.025000477209688,1.7763568129304712e-14,map,71.44372242100144
39,71,2.7250007409602404,-5.025000477209687,0.0,map,71.44372242100144
39,72,2.7750007417052984,-5.025000477209687,0.0,map,71.44372242100144
39,73,2.8250007424503565,-5.025000477209687,0.0,map,71.44372242100144
39,74,2.8750007431954145,-5.025000477209687,0.0,map,71.44372242100144
39,75,2.9250007439404726,-5.025000477209687,1.7763568129304712e-14,map,71.44372242100144
39,76,2.9750007446855307,-5.025000477209686,5.329070438791414e-14,map,71.44372242100144
39,77,3.0250007454305887,-5.025000477209684,1.2434497690513299e-13,map,71.44372242100144
39,78,3.075000746175647,-5.0250004772096775,3.197442263274848e-13,map,71.44372242100144
39,79,3.125000746920705,-5.0250004772096615,7.993605658187121e-13,map,71.44372242100144
39,80,3.175000747665763,-5.0250004772096215,1.865174653576995e-12,map,71.44372242100144
39,81,3.225000748410821,-5.025000477209528,4.440892032326178e-12,map,71.44372242100144
39,82,3.275000749155879,-5.025000477209306,1.0551559468806999e-11,map,71.44372242100144
39,83,3.325000749900937,-5.025000477208779,2.4886758949155903e-11,map,71.44372242100144
39,84,3.375000750645995,-5.025000477207534,5.847766628167111e-11,map,71.44372242100144
39,85,3.425000751391053,-5.02500047720461,1.3697487384506863e-10,map,71.44372242100144
39,86,3.4750007521361113,-5.025000477197762,3.196554084868383e-10,map,71.44372242100144
39,87,3.5250007528811693,-5.025000477181779,7.430678184169455e-10,map,71.44372242100144
39,88,3.5750007536262274,-5.0250004771446255,1.720259464778127e-09,map,71.44372242100144
39,89,3.6250007543712854,-5.0250004770586125,3.965752112003536e-09,map,71.44372242100144
39,90,3.6750007551163435,-5.025000476860325,9.102141127296381e-09,map,71.44372242100144
39,91,3.7250007558614016,-5.025000476405218,2.0794174960709126e-08,map,71.44372242100144
39,92,3.7750007566064596,-5.025000475365509,4.727205223434308e-08,map,71.44372242100144
39,93,3.8250007573515177,-5.025000473001906,1.0690419057230545e-07,map,71.44372242100144
39,94,3.8750007580965757,-5.025000467656697,2.404118468449153e-07,map,71.44372242100144
39,95,3.925000758841634,-5.025000455636104,5.374133236056998e-07,map,71.44372242100144
39,96,3.975000759586692,-5.025000428765438,1.1935700072514697e-06,map,71.44372242100144
39,97,4.02500076033175,-5.0250003690869365,2.632337242251971e-06,map,71.44372242100144
39,98,4.075000761076808,-5.025000237470072,5.761349817906607e-06,map,71.44372242100144
39,99,4.125000761821866,-5.024999949402577,1.2505284478569763e-05,map,71.44372242100144
39,100,4.175000762566924,-5.024999324138344,2.6896953732206106e-05,map,71.44372242100144
39,101,4.225000763311982,-5.024997979290637,5.7273560159921186e-05,map,71.44372242100144
39,102,4.27500076405704,-5.024995115612583,0.0001206106115763293,map,71.44372242100144
39,103,4.325000764802098,-5.024989085081885,0.00025087639296210115,map,71.44372242100144
39,104,4.375000765547156,-5.024976541261787,0.0005146910615523822,map,71.44372242100144
39,105,4.425000766292214,-5.0249508067060535,0.0010396820253988535,map,71.44372242100144
39,106,4.4750007670372725,-5.024898822585278,0.0020636319730774457,map,71.44372242100144
39,107,4.5250007677823305,-5.024795640838618,0.0040148628386710156,map,71.44372242100144
39,108,4.575000768527389,-5.024594896615085,0.007633294448527326,map,71.44372242100144
39,109,4.625000769272447,-5.0242132244739555,0.0141302213804599,map,71.44372242100144
39,110,4.675000770017505,-5.023506666369238,0.025349623624664645,map,71.44372242100144
39,111,4.725000770762563,-5.022238913603397,0.043815176658763895,map,71.44372242100144
39,112,4.775000771507621,-5.020046751742933,0.07241291497621258,map,71.44372242100144
39,113,4.825000772252679,-5.016419764195708,0.11332226078011359,map,71.44372242100144
39,114,4.875000772997737,-5.010729271212368,0.16593040759037067,map,71.44372242100144
39,115,4.925000773742795,-5.002355760266274,0.22442577140800812,map,71.44372242100144
39,116,4.975000774487853,-4.9909422030657975,0.27775004458148217,map,71.44372242100144
39,117,5.025000775232911,-4.97668620794909,0.3153511487987597,map,71.44372242100144
39,118,5.075000775977969,-4.960374311641828,0.3364127298551014,map,71.44372242100144
39,119,5.125000776723027,-4.942889019807352,0.34358080596777174,map,71.44372242100144
39,120,5.175000777468085,-4.925000475719571,-2.9220488173004044,map,71.44372242100144
40,0,-0.5749993082135916,-5.375000482425094,0.5866223807980724,map,72.46862348700233
40,1,-0.5249993074685335,-5.341766739775236,0.5638967123745333,map,72.46862348700233
40,2,-0.47499930672347546,-5.310147177638026,0.5250677273087306,map,72.46862348700233
40,3,-0.4249993059784174,-5.281181650437342,0.4809927766155768,map,72.46862348700233
40,4,-0.37499930523335934,-5.255087982468251,0.4396069906457794,map,72.46862348700233
40,5,-0.3249993044883013,-5.231572956999929,0.4080353287948558,map,72.46862348700233
40,6,-0.2749993037432432,-5.209958087255465,0.384806961491877,map,72.46862348700233
40,7,-0.22499930299818516,-5.189708221692628,0.36128993244327534,map,72.46862348700233
40,8,-0.1749993022531271,-5.170814408572715,0.3332332388035199,map,72.46862348700233
40,9,-0.12499930150806904,-5.153507335395826,0.29980914322897834,map,72.46862348700233
40,10,-0.07499930076301098,-5.138050978050302,0.26757958586537034,map,72.46862348700233
40,11,-0.02499930001795292,-5.12434327438306,0.2393977167264761,map,72.46862348700233
40,12,0.02500070072710514,-5.112139351954191,0.20966892011523658,map,72.46862348700233
40,13,0.0750007014721632,-5.10149953439325,0.17129823835697808,map,72.46862348700233
40,14,0.12500070221722126,-5.092849853606396,0.1285647637760839,map,72.46862348700233
40,15,0.17500070296227932,-5.086385962348808,0.08910663091873586,map,72.46862348700233
40,16,0.22500070370733738,-5.081918801399825,0.05769483724438763,map,72.46862348700233
40,17,0.27500070445239544,-5.079030854419139,0.035307393605685404,map,72.46862348700233
40,18,0.3250007051974535,-5.077264750769524,0.020623697603660254,map,72.46862348700233
40,19,0.37500070594251156,-5.0762334196487675,0.011588772708859255,map,72.46862348700233
40,20,0.4250007066875696,-5.075653955063827,0.006303037626745745,map,72.46862348700233
40,21,0.4750007074326277,-5.075338799004246,0.0033343978464513684,map,72.46862348700233
40,22,0.5250007081776857,-5.075172078491561,0.0017223907383120223,map,72.46862348700233
40,23,0.5750007089227438,-5.0750859588682005,0.0008714919195797777,map,72.46862348700233
40,24,0.6250007096678019,-5.0750423842605406,0.0004330477568152529,map,72.46862348700233
40,25,0.6750007104128599,-5.075020731871024,0.00021177724116789562,map,72.46862348700233
40,26,0.725000711157918,-5.075010143008649,0.00010211082440684801,map,72.46862348700233
40,27,0.775000711902976,-5.075005037467335,4.8614923838791016e-05,map,72.46862348700233
40,28,0.8250007126480341,-5.075002606721105,2.2883953693385326e-05,map,72.46862348700233
40,29,0.8750007133930922,-5.075001462523403,1.0661900998226165e-05,map,72.46862348700233
40,30,0.9250007141381502,-5.075000929428345,4.921453375838581e-06,map,72.46862348700233
40,31,0.9750007148832083,-5.075000683355673,2.252506361171069e-06,map,72.46862348700233
40,32,1.0250007156282663,-5.075000570730353,1.0229776162490384e-06,map,72.46862348700233
40,33,1.0750007163733244,-5.075000519581471,4.6128488785236407e-07,map,72.46862348700233
40,34,1.1250007171183825,-5.075000496517227,2.0664200709063523e-07,map,72.46862348700233
40,35,1.1750007178634405,-5.075000486185126,9.200899460668038e-08,map,72.46862348700233
40,36,1.2250007186084986,-5.075000481584676,4.073770593441022e-08,map,72.46862348700233
40,37,1.2750007193535566,-5.075000479547791,1.7942802531729396e-08,map,72.46862348700233
40,38,1.3250007200986147,-5.075000478650651,7.864393463614558e-09,map,72.46862348700233
40,39,1.3750007208436728,-5.075000478257431,3.431317401265274e-09,map,72.46862348700233
40,40,1.4250007215887308,-5.075000478085865,1.4907541645475102e-09,map,72.46862348700233
40,41,1.4750007223337889,-5.075000478011328,6.451017401838299e-10,map,72.46862348700233
40,42,1.525000723078847,-5.0750004779790725,2.7808865906426527e-10,map,72.46862348700233
40,43,1.575000723823905,-5.075000477965168,1.194599956695742e-10,map,72.46862348700233
40,44,1.625000724568963,-5.075000477959195,5.114131264426827e-11,map,72.46862348700233
40,45,1.675000725314021,-5.075000477956638,2.1813661662786185e-11,map,72.46862348700233
40,46,1.7250007260590792,-5.075000477955547,9.290346131626364e-12,map,72.46862348700233
40,47,1.7750007268041372,-5.075000477955083,3.943512124705646e-12,map,72.46862348700233
40,48,1.8250007275491953,-5.075000477954886,1.6520118360253383e-12,map,72.46862348700233
40,49,1.8750007282942533,-5.075000477954803,6.927791570428838e-13,map,72.46862348700233
40,50,1.9250007290393114,-5.075000477954768,2.842170900688754e-13,map,72.46862348700233
40,51,1.9750007297843695,-5.075000477954754,1.0658140877582828e-13,map,72.46862348700233
40,52,2.0250007305294275,-5.075000477954749,5.329070438791414e-14,map,72.46862348700233
40,53,2.0750007312744856,-5.075000477954746,1.7763568129304712e-14,map,72.46862348700233
40,54,2.1250007320195436,-5.075000477954745,0.0,map,72.46862348700233
40,55,2.1750007327646017,-5.075000477954745,0.0,map,72.46862348700233
40,56,2.2250007335096598,-5.075000477954745,0.0,map,72.46862348700233
40,57,2.275000734254718,-5.075000477954745,0.0,map,72.46862348700233
40,58,2.325000734999776,-5.075000477954745,0.0,map,72.46862348700233
40,59,2.375000735744834,-5.075000477954745,0.0,map,72.46862348700233
40,60,2.425000736489892,-5.075000477954745,0.0,map,72.46862348700233
40,61,2.47500073723495,-5.075000477954745,0.0,map,72.46862348700233
40,62,2.525000737980008,-5.075000477954745,0.0,map,72.46862348700233
40,63,2.575000738725066,-5.075000477954745,0.0,map,72.46862348700233
40,64,2.6250007394701242,-5.075000477954745,0.0,map,72.46862348700233
40,65,2.6750007402151823,-5.075000477954745,0.0,map,72.46862348700233
40,66,2.7250007409602404,-5.075000477954745,0.0,map,72.46862348700233
40,67,2.7750007417052984,-5.075000477954745,0.0,map,72.46862348700233
40,68,2.8250007424503565,-5.075000477954745,1.7763568129304712e-14,map,72.46862348700233
40,69,2.8750007431954145,-5.075000477954744,5.329070438791414e-14,map,72.46862348700233
40,70,2.9250007439404726,-5.075000477954742,1.2434497690513299e-13,map,72.46862348700233
40,71,2.9750007446855307,-5.0750004779547355,3.197442263274848e-13,map,72.46862348700233
40,72,3.0250007454305887,-5.0750004779547195,7.993605658187121e-13,map,72.46862348700233
40,73,3.075000746175647,-5.07500047795468,1.918465357964909e-12,map,72.46862348700233
40,74,3.125000746920705,-5.075000477954584,4.511946304843397e-12,map,72.46862348700233
40,75,3.175000747665763,-5.075000477954358,1.0711431581970741e-11,map,72.46862348700233
40,76,3.225000748410821,-5.0750004779538225,2.5277557448000607e-11,map,72.46862348700233
40,77,3.275000749155879,-5.075000477952559,5.941913539252426e-11,map,72.46862348700233
40,78,3.325000749900937,-5.075000477949588,1.3921308342936103e-10,map,72.46862348700233
40,79,3.375000750645995,-5.075000477942627,3.2489566108498317e-10,map,72.46862348700233
40,80,3.425000751391053,-5.075000477926382,7.553602075624243e-10,map,72.46862348700233
40,81,3.4750007521361113,-5.075000477888614,1.7490719722838592e-09,map,72.46862348700233
40,82,3.5250007528811693,-5.075000477801161,4.033040508077342e-09,map,72.46862348700233
40,83,3.5750007536262274,-5.075000477599509,9.258602635379297e-09,map,72.46862348700233
40,84,3.6250007543712854,-5.075000477136578,2.115651622341068e-08,map,72.46862348700233
40,85,3.6750007551163435,-5.075000476078753,4.810756166130491e-08,map,72.46862348700233
40,86,3.7250007558614016,-5.0750004736733745,1.0882233618604402e-07,map,72.46862348700233
40,87,3.7750007566064596,-5.075000468232258,2.447950250443891e-07,map,72.46862348700233
40,88,3.8250007573515177,-5.075000455992506,5.473802662838003e-07,map,72.46862348700233
40,89,3.8750007580965757,-5.075000428623492,1.216115563448287e-06,map,72.46862348700233
40,90,3.925000758841634,-5.075000367817713,2.6830513588459396e-06,map,72.46862348700233
40,91,3.975000759586692,-5.075000233665143,5.8747421339707354e-06,map,72.46862348700233
40,92,4.02500076033175,-5.074999939928032,1.275717898003036e-05,map,72.46862348700233
40,93,4.075000761076808,-5.074999302069074,2.7452598835659578e-05,map,72.46862348700233
40,94,4.125000761821866,-5.074997929439111,5.8489887887352605e-05,map,72.46862348700233
40,95,4.175000762566924,-5.07499500494467,0.00012325101105894326,map,72.46862348700233
40,96,4.225000763311982,-5.074988842393994,0.00025655576713578843,map,72.46862348700233
40,97,4.27500076405704,-5.074976014605165,0.0005267840672113333,map,72.46862348700233
40,98,4.325000764802098,-5.074949675398975,0.0010651442141291643,map,72.46862348700233
40,99,4.375000765547156,-5.074896418167334,0.0021165773650442927,map,72.46862348700233
40,100,4.425000766292214,-5.074790589139471,0.004123423548857597,map,72.46862348700233
40,101,4.4750007670372725,-5.074584416790464,0.007852392390803417,map,72.46862348700233
40,102,4.5250007677823305,-5.074191789095224,0.01456448573198481,map,72.46862348700233
40,103,4.575000768527389,-5.073463513302061,0.026192542266506115,map,72.46862348700233
40,104,4.625000769272447,-5.072153586597432,0.045411359908936626,map,72.46862348700233
40,105,4.675000770017505,-5.0698814564975105,0.07534604966765972,map,72.46862348700233
40,106,4.725000770762563,-5.066107008705705,0.11851346438400094,map,72.46862348700233
40,107,4.775000771507621,-5.060153435743783,0.17469349471316675,map,72.46862348700233
40,108,4.825000772252679,-5.051328808251746,0.23839236297248564,map,72.46862348700233
40,109,4.875000772997737,-5.03917813512439,0.29861094385005565,map,72.46862348700233
40,110,4.925000773742795,-5.023787388450337,0.3443777669958534,map,72.46862348700233
40,111,4.975000774487853,-5.0058538829305546,0.3735529271164599,map,72.46862348700233
40,112,5.025000775232911,-4.986256070582796,0.38666057644948115,map,72.46862348700233
40,113,5.075000775977969,-4.9658982413401365,0.3893880146319008,map,72.46862348700233
40,114,5.125000776723027,-4.945381255794136,0.3870542565760362,map,72.46862348700233
40,115,5.175000777468085,-4.925000475719571,-2.9220488173004044,map,72.46862348700233
41,0,-0.3249993044883013,-5.325000481680036,0.6831316211990075,map,73.48820492600134
41,1,-0.2749993037432432,-5.284307779351173,0.6582406874863121,map,73.48820492600134
41,2,-0.22499930299818516,-5.245643291822837,0.6075732545623412,map,73.48820492600134
41,3,-0.1749993022531271,-5.2108776517540285,0.5325800347199495,map,73.48820492600134
41,4,-0.12499930150806904,-5.181408250075672,0.442824376322109,map,73.48820492600134
41,5,-0.07499930076301098,-5.157696475452651,0.35742144193608005,map,73.48820492600134
41,6,-0.02499930001795292,-5.139023384486437,0.2913476338861755,map,73.48820492600134
41,7,0.02500070072710514,-5.1240293333204585,0.24552717864467483,map,73.48820492600134
41,8,0.0750007014721632,-5.111500189247485,0.20854575379955467,map,73.48820492600134
41,9,0.12500070221722126,-5.100919058978186,0.16818947465470746,map,73.48820492600134
41,10,0.17500070296227932,-5.092429382610456,0.12562336885037528,map,73.48820492600134
41,11,0.22500070370733738,-5.086114962635648,0.0869458283952009,map,73.48820492600134
41,12,0.27500070445239544,-5.081756683363017,0.05629645338316409,map,73.48820492600134
41,13,0.3250007051974535,-5.078938883213532,0.034471262340784584,map,73.48820492600134
41,14,0.37500070594251156,-5.077214637061234,0.02015053299093236,map,73.48820492600134
41,15,0.4250007066875696,-5.0762069740078095,0.01133178449718851,map,73.48820492600134
41,16,0.4750007074326277,-5.075640360521478,0.006167882512350109,map,73.48820492600134
41,17,0.5250007081776857,-5.075331962480483,0.003265152142479075,map,73.48820492600134
41,18,0.5750007089227438,-5.075168704290749,0.0016876786199985661,map,73.48820492600134
41,19,0.6250007096678019,-5.075084320278376,0.0008544108519869945,map,73.48820492600134
41,20,0.6750007104128599,-5.075041599724744,0.00042477604483510435,map,73.48820492600134
41,21,0.725000711157918,-5.075020360920909,0.0002078272227062742,map,73.48820492600134
41,22,0.775000711902976,-5.075009969559469,0.0001002477136147442,map,73.48820492600134
41,23,0.8250007126480341,-5.075004957173697,4.774575813658363e-05,map,73.48820492600134
41,24,0.8750007133930922,-5.075002569885752,2.2482455469356637e-05,map,73.48820492600134
41,25,0.9250007141381502,-5.075001445762962,1.0478078248410652e-05,map,73.48820492600134
41,26,0.9750007148832083,-5.075000921859042,4.83796867348994e-06,map,73.48820492600134
41,27,1.0250007156282663,-5.075000679960604,2.214869410398794e-06,map,73.48820492600134
41,28,1.0750007163733244,-5.075000569217132,1.0061240934785836e-06,map,73.48820492600134
41,29,1.1250007171183825,-5.075000518910927,4.537847185896743e-07,map,73.48820492600134
41,30,1.1750007178634405,-5.075000496221691,2.0332336400201432e-07,map,73.48820492600134
41,31,1.2250007186084986,-5.075000486055522,9.054834969011205e-08,map,73.48820492600134
41,32,1.2750007193535566,-5.075000481528105,4.00980043189377e-08,map,73.48820492600134
41,33,1.3250007200986147,-5.075000479523204,1.7663914512099313e-08,map,73.48820492600134
41,34,1.3750007208436728,-5.075000478640009,7.743352510381476e-09,map,73.48820492600134
41,35,1.4250007215887308,-5.075000478252841,3.3789859295563425e-09,map,73.48820492600134
41,36,1.4750007223337889,-5.075000478083892,1.4681944330232932e-09,map,73.48820492600134
41,37,1.525000723078847,-5.075000478010482,6.354028319852295e-10,map,73.48820492600134
41,38,1.575000723823905,-5.075000477978712,2.7394974769013727e-10,map,73.48820492600134
41,39,1.625000724568963,-5.075000477965014,1.1770140242477303e-10,map,73.48820492600134
41,40,1.675000725314021,-5.075000477959129,5.039524278283747e-11,map,73.48820492600134
41,41,1.7250007260590792,-5.07500047795661,2.1511681004588005e-11,map,73.48820492600134
41,42,1.7750007268041372,-5.075000477955534,9.130474018462622e-12,map,73.48820492600134
41,43,1.8250007275491953,-5.0750004779550775,3.872457852188427e-12,map,73.48820492600134
41,44,1.8750007282942533,-5.075000477954884,1.6342482678960336e-12,map,73.48820492600134
41,45,1.9250007290393114,-5.075000477954802,6.75015588913579e-13,map,73.48820492600134
41,46,1.9750007297843695,-5.075000477954768,2.842170900688754e-13,map,73.48820492600134
41,47,2.0250007305294275,-5.075000477954754,1.0658140877582828e-13,map,73.48820492600134
41,48,2.0750007312744856,-5.075000477954749,5.329070438791414e-14,map,73.48820492600134
41,49,2.1250007320195436,-5.075000477954746,1.7763568129304712e-14,map,73.48820492600134
41,50,2.1750007327646017,-5.075000477954745,0.0,map,73.48820492600134
41,51,2.2250007335096598,-5.075000477954745,0.0,map,73.48820492600134
41,52,2.275000734254718,-5.075000477954745,0.0,map,73.48820492600134
41,53,2.325000734999776,-5.075000477954745,0.0,map,73.48820492600134
41,54,2.375000735744834,-5.075000477954745,0.0,map,73.48820492600134
41,55,2.425000736489892,-5.075000477954745,0.0,map,73.48820492600134
41,56,2.47500073723495,-5.075000477954745,0.0,map,73.48820492600134
41,57,2.525000737980008,-5.075000477954745,0.0,map,73.48820492600134
41,58,2.575000738725066,-5.075000477954745,0.0,map,73.48820492600134
41,59,2.6250007394701242,-5.075000477954745,0.0,map,73.48820492600134
41,60,2.6750007402151823,-5.075000477954745,0.0,map,73.48820492600134
41,61,2.7250007409602404,-5.075000477954745,0.0,map,73.48820492600134
41,62,2.7750007417052984,-5.075000477954745,0.0,map,73.48820492600134
41,63,2.8250007424503565,-5.075000477954745,1.7763568129304712e-14,map,73.48820492600134
41,64,2.8750007431954145,-5.075000477954744,5.329070438791414e-14,map,73.48820492600134
41,65,2.9250007439404726,-5.075000477954742,1.2434497690513299e-13,map,73.48820492600134
41,66,2.9750007446855307,-5.0750004779547355,3.197442263274848e-13,map,73.48820492600134
41,67,3.0250007454305887,-5.0750004779547195,7.993605658187121e-13,map,73.48820492600134
41,68,3.075000746175647,-5.07500047795468,1.918465357964909e-12,map,73.48820492600134
41,69,3.125000746920705,-5.075000477954584,4.511946304843397e-12,map,73.48820492600134
41,70,3.175000747665763,-5.075000477954358,1.0711431581970741e-11,map,73.48820492600134
41,71,3.225000748410821,-5.0750004779538225,2.5277557448000607e-11,map,73.48820492600134
41,72,3.275000749155879,-5.075000477952559,5.941913539252426e-11,map,73.48820492600134
41,73,3.325000749900937,-5.075000477949588,1.3921308342936103e-10,map,73.48820492600134
41,74,3.375000750645995,-5.075000477942627,3.2489566108498317e-10,map,73.48820492600134
41,75,3.425000751391053,-5.075000477926382,7.553602075624243e-10,map,73.48820492600134
41,76,3.4750007521361113,-5.075000477888614,1.7490719722838592e-09,map,73.48820492600134
41,77,3.5250007528811693,-5.075000477801161,4.033040508077342e-09,map,73.48820492600134
41,78,3.5750007536262274,-5.075000477599509,9.258602635379297e-09,map,73.48820492600134
41,79,3.6250007543712854,-5.075000477136578,2.115651622341068e-08,map,73.48820492600134
41,80,3.6750007551163435,-5.075000476078753,4.810756166130491e-08,map,73.48820492600134
41,81,3.7250007558614016,-5.0750004736733745,1.0882233618604402e-07,map,73.48820492600134
41,82,3.7750007566064596,-5.075000468232258,2.447950250443891e-07,map,73.48820492600134
41,83,3.8250007573515177,-5.075000455992506,5.473802662838003e-07,map,73.48820492600134
41,84,3.8750007580965757,-5.075000428623492,1.216115563448287e-06,map,73.48820492600134
41,85,3.925000758841634,-5.075000367817713,2.6830513588459396e-06,map,73.48820492600134
41,86,3.975000759586692,-5.075000233665143,5.8747421339707354e-06,map,73.48820492600134
41,87,4.02500076033175,-5.074999939928032,1.275717898003036e-05,map,73.48820492600134
41,88,4.075000761076808,-5.074999302069074,2.7452598835659578e-05,map,73.48820492600134
41,89,4.125000761821866,-5.074997929439111,5.8489887887352605e-05,map,73.48820492600134
41,90,4.175000762566924,-5.07499500494467,0.00012325101105894326,map,73.48820492600134
41,91,4.225000763311982,-5.074988842393994,0.00025655576713578843,map,73.48820492600134
41,92,4.27500076405704,-5.074976014605165,0.0005267840672113333,map,73.48820492600134
41,93,4.325000764802098,-5.074949675398975,0.0010651442141291643,map,73.48820492600134
41,94,4.375000765547156,-5.074896418167334,0.0021165773650442927,map,73.48820492600134
41,95,4.425000766292214,-5.074790589139471,0.004123423548857597,map,73.48820492600134
41,96,4.4750007670372725,-5.074584416790464,0.007852392390803417,map,73.48820492600134
41,97,4.5250007677823305,-5.074191789095224,0.01456448573198481,map,73.48820492600134
41,98,4.575000768527389,-5.073463513302061,0.026192542266506115,map,73.48820492600134
41,99,4.625000769272447,-5.072153586597432,0.045411359908936626,map,73.48820492600134
41,100,4.675000770017505,-5.0698814564975105,0.07534604966765972,map,73.48820492600134
41,101,4.725000770762563,-5.066107008705705,0.11851346438400094,map,73.48820492600134
41,102,4.775000771507621,-5.060153435743783,0.17469349471316675,map,73.48820492600134
41,103,4.825000772252679,-5.051328808251746,0.23839236297248564,map,73.48820492600134
41,104,4.875000772997737,-5.03917813512439,0.29861094385005565,map,73.48820492600134
41,105,4.925000773742795,-5.023787388450337,0.3443777669958534,map,73.48820492600134
41,106,4.975000774487853,-5.0058538829305546,0.3735529271164599,map,73.48820492600134
41,107,5.025000775232911,-4.986256070582796,0.38666057644948115,map,73.48820492600134
41,108,5.075000775977969,-4.9658982413401365,0.3893880146319008,map,73.48820492600134
41,109,5.125000776723027,-4.945381255794136,0.3870542565760362,map,73.48820492600134
41,110,5.175000777468085,-4.925000475719571,-2.9220488173004044,map,73.48820492600134
42,0,-0.02499930001795292,-5.175000479444861,0.4643507432195067,map,74.52007725000294
42,1,0.02500070072710514,-5.1499565177203985,0.4205343353218928,map,74.52007725000294
42,2,0.0750007014721632,-5.127595837609925,0.3435808059681497,map,74.52007725000294
42,3,0.12500070221722126,-5.109707293522122,0.2546144949466797,map,74.52007725000294
42,4,0.17500070296227932,-5.0966941377103385,0.17330827411956515,map,74.52007725000294
42,5,0.22500070370733738,-5.087940911293202,0.11003237272906771,map,74.52007725000294
42,6,0.27500070445239544,-5.0824169815948945,0.06608108912373563,map,74.52007725000294
42,7,0.3250007051974535,-5.079108109391311,0.0379522482072209,map,74.52007725000294
42,8,0.37500070594251156,-5.077209585337445,0.02101386824744615,map,74.52007725000294
42,9,0.4250007066875696,-5.076158737226095,0.011284602929676871,map,74.52007725000294
42,10,0.4750007074326277,-5.075594483119868,0.0059043253369546475,map,74.52007725000294
42,11,0.5250007081776857,-5.0752992634180565,0.0030208390725646,map,74.52007725000294
42,12,0.5750007089227438,-5.075148221002733,0.0015157350159807638,map,74.52007725000294
42,13,0.6250007096678019,-5.075072434192766,0.0007476424272526359,map,74.52007725000294
42,14,0.6750007104128599,-5.075035052063881,0.00036324506451454805,map,74.52007725000294
42,15,0.725000711157918,-5.075016889809586,0.00017412531464460016,map,74.52007725000294
42,16,0.775000711902976,-5.075008183543636,8.246902864241766e-05,map,74.52007725000294
42,17,0.8250007126480341,-5.075004060092133,3.863735384090962e-05,map,74.52007725000294
42,18,0.8750007133930922,-5.075002128224411,1.7924994908031333e-05,map,74.52007725000294
42,19,0.9250007141381502,-5.075001231974652,8.242013171077501e-06,map,74.52007725000294
42,20,0.9750007148832083,-5.0750008198739875,3.758959132329662e-06,map,74.52007725000294
42,21,1.0250007156282663,-5.075000631926028,1.701600293069237e-06,map,74.52007725000294
42,22,1.0750007163733244,-5.075000546846012,7.650036401376077e-07,map,74.52007725000294
42,23,1.1250007171183825,-5.07500050859583,3.4175582742992255e-07,map,74.52007725000294
42,24,1.1750007178634405,-5.075000491508038,1.5178187369493068e-07,map,74.52007725000294
42,25,1.2250007186084986,-5.075000483918944,6.70439516127788e-08,map,74.52007725000294
42,26,1.2750007193535566,-5.075000480566747,2.946482125457656e-08,map,74.52007725000294
42,27,1.3250007200986147,-5.0750004790935055,1.2889316088896015e-08,map,74.52007725000294
42,28,1.3750007208436728,-5.07500047844904,5.615987591215943e-09,map,74.52007725000294
42,29,1.4250007215887308,-5.07500047816824,2.442721544165079e-09,map,74.52007725000294
42,30,1.4750007223337889,-5.075000478046104,1.0722089722848324e-09,map,74.52007725000294
42,31,1.525000723078847,-5.075000477992494,5.014122375858841e-10,map,74.52007725000294
42,32,1.575000723823905,-5.075000477967423,3.084110698609884e-10,map,74.52007725000294
42,33,1.625000724568963,-5.075000477952003,3.493916215352944e-10,map,74.52007725000294
42,34,1.675000725314021,-5.075000477934533,6.536993071584134e-10,map,74.52007725000294
42,35,1.7250007260590792,-5.075000477901848,1.444337961025637e-09,map,74.52007725000294
42,36,1.7750007268041372,-5.075000477829631,3.296065593528748e-09,map,74.52007725000294
42,37,1.8250007275491953,-5.075000477664828,7.54038598093604e-09,map,74.52007725000294
42,38,1.8750007282942533,-5.075000477287809,1.719032002220392e-08,map,74.52007725000294
42,39,1.9250007290393114,-5.0750004764282926,3.900216980104091e-08,map,74.52007725000294
42,40,1.9750007297843695,-5.075000474478184,8.801949260408799e-08,map,74.52007725000294
42,41,2.0250007305294275,-5.075000470077209,1.9750218943533704e-07,map,74.52007725000294
42,42,2.0750007312744856,-5.0750004602021,4.404271015541882e-07,map,74.52007725000294
42,43,2.1250007320195436,-5.075000438180744,9.755892304070636e-07,map,74.52007725000294
42,44,2.1750007327646017,-5.075000389401282,2.1453712975043054e-06,map,74.52007725000294
42,45,2.2250007335096598,-5.075000282132716,4.68055322627491e-06,map,74.52007725000294
42,46,2.275000734254718,-5.075000048105051,1.012341148666704e-05,map,74.52007725000294
42,47,2.325000734999776,-5.074999541934469,2.168795780504586e-05,map,74.52007725000294
42,48,2.375000735744834,-5.074998457536562,4.597706346501455e-05,map,74.52007725000294
42,49,2.425000736489892,-5.074996158683353,9.633686517690391e-05,map,74.52007725000294
42,50,2.47500073723495,-5.074991341840008,0.00019924320370351027,map,74.52007725000294
42,51,2.525000737980008,-5.074981379679542,0.0004060854562258204,map,74.52007725000294
42,52,2.575000738725066,-5.074961075405312,0.0008140705293782236,map,74.52007725000294
42,53,2.6250007394701242,-5.074920371869245,0.0016014476139730957,map,74.52007725000294
42,54,2.6750007402151823,-5.074840299418901,0.0030827791542539043,map,74.52007725000294
42,55,2.7250007409602404,-5.074686159970602,0.0057867089125303245,map,74.52007725000294
42,56,2.7750007417052984,-5.074396821291058,0.010545559736737929,map,74.52007725000294
42,57,2.8250007424503565,-5.073869523749505,0.01855283860566849,map,74.52007725000294
42,58,2.8750007431954145,-5.072941775356872,0.03127954607701211,map,74.52007725000294
42,59,2.9250007439404726,-5.071377287759661,0.05004609879079504,map,74.52007725000294
42,60,2.9750007446855307,-5.068872891586727,0.0749909927743463,map,74.52007725000294
42,61,3.0250007454305887,-5.065116297328124,0.10338364501287997,map,74.52007725000294
42,62,3.075000746175647,-5.059928619542955,0.12809232254525635,map,74.52007725000294
42,63,3.125000746920705,-5.053488743672025,0.1386355762108995,map,74.52007725000294
42,64,3.175000747665763,-5.046512211478715,0.12809232253884353,map,74.52007725000294
42,65,3.225000748410821,-5.040072335608111,0.10338364500128089,map,74.52007725000294
42,66,3.275000749155879,-5.034884657823529,0.07499099276102773,map,74.52007725000294
42,67,3.325000749900937,-5.031128063565595,0.05004609878439844,map,74.52007725000294
42,68,3.375000750645995,-5.028623667392982,0.03127954609759769,map,74.52007725000294
42,69,3.425000751391053,-5.02705917979474,0.01855283869944561,map,74.52007725000294
42,70,3.4750007521361113,-5.026131431397417,0.010545560009822418,map,74.52007725000294
42,71,3.5250007528811693,-5.025604133842208,0.005786709608004019,map,74.52007725000294
42,72,3.5750007536262274,-5.02531479512789,0.0030827808285075788,map,74.52007725000294
42,73,3.6250007543712854,-5.025160655595877,0.0016014515380773401,map,74.52007725000294
42,74,3.6750007551163435,-5.025080582949327,0.0008140795965546397,map,74.52007725000294
42,75,3.7250007558614016,-5.025039878959901,0.0004061062239651669,map,74.52007725000294
42,76,3.7750007566064596,-5.025019573647284,0.00019929045884295137,map,74.52007725000294
42,77,3.8250007573515177,-5.025009609124061,9.644376208342006e-05,map,74.52007725000294
42,78,3.8750007580965757,-5.02500478693587,4.621747685677903e-05,map,74.52007725000294
42,79,3.925000758841634,-5.025002476061991,2.222538001017658e-05,map,74.52007725000294
42,80,3.975000759586692,-5.025001364792974,1.1316995793454112e-05,map,74.52007725000294
42,81,4.02500076033175,-5.025000798943176,7.312908089896364e-06,map,74.52007725000294
42,82,4.075000761076808,-5.025000433297766,7.90674010456751e-06,map,74.52007725000294
42,83,4.125000761821866,-5.025000037960755,1.3480892325031751e-05,map,74.52007725000294
42,84,4.175000762566924,-5.024999363916129,2.7337397868698277e-05,map,74.52007725000294
42,85,4.225000763311982,-5.024997997046214,5.7471077003650065e-05,map,74.52007725000294
42,86,4.27500076405704,-5.024995123492318,0.00012069864296924252,map,74.52007725000294
42,87,4.325000764802098,-5.0249890885600506,0.00025091540417110267,map,74.52007725000294
42,88,4.375000765547156,-5.024976542789392,0.0005147082578541714,map,74.52007725000294
42,89,4.425000766292214,-5.024950807373843,0.0010396895682280535,map,74.52007725000294
42,90,4.4750007670372725,-5.024898822875926,0.002063635266357897,map,74.52007725000294
42,91,4.5250007677823305,-5.024795640964601,0.004014864270356001,map,74.52007725000294
42,92,4.575000768527389,-5.024594896669482,0.007633295068368683,map,74.52007725000294
42,93,4.625000769272447,-5.024213224497359,0.0141302216478015,map,74.52007725000294
42,94,4.675000770017505,-5.023506666379272,0.025349623739521092,map,74.52007725000294
42,95,4.725000770762563,-5.022238913607684,0.043815176707874576,map,74.52007725000294
42,96,4.775000771507621,-5.02004675174476,0.07241291499709923,map,74.52007725000294
42,97,4.825000772252679,-5.016419764196485,0.11332226078893444,map,74.52007725000294
42,98,4.875000772997737,-5.010729271212698,0.16593040759408567,map,74.52007725000294
42,99,4.925000773742795,-5.002355760266413,0.22442577140954462,map,74.52007725000294
42,100,4.975000774487853,-4.990942203065856,0.2777500445821229,map,74.52007725000294
42,101,5.025000775232911,-4.976686207949114,0.31535114879901655,map,74.52007725000294
42,102,5.075000775977969,-4.9603743116418375,0.336412729855228,map,74.52007725000294
42,103,5.125000776723027,-4.942889019807355,0.34358080596781904,map,74.52007725000294
42,104,5.175000777468085,-4.925000475719571,-2.9220488173004044,map,74.52007725000294
43,0,0.3250007051974535,-5.125000478699803,5.438316382786638e-10,map,75.54710502400121
43,1,0.37500070594251156,-5.125000478672612,9.544009884512836e-10,map,75.54710502400121
43,2,0.4250007066875696,-5.125000478624892,2.0772894206090223e-09,map,75.54710502400121
43,3,0.4750007074326277,-5.125000478521027,4.73157506119412e-09,map,75.54710502400121
43,4,0.5250007081776857,-5.1250004782844485,1.0832721225157634e-08,map,75.54710502400121
43,5,0.5750007089227438,-5.125000477742812,2.4729125045576447e-08,map,75.54710502400121
43,6,0.6250007096678019,-5.125000476506356,5.619181480765586e-08,map,75.54710502400121
43,7,0.6750007104128599,-5.125000473696765,1.2702137818803838e-07,map,75.54710502400121
43,8,0.725000711157918,-5.125000467345696,2.8552155769444315e-07,map,75.54710502400121
43,9,0.775000711902976,-5.125000453069618,6.379292554623336e-07,map,75.54710502400121
43,10,0.8250007126480341,-5.125000421173155,1.4160163319606435e-06,map,75.54710502400121
43,11,0.8750007133930922,-5.125000350372337,3.120960510141268e-06,map,75.54710502400121
43,12,0.9250007141381502,-5.1250001943243095,6.825924523710672e-06,map,75.54710502400121
43,13,0.9750007148832083,-5.124999853028078,1.4803964712240492e-05,map,75.54710502400121
43,14,1.0250007156282663,-5.124999112829832,3.181136926696496e-05,map,75.54710502400121
43,15,1.0750007163733244,-5.124997522261344,6.766502120258832e-05,map,75.54710502400121
43,16,1.1250007171183825,-5.124994139010228,0.00014231392801156926,map,75.54710502400121
43,17,1.1750007178634405,-5.124987023313674,0.0002955800632246765,map,75.54710502400121
43,18,1.2250007186084986,-5.124972244309862,0.0006053286109701019,map,75.54710502400121
43,19,1.2750007193535566,-5.1249419778751655,0.00122015558224248,map,75.54710502400121
43,20,1.3250007200986147,-5.1248809700648685,0.0024155149942524123,map,75.54710502400121
43,21,1.3750007208436728,-5.124760194078458,0.004684203642869457,map,75.54710502400121
43,22,1.4250007215887308,-5.124525982179815,0.008869329848743406,map,75.54710502400121
43,23,1.4750007223337889,-5.124082504051971,0.016331272116724235,map,75.54710502400121
43,24,1.525000723078847,-5.123265867830872,0.02909270758715031,map,75.54710502400121
43,25,1.575000723823905,-5.121810821896681,0.049803500812263986,map,75.54710502400121
43,26,1.625000724568963,-5.119318585906823,0.08119874810680007,map,75.54710502400121
43,27,1.675000725314021,-5.115249702136645,0.124571413812331,map,75.54710502400121
43,28,1.7250007260590792,-5.108988711705033,0.17701314553199687,map,75.54710502400121
43,29,1.7750007268041372,-5.100044439661083,0.22848993215500654,map,75.54710502400121
43,30,1.8250007275491953,-5.088416886004567,0.2621529333309827,map,75.54710502400121
43,31,1.8750007282942533,-5.075000477939343,0.26215293334964107,map,75.54710502400121
43,32,1.9250007290393114,-5.06158406987312,0.22848993223222333,map,75.54710502400121
43,33,1.9750007297843695,-5.049956516212534,0.17701314574784488,map,75.54710502400121
43,34,2.0250007305294275,-5.0410122441574465,0.12457141436525632,map,75.54710502400121
43,35,2.0750007312744856,-5.034751253697754,0.08119874945730247,map,75.54710502400121
43,36,2.1250007320195436,-5.030682369859604,0.04980350401273258,map,75.54710502400121
43,37,2.1750007327646017,-5.028190133709325,0.029092715028739384,map,75.54710502400121
43,38,2.2250007335096598,-5.02673508740274,0.016331289207183693,map,75.54710502400121
43,39,2.275000734254718,-5.025918450326889,0.008869368753847763,map,75.54710502400121
43,40,2.325000734999776,-5.025474970253637,0.0046842915726095806,map,75.54710502400121
43,41,2.375000735744834,-5.0252407539584105,0.002415712418640038,map,75.54710502400121
43,42,2.425000736489892,-5.025119968100723,0.0012205959472972989,map,75.54710502400121
43,43,2.47500073723495,-5.0250589382721405,0.0006063041564460737,map,75.54710502400121
43,44,2.525000737980008,-5.025028623060152,0.00029772541012164323,map,75.54710502400121
43,45,2.575000738725066,-5.025013736788984,0.0001469944753845341,map,75.54710502400121
43,46,2.6250007394701242,-5.025006387065052,7.778844304542109e-05,map,75.54710502400121
43,47,2.6750007402151823,-5.025002497642834,5.3499350252083844e-05,map,75.54710502400121
43,48,2.7250007409602404,-5.024999822675279,6.0781060074780247e-05,map,75.54710502400121
43,49,2.7750007417052984,-5.0249967836222265,0.00010316282624348944,map,75.54710502400121
43,50,2.8250007424503565,-5.024991625480819,0.00020236420165776044,map,75.54710502400121
43,51,2.8750007431954145,-5.024981507270447,0.0004075015079571697,map,75.54710502400121
43,52,2.9250007439404726,-5.024961132193618,0.0008147084899540672,map,75.54710502400121
43,53,2.9750007446855307,-5.024920396759501,0.0016017331614969759,map,75.54710502400121
43,54,3.0250007454305887,-5.024840310031744,0.00308290619561663,map,75.54710502400121
43,55,3.075000746175647,-5.024686164231316,0.00578676511820149,map,75.54710502400121
43,56,3.125000746920705,-5.024396822741394,0.010545584473219322,map,75.54710502400121
43,57,3.175000747665763,-5.02386952396288,0.018552849438248444,map,75.54710502400121
43,58,3.225000748410821,-5.022941775028431,0.0312795507977836,map,75.54710502400121
43,59,3.275000749155879,-5.02137728719495,0.05004610083818555,map,75.54710502400121
43,60,3.325000749900937,-5.01887289091939,0.07499099365879337,map,75.54710502400121
43,61,3.375000750645995,-5.0151162966163145,0.10338364539621243,map,75.54710502400121
43,62,3.425000751391053,-5.009928618811773,0.1280923227187527,map,75.54710502400121
43,63,3.4750007521361113,-5.003488742932024,0.1386355763080925,map,75.54710502400121
43,64,3.5250007528811693,-4.99651221073376,0.1280923226350013,map,75.54710502400121
43,65,3.5750007536262274,-4.990072334858269,0.10338364517090884,map,75.54710502400121
43,66,3.6250007543712854,-4.9848846570651135,0.0749909931344417,map,75.54710502400121
43,67,3.6750007551163435,-4.981128062788404,0.05004609964427162,map,75.54710502400121
43,68,3.7250007558614016,-4.978623666572689,0.03127954808557957,map,75.54710502400121
43,69,3.7750007566064596,-4.977059178874951,0.01855284327999875,map,75.54710502400121
43,70,3.8250007573515177,-4.976131430248521,0.010545570516035422,map,75.54710502400121
43,71,3.8750007580965757,-4.975604132167943,0.005786733590149535,map,75.54710502400121
43,72,3.925000758841634,-4.975314792254477,0.003082835297111656,map,75.54710502400121
43,73,3.975000759586692,-4.975160649999008,0.0016015745904923437,map,75.54710502400121
43,74,4.02500076033175,-4.975080571199822,0.0008143560117911542,map,75.54710502400121
43,75,4.075000761076808,-4.9750398533896245,0.00040672335306399433,map,75.54710502400121
43,76,4.125000761821866,-4.975019517220547,0.00020065919459472077,map,75.54710502400121
43,77,4.175000762566924,-4.975009484260533,9.945780652577914e-05,map,75.54710502400121
43,78,4.225000763311982,-4.975004511370116,5.280297354813646e-05,map,75.54710502400121
43,79,4.27500076405704,-4.975001871221397,3.6491910603979346e-05,map,75.54710502400121
43,80,4.325000764802098,-4.975000046625839,4.193476899840883e-05,map,75.54710502400121
43,81,4.375000765547156,-4.974997949887356,7.234556065694906e-05,map,75.54710502400121
43,82,4.425000766292214,-4.974994332609263,0.00014445928196325282,map,75.54710502400121
43,83,4.4750007670372725,-4.974987109645007,0.00029655563082236103,map,75.54710502400121
43,84,4.5250007677823305,-4.974972281862811,0.0006057690124904993,map,75.54710502400121
43,85,4.575000768527389,-4.97494199340803,0.001220353056178016,map,75.54710502400121
43,86,4.625000769272447,-4.974880975724021,0.0024156029847921244,map,75.54710502400121
43,87,4.675000770017505,-4.9747601953380585,0.004684242617627529,map,75.54710502400121
43,88,4.725000770762563,-4.974525981490634,0.00886934701531309,map,75.54710502400121
43,89,4.775000771507621,-4.974082502504395,0.01633127963826392,map,75.54710502400121
43,90,4.825000772252679,-4.973265865907118,0.029092710868730675,map,75.54710502400121
43,91,4.875000772997737,-4.971810819808709,0.0498035022422489,map,75.54710502400121
43,92,4.925000773742795,-4.9693185837471745,0.08119874873479341,map,75.54710502400121
43,93,4.975000774487853,-4.965249699945389,0.12457141409683002,map,75.54710502400121
43,94,5.025000775232911,-4.958988709499328,0.17701314567145468,map,75.54710502400121
43,95,5.075000775977969,-4.950044437448183,0.22848993223358838,map,75.54710502400121
43,96,5.125000776723027,-4.938416883787525,0.26215293338192036,map,75.54710502400121
43,97,5.175000777468085,-4.925000475719571,-2.9220488173004044,map,75.54710502400121
44,0,0.725000711157918,-5.075000477954745,5.43085568417233e-10,map,76.57983875100035
44,1,0.775000711902976,-5.075000477927591,9.534595193404304e-10,map,76.57983875100035
44,2,0.8250007126480341,-5.075000477879918,2.075921625863066e-09,map,76.57983875100035
44,3,0.8750007133930922,-5.075000477776122,4.729478960154862e-09,map,76.57983875100035
44,4,0.9250007141381502,-5.075000477539648,1.0829523782894359e-08,map,76.57983875100035
44,5,0.9750007148832083,-5.075000476998172,2.4724364409317793e-08,map,76.57983875100035
44,6,1.0250007156282663,-5.075000475761954,5.6185029124630465e-08,map,76.57983875100035
44,7,1.0750007163733244,-5.075000472952702,1.2701210560547488e-07,map,76.57983875100035
44,8,1.1250007171183825,-5.075000466602097,2.8550944294097897e-07,map,76.57983875100035
44,9,1.1750007178634405,-5.075000452326624,6.379141386658555e-07,map,76.57983875100035
44,10,1.2250007186084986,-5.075000420430917,1.4159984440475373e-06,map,76.57983875100035
44,11,1.2750007193535566,-5.075000349630994,3.1209405261271234e-06,map,76.57983875100035
44,12,1.3250007200986147,-5.075000193583965,6.82590366928169e-06,map,76.57983875100035
44,13,1.3750007208436728,-5.0749998522887765,1.4803944763753485e-05,map,76.57983875100035
44,14,1.4250007215887308,-5.074999112091527,3.181135239157524e-05,map,76.57983875100035
44,15,1.4750007223337889,-5.074997521523883,6.76650096562691e-05,map,76.57983875100035
44,16,1.525000723078847,-5.074994138273345,0.00014231392396147586,map,76.57983875100035
44,17,1.575000723823905,-5.074987022576993,0.00029558006825176577,map,76.57983875100035
44,18,1.625000724568963,-5.07497224357293,0.0006053286258382028,map,76.57983875100035
44,19,1.675000725314021,-5.07494197713749,0.0012201556067206404,map,76.57983875100035
44,20,1.7250007260590792,-5.074880969325969,0.0024155150270437687,map,76.57983875100035
44,21,1.7750007268041372,-5.074760193337919,0.0046842036815931834,map,76.57983875100035
44,22,1.8250007275491953,-5.07452598143734,0.008869329890520035,map,76.57983875100035
44,23,1.8750007282942533,-5.074082503307407,0.016331272158350937,map,76.57983875100035
44,24,1.9250007290393114,-5.073265867084226,0.029092707625487154,map,76.57983875100035
44,25,1.9750007297843695,-5.071810821148117,0.049803500844708484,map,76.57983875100035
44,26,2.0250007305294275,-5.0693185851566325,0.08119874813154075,map,76.57983875100035
44,27,2.0750007312744856,-5.065249701385209,0.12457141382847364,map,76.57983875100035
44,28,2.1250007320195436,-5.058988710952777,0.1770131455396049,map,76.57983875100035
44,29,2.1750007327646017,-5.050044438908435,0.2284899321550908,map,76.57983875100035
44,30,2.2250007335096598,-5.038416885251914,0.2621529333250008,map,76.57983875100035
44,31,2.275000734254718,-5.025000477187011,0.2621529333390691,map,76.57983875100035
44,32,2.325000734999776,-5.011584069121354,0.228489932218354,map,76.57983875100035
44,33,2.375000735744834,-4.999956515461499,0.1770131457319403,map,76.57983875100035
44,34,2.425000736489892,-4.991012243407233,0.12457141434860648,map,76.57983875100035
44,35,2.47500073723495,-4.984751252948386,0.08119874944092635,map,76.57983875100035
44,36,2.525000737980008,-4.98068236911106,0.049803503997192536,map,76.57983875100035
44,37,2.575000738725066,-4.97819013296156,0.02909271501436307,map,76.57983875100035
44,38,2.6250007394701242,-4.976735086655694,0.01633128919386457,map,76.57983875100035
44,39,2.6750007402151823,-4.97591844958051,0.008869368741272145,map,76.57983875100035
44,40,2.7250007409602404,-4.975474969507887,0.004684291560477331,map,76.57983875100035
44,41,2.7750007417052984,-4.975240753213266,0.0024157124065431195,map,76.57983875100035
44,42,2.8250007424503565,-4.975119967356184,0.0012205959350049277,map,76.57983875100035
44,43,2.8750007431954145,-4.975058937528216,0.0006063041439405263,map,76.57983875100035
44,44,2.9250007439404726,-4.975028622316852,0.00029772539758056524,map,76.57983875100035
44,45,2.9750007446855307,-4.975013736046312,0.000146994463429653,map,76.57983875100035
44,46,3.0250007454305887,-4.975006386322978,7.778843251162525e-05,map,76.57983875100035
44,47,3.075000746175647,-4.975002496901286,5.349934211636966e-05,map,76.57983875100035
44,48,3.125000746920705,-4.974999821934138,6.078105545625256e-05,map,76.57983875100035
44,49,3.175000747665763,-4.974996782881316,0.0001031628259947995,map,76.57983875100035
44,50,3.225000748410821,-4.974991624739921,0.00020236420640063296,map,76.57983875100035
44,51,3.275000749155879,-4.974981506529312,0.0004075015177804213,map,76.57983875100035
44,52,3.325000749900937,-4.974961131451992,0.0008147085044136021,map,76.57983875100035
44,53,3.375000750645995,-4.9749203960171515,0.0016017331796512964,map,76.57983875100035
44,54,3.425000751391053,-4.974840309288487,0.003082906216115593,map,76.57983875100035
44,55,3.4750007521361113,-4.974686163487034,0.005786765139410482,map,76.57983875100035
44,56,3.5250007528811693,-4.974396821996052,0.01054558449350306,map,76.57983875100035
44,57,3.5750007536262274,-4.973869523216523,0.018552849456059166,map,76.57983875100035
44,58,3.6250007543712854,-4.972941774281184,0.03127955081189181,map,76.57983875100035
44,59,3.6750007551163435,-4.971377286446996,0.050046100847612136,map,76.57983875100035
44,60,3.7250007558614016,-4.968872890170964,0.07499099366257342,map,76.57983875100035
44,61,3.7750007566064596,-4.965116295867698,0.10338364539282056,map,76.57983875100035
44,62,3.8250007573515177,-4.959928618063328,0.12809232270465143,map,76.57983875100035
44,63,3.8750007580965757,-4.953488742184296,0.13863557627449827,map,76.57983875100035
44,64,3.925000758841634,-4.946512209987745,0.12809232255995176,map,76.57983875100035
44,65,3.975000759586692,-4.940072334116068,0.10338364500173779,map,76.57983875100035
44,66,4.02500076033175,-4.934884656331462,0.07499099274770918,map,76.57983875100035
44,67,4.075000761076808,-4.931128062074198,0.050046098753726655,map,76.57983875100035
44,68,4.125000761821866,-4.928623665903123,0.03127954603257563,map,76.57983875100035
44,69,4.175000762566924,-4.927059178308135,0.01855283855621399,map,76.57983875100035
44,70,4.225000763311982,-4.926131429917976,0.010545559684625418,map,76.57983875100035
44,71,4.27500076405704,-4.9256041323790285,0.0057867088602716575,map,76.57983875100035
44,72,4.325000764802098,-4.925314793702098,0.003082779104498622,map,76.57983875100035
44,73,4.375000765547156,-4.9251606542562865,0.0016014475693688906,map,76.57983875100035
44,74,4.425000766292214,-4.925080581808173,0.0008140704922168635,map,76.57983875100035
44,75,4.4750007670372725,-4.925039878273964,0.000406085428212678,map,76.57983875100035
44,76,4.5250007677823305,-4.925019574001134,0.00019924318583336147,map,76.57983875100035
44,77,4.575000768527389,-4.9250096118415625,9.633685768067821e-05,map,76.57983875100035
44,78,4.625000769272447,-4.925004794998592,4.5977065987441216e-05,map,76.57983875100035
44,79,4.675000770017505,-4.9250024961452565,2.16879700441443e-05,map,76.57983875100035
44,80,4.725000770762563,-4.925001411746738,1.012343445496063e-05,map,76.57983875100035
44,81,4.775000771507621,-4.925000905575008,4.68059168439991e-06,map,76.57983875100035
44,82,4.825000772252679,-4.92500067154542,2.145439349733808e-06,map,76.57983875100035
44,83,4.875000772997737,-4.925000564273451,9.757226880944191e-07,map,76.57983875100035
44,84,4.925000773742795,-4.925000515487316,4.407114607528021e-07,map,76.57983875100035
44,85,4.975000774487853,-4.925000493451742,1.9813672185248389e-07,map,76.57983875100035
44,86,5.025000775232911,-4.925000483544906,8.946308449525218e-08,map,76.57983875100035
44,87,5.075000775977969,-4.925000479071752,4.2304470406983036e-08,map,76.57983875100035
44,88,5.125000776723027,-4.925000476956528,2.4739143698001375e-08,map,76.57983875100035
44,89,5.175000777468085,-4.925000475719571,-2.9220488173004044,map,76.57983875100035
45,0,1.0250007156282663,-5.025000477209687,0.0,map,77.60612454000147
45,1,1.0750007163733244,-5.025000477209687,0.0,map,77.60612454000147
45,2,1.1250007171183825,-5.025000477209687,0.0,map,77.60612454000147
45,3,1.1750007178634405,-5.025000477209687,0.0,map,77.60612454000147
45,4,1.2250007186084986,-5.025000477209687,0.0,map,77.60612454000147
45,5,1.2750007193535566,-5.025000477209687,0.0,map,77.60612454000147
45,6,1.3250007200986147,-5.025000477209687,0.0,map,77.60612454000147
45,7,1.3750007208436728,-5.025000477209687,0.0,map,77.60612454000147
45,8,1.4250007215887308,-5.025000477209687,0.0,map,77.60612454000147
45,9,1.4750007223337889,-5.025000477209687,0.0,map,77.60612454000147
45,10,1.525000723078847,-5.025000477209687,0.0,map,77.60612454000147
45,11,1.575000723823905,-5.025000477209687,0.0,map,77.60612454000147
45,12,1.625000724568963,-5.025000477209687,0.0,map,77.60612454000147
45,13,1.675000725314021,-5.025000477209687,0.0,map,77.60612454000147
45,14,1.7250007260590792,-5.025000477209687,0.0,map,77.60612454000147
45,15,1.7750007268041372,-5.025000477209687,0.0,map,77.60612454000147
45,16,1.8250007275491953,-5.025000477209687,0.0,map,77.60612454000147
45,17,1.8750007282942533,-5.025000477209687,0.0,map,77.60612454000147
45,18,1.9250007290393114,-5.025000477209687,0.0,map,77.60612454000147
45,19,1.9750007297843695,-5.025000477209687,0.0,map,77.60612454000147
45,20,2.0250007305294275,-5.025000477209687,0.0,map,77.60612454000147
45,21,2.0750007312744856,-5.025000477209687,0.0,map,77.60612454000147
45,22,2.1250007320195436,-5.025000477209687,0.0,map,77.60612454000147
45,23,2.1750007327646017,-5.025000477209687,0.0,map,77.60612454000147
45,24,2.2250007335096598,-5.025000477209687,0.0,map,77.60612454000147
45,25,2.275000734254718,-5.025000477209687,0.0,map,77.60612454000147
45,26,2.325000734999776,-5.025000477209687,0.0,map,77.60612454000147
45,27,2.375000735744834,-5.025000477209687,0.0,map,77.60612454000147
45,28,2.425000736489892,-5.025000477209687,0.0,map,77.60612454000147
45,29,2.47500073723495,-5.025000477209687,0.0,map,77.60612454000147
45,30,2.525000737980008,-5.025000477209687,0.0,map,77.60612454000147
45,31,2.575000738725066,-5.025000477209687,0.0,map,77.60612454000147
45,32,2.6250007394701242,-5.025000477209687,0.0,map,77.60612454000147
45,33,2.6750007402151823,-5.025000477209687,0.0,map,77.60612454000147
45,34,2.7250007409602404,-5.025000477209687,0.0,map,77.60612454000147
45,35,2.7750007417052984,-5.025000477209687,0.0,map,77.60612454000147
45,36,2.8250007424503565,-5.025000477209687,0.0,map,77.60612454000147
45,37,2.8750007431954145,-5.025000477209687,0.0,map,77.60612454000147
45,38,2.9250007439404726,-5.025000477209687,1.7763568129304712e-14,map,77.60612454000147
45,39,2.9750007446855307,-5.025000477209686,5.329070438791414e-14,map,77.60612454000147
45,40,3.0250007454305887,-5.025000477209684,1.2434497690513299e-13,map,77.60612454000147
45,41,3.075000746175647,-5.0250004772096775,3.197442263274848e-13,map,77.60612454000147
45,42,3.125000746920705,-5.0250004772096615,7.638334295601027e-13,map,77.60612454000147
45,43,3.175000747665763,-5.025000477209623,1.865174653576995e-12,map,77.60612454000147
45,44,3.225000748410821,-5.02500047720953,4.423128464196873e-12,map,77.60612454000147
45,45,3.275000749155879,-5.025000477209309,1.048050519628978e-11,map,77.60612454000147
45,46,3.325000749900937,-5.025000477208785,2.472688683599216e-11,map,77.60612454000147
45,47,3.375000750645995,-5.0250004772075485,5.822897632786085e-11,map,77.60612454000147
45,48,3.425000751391053,-5.025000477204637,1.3654854820996532e-10,map,77.60612454000147
45,49,3.4750007521361113,-5.02500047719781,3.1885604792101957e-10,map,77.60612454000147
45,50,3.5250007528811693,-5.025000477181867,7.416467329666011e-10,map,77.60612454000147
45,51,3.5750007536262274,-5.0250004771447845,1.7178969102169295e-09,map,77.60612454000147
45,52,3.6250007543712854,-5.02500047705889,3.9618974177194765e-09,map,77.60612454000147
45,53,3.6750007551163435,-5.025000476860795,9.09604822342803e-09,map,77.60612454000147
45,54,3.7250007558614016,-5.025000476405992,2.078490237814563e-08,map,77.60612454000147
45,55,3.7750007566064596,-5.025000475366747,4.725839205045164e-08,map,77.60612454000147
45,56,3.8250007573515177,-5.025000473003828,1.0688481051947638e-07,map,77.60612454000147
45,57,3.8750007580965757,-5.025000467659587,2.403853080741301e-07,map,77.60612454000147
45,58,3.925000758841634,-5.025000455640321,5.373784004307578e-07,map,77.60612454000147
45,59,3.975000759586692,-5.025000428771401,1.1935259003118047e-06,map,77.60612454000147
45,60,4.02500076033175,-5.025000369095105,2.632283809439039e-06,map,77.60612454000147
45,61,4.075000761076808,-5.025000237480913,5.76128789410811e-06,map,77.60612454000147
45,62,4.125000761821866,-5.024999949416514,1.2505216000014629e-05,map,77.60612454000147
45,63,4.175000762566924,-5.024999324155704,2.6896881825282372e-05,map,77.60612454000147
45,64,4.225000763311982,-5.024997979311593,5.727348892801321e-05,map,77.60612454000147
45,65,4.27500076405704,-5.0249951156371,0.00012061054576231032,map,77.60612454000147
45,66,4.325000764802098,-5.024989085109693,0.0002508763375042449,map,77.60612454000147
45,67,4.375000765547156,-5.024976541292368,0.0005146910208205313,map,77.60612454000147
45,68,4.425000766292214,-5.024950806738671,0.0010396820028036192,map,77.60612454000147
45,69,4.4750007670372725,-5.024898822619026,0.0020636319705727934,map,77.60612454000147
45,70,4.5250007677823305,-5.02479564087249,0.004014862856487588,map,77.60612454000147
45,71,4.575000768527389,-5.0245948966480665,0.007633294485189196,map,77.60612454000147
45,72,4.625000769272447,-5.024213224505104,0.014130221432976282,map,77.60612454000147
45,73,4.675000770017505,-5.02350666639776,0.025349623688980704,map,77.60612454000147
45,74,4.725000770762563,-5.022238913628701,0.043815176730196005,map,77.60612454000147
45,75,4.775000771507621,-5.020046751764658,0.07241291504996962,map,77.60612454000147
45,76,4.825000772252679,-5.016419764213726,0.11332226085174991,map,77.60612454000147
45,77,4.875000772997737,-5.010729271226758,0.16593040765613437,map,77.60612454000147
45,78,4.925000773742795,-5.0023557602772835,0.22442577146527798,map,77.60612454000147
45,79,4.975000774487853,-4.990942203073795,0.27775004462925507,map,77.60612454000147
45,80,5.025000775232911,-4.976686207954504,0.3153511488375964,map,77.60612454000147
45,81,5.075000775977969,-4.960374311645094,0.3364127298865989,map,77.60612454000147
45,82,5.125000776723027,-4.942889019808851,0.3435808059943384,map,77.60612454000147
45,83,5.175000777468085,-4.925000475719571,-2.9220488173004044,map,77.60612454000147
46,0,1.3250007200986147,-4.975000476464629,0.0,map,78.63597314700019
46,1,1.3750007208436728,-4.975000476464629,0.0,map,78.63597314700019
46,2,1.4250007215887308,-4.975000476464629,0.0,map,78.63597314700019
46,3,1.4750007223337889,-4.975000476464629,0.0,map,78.63597314700019
46,4,1.525000723078847,-4.975000476464629,0.0,map,78.63597314700019
46,5,1.575000723823905,-4.975000476464629,0.0,map,78.63597314700019
46,6,1.625000724568963,-4.975000476464629,0.0,map,78.63597314700019
46,7,1.675000725314021,-4.975000476464629,0.0,map,78.63597314700019
46,8,1.7250007260590792,-4.975000476464629,0.0,map,78.63597314700019
46,9,1.7750007268041372,-4.975000476464629,0.0,map,78.63597314700019
46,10,1.8250007275491953,-4.975000476464629,0.0,map,78.63597314700019
46,11,1.8750007282942533,-4.975000476464629,0.0,map,78.63597314700019
46,12,1.9250007290393114,-4.975000476464629,0.0,map,78.63597314700019
46,13,1.9750007297843695,-4.975000476464629,0.0,map,78.63597314700019
46,14,2.0250007305294275,-4.975000476464629,0.0,map,78.63597314700019
46,15,2.0750007312744856,-4.975000476464629,0.0,map,78.63597314700019
46,16,2.1250007320195436,-4.975000476464629,0.0,map,78.63597314700019
46,17,2.1750007327646017,-4.975000476464629,0.0,map,78.63597314700019
46,18,2.2250007335096598,-4.975000476464629,0.0,map,78.63597314700019
46,19,2.275000734254718,-4.975000476464629,0.0,map,78.63597314700019
46,20,2.325000734999776,-4.975000476464629,0.0,map,78.63597314700019
46,21,2.375000735744834,-4.975000476464629,0.0,map,78.63597314700019
46,22,2.425000736489892,-4.975000476464629,0.0,map,78.63597314700019
46,23,2.47500073723495,-4.975000476464629,0.0,map,78.63597314700019
46,24,2.525000737980008,-4.975000476464629,0.0,map,78.63597314700019
46,25,2.575000738725066,-4.975000476464629,0.0,map,78.63597314700019
46,26,2.6250007394701242,-4.975000476464629,0.0,map,78.63597314700019
46,27,2.6750007402151823,-4.975000476464629,0.0,map,78.63597314700019
46,28,2.7250007409602404,-4.975000476464629,0.0,map,78.63597314700019
46,29,2.7750007417052984,-4.975000476464629,0.0,map,78.63597314700019
46,30,2.8250007424503565,-4.975000476464629,0.0,map,78.63597314700019
46,31,2.8750007431954145,-4.975000476464629,0.0,map,78.63597314700019
46,32,2.9250007439404726,-4.975000476464629,0.0,map,78.63597314700019
46,33,2.9750007446855307,-4.975000476464629,0.0,map,78.63597314700019
46,34,3.0250007454305887,-4.975000476464629,1.7763568129304712e-14,map,78.63597314700019
46,35,3.075000746175647,-4.975000476464628,5.329070438791414e-14,map,78.63597314700019
46,36,3.125000746920705,-4.975000476464626,1.0658140877582828e-13,map,78.63597314700019
46,37,3.175000747665763,-4.97500047646462,2.842170900688754e-13,map,78.63597314700019
46,38,3.225000748410821,-4.975000476464606,6.927791570428838e-13,map,78.63597314700019
46,39,3.275000749155879,-4.975000476464571,1.6875389722839477e-12,map,78.63597314700019
46,40,3.325000749900937,-4.975000476464487,3.961275692834951e-12,map,78.63597314700019
46,41,3.375000750645995,-4.975000476464289,9.396927540402192e-12,map,78.63597314700019
46,42,3.425000751391053,-4.975000476463819,2.2204460161630892e-11,map,78.63597314700019
46,43,3.4750007521361113,-4.975000476462709,5.2260417436414466e-11,map,78.63597314700019
46,44,3.5250007528811693,-4.975000476460096,1.225330929559439e-10,map,78.63597314700019
46,45,3.5750007536262274,-4.975000476453969,2.86117791858711e-10,map,78.63597314700019
46,46,3.6250007543712854,-4.975000476439663,6.652989171468494e-10,map,78.63597314700019
46,47,3.6750007551163435,-4.975000476406398,1.5403855739007875e-09,map,78.63597314700019
46,48,3.7250007558614016,-4.975000476329379,3.550866214775495e-09,map,78.63597314700019
46,49,3.7750007566064596,-4.975000476151836,8.147740138845097e-09,map,78.63597314700019
46,50,3.8250007573515177,-4.975000475744449,1.86058277121557e-08,map,78.63597314700019
46,51,3.8750007580965757,-4.975000474814157,4.2272780201440357e-08,map,78.63597314700019
46,52,3.925000758841634,-4.975000472700518,9.55305509340425e-08,map,78.63597314700019
46,53,3.975000759586692,-4.975000467923991,2.1465513491019616e-07,map,78.63597314700019
46,54,4.02500076033175,-4.975000457191234,4.793812919577035e-07,map,78.63597314700019
46,55,4.075000761076808,-4.975000433222169,1.0635485222786701e-06,map,78.63597314700019
46,56,4.125000761821866,-4.975000380044742,2.3428007273635923e-06,map,78.63597314700019
46,57,4.175000762566924,-4.975000262904704,5.1208960396877705e-06,map,78.63597314700019
46,58,4.225000763311982,-4.975000006859898,1.1098907280596137e-05,map,78.63597314700019
46,59,4.27500076405704,-4.974999451914526,2.3833230495874608e-05,map,78.63597314700019
46,60,4.325000764802098,-4.974998260252983,5.065751805705804e-05,map,78.63597314700019
46,61,4.375000765547156,-4.97499572737704,0.00010646018379839303,map,78.63597314700019
46,62,4.425000766292214,-4.974990404367751,0.00022093107965858794,map,78.63597314700019
46,63,4.4750007670372725,-4.974979357813424,0.00045206244760369785,map,78.63597314700019
46,64,4.5250007677823305,-4.974956754689167,0.0009104072808969546,map,78.63597314700019
46,65,4.575000768527389,-4.974911234311867,0.0018006902245899874,map,78.63597314700019
46,66,4.625000769272447,-4.974821199701984,0.0034888602485031615,map,78.63597314700019
46,67,4.675000770017505,-4.974646755979174,0.006600748375997842,map,78.63597314700019
46,68,4.725000770762563,-4.974316713762143,0.012146802270584484,map,78.63597314700019
46,69,4.775000771507621,-4.97370934376784,0.021634380629693296,map,78.63597314700019
46,70,4.825000772252679,-4.972627455923724,0.037059549743433,map,78.63597314700019
46,71,4.875000772997737,-4.970773629643233,0.06055973081144329,map,78.63597314700019
46,72,4.925000773742795,-4.96774193592469,0.09341418268215747,map,78.63597314700019
46,73,4.975000774487853,-4.96305759326928,0.13423125830610172,map,78.63597314700019
46,74,5.025000775232911,-4.9563054278827625,0.17701314560793957,map,78.63597314700019
46,75,5.075000775977969,-4.947361155834894,0.21145357407769907,map,78.63597314700019
46,76,5.125000776723027,-4.936628029379126,0.22848993221265793,map,78.63597314700019
46,77,5.175000777468085,-4.925000475719571,-2.9220488173004044,map,78.63597314700019
47,0,1.625000724568963,-4.925000475719571,0.0,map,79.66912626400153
47,1,1.675000725314021,-4.925000475719571,0.0,map,79.66912626400153
47,2,1.7250007260590792,-4.925000475719571,0.0,map,79.66912626400153
47,3,1.7750007268041372,-4.925000475719571,0.0,map,79.66912626400153
47,4,1.8250007275491953,-4.925000475719571,0.0,map,79.66912626400153
47,5,1.8750007282942533,-4.925000475719571,0.0,map,79.66912626400153
47,6,1.9250007290393114,-4.925000475719571,0.0,map,79.66912626400153
47,7,1.9750007297843695,-4.925000475719571,0.0,map,79.66912626400153
47,8,2.0250007305294275,-4.925000475719571,0.0,map,79.66912626400153
47,9,2.0750007312744856,-4.925000475719571,0.0,map,79.66912626400153
47,10,2.1250007320195436,-4.925000475719571,0.0,map,79.66912626400153
47,11,2.1750007327646017,-4.925000475719571,0.0,map,79.66912626400153
47,12,2.2250007335096598,-4.925000475719571,0.0,map,79.66912626400153
47,13,2.275000734254718,-4.925000475719571,0.0,map,79.66912626400153
47,14,2.325000734999776,-4.925000475719571,0.0,map,79.66912626400153
47,15,2.375000735744834,-4.925000475719571,0.0,map,79.66912626400153
47,16,2.425000736489892,-4.925000475719571,0.0,map,79.66912626400153
47,17,2.47500073723495,-4.925000475719571,0.0,map,79.66912626400153
47,18,2.525000737980008,-4.925000475719571,0.0,map,79.66912626400153
47,19,2.575000738725066,-4.925000475719571,0.0,map,79.66912626400153
47,20,2.6250007394701242,-4.925000475719571,0.0,map,79.66912626400153
47,21,2.6750007402151823,-4.925000475719571,0.0,map,79.66912626400153
47,22,2.7250007409602404,-4.925000475719571,0.0,map,79.66912626400153
47,23,2.7750007417052984,-4.925000475719571,0.0,map,79.66912626400153
47,24,2.8250007424503565,-4.925000475719571,0.0,map,79.66912626400153
47,25,2.8750007431954145,-4.925000475719571,0.0,map,79.66912626400153
47,26,2.9250007439404726,-4.925000475719571,0.0,map,79.66912626400153
47,27,2.9750007446855307,-4.925000475719571,0.0,map,79.66912626400153
47,28,3.0250007454305887,-4.925000475719571,0.0,map,79.66912626400153
47,29,3.075000746175647,-4.925000475719571,0.0,map,79.66912626400153
47,30,3.125000746920705,-4.925000475719571,0.0,map,79.66912626400153
47,31,3.175000747665763,-4.925000475719571,0.0,map,79.66912626400153
47,32,3.225000748410821,-4.925000475719571,0.0,map,79.66912626400153
47,33,3.275000749155879,-4.925000475719571,0.0,map,79.66912626400153
47,34,3.325000749900937,-4.925000475719571,0.0,map,79.66912626400153
47,35,3.375000750645995,-4.925000475719571,0.0,map,79.66912626400153
47,36,3.425000751391053,-4.925000475719571,0.0,map,79.66912626400153
47,37,3.4750007521361113,-4.925000475719571,0.0,map,79.66912626400153
47,38,3.5250007528811693,-4.925000475719571,0.0,map,79.66912626400153
47,39,3.5750007536262274,-4.925000475719571,0.0,map,79.66912626400153
47,40,3.6250007543712854,-4.925000475719571,0.0,map,79.66912626400153
47,41,3.6750007551163435,-4.925000475719571,0.0,map,79.66912626400153
47,42,3.7250007558614016,-4.925000475719571,0.0,map,79.66912626400153
47,43,3.7750007566064596,-4.925000475719571,0.0,map,79.66912626400153
47,44,3.8250007573515177,-4.925000475719571,0.0,map,79.66912626400153
47,45,3.8750007580965757,-4.925000475719571,0.0,map,79.66912626400153
47,46,3.925000758841634,-4.925000475719571,0.0,map,79.66912626400153
47,47,3.975000759586692,-4.925000475719571,0.0,map,79.66912626400153
47,48,4.02500076033175,-4.925000475719571,0.0,map,79.66912626400153
47,49,4.075000761076808,-4.925000475719571,0.0,map,79.66912626400153
47,50,4.125000761821866,-4.925000475719571,0.0,map,79.66912626400153
47,51,4.175000762566924,-4.925000475719571,0.0,map,79.66912626400153
47,52,4.225000763311982,-4.925000475719571,0.0,map,79.66912626400153
47,53,4.27500076405704,-4.925000475719571,0.0,map,79.66912626400153
47,54,4.325000764802098,-4.925000475719571,0.0,map,79.66912626400153
47,55,4.375000765547156,-4.925000475719571,0.0,map,79.66912626400153
47,56,4.425000766292214,-4.925000475719571,0.0,map,79.66912626400153
47,57,4.4750007670372725,-4.925000475719571,0.0,map,79.66912626400153
47,58,4.5250007677823305,-4.925000475719571,0.0,map,79.66912626400153
47,59,4.575000768527389,-4.925000475719571,0.0,map,79.66912626400153
47,60,4.625000769272447,-4.925000475719571,0.0,map,79.66912626400153
47,61,4.675000770017505,-4.925000475719571,0.0,map,79.66912626400153
47,62,4.725000770762563,-4.925000475719571,0.0,map,79.66912626400153
47,63,4.775000771507621,-4.925000475719571,0.0,map,79.66912626400153
47,64,4.825000772252679,-4.925000475719571,0.0,map,79.66912626400153
47,65,4.875000772997737,-4.925000475719571,0.0,map,79.66912626400153
47,66,4.925000773742795,-4.925000475719571,0.0,map,79.66912626400153
47,67,4.975000774487853,-4.925000475719571,0.0,map,79.66912626400153
47,68,5.025000775232911,-4.925000475719571,0.0,map,79.66912626400153
47,69,5.075000775977969,-4.925000475719571,0.0,map,79.66912626400153
47,70,5.125000776723027,-4.925000475719571,0.0,map,79.66912626400153
47,71,5.175000777468085,-4.925000475719571,-2.9220488173004044,map,79.66912626400153
48,0,1.9250007290393114,-4.925000475719571,0.0,map,80.68450181400112
48,1,1.9750007297843695,-4.925000475719571,0.0,map,80.68450181400112
48,2,2.0250007305294275,-4.925000475719571,0.0,map,80.68450181400112
48,3,2.0750007312744856,-4.925000475719571,0.0,map,80.68450181400112
48,4,2.1250007320195436,-4.925000475719571,0.0,map,80.68450181400112
48,5,2.1750007327646017,-4.925000475719571,0.0,map,80.68450181400112
48,6,2.2250007335096598,-4.925000475719571,0.0,map,80.68450181400112
48,7,2.275000734254718,-4.925000475719571,0.0,map,80.68450181400112
48,8,2.325000734999776,-4.925000475719571,0.0,map,80.68450181400112
48,9,2.375000735744834,-4.925000475719571,0.0,map,80.68450181400112
48,10,2.425000736489892,-4.925000475719571,0.0,map,80.68450181400112
48,11,2.47500073723495,-4.925000475719571,0.0,map,80.68450181400112
48,12,2.525000737980008,-4.925000475719571,0.0,map,80.68450181400112
48,13,2.575000738725066,-4.925000475719571,0.0,map,80.68450181400112
48,14,2.6250007394701242,-4.925000475719571,0.0,map,80.68450181400112
48,15,2.6750007402151823,-4.925000475719571,0.0,map,80.68450181400112
48,16,2.7250007409602404,-4.925000475719571,0.0,map,80.68450181400112
48,17,2.7750007417052984,-4.925000475719571,0.0,map,80.68450181400112
48,18,2.8250007424503565,-4.925000475719571,0.0,map,80.68450181400112
48,19,2.8750007431954145,-4.925000475719571,0.0,map,80.68450181400112
48,20,2.9250007439404726,-4.925000475719571,0.0,map,80.68450181400112
48,21,2.9750007446855307,-4.925000475719571,0.0,map,80.68450181400112
48,22,3.0250007454305887,-4.925000475719571,0.0,map,80.68450181400112
48,23,3.075000746175647,-4.925000475719571,0.0,map,80.68450181400112
48,24,3.125000746920705,-4.925000475719571,0.0,map,80.68450181400112
48,25,3.175000747665763,-4.925000475719571,0.0,map,80.68450181400112
48,26,3.225000748410821,-4.925000475719571,0.0,map,80.68450181400112
48,27,3.275000749155879,-4.925000475719571,0.0,map,80.68450181400112
48,28,3.325000749900937,-4.925000475719571,0.0,map,80.68450181400112
48,29,3.375000750645995,-4.925000475719571,0.0,map,80.68450181400112
48,30,3.425000751391053,-4.925000475719571,0.0,map,80.68450181400112
48,31,3.4750007521361113,-4.925000475719571,0.0,map,80.68450181400112
48,32,3.5250007528811693,-4.925000475719571,0.0,map,80.68450181400112
48,33,3.5750007536262274,-4.925000475719571,0.0,map,80.68450181400112
48,34,3.6250007543712854,-4.925000475719571,0.0,map,80.68450181400112
48,35,3.6750007551163435,-4.925000475719571,0.0,map,80.68450181400112
48,36,3.7250007558614016,-4.925000475719571,0.0,map,80.68450181400112
48,37,3.7750007566064596,-4.925000475719571,0.0,map,80.68450181400112
48,38,3.8250007573515177,-4.925000475719571,0.0,map,80.68450181400112
48,39,3.8750007580965757,-4.925000475719571,0.0,map,80.68450181400112
48,40,3.925000758841634,-4.925000475719571,0.0,map,80.68450181400112
48,41,3.975000759586692,-4.925000475719571,0.0,map,80.68450181400112
48,42,4.02500076033175,-4.925000475719571,0.0,map,80.68450181400112
48,43,4.075000761076808,-4.925000475719571,0.0,map,80.68450181400112
48,44,4.125000761821866,-4.925000475719571,0.0,map,80.68450181400112
48,45,4.175000762566924,-4.925000475719571,0.0,map,80.68450181400112
48,46,4.225000763311982,-4.925000475719571,0.0,map,80.68450181400112
48,47,4.27500076405704,-4.925000475719571,0.0,map,80.68450181400112
48,48,4.325000764802098,-4.925000475719571,0.0,map,80.68450181400112
48,49,4.375000765547156,-4.925000475719571,0.0,map,80.68450181400112
48,50,4.425000766292214,-4.925000475719571,0.0,map,80.68450181400112
48,51,4.4750007670372725,-4.925000475719571,0.0,map,80.68450181400112
48,52,4.5250007677823305,-4.925000475719571,0.0,map,80.68450181400112
48,53,4.575000768527389,-4.925000475719571,0.0,map,80.68450181400112
48,54,4.625000769272447,-4.925000475719571,0.0,map,80.68450181400112
48,55,4.675000770017505,-4.925000475719571,0.0,map,80.68450181400112
48,56,4.725000770762563,-4.925000475719571,0.0,map,80.68450181400112
48,57,4.775000771507621,-4.925000475719571,0.0,map,80.68450181400112
48,58,4.825000772252679,-4.925000475719571,0.0,map,80.68450181400112
48,59,4.875000772997737,-4.925000475719571,0.0,map,80.68450181400112
48,60,4.925000773742795,-4.925000475719571,0.0,map,80.68450181400112
48,61,4.975000774487853,-4.925000475719571,0.0,map,80.68450181400112
48,62,5.025000775232911,-4.925000475719571,0.0,map,80.68450181400112
48,63,5.075000775977969,-4.925000475719571,0.0,map,80.68450181400112
48,64,5.125000776723027,-4.925000475719571,0.0,map,80.68450181400112
48,65,5.175000777468085,-4.925000475719571,-2.9220488173004044,map,80.68450181400112
49,0,2.275000734254718,-4.875000474974513,0.0,map,81.71495477200006
49,1,2.325000734999776,-4.875000474974513,0.0,map,81.71495477200006
49,2,2.375000735744834,-4.875000474974513,0.0,map,81.71495477200006
49,3,2.425000736489892,-4.875000474974513,0.0,map,81.71495477200006
49,4,2.47500073723495,-4.875000474974513,0.0,map,81.71495477200006
49,5,2.525000737980008,-4.875000474974513,0.0,map,81.71495477200006
49,6,2.575000738725066,-4.875000474974513,0.0,map,81.71495477200006
49,7,2.6250007394701242,-4.875000474974513,0.0,map,81.71495477200006
49,8,2.6750007402151823,-4.875000474974513,0.0,map,81.71495477200006
49,9,2.7250007409602404,-4.875000474974513,0.0,map,81.71495477200006
49,10,2.7750007417052984,-4.875000474974513,0.0,map,81.71495477200006
49,11,2.8250007424503565,-4.875000474974513,0.0,map,81.71495477200006
49,12,2.8750007431954145,-4.875000474974513,0.0,map,81.71495477200006
49,13,2.9250007439404726,-4.875000474974513,0.0,map,81.71495477200006
49,14,2.9750007446855307,-4.875000474974513,0.0,map,81.71495477200006
49,15,3.0250007454305887,-4.875000474974513,0.0,map,81.71495477200006
49,16,3.075000746175647,-4.875000474974513,-1.7763568129304712e-14,map,81.71495477200006
49,17,3.125000746920705,-4.875000474974514,-7.105427251721885e-14,map,81.71495477200006
49,18,3.175000747665763,-4.8750004749745175,-1.598721131637424e-13,map,81.71495477200006
49,19,3.225000748410821,-4.8750004749745255,-3.73034930715399e-13,map,81.71495477200006
49,20,3.275000749155879,-4.875000474974544,-9.23705542723845e-13,map,81.71495477200006
49,21,3.325000749900937,-4.87500047497459,-2.2026824480337843e-12,map,81.71495477200006
49,22,3.375000750645995,-4.8750004749747005,-5.275779734403499e-12,map,81.71495477200006
49,23,3.425000751391053,-4.875000474974964,-1.2470024826771909e-11,map,81.71495477200006
49,24,3.4750007521361113,-4.875000474975588,-2.9451995958387213e-11,map,81.71495477200006
49,25,3.5250007528811693,-4.87500047497706,-6.93489699768056e-11,map,81.71495477200006
49,26,3.5750007536262274,-4.875000474980528,-1.6255441195126741e-10,map,81.71495477200006
49,27,3.6250007543712854,-4.8750004749886555,-3.795896873551124e-10,map,81.71495477200006
49,28,3.6750007551163435,-4.875000475007635,-8.827605181857977e-10,map,81.71495477200006
49,29,3.7250007558614016,-4.875000475051773,-2.044320238161033e-09,map,81.71495477200006
49,30,3.7750007566064596,-4.875000475153989,-4.713616093815393e-09,map,81.71495477200006
49,31,3.8250007573515177,-4.87500047538967,-1.0818883405584905e-08,map,81.71495477200006
49,32,3.8750007580965757,-4.875000475930614,-2.4713883904121503e-08,map,81.71495477200006
49,33,3.925000758841634,-4.875000477166308,-5.617179526637413e-08,map,81.71495477200006
49,34,3.975000759586692,-4.875000479974898,-1.2699395123884673e-07,map,81.71495477200006
49,35,4.02500076033175,-4.875000486324596,-2.8548452065489355e-07,map,81.71495477200006
49,36,4.075000761076808,-4.875000500598822,-6.378808319756129e-07,map,81.71495477200006
49,37,4.125000761821866,-4.875000532492864,-1.415955438449096e-06,map,81.71495477200006
49,38,4.175000762566924,-4.875000603290637,-3.120887040023486e-06,map,81.71495477200006
49,39,4.225000763311982,-4.875000759334991,-6.825839631618587e-06,map,81.71495477200006
49,40,4.27500076405704,-4.875001100626978,-1.4803871098236474e-05,map,81.71495477200006
49,41,4.325000764802098,-4.875001840820544,-3.1811271087724e-05,map,81.71495477200006
49,42,4.375000765547156,-4.875003431384123,-6.766492378718117e-05,map,81.71495477200006
49,43,4.425000766292214,-4.875006814630368,-0.00014231383745290084,map,81.71495477200006
49,44,4.4750007670372725,-4.875013930322394,-0.0002955799855090727,map,81.71495477200006
49,45,4.5250007677823305,-4.87502870932232,-0.0006053285514976975,map,81.71495477200006
49,46,4.575000768527389,-4.875058975754043,-0.0012201555450278602,map,81.71495477200006
49,47,4.625000769272447,-4.875119983562479,-0.0024155149815515346,map,81.71495477200006
49,48,4.675000770017505,-4.875240759548254,-0.0046842036547885485,map,81.71495477200006
49,49,4.725000770762563,-4.875474971447494,-0.008869329883575024,map,81.71495477200006
49,50,4.775000771507621,-4.875918449577079,-0.016331272171084016,map,81.71495477200006
49,51,4.825000772252679,-4.876735085800897,-0.029092707656582593,map,81.71495477200006
49,52,4.875000772997737,-4.878190131738562,-0.049803500891736144,map,81.71495477200006
49,53,4.925000773742795,-4.880682367732404,-0.08119874819118662,map,81.71495477200006
49,54,4.975000774487853,-4.884751251506829,-0.12457141389683946,map,81.71495477200006
49,55,5.025000775232911,-4.891012241942733,-0.17701314561227724,map,81.71495477200006
49,56,5.075000775977969,-4.899956513990825,-0.2284899322272351,map,81.71495477200006
49,57,5.125000776723027,-4.911584067651148,-0.2621529333906696,map,81.71495477200006
49,58,5.175000777468085,-4.925000475719571,-2.9220488173004044,map,81.71495477200006
50,0,2.575000738725066,-4.825000474229455,-5.421618628745091e-10,map,82.73800347900033
50,1,2.6250007394701242,-4.825000474256563,-9.522871238438963e-10,map,82.73800347900033
50,2,2.6750007402151823,-4.8250004743041774,-2.074127505482006e-09,map,82.73800347900033
50,3,2.7250007409602404,-4.825000474407884,-4.726707843526691e-09,map,82.73800347900033
50,4,2.7750007417052984,-4.825000474644219,-1.0825207235838938e-08,map,82.73800347900033
50,5,2.8250007424503565,-4.82500047518548,-2.4717916234086856e-08,map,82.73800347900033
50,6,2.8750007431954145,-4.825000476421375,-5.617568548779445e-08,map,82.73800347900033
50,7,2.9250007439404726,-4.82500047923016,-1.2699912043717236e-07,map,82.73800347900033
50,8,2.9750007446855307,-4.825000485580116,-2.8549215898918915e-07,map,82.73800347900033
50,9,3.0250007454305887,-4.825000499854724,-6.378922184227839e-07,map,82.73800347900033
50,10,3.075000746175647,-4.825000531749335,-1.4159720118581611e-06,map,82.73800347900033
50,11,3.125000746920705,-4.825000602547937,-3.120910470169848e-06,map,82.73800347900033
50,12,3.175000747665763,-4.825000758593463,-6.825871694859058e-06,map,82.73800347900033
50,13,3.225000748410821,-4.825001099887053,-1.4803913375528611e-05,map,82.73800347900033
50,14,3.275000749155879,-4.825001840082733,-3.1811324858044664e-05,map,82.73800347900033
50,15,3.325000749900937,-4.825003430649,-6.766498956567363e-05,map,82.73800347900033
50,16,3.375000750645995,-4.825006813898534,-0.00014231391477771135,map,82.73800347900033
50,17,3.425000751391053,-4.8250139295944265,-0.000295580072710421,map,82.73800347900033
50,18,3.4750007521361113,-4.825028708598713,-0.0006053286455202291,map,82.73800347900033
50,19,3.5250007528811693,-4.8250589750351365,-0.0012201556415904725,map,82.73800347900033
50,20,3.5750007536262274,-4.825119982848401,-0.002415515075271574,map,82.73800347900033
50,21,3.6250007543712854,-4.825240758838862,-0.004684203739909699,map,82.73800347900033
50,22,3.6750007551163435,-4.825474970742357,-0.008869329954410567,map,82.73800347900033
50,23,3.7250007558614016,-4.825918448875485,-0.016331272222762212,map,82.73800347900033
50,24,3.7750007566064596,-4.8267350851018875,-0.02909270768549496,map,82.73800347900033
50,25,3.8250007573515177,-4.828190131041,-0.04980350089597111,map,82.73800347900033
50,26,3.8750007580965757,-4.830682367035053,-0.08119874817076937,map,82.73800347900033
50,27,3.925000758841634,-4.834751250808451,-0.12457141385350091,map,82.73800347900033
50,28,3.975000759586692,-4.841012241242154,-0.1770131455492957,map,82.73800347900033
50,29,4.02500076033175,-4.849956513286997,-0.22848993214813088,map,82.73800347900033
50,30,4.075000761076808,-4.86158406694315,-0.2621529332973445,map,82.73800347900033
50,31,4.125000761821866,-4.875000475006571,-0.2621529332780068,map,82.73800347900033
50,32,4.175000762566924,-4.888416883068955,-0.22848993208935037,map,82.73800347900033
50,33,4.225000763311982,-4.900044436722011,-0.1770131454503568,map,82.73800347900033
50,34,4.27500076405704,-4.908988708761748,-0.12457141371582484,map,82.73800347900033
50,35,4.325000764802098,-4.915249699188459,-0.08119874799867871,map,82.73800347900033
50,36,4.375000765547156,-4.919318582953196,-0.04980350069712239,map,82.73800347900033
50,37,4.425000766292214,-4.921810818937282,-0.02909270747103938,map,82.73800347900033
50,38,4.4750007670372725,-4.923265864865662,-0.01633127200850192,map,82.73800347900033
50,39,4.5250007677823305,-4.924082501081349,-0.008869329763254082,map,82.73800347900033
50,40,4.575000768527389,-4.924525979204918,-0.0046842036080891524,map,82.73800347900033
50,41,4.625000769272447,-4.924760191101822,-0.0024155150683615864,map,82.73800347900033
50,42,4.675000770017505,-4.924880967091938,-0.001220155893015642,map,82.73800347900033
50,43,4.725000770762563,-4.924941974917774,-0.0006053294473674008,map,82.73800347900033
50,44,4.775000771507621,-4.92497224139429,-0.0002955820851804057,map,82.73800347900033
50,45,4.825000772252679,-4.9249870204991995,-0.00014231864340392443,map,82.73800347900033
50,46,4.875000772997737,-4.924994136431524,-6.767586507928463e-05,map,82.73800347900033
50,47,4.925000773742795,-4.924997520224833,-3.183612978021034e-05,map,82.73800347900033
50,48,4.975000774487853,-4.9249991120313465,-1.4860202907712163e-05,map,82.73800347900033
50,49,5.025000775232911,-4.924999855041503,-6.953002851892102e-06,map,82.73800347900033
50,50,5.075000775977969,-4.925000202691651,-3.406545767987987e-06,map,82.73800347900033
50,51,5.125000776723027,-4.925000373018942,-2.054012556072969e-06,map,82.73800347900033
50,52,5.175000777468085,-4.925000475719571,-2.9220488173004044,map,82.73800347900033
51,0,2.8750007431954145,-4.825000474229455,-5.421618628745091e-10,map,83.7651342930003
51,1,2.9250007439404726,-4.825000474256563,-9.522871238438963e-10,map,83.7651342930003
51,2,2.9750007446855307,-4.8250004743041774,-2.074127505482006e-09,map,83.7651342930003
51,3,3.0250007454305887,-4.825000474407884,-4.726707843526691e-09,map,83.7651342930003
51,4,3.075000746175647,-4.825000474644219,-1.0825207235838938e-08,map,83.7651342930003
51,5,3.125000746920705,-4.82500047518548,-2.4717916234086856e-08,map,83.7651342930003
51,6,3.175000747665763,-4.825000476421375,-5.617568548779445e-08,map,83.7651342930003
51,7,3.225000748410821,-4.82500047923016,-1.2699912043717236e-07,map,83.7651342930003
51,8,3.275000749155879,-4.825000485580116,-2.8549215898918915e-07,map,83.7651342930003
51,9,3.325000749900937,-4.825000499854724,-6.378922184227839e-07,map,83.7651342930003
51,10,3.375000750645995,-4.825000531749335,-1.4159720118581611e-06,map,83.7651342930003
51,11,3.425000751391053,-4.825000602547937,-3.120910470169848e-06,map,83.7651342930003
51,12,3.4750007521361113,-4.825000758593463,-6.825871694859058e-06,map,83.7651342930003
51,13,3.5250007528811693,-4.825001099887053,-1.4803913375528611e-05,map,83.7651342930003
51,14,3.5750007536262274,-4.825001840082733,-3.1811324858044664e-05,map,83.7651342930003
51,15,3.6250007543712854,-4.825003430649,-6.76649895834372e-05,map,83.7651342930003
51,16,3.6750007551163435,-4.8250068138985345,-0.00014231391475994778,map,83.7651342930003
51,17,3.7250007558614016,-4.8250139295944265,-0.00029558007272818457,map,83.7651342930003
51,18,3.7750007566064596,-4.825028708598714,-0.0006053286455202291,map,83.7651342930003
51,19,3.8250007573515177,-4.825058975035137,-0.0012201556416082365,map,83.7651342930003
51,20,3.8750007580965757,-4.825119982848403,-0.002415515075342628,map,83.7651342930003
51,21,3.925000758841634,-4.825240758838867,-0.004684203740069568,map,83.7651342930003
51,22,3.975000759586692,-4.825474970742371,-0.008869329954801332,map,83.7651342930003
51,23,4.02500076033175,-4.825918448875518,-0.01633127222373895,map,83.7651342930003
51,24,4.075000761076808,-4.826735085101969,-0.029092707687766773,map,83.7651342930003
51,25,4.125000761821866,-4.828190131041195,-0.04980350090134013,map,83.7651342930003
51,26,4.175000762566924,-4.830682367035518,-0.08119874818338678,map,83.7651342930003
51,27,4.225000763311982,-4.834751250809551,-0.1245714138829704,map,83.7651342930003
51,28,4.27500076405704,-4.8410122412447505,-0.1770131456172689,map,83.7651342930003
51,29,4.325000764802098,-4.8499565132931,-0.22848993230369352,map,83.7651342930003
51,30,4.375000765547156,-4.861584066957453,-0.2621529336537759,map,83.7651342930003
51,31,4.425000766292214,-4.875000475039978,-0.26215293410540463,map,83.7651342930003
51,32,4.4750007670372725,-4.888416883146711,-0.2284899340352909,map,83.7651342930003
51,33,4.5250007677823305,-4.900044436902325,-0.17701315002827955,map,83.7651342930003
51,34,4.575000768527389,-4.908988709178283,-0.12457142438381222,map,83.7651342930003
51,35,4.625000769272447,-4.915249700146758,-0.08119877257355188,map,83.7651342930003
51,36,4.675000770017505,-4.919318585148375,-0.049803556762344166,map,83.7651342930003
51,37,4.725000770762563,-4.921810823942687,-0.029092834399989116,map,83.7651342930003
51,38,4.775000771507621,-4.92326587622289,-0.016331557467108283,map,83.7651342930003
51,39,4.825000772252679,-4.924082526715314,-0.008869967643354747,map,83.7651342930003
51,40,4.875000772997737,-4.924526036735398,-0.004685619558082146,map,83.7651342930003
51,41,4.925000773742795,-4.924760319431357,-0.002418635883540739,map,83.7651342930003
51,42,4.975000774487853,-4.9248812514631455,-0.001226981461233127,map,83.7651342930003
51,43,5.025000775232911,-4.924942600567908,-0.0006201325510293434,map,83.7651342930003
51,44,5.075000775977969,-4.924973607199896,-0.00032739142291177804,map,83.7651342930003
51,45,5.125000776723027,-4.924989976771871,-0.00020997894779608992,map,83.7651342930003
51,46,5.175000777468085,-4.925000475719571,-2.9220488173004044,map,83.7651342930003
52,0,3.175000747665763,-4.775000473484397,-7.646470009804248e-09,map,84.79569771500246
52,1,3.225000748410821,-4.77500047386672,-1.3250680355350461e-08,map,84.79569771500246
52,2,3.275000749155879,-4.7750004745292545,-2.8439739028538778e-08,map,84.79569771500246
52,3,3.325000749900937,-4.775000475951241,-6.390376132958468e-08,map,84.79569771500246
52,4,3.375000750645995,-4.7750004791464296,-1.4427658852461833e-07,map,84.79569771500246
52,5,3.425000751391053,-4.775000486360259,-3.2454042524952185e-07,map,84.79569771500246
52,6,3.4750007521361113,-4.775000502587281,-7.259422288368772e-07,map,84.79569771500246
52,7,3.5250007528811693,-4.775000538884393,-1.6134996920133122e-06,map,84.79569771500246
52,8,3.5750007536262274,-4.775000619559378,-3.5613618367532054e-06,map,84.79569771500246
52,9,3.6250007543712854,-4.775000797627473,-7.801484373124098e-06,map,84.79569771500246
52,10,3.6750007551163435,-4.775001187701697,-1.6949306166412044e-05,map,84.79569771500246
52,11,3.7250007558614016,-4.775002035167018,-3.649189554047358e-05,map,84.79569771500246
52,12,3.7750007566064596,-4.775003859761823,-7.778841211904917e-05,map,84.79569771500246
52,13,3.8250007573515177,-4.775007749182495,-0.0001640018749542637,map,84.79569771500246
52,14,3.8750007580965757,-4.775015949276439,-0.0003415571254763312,map,84.79569771500246
52,15,3.925000758841634,-4.775033027133631,-0.0007016654562433591,map,84.79569771500246
52,16,3.975000759586692,-4.7750681104127235,-0.001419398484577783,map,84.79569771500246
52,17,4.02500076033175,-4.775139080385671,-0.002821597759075644,map,84.79569771500246
52,18,4.075000761076808,-4.7752801606501265,-0.0054982533383245435,map,84.79569771500246
52,19,4.125000761821866,-4.7755550760914485,-0.010470628989830196,map,84.79569771500246
52,20,4.175000762566924,-4.776078626681875,-0.01941307450534986,map,84.79569771500246
52,21,4.225000763311982,-4.777049402375928,-0.03487354861237907,map,84.79569771500246
52,22,4.27500076405704,-4.77879378704271,-0.06031741673413032,map,84.79569771500246
52,23,4.325000764802098,-4.781813320692649,-0.09960196605929422,map,84.79569771500246
52,24,4.375000765547156,-4.786809953124748,-0.15525011628431856,map,84.79569771500246
52,25,4.425000766292214,-4.794635431768343,-0.22509313775102213,map,84.79569771500246
52,26,4.4750007670372725,-4.806084101387463,-0.29849044481352005,map,84.79569771500246
52,27,4.5250007677823305,-4.8214682524898285,-0.3562098459260266,map,84.79569771500246
52,28,4.575000768527389,-4.840072345550738,-0.37802633586530454,map,84.79569771500246
52,29,4.625000769272447,-4.85992864571258,-0.3562103568986372,map,84.79569771500246
52,30,4.675000770017505,-4.8785327678592045,-0.2984918605293074,map,84.79569771500246
52,31,4.725000770762563,-4.893916996448603,-0.2250964950252521,map,84.79569771500246
52,32,4.775000771507621,-4.905365842732468,-0.15525771919190576,map,84.79569771500246
52,33,4.825000772252679,-4.913191710833666,-0.09961874235735096,map,84.79569771500246
52,34,4.875000772997737,-4.918189190458954,-0.06035377350349671,map,84.79569771500246
52,35,4.925000773742795,-4.921210548581112,-0.03495124108021998,map,84.79569771500246
52,36,4.975000774487853,-4.9229588226100685,-0.01957701342744358,map,84.79569771500246
52,37,5.025000775232911,-4.9239377983664605,-0.010812147035176507,map,84.79569771500246
52,38,5.075000775977969,-4.924478426793382,-0.006199894545737048,map,84.79569771500246
52,39,5.125000776723027,-4.92478842549728,-0.004240978956507253,map,84.79569771500246
52,40,5.175000777468085,-4.925000475719571,-2.9220488173004044,map,84.79569771500246
53,0,3.5250007528811693,-4.775000473484397,-7.644409435901249e-09,map,85.82376735400248
53,1,3.5750007536262274,-4.775000473866617,-1.3250520483237297e-08,map,85.82376735400248
53,2,3.6250007543712854,-4.7750004745291434,-2.8445227971090733e-08,map,85.82376735400248
53,3,3.6750007551163435,-4.775000475951405,-6.392479339424978e-08,map,85.82376735400248
53,4,3.7250007558614016,-4.775000479147645,-1.443379083618007e-07,map,85.82376735400248
53,5,3.7750007566064596,-4.77500048636454,-3.247012033046603e-07,map,85.82376735400248
53,6,3.8250007573515177,-4.7750005025996005,-7.263416959569688e-07,map,85.82376735400248
53,7,3.8750007580965757,-4.775000538916686,-1.6144614293553984e-06,map,85.82376735400248
53,8,3.925000758841634,-4.7750006196397585,-3.5636318608879887e-06,map,85.82376735400248
53,9,3.975000759586692,-4.775000797821354,-7.806772640646576e-06,map,85.82376735400248
53,10,4.02500076033175,-4.775001188159992,-1.6961511407488767e-05,map,85.82376735400248
53,11,4.075000761076808,-4.775002036235575,-3.651986188037422e-05,map,85.82376735400248
53,12,4.125000761821866,-4.775003862228697,-7.785209594925607e-05,map,85.82376735400248
53,13,4.175000762566924,-4.7750077548335605,-0.00016414604996682454,map,85.82376735400248
53,14,4.225000763311982,-4.775015962136255,-0.00034188162582460556,map,85.82376735400248
53,15,4.27500076405704,-4.775033056218467,-0.0007023913943840725,map,85.82376735400248
53,16,4.325000764802098,-4.775068175794485,-0.0014210119979973347,map,85.82376735400248
53,17,4.375000765547156,-4.775139226443267,-0.0028251591115478402,map,85.82376735400248
53,18,4.425000766292214,-4.7752804847767685,-0.005506054573748768,map,85.82376735400248
53,19,4.4750007670372725,-4.775555790291676,-0.010487576320575166,map,85.82376735400248
53,20,4.5250007677823305,-4.7760801883417106,-0.01944955225777968,map,85.82376735400248
53,21,4.575000768527389,-4.777052788612242,-0.034951241296440234,map,85.82376735400248
53,22,4.625000769272447,-4.778801062652022,-0.060480818762267886,map,85.82376735400248
53,23,4.675000770017505,-4.781828796281111,-0.09994012921048627,map,85.82376735400248
53,24,4.725000770762563,-4.786842506302677,-0.15593491979882412,map,85.82376735400248
53,25,4.775000771507621,-4.794703067609621,-0.22644138312684517,map,85.82376735400248
53,26,4.825000772252679,-4.806222705795686,-0.3010659262230564,map,85.82376735400248
53,27,4.875000772997737,-4.8217479339683,-0.3610306847438203,map,85.82376735400248
53,28,4.925000773742795,-4.840626935248725,-0.3870380395947534,map,85.82376735400248
53,29,4.975000774487853,-4.861006769757506,-0.37315497597613456,map,85.82376735400248
53,30,5.025000775232911,-4.880581631270939,-0.3300409703884182,map,85.82376735400248
53,31,5.075000775977969,-4.8977101637932465,-0.28167068863598294,map,85.82376735400248
53,32,5.125000776723027,-4.912178365534793,-0.2510326592743571,map,85.82376735400248
53,33,5.175000777468085,-4.925000475719571,-2.9220488173004044,map,85.82376735400248
54,0,3.8250007573515177,-4.725000472739339,-3.901840587974878e-06,map,86.85540205300276
54,1,3.8750007580965757,-4.725000667831371,-6.426804876792576e-06,map,86.85540205300276
54,2,3.925000758841634,-4.72500098917162,-1.3012045770526077e-05,map,86.85540205300276
54,3,3.975000759586692,-4.725001639773918,-2.7583988896875997e-05,map,86.85540205300276
54,4,4.02500076033175,-4.725003018973384,-5.8588696828791265e-05,map,86.85540205300276
54,5,4.075000761076808,-4.725005948408272,-0.00012338553338594525,map,86.85540205300276
54,6,4.125000761821866,-4.725012117685065,-0.0002568168900068904,map,86.85540205300276
54,7,4.175000762566924,-4.725024958530039,-0.0005273437168495815,map,86.85540205300276
54,8,4.225000763311982,-4.725051325718718,-0.0010663622665275574,map,86.85540205300276
54,9,4.27500076405704,-4.725104643853049,-0.002119218492749619,map,86.85540205300276
54,10,4.325000764802098,-4.725210604937892,-0.004129103145408627,map,86.85540205300276
54,11,4.375000765547156,-4.725417061271566,-0.00786448479574502,map,86.85540205300276
54,12,4.425000766292214,-4.725810293624402,-0.014589942611392254,map,86.85540205300276
54,13,4.4750007670372725,-4.726539842532066,-0.026245451548910493,map,86.85540205300276
54,14,4.5250007677823305,-4.7278524165202755,-0.0455196982008003,map,86.85540205300276
54,15,4.575000768527389,-4.730129974747707,-0.0755639156530124,map,86.85540205300276
54,16,4.625000769272447,-4.733915378095659,-0.11894172414099294,map,86.85540205300276
54,17,4.675000770017505,-4.739890668748142,-0.17551137491878416,map,86.85540205300276
54,18,4.725000770762563,-4.748757470181139,-0.2399019880957125,map,86.85540205300276
54,19,4.775000771507621,-4.760988111550118,-0.3013026580509963,map,86.85540205300276
54,20,4.825000772252679,-4.776526318470831,-0.3490318274108903,map,86.85540205300276
54,21,4.875000772997737,-4.7947229039711186,-0.38134968884050074,map,86.85540205300276
54,22,4.925000773742795,-4.814771832866525,-0.39924105596261955,map,86.85540205300276
54,23,4.975000774487853,-4.835866778037515,-0.4086564096814882,map,86.85540205300276
54,24,5.025000775232911,-4.857518515142032,-0.4145469033722746,map,86.85540205300276
54,25,5.075000775977969,-4.879520904430008,-0.42274249024605826,map,86.85540205300276
54,26,5.125000776723027,-4.902014205018424,-0.4309120805563088,map,86.85540205300276
54,27,5.175000777468085,-4.925000475719571,-2.9220488173004044,map,86.85540205300276
55,0,4.125000761821866,-4.725000472739339,-0.0003815241824838973,map,87.87396153600275
55,1,4.175000762566924,-4.725019548949673,-0.0005880739222407443,map,87.87396153600275
55,2,4.225000763311982,-4.725048952649613,-0.001098196202832624,map,87.87396153600275
55,3,4.27500076405704,-4.725103862482647,-0.0021410534343050307,map,87.87396153600275
55,4,4.325000764802098,-4.725210915319538,-0.0041538453204520015,map,87.87396153600275
55,5,4.375000765547156,-4.725418608783201,-0.007905970127982663,map,87.87396153600275
55,6,4.425000766292214,-4.725813915531657,-0.014669763153951005,map,87.87396153600275
55,7,4.4750007670372725,-4.7265474563208425,-0.026402374536857606,map,87.87396153600275
55,8,4.5250007677823305,-4.727867881898072,-0.045824386330904174,map,87.87396153600275
55,9,4.575000768527389,-4.730160706354587,-0.07614122648931872,map,87.87396153600275
55,10,4.625000769272447,-4.733975141965878,-0.11999987886003743,map,87.87396153600275
55,11,4.675000770017505,-4.740004102771219,-0.17736895174520415,map,87.87396153600275
55,12,4.725000770762563,-4.748966735585455,-0.24299242846425162,map,87.87396153600275
55,13,4.775000771507621,-4.761361269285301,-0.30613318456486815,map,87.87396153600275
55,14,4.825000772252679,-4.777164728029874,-0.35605652051095676,map,87.87396153600275
55,15,4.875000772997737,-4.795760093961567,-0.39060962686922684,map,87.87396153600275
55,16,4.925000773742795,-4.816348480620072,-0.40964404607738425,map,87.87396153600275
55,17,4.975000774487853,-4.8380588846886,-0.4168989831821577,map,87.87396153600275
55,18,5.025000775232911,-4.860201796750804,-0.41454690341854233,map,87.87396153600275
55,19,5.075000775977969,-4.882204186041541,-0.40776574452309294,map,87.87396153600275
55,20,5.125000776723027,-4.903803059426669,-0.40097952750008115,map,87.87396153600275
55,21,5.175000777468085,-4.925000475719571,-2.9220488173004044,map,87.87396153600275
56,0,4.4750007670372725,-4.725000472739339,-0.04081976922599899,map,88.90278500200293
56,1,4.5250007677823305,-4.727042595588555,-0.05336509398230105,map,88.90278500200293
56,2,4.575000768527389,-4.729713386130948,-0.07966821074594797,map,88.90278500200293
56,3,4.625000769272447,-4.73370524577941,-0.12103058061109295,map,88.90278500200293
56,4,4.675000770017505,-4.739786497476891,-0.17654503373754193,map,88.90278500200293
56,5,4.725000770762563,-4.748706616972618,-0.24039949588768628,map,88.90278500200293
56,6,4.775000771507621,-4.760963625372268,-0.3015368335919441,map,88.90278500200293
56,7,4.825000772252679,-4.776514672772395,-0.349140763049346,map,88.90278500200293
56,8,4.875000772997737,-4.794717426705304,-0.38140012795769646,map,88.90278500200293
56,9,4.925000773742795,-4.814769283105511,-0.3992643974753288,map,88.90278500200293
56,10,4.975000774487853,-4.835865603103617,-0.40866720145674756,map,88.90278500200293
56,11,5.025000775232911,-4.857517980983091,-0.41455192011996644,map,88.90278500200293
56,12,5.075000775977969,-4.879520669681781,-0.422744927163506,map,88.90278500200293
56,13,5.125000776723027,-4.90201411677533,-0.43091353749640143,map,88.90278500200293
56,14,5.175000777468085,-4.925000475719571,-2.9220488173004044,map,88.90278500200293
57,0,4.725000770762563,-4.775000473484397,0.0,map,89.93366882000191
57,1,4.775000771507621,-4.775000473484397,0.0,map,89.93366882000191
57,2,4.825000772252679,-4.775000473484397,0.0,map,89.93366882000191
57,3,4.875000772997737,-4.775000473484397,0.0,map,89.93366882000191
57,4,4.925000773742795,-4.825000474229455,0.0,map,89.93366882000191
57,5,4.975000774487853,-4.825000474229455,0.0,map,89.93366882000191
57,6,5.025000775232911,-4.875000474974513,0.0,map,89.93366882000191
57,7,5.075000775977969,-4.875000474974513,0.0,map,89.93366882000191
57,8,5.125000776723027,-4.925000475719571,0.0,map,89.93366882000191
57,9,5.175000777468085,-4.925000475719571,-2.9220488173004044,map,89.93366882000191
58,0,4.825000772252679,-4.775000473484397,0.0,map,90.96188809300293
58,1,4.875000772997737,-4.825000474229455,0.0,map,90.96188809300293
58,2,4.925000773742795,-4.875000474974513,0.0,map,90.96188809300293
58,3,4.975000774487853,-4.875000474974513,0.0,map,90.96188809300293
58,4,5.025000775232911,-4.925000475719571,0.0,map,90.96188809300293
58,5,5.075000775977969,-4.925000475719571,0.0,map,90.96188809300293
58,6,5.125000776723027,-4.925000475719571,0.0,map,90.96188809300293
58,7,5.175000777468085,-4.925000475719571,-2.9220488173004044,map,90.96188809300293
59,0,4.875000772997737,-4.775000473484397,0.0,map,91.99269830600315
59,1,4.925000773742795,-4.825000474229455,0.0,map,91.99269830600315
59,2,4.975000774487853,-4.875000474974513,0.0,map,91.99269830600315
59,3,5.025000775232911,-4.875000474974513,0.0,map,91.99269830600315
59,4,5.075000775977969,-4.925000475719571,0.0,map,91.99269830600315
59,5,5.125000776723027,-4.925000475719571,0.0,map,91.99269830600315
59,6,5.175000777468085,-4.925000475719571,-2.9220488173004044,map,91.99269830600315
60,0,4.925000773742795,-4.825000474229455,0.0,map,93.02214944000298
60,1,4.975000774487853,-4.825000474229455,0.0,map,93.02214944000298
60,2,5.025000775232911,-4.875000474974513,0.0,map,93.02214944000298
60,3,5.075000775977969,-4.875000474974513,0.0,map,93.02214944000298
60,4,5.125000776723027,-4.875000474974513,0.0,map,93.02214944000298
60,5,5.175000777468085,-4.925000475719571,-2.9220488173004044,map,93.02214944000298
61,0,5.025000775232911,-4.825000474229455,0.0,map,95.0819153850025
61,1,5.075000775977969,-4.875000474974513,0.0,map,95.0819153850025
61,2,5.125000776723027,-4.925000475719571,0.0,map,95.0819153850025
61,3,5.175000777468085,-4.925000475719571,-2.9220488173004044,map,95.0819153850025
62,0,5.075000775977969,-4.875000474974513,0.0,map,96.10349281500021
62,1,5.125000776723027,-4.875000474974513,0.0,map,96.10349281500021
62,2,5.175000777468085,-4.925000475719571,-2.9220488173004044,map,96.10349281500021
63,0,5.125000776723027,-4.875000474974513,0.0,map,98.16215190900039
63,1,5.175000777468085,-4.925000475719571,-2.9220488173004044,map,98.16215190900039
64,0,5.075000775977969,-4.875000474974513,0.0,map,101.24189669300176
64,1,5.125000776723027,-4.875000474974513,0.0,map,101.24189669300176
64,2,5.175000777468085,-4.925000475719571,-2.9220488173004044,map,101.24189669300176
65,0,5.075000775977969,-4.925000475719571,0.0,map,104.32216073100062
65,1,5.125000776723027,-4.925000475719571,0.0,map,104.32216073100062
65,2,5.175000777468085,-4.925000475719571,-2.9220488173004044,map,104.32216073100062
66,0,5.075000775977969,-4.925000475719571,3.129687775838957,map,120.92944746300054
66,1,5.025000775232911,-4.92440520370103,3.12502327235975,map,120.92944746300054
66,2,4.975000774487853,-4.923576658801676,3.114549011821122,map,120.92944746300054
66,3,4.925000773742795,-4.92222414695331,3.0960829563842545,map,120.92944746300054
66,4,4.875000772997737,-4.919947089812978,3.066843845620342,map,120.92944746300054
66,5,4.825000772252679,-4.916202672927701,3.024624037053012,map,120.92944746300054
66,6,4.775000771507621,-4.910327423157841,2.9700092146583517,map,120.92944746300054
66,7,4.725000770762563,-4.901663054860109,2.908992241094357,map,120.92944746300054
66,8,4.675000770017505,-4.889818653939651,2.853301039816906,map,120.92944746300054
66,9,4.625000769272447,-4.874990992997155,2.8150194546855034,map,120.92944746300054
66,10,4.575000768527389,-4.8580559679040904,2.7978402724149203,map,120.92944746300054
66,11,4.5250007677823305,-4.840157746380344,2.8030815567639333,map,120.92944746300054
66,12,4.4750007670372725,-4.822554618651129,2.8262343683447266,map,120.92944746300054
66,13,4.425000766292214,-4.806242327543606,2.8607466742066094,map,120.92944746300054
66,14,4.375000765547156,-4.791818803322476,2.893107987782473,map,120.92944746300054
66,15,4.325000764802098,-4.779132382579463,2.9130452983652586,map,120.92944746300054
66,16,4.27500076405704,-4.767501802457027,2.919836310212296,map,120.92944746300054
66,17,4.225000763311982,-4.756228586365759,2.920435130768251,map,120.92944746300054
66,18,4.175000762566924,-4.744986829086144,2.9197049213220643,map,120.92944746300054
66,19,4.125000761821866,-4.733706709393526,2.9083707096894535,map,120.92944746300054
66,20,4.075000761076808,-4.721829483174439,2.873855541485213,map,120.92944746300054
66,21,4.02500076033175,-4.708113310842128,2.810677190986197,map,120.92944746300054
66,22,3.975000759586692,-4.6909359077692,2.72624056895794,map,120.92944746300054
66,23,3.925000758841634,-4.668885446526966,2.6401282000093196,map,120.92944746300054
66,24,3.8750007580965757,-4.641475169708741,2.574290348433477,map,120.92944746300054
66,25,3.8250007573515177,-4.609616714502068,2.5404559876877757,map,120.92944746300054
66,26,3.7750007566064596,-4.575326374875703,2.5423877823110907,map,120.92944746300054
66,27,3.7250007558614016,-4.54117786639509,2.5810119926720247,map,120.92944746300054
66,28,3.6750007551163435,-4.509789929500085,2.654677081823039,map,120.92944746300054
66,29,3.6250007543712854,-4.483318294877975,2.754179323615596,map,120.92944746300054
66,30,3.5750007536262274,-4.462916575056708,2.8597327241281247,map,120.92944746300054
66,31,3.5250007528811693,-4.448438118440742,2.952386975304224,map,120.92944746300054
66,32,3.4750007521361113,-4.438863305199731,3.022759839594653,map,120.92944746300054
66,33,3.425000751391053,-4.432893537753527,3.070827094351578,map,120.92944746300054
66,34,3.375000750645995,-4.4293493415964145,3.1012182211294026,map,120.92944746300054
66,35,3.325000749900937,-4.427329522325065,3.1193543740816487,map,120.92944746300054
66,36,3.275000749155879,-4.426217425001109,3.1297005222195473,map,120.92944746300054
66,37,3.225000748410821,-4.425622790391844,3.1353915648447335,map,120.92944746300054
66,38,3.175000747665763,-4.4253127319756835,3.138428611834893,map,120.92944746300054
66,39,3.125000746920705,-4.42515452935765,3.1400080765577063,map,120.92944746300054
66,40,3.075000746175647,-4.425075300438554,3.140810964623911,map,120.92944746300054
66,41,3.0250007454305887,-4.4250362159817165,3.141209884197317,map,120.92944746300054
66,42,2.9750007446855307,-4.425017077510873,3.14140156136967,map,120.92944746300054
66,43,2.9250007439404726,-4.425007522899608,3.1414853679145724,map,120.92944746300054
66,44,2.8750007431954145,-4.425002158615746,3.141506619763492,map,120.92944746300054
66,45,2.8250007424503565,-4.424997856924357,3.1414777523126576,map,120.92944746300054
66,46,2.7750007417052984,-4.424992111860389,3.141384882200697,map,120.92944746300054
66,47,2.7250007409602404,-4.42498172329063,3.141182681872311,map,120.92944746300054
66,48,2.6750007402151823,-4.424961224703302,3.140776825153514,map,120.92944746300054
66,49,2.6250007394701242,-4.42492043327183,3.1399904162052024,map,120.92944746300054
66,50,2.575000738725066,-4.424840321332853,3.1385095218478907,map,120.92944746300054
66,51,2.525000737980008,-4.424686164255004,3.135805788189287,map,120.92944746300054
66,52,2.47500073723495,-4.424396817750799,3.131047024782981,map,120.92944746300054
66,53,2.425000736489892,-4.423869516755358,3.123039784660093,map,120.92944746300054
66,54,2.375000735744834,-4.422941766846002,3.110313094269755,map,120.92944746300054
66,55,2.325000734999776,-4.42137727858599,3.0915465490470018,map,120.92944746300054
66,56,2.275000734254718,-4.418872882124735,3.066601658330919,map,120.92944746300054
66,57,2.2250007335096598,-4.4151162877412045,3.0382090075084434,map,120.92944746300054
66,58,2.1750007327646017,-4.409928609902037,3.0135003305848214,map,120.92944746300054
66,59,2.1250007320195436,-4.40348873400774,3.002957077178758,map,120.92944746300054
66,60,2.0750007312744856,-4.396512201804229,3.0135003309617114,map,120.92944746300054
66,61,2.0250007305294275,-4.390072325929089,3.0382090085485833,map,120.92944746300054
66,62,1.9750007297843695,-4.384884648142489,3.066601660815058,map,120.92944746300054
66,63,1.9250007290393114,-4.381128053883866,3.091546554815034,map,120.92944746300054
66,64,1.8750007282942533,-4.378623657711736,3.1103131075398265,map,120.92944746300054
66,65,1.8250007275491953,-4.377059170115878,3.123039815018947,map,120.92944746300054
66,66,1.7750007268041372,-4.3761314217249865,3.1310470938929655,map,120.92944746300054
66,67,1.7250007260590792,-4.375604124185429,3.1358059447195212,map,120.92944746300054
66,68,1.675000725314021,-4.375314785507999,3.1385098744773368,map,120.92944746300054
66,69,1.625000724568963,-4.375160646061789,3.139991206014225,map,120.92944746300054
66,70,1.575000723823905,-4.375080573613365,3.1407785830929225,map,120.92944746300054
66,71,1.525000723078847,-4.375039870078924,3.14118656815817,map,120.92944746300054
66,72,1.4750007223337889,-4.375019565805924,3.1413934104016685,map,120.92944746300054
66,73,1.4250007215887308,-4.375009603646237,3.14149631673094,map,120.92944746300054
66,74,1.3750007208436728,-4.375004786803208,3.1415466765241256,map,120.92944746300054
66,75,1.3250007200986147,-4.375002487949889,3.141570965622627,map,120.92944746300054
66,76,1.2750007193535566,-4.375001403551514,3.1415825301636873,map,120.92944746300054
66,77,1.2250007186084986,-4.375000897380201,3.1415879730187144,map,120.92944746300054
66,78,1.1750007178634405,-4.375000663351644,3.1415905081994,map,120.92944746300054
66,79,1.1250007171183825,-4.375000556082123,3.14159167798184,map,120.92944746300054
66,80,1.0750007163733244,-4.375000507301724,3.1415922131455676,map,120.92944746300054
66,81,1.0250007156282663,-4.375000485279513,3.141592456072878,map,120.92944746300054
66,82,0.9750007148832083,-4.375000475403667,3.1415925655583457,map,120.92944746300054
66,83,0.9250007141381502,-4.375000471002094,3.141592614578582,map,120.92944746300054
66,84,0.8750007133930922,-4.375000469051534,3.141592636393469,map,120.92944746300054
66,85,0.8250007126480341,-4.375000468191717,3.1415926460469383,map,120.92944746300054
66,86,0.775000711902976,-4.375000467814575,3.141592650296481,map,120.92944746300054
66,87,0.725000711157918,-4.375000467649909,3.1415926521580673,map,120.92944746300054
66,88,0.6750007104128599,-4.375000467578323,3.14159265296988,map,120.92944746300054
66,89,0.6250007096678019,-4.375000467547327,3.141592653322327,map,120.92944746300054
66,90,0.5750007089227438,-4.375000467533954,3.141592653474614,map,120.92944746300054
66,91,0.5250007081776857,-4.375000467528195,3.141592653539931,map,120.92944746300054
66,92,0.4750007074326277,-4.375000467525702,3.1415926535672156,map,120.92944746300054
66,93,0.4250007066875696,-4.375000467524573,3.14159265357711,map,120.92944746300054
66,94,0.37500070594251156,-4.375000467523939,3.14159265357711,map,120.92944746300054
66,95,0.3250007051974535,-4.3750004675233045,3.1415926535672867,map,120.92944746300054
66,96,0.27500070445239544,-4.375000467522179,3.1415926535401084,map,120.92944746300054
66,97,0.22500070370733738,-4.375000467519695,3.1415926534749516,map,120.92944746300054
66,98,0.17500070296227932,-4.375000467513953,3.14159265332286,map,120.92944746300054
66,99,0.12500070221722126,-4.375000467500606,3.1415926529707328,map,120.92944746300054
66,100,0.0750007014721632,-4.375000467469653,3.1415926521593818,map,120.92944746300054
66,101,0.02500070072710514,-4.375000467398133,3.141592650298417,map,120.92944746300054
66,102,-0.02499930001795292,-4.375000467233564,3.1415926460496384,map,120.92944746300054
66,103,-0.07499930076301098,-4.375000466856556,3.141592636397093,map,120.92944746300054
66,104,-0.12499930150806904,-4.375000465996921,3.1415926145832715,map,120.92944746300054
66,105,-0.1749993022531271,-4.375000464046595,3.1415925655641543,map,120.92944746300054
66,106,-0.22499930299818516,-4.375000459645313,3.141592456079788,map,120.92944746300054
66,107,-0.2749993037432432,-4.3750004497698125,3.141592213153366,map,120.92944746300054
66,108,-0.3249993044883013,-4.375000427747991,3.1415916779902067,map,120.92944746300054
66,109,-0.37499930523335934,-4.375000378968011,3.141590508207962,map,120.92944746300054
66,110,-0.4249993059784174,-4.375000271698918,3.1415879730273653,map,120.92944746300054
66,111,-0.47499930672347546,-4.375000037670793,3.141582530172889,map,120.92944746300054
66,112,-0.5249993074685335,-4.37499953149994,3.141570965634795,map,120.92944746300054
66,113,-0.5749993082135916,-4.374998447102174,3.141546676546046,map,120.92944746300054
66,114,-0.6249993089586496,-4.37499614824995,3.14149631677979,map,120.92944746300054
66,115,-0.6749993097037077,-4.374991331409364,3.141393410518322,map,120.92944746300054
66,116,-0.7249993104487658,-4.37498136925551,3.141186568437964,map,120.92944746300054
66,117,-0.7749993111938238,-4.3749610649965,3.140778583755965,map,120.92944746300054
66,118,-0.8249993119388819,-4.37492036149521,3.1399912075664904,map,120.92944746300054
66,119,-0.8749993126839399,-4.3748402891244,3.1385098780758107,map,120.92944746300054
66,120,-0.924999313428998,-4.374686149858116,3.135805952998772,map,120.92944746300054
66,121,-0.974999314174056,-4.374396811594662,3.1310471128218147,map,120.92944746300054
66,122,-1.0249993149191141,-4.373869515001652,3.1230398580443537,map,120.92944746300054
66,123,-1.0749993156641722,-4.372941768762772,3.1103132047539908,map,120.92944746300054
66,124,-1.1249993164092302,-4.371377286032381,3.0915467730123574,map,120.92944746300054
66,125,-1.1749993171542883,-4.368872900797488,3.0666021468118383,map,120.92944746300054
66,126,-1.2249993178993464,-4.365116330975871,3.038210081878599,map,120.92944746300054
66,127,-1.2749993186444044,-4.359928707433475,3.0135026831859326,map,120.92944746300054
66,128,-1.3249993193894625,-4.353488951120541,3.0029622076864815,map,120.92944746300054
66,129,-1.3749993201345205,-4.346512680436474,3.013511490586536,map,120.92944746300054
66,130,-1.4249993208795786,-4.340073371798008,3.0382331315863995,map,120.92944746300054
66,131,-1.4749993216246367,-4.334886913144249,3.0666532478792603,map,120.92944746300054
66,132,-1.5249993223696947,-4.331132912788757,3.0916554353361705,map,120.92944746300054
66,133,-1.5749993231147528,-4.328633974270995,3.110539715181999,map,120.92944746300054
66,134,-1.6249993238598108,-4.327080828070187,3.1235045280954816,map,120.92944746300054
66,135,-1.6749993246048689,-4.326176323134449,3.131984969023689,map,120.92944746300054
66,136,-1.724999325349927,-4.325695924117401,3.137665327085504,map,120.92944746300054
66,137,-1.774999326094985,-4.325499556779676,-3.141062777907745,map,120.92944746300054
66,138,-1.824999326840043,-4.325526050566653,-3.136335571944606,map,120.92944746300054
66,139,-1.8749993275851011,-4.325788907074347,-3.1297305405790454,map,120.92944746300054
66,140,-1.9249993283301592,-4.326382040553867,-3.1192940435717813,map,120.92944746300054
66,141,-1.9749993290752172,-4.327497155899702,-3.10260688136254,map,120.92944746300054
66,142,-2.0249993298202753,-4.329447432709267,-3.076997129967097,map,120.92944746300054
66,143,-2.0749993305653334,-4.332681708617155,-3.0403951912945337,map,120.92944746300054
66,144,-2.1249993313103914,-4.337758925453051,-2.9930046707162163,map,120.92944746300054
66,145,-2.1749993320554495,-4.345243488316212,-2.939122128187281,map,120.92944746300054
66,146,-2.2249993328005075,-4.355507657075128,-2.886742918173661,map,120.92944746300054
66,147,-2.2749993335455656,-4.368533372402615,-2.8420474489117415,map,120.92944746300054
66,148,-2.3249993342906237,-4.383975272906596,-2.8021318536900774,map,120.92944746300054
66,149,-2.3749993350356817,-4.401631789348793,-2.7663411640028257,map,120.92944746300054
66,150,-2.42499933578074,-4.421327642669503,-2.7382144316911625,map,120.92944746300054
66,151,-2.474999336525798,-4.442666694116442,-2.7178048312759713,map,120.92944746300054
66,152,-2.524999337270856,-4.465222868584124,-2.7058270063398364,map,120.92944746300054
66,153,-2.574999338015914,-4.488503766789753,-2.700225112276643,map,120.92944746300054
66,154,-2.624999338760972,-4.512126379140238,-2.7010930104232123,map,120.92944746300054
66,155,-2.67499933950603,-4.53569593209995,-2.7065677599435776,map,120.92944746300054
66,156,-2.724999340251088,-4.558931778383153,-2.716539462879823,map,120.92944746300054
66,157,-2.774999340996146,-4.581564140711063,-2.727514217451613,map,120.92944746300054
66,158,-2.8249993417412043,-4.603538576649668,-2.73613796191667,map,120.92944746300054
66,159,-2.8749993424862623,-4.625000471249223,-2.559530574220621,map,120.92944746300054
67,0,5.075000775977969,-4.925000475719571,3.129687775838957,map,121.95861411400256
67,1,5.025000775232911,-4.92440520370103,3.12502327235975,map,121.95861411400256
67,2,4.975000774487853,-4.923576658801676,3.114549011821122,map,121.95861411400256
67,3,4.925000773742795,-4.92222414695331,3.0960829563842545,map,121.95861411400256
67,4,4.875000772997737,-4.919947089812978,3.066843845620342,map,121.95861411400256
67,5,4.825000772252679,-4.916202672927701,3.024624037053012,map,121.95861411400256
67,6,4.775000771507621,-4.910327423157841,2.9700092146583517,map,121.95861411400256
67,7,4.725000770762563,-4.901663054860109,2.908992241094357,map,121.95861411400256
67,8,4.675000770017505,-4.889818653939651,2.853301039816906,map,121.95861411400256
67,9,4.625000769272447,-4.874990992997155,2.8150194546855034,map,121.95861411400256
67,10,4.575000768527389,-4.8580559679040904,2.7978402724149203,map,121.95861411400256
67,11,4.5250007677823305,-4.840157746380344,2.8030815567639333,map,121.95861411400256
67,12,4.4750007670372725,-4.822554618651129,2.8262343683447266,map,121.95861411400256
67,13,4.425000766292214,-4.806242327543606,2.8607466742066094,map,121.95861411400256
67,14,4.375000765547156,-4.791818803322476,2.893107987782473,map,121.95861411400256
67,15,4.325000764802098,-4.779132382579463,2.9130452983652586,map,121.95861411400256
67,16,4.27500076405704,-4.767501802457027,2.919836310212296,map,121.95861411400256
67,17,4.225000763311982,-4.756228586365759,2.920435130768251,map,121.95861411400256
67,18,4.175000762566924,-4.744986829086144,2.9197049213220643,map,121.95861411400256
67,19,4.125000761821866,-4.733706709393526,2.9083707096894535,map,121.95861411400256
67,20,4.075000761076808,-4.721829483174439,2.873855541485213,map,121.95861411400256
67,21,4.02500076033175,-4.708113310842128,2.810677190986197,map,121.95861411400256
67,22,3.975000759586692,-4.6909359077692,2.72624056895794,map,121.95861411400256
67,23,3.925000758841634,-4.668885446526966,2.6401282000093196,map,121.95861411400256
67,24,3.8750007580965757,-4.641475169708741,2.574290348433477,map,121.95861411400256
67,25,3.8250007573515177,-4.609616714502068,2.5404559876877757,map,121.95861411400256
67,26,3.7750007566064596,-4.575326374875703,2.5423877823110907,map,121.95861411400256
67,27,3.7250007558614016,-4.54117786639509,2.5810119926720247,map,121.95861411400256
67,28,3.6750007551163435,-4.509789929500085,2.654677081823039,map,121.95861411400256
67,29,3.6250007543712854,-4.483318294877975,2.754179323615596,map,121.95861411400256
67,30,3.5750007536262274,-4.462916575056708,2.8597327241281247,map,121.95861411400256
67,31,3.5250007528811693,-4.448438118440742,2.952386975304224,map,121.95861411400256
67,32,3.4750007521361113,-4.438863305199731,3.022759839594653,map,121.95861411400256
67,33,3.425000751391053,-4.432893537753527,3.070827094351578,map,121.95861411400256
67,34,3.375000750645995,-4.4293493415964145,3.1012182211294026,map,121.95861411400256
67,35,3.325000749900937,-4.427329522325065,3.1193543740816487,map,121.95861411400256
67,36,3.275000749155879,-4.426217425001109,3.1297005222195473,map,121.95861411400256
67,37,3.225000748410821,-4.425622790391844,3.1353915648447335,map,121.95861411400256
67,38,3.175000747665763,-4.4253127319756835,3.138428611834893,map,121.95861411400256
67,39,3.125000746920705,-4.42515452935765,3.1400080765577063,map,121.95861411400256
67,40,3.075000746175647,-4.425075300438554,3.140810964623911,map,121.95861411400256
67,41,3.0250007454305887,-4.4250362159817165,3.141209884197317,map,121.95861411400256
67,42,2.9750007446855307,-4.425017077510873,3.14140156136967,map,121.95861411400256
67,43,2.9250007439404726,-4.425007522899608,3.1414853679145724,map,121.95861411400256
67,44,2.8750007431954145,-4.425002158615746,3.141506619763492,map,121.95861411400256
67,45,2.8250007424503565,-4.424997856924357,3.1414777523126576,map,121.95861411400256
67,46,2.7750007417052984,-4.424992111860389,3.141384882200697,map,121.95861411400256
67,47,2.7250007409602404,-4.42498172329063,3.141182681872311,map,121.95861411400256
67,48,2.6750007402151823,-4.424961224703302,3.140776825153514,map,121.95861411400256
67,49,2.6250007394701242,-4.42492043327183,3.1399904162052024,map,121.95861411400256
67,50,2.575000738725066,-4.424840321332853,3.1385095218478907,map,121.95861411400256
67,51,2.525000737980008,-4.424686164255004,3.135805788189287,map,121.95861411400256
67,52,2.47500073723495,-4.424396817750799,3.131047024782981,map,121.95861411400256
67,53,2.425000736489892,-4.423869516755358,3.123039784660093,map,121.95861411400256
67,54,2.375000735744834,-4.422941766846002,3.110313094269755,map,121.95861411400256
67,55,2.325000734999776,-4.42137727858599,3.0915465490470018,map,121.95861411400256
67,56,2.275000734254718,-4.418872882124735,3.066601658330919,map,121.95861411400256
67,57,2.2250007335096598,-4.4151162877412045,3.0382090075084434,map,121.95861411400256
67,58,2.1750007327646017,-4.409928609902037,3.0135003305848214,map,121.95861411400256
67,59,2.1250007320195436,-4.40348873400774,3.002957077178758,map,121.95861411400256
67,60,2.0750007312744856,-4.396512201804229,3.0135003309617114,map,121.95861411400256
67,61,2.0250007305294275,-4.390072325929089,3.0382090085485833,map,121.95861411400256
67,62,1.9750007297843695,-4.384884648142489,3.066601660815058,map,121.95861411400256
67,63,1.9250007290393114,-4.381128053883866,3.091546554815034,map,121.95861411400256
67,64,1.8750007282942533,-4.378623657711736,3.1103131075398265,map,121.95861411400256
67,65,1.8250007275491953,-4.377059170115878,3.123039815018947,map,121.95861411400256
67,66,1.7750007268041372,-4.3761314217249865,3.1310470938929655,map,121.95861411400256
67,67,1.7250007260590792,-4.375604124185429,3.1358059447195212,map,121.95861411400256
67,68,1.675000725314021,-4.375314785507999,3.1385098744773368,map,121.95861411400256
67,69,1.625000724568963,-4.375160646061789,3.139991206014225,map,121.95861411400256
67,70,1.575000723823905,-4.375080573613365,3.1407785830929225,map,121.95861411400256
67,71,1.525000723078847,-4.375039870078924,3.14118656815817,map,121.95861411400256
67,72,1.4750007223337889,-4.375019565805924,3.1413934104016685,map,121.95861411400256
67,73,1.4250007215887308,-4.375009603646237,3.14149631673094,map,121.95861411400256
67,74,1.3750007208436728,-4.375004786803208,3.1415466765241256,map,121.95861411400256
67,75,1.3250007200986147,-4.375002487949889,3.141570965622627,map,121.95861411400256
67,76,1.2750007193535566,-4.375001403551514,3.1415825301636873,map,121.95861411400256
67,77,1.2250007186084986,-4.375000897380201,3.1415879730187144,map,121.95861411400256
67,78,1.1750007178634405,-4.375000663351644,3.1415905081994,map,121.95861411400256
67,79,1.1250007171183825,-4.375000556082123,3.14159167798184,map,121.95861411400256
67,80,1.0750007163733244,-4.375000507301724,3.1415922131455676,map,121.95861411400256
67,81,1.0250007156282663,-4.375000485279513,3.141592456072878,map,121.95861411400256
67,82,0.9750007148832083,-4.375000475403667,3.1415925655583457,map,121.95861411400256
67,83,0.9250007141381502,-4.375000471002094,3.141592614578582,map,121.95861411400256
67,84,0.8750007133930922,-4.375000469051534,3.141592636393469,map,121.95861411400256
67,85,0.8250007126480341,-4.375000468191717,3.1415926460469383,map,121.95861411400256
67,86,0.775000711902976,-4.375000467814575,3.141592650296481,map,121.95861411400256
67,87,0.725000711157918,-4.375000467649909,3.1415926521580673,map,121.95861411400256
67,88,0.6750007104128599,-4.375000467578323,3.14159265296988,map,121.95861411400256
67,89,0.6250007096678019,-4.375000467547327,3.141592653322327,map,121.95861411400256
67,90,0.5750007089227438,-4.375000467533954,3.141592653474614,map,121.95861411400256
67,91,0.5250007081776857,-4.375000467528195,3.141592653539931,map,121.95861411400256
67,92,0.4750007074326277,-4.375000467525702,3.1415926535672156,map,121.95861411400256
67,93,0.4250007066875696,-4.375000467524573,3.14159265357711,map,121.95861411400256
67,94,0.37500070594251156,-4.375000467523939,3.14159265357711,map,121.95861411400256
67,95,0.3250007051974535,-4.3750004675233045,3.1415926535672867,map,121.95861411400256
67,96,0.27500070445239544,-4.375000467522179,3.1415926535401084,map,121.95861411400256
67,97,0.22500070370733738,-4.375000467519695,3.1415926534749516,map,121.95861411400256
67,98,0.17500070296227932,-4.375000467513953,3.14159265332286,map,121.95861411400256
67,99,0.12500070221722126,-4.375000467500606,3.1415926529707328,map,121.95861411400256
67,100,0.0750007014721632,-4.375000467469653,3.1415926521593818,map,121.95861411400256
67,101,0.02500070072710514,-4.375000467398133,3.141592650298417,map,121.95861411400256
67,102,-0.02499930001795292,-4.375000467233564,3.1415926460496384,map,121.95861411400256
67,103,-0.07499930076301098,-4.375000466856556,3.141592636397093,map,121.95861411400256
67,104,-0.12499930150806904,-4.375000465996921,3.1415926145832715,map,121.95861411400256
67,105,-0.1749993022531271,-4.375000464046595,3.1415925655641543,map,121.95861411400256
67,106,-0.22499930299818516,-4.375000459645313,3.141592456079788,map,121.95861411400256
67,107,-0.2749993037432432,-4.3750004497698125,3.141592213153366,map,121.95861411400256
67,108,-0.3249993044883013,-4.375000427747991,3.1415916779902067,map,121.95861411400256
67,109,-0.37499930523335934,-4.375000378968011,3.141590508207962,map,121.95861411400256
67,110,-0.4249993059784174,-4.375000271698918,3.1415879730273653,map,121.95861411400256
67,111,-0.47499930672347546,-4.375000037670793,3.141582530172889,map,121.95861411400256
67,112,-0.5249993074685335,-4.37499953149994,3.141570965634795,map,121.95861411400256
67,113,-0.5749993082135916,-4.374998447102174,3.141546676546046,map,121.95861411400256
67,114,-0.6249993089586496,-4.37499614824995,3.14149631677979,map,121.95861411400256
67,115,-0.6749993097037077,-4.374991331409364,3.141393410518322,map,121.95861411400256
67,116,-0.7249993104487658,-4.37498136925551,3.1411865684379285,map,121.95861411400256
67,117,-0.7749993111938238,-4.374961064996498,3.140778583755947,map,121.95861411400256
67,118,-0.8249993119388819,-4.3749203614952075,3.139991207566437,map,121.95861411400256
67,119,-0.8749993126839399,-4.3748402891243945,3.1385098780756864,map,121.95861411400256
67,120,-0.924999313428998,-4.374686149858104,3.135805952998452,map,121.95861411400256
67,121,-0.974999314174056,-4.374396811594634,3.131047112821051,map,121.95861411400256
67,122,-1.0249993149191141,-4.373869515001586,3.1230398580425778,map,121.95861411400256
67,123,-1.0749993156641722,-4.372941768762617,3.1103132047498026,map,121.95861411400256
67,124,-1.1249993164092302,-4.371377286032017,3.091546773002541,map,121.95861411400256
67,125,-1.1749993171542883,-4.368872900796632,3.066602146788946,map,121.95861411400256
67,126,-1.2249993178993464,-4.365116330973864,3.0382100818256297,map,121.95861411400256
67,127,-1.2749993186444044,-4.359928707428791,3.013502683063809,map,121.95861411400256
67,128,-1.3249993193894625,-4.353488951109649,3.0029622074052695,map,121.95861411400256
67,129,-1.3749993201345205,-4.346512680411248,3.01351148993812,map,121.95861411400256
67,130,-1.4249993208795786,-4.340073371739823,3.0382331300935537,map,121.95861411400256
67,131,-1.4749993216246367,-4.334886913010619,3.066653244460959,map,121.95861411400256
67,132,-1.5249993223696947,-4.331132912483248,3.0916554275637558,map,121.95861411400256
67,133,-1.5749993231147528,-4.328633973575895,3.110539697633516,map,121.95861411400256
67,134,-1.6249993238598108,-4.327080826496816,3.1235044887411667,map,121.95861411400256
67,135,-1.6749993246048689,-4.326176319592719,3.1319848813602595,map,121.95861411400256
67,136,-1.724999325349927,-4.325695916192094,3.1376651331797865,map,121.95861411400256
67,137,-1.774999326094985,-4.325499539158934,-3.141063203588319,map,121.95861411400256
67,138,-1.824999326840043,-4.325526011661876,-3.1363364987775535,map,121.95861411400256
67,139,-1.8749993275851011,-4.325788821826642,-3.129732540319011,map,121.95861411400256
67,140,-1.9249993283301592,-4.326381855305093,-3.1192983145256923,map,121.95861411400256
67,141,-1.9749993290752172,-4.327496756997033,-3.102615897015343,map,121.95861411400256
67,142,-2.0249993298202753,-4.329446582338274,-3.0770158977114836,map,121.95861411400256
67,143,-2.0749993305653334,-4.332679915933658,-3.040433590757813,map,121.95861411400256
67,144,-2.1249993313103914,-4.337755193006597,-2.9930815658344145,map,121.95861411400256
67,145,-2.1749993320554495,-4.3452358250077685,-2.939272287577566,map,121.95861411400256
67,146,-2.2249993328005075,-4.355492169642858,-2.887028629215233,map,121.95861411400256
67,147,-2.2749993335455656,-4.368502631025413,-2.842577521128389,map,121.95861411400256
67,148,-2.3249993342906237,-4.3839155047286695,-2.803086521829905,map,121.95861411400256
67,149,-2.3749993350356817,-4.40151835343456,-2.768001401825334,map,121.95861411400256
67,150,-2.42499933578074,-4.42111837643816,-2.740990504446514,map,121.95861411400256
67,151,-2.474999336525798,-4.442293536020967,-2.7222215435770885,map,121.95861411400256
67,152,-2.524999337270856,-4.464584458868822,-2.7124015513869275,map,121.95861411400256
67,153,-2.574999338015914,-4.487466576731973,-2.7090821439967376,map,121.95861411400256
67,154,-2.624999338760972,-4.51054973135799,-2.711211956150834,map,121.95861411400256
67,155,-2.67499933950603,-4.533503825436858,-2.714676816042969,map,121.95861411400256
67,156,-2.724999340251088,-4.556248496769516,-2.7165394628757835,map,121.95861411400256
67,157,-2.774999340996146,-4.57888085909767,-2.7126207617229285,map,121.95861411400256
67,158,-2.8249993417412043,-4.601749722240817,-2.706322669561329,map,121.95861411400256
67,159,-2.8749993424862623,-4.625000471249223,-2.559530574220621,map,121.95861411400256
68,0,5.025000775232911,-4.975000476464629,3.1391083249922755,map,122.98937660200318
68,1,4.975000774487853,-4.974876259777352,3.137995408497938,map,122.98937660200318
68,2,4.925000773742795,-4.974696396744259,3.135398812202367,map,122.98937660200318
68,3,4.875000772997737,-4.974386700709903,3.1305339718266536,map,122.98937660200318
68,4,4.825000772252679,-4.973833744072149,3.1221604057064476,map,122.98937660200318
68,5,4.775000771507621,-4.972862009347443,3.108650900898303,map,122.98937660200318
68,6,4.725000770762563,-4.971214325645565,3.088375685188912,map,122.98937660200318
68,7,4.675000770017505,-4.968550962455598,3.060664002454564,map,122.98937660200318
68,8,4.625000769272447,-4.964495672669246,3.0274086389030432,map,122.98937660200318
68,9,4.575000768527389,-4.958761529596797,2.99452251013455,map,122.98937660200318
68,10,4.5250007677823305,-4.951354541686888,2.9708523403196994,map,122.98937660200318
68,11,4.4750007670372725,-4.942733589230352,2.9614851324651585,map,122.98937660200318
68,12,4.425000766292214,-4.933629558460894,2.958512793294726,map,122.98937660200318
68,13,4.375000765547156,-4.924371899984099,2.9529446462466566,map,122.98937660200318
68,14,4.325000764802098,-4.914825989719524,2.942833856891953,map,122.98937660200318
68,15,4.27500076405704,-4.90475508187664,2.9328658860237447,map,122.98937660200318
68,16,4.225000763311982,-4.894164495229367,2.9255819742963145,map,122.98937660200318
68,17,4.175000762566924,-4.883192778889114,2.9097733927582405,map,122.98937660200318
68,18,4.125000761821866,-4.871389619681929,2.871367875538863,map,122.98937660200318
68,19,4.075000761076808,-4.857539612181804,2.803667331379881,map,122.98937660200318
68,20,4.02500076033175,-4.839969396680912,2.713065558314783,map,122.98937660200318
68,21,3.975000759586692,-4.817127420337582,2.6182106874181357,map,122.98937660200318
68,22,3.925000758841634,-4.788274358601111,2.539715709829814,map,122.98937660200318
68,23,3.8750007580965757,-4.753929568648198,2.487219216962085,map,122.98937660200318
68,24,3.8250007573515177,-4.715573150278004,2.461893692754085,map,122.98937660200318
68,25,3.7750007566064596,-4.675164969794294,2.4628209329440454,map,122.98937660200318
68,26,3.7250007558614016,-4.63483337429842,2.4904695332203866,map,122.98937660200318
68,27,3.6750007551163435,-4.596734468833422,2.546909295787266,map,122.98937660200318
68,28,3.6250007543712854,-4.562916470249752,2.6327073883177166,map,122.98937660200318
68,29,3.5750007536262274,-4.53502166425036,2.7405296503987464,map,122.98937660200318
68,30,3.5250007528811693,-4.513819323835177,2.8517140852936116,map,122.98937660200318
68,31,3.4750007521361113,-4.498905296305916,2.9479464072115893,map,122.98937660200318
68,32,3.425000751391053,-4.489100115285622,3.0204152807084217,map,122.98937660200318
68,33,3.375000750645995,-4.48301141526916,3.069630518069083,map,122.98937660200318
68,34,3.325000749900937,-4.4794070845561365,3.100622062877845,map,122.98937660200318
68,35,3.275000749155879,-4.477357408006609,3.1190627364902173,map,122.98937660200318
68,36,3.225000748410821,-4.4762307214941,3.12955997379419,map,122.98937660200318
68,37,3.175000747665763,-4.475629058457737,3.1353246983146246,map,122.98937660200318
68,38,3.125000746920705,-4.475315656585064,3.1383971609793604,map,122.98937660200318
68,39,3.075000746175647,-4.47515588140833,3.1399934345085887,map,122.98937660200318
68,40,3.0250007454305887,-4.475075920384912,3.1408042109799914,map,122.98937660200318
68,41,2.9750007446855307,-4.475036498245665,3.141206795306472,map,122.98937660200318
68,42,2.9250007439404726,-4.475017205330254,3.1414001594951437,map,122.98937660200318
68,43,2.8750007431954145,-4.47500758062526,3.1414847361821807,map,122.98937660200318
68,44,2.8250007424503565,-4.475002184754778,3.141506336938979,map,122.98937660200318
68,45,2.7750007417052984,-4.474997868922162,3.1414776264564823,map,122.98937660200318
68,46,2.7250007409602404,-4.474992117565385,3.1413848265086095,map,122.98937660200318
68,47,2.6750007402151823,-4.474981726211022,3.141182657357259,map,122.98937660200318
68,48,2.6250007394701242,-4.474961226397941,3.1407768144156396,map,122.98937660200318
68,49,2.575000738725066,-4.474920434429575,3.1399904115244075,map,122.98937660200318
68,50,2.525000737980008,-4.474840322256558,3.138509519817285,map,122.98937660200318
68,51,2.47500073723495,-4.474686165077177,3.135805787312951,map,122.98937660200318
68,52,2.425000736489892,-4.474396818529154,3.131047024407075,map,122.98937660200318
68,53,2.375000735744834,-4.473869517514916,3.1230397845000804,map,122.98937660200318
68,54,2.325000734999776,-4.472941767597556,3.1103130942022483,map,122.98937660200318
68,55,2.275000734254718,-4.471377279334166,3.091546549018775,map,122.98937660200318
68,56,2.2250007335096598,-4.468872882871496,3.0666016583190845,map,122.98937660200318
68,57,2.1750007327646017,-4.46511628848737,3.038209007503224,map,122.98937660200318
68,58,2.1250007320195436,-4.459928610647939,3.013500330582148,map,122.98937660200318
68,59,2.0750007312744856,-4.453488734753506,3.002957077176963,map,122.98937660200318
68,60,2.0250007305294275,-4.446512202549903,3.013500330960174,map,122.98937660200318
68,61,1.9750007297843695,-4.440072326674685,3.038209008547107,map,122.98937660200318
68,62,1.9250007290393114,-4.43488464888801,3.0666016608136277,map,122.98937660200318
68,63,1.8750007282942533,-4.4311280546293155,3.09154655481367,map,122.98937660200318
68,64,1.8250007275491953,-4.428623658457117,3.110313107538584,map,122.98937660200318
68,65,1.7750007268041372,-4.427059170861197,3.123039815017846,map,122.98937660200318
68,66,1.7250007260590792,-4.426131422470251,3.131047093892042,map,122.98937660200318
68,67,1.675000725314021,-4.425604124930647,3.135805944718775,map,122.98937660200318
68,68,1.625000724568963,-4.425314786253179,3.138509874476715,map,122.98937660200318
68,69,1.575000723823905,-4.425160646806939,3.1399912060137454,map,122.98937660200318
68,70,1.525000723078847,-4.425080574358491,3.1407785830925317,map,122.98937660200318
68,71,1.4750007223337889,-4.42503987082403,3.141186568157886,map,122.98937660200318
68,72,1.4250007215887308,-4.425019566551016,3.1413934104014554,map,122.98937660200318
68,73,1.3750007208436728,-4.4250096043913185,3.141496316730798,map,122.98937660200318
68,74,1.3250007200986147,-4.425004787548282,3.141546676524001,map,122.98937660200318
68,75,1.2750007193535566,-4.425002488694957,3.141570965622556,map,122.98937660200318
68,76,1.2250007186084986,-4.425001404296578,3.141582530163634,map,122.98937660200318
68,77,1.1750007178634405,-4.425000898125263,3.141587973018679,map,122.98937660200318
68,78,1.1250007171183825,-4.425000664096704,3.1415905081993643,map,122.98937660200318
68,79,1.0750007163733244,-4.425000556827181,3.14159167798184,map,122.98937660200318
68,80,1.0250007156282663,-4.425000508046782,3.1415922131455676,map,122.98937660200318
68,81,0.9750007148832083,-4.425000486024571,3.141592456072878,map,122.98937660200318
68,82,0.9250007141381502,-4.425000476148725,3.1415925655583457,map,122.98937660200318
68,83,0.8750007133930922,-4.425000471747152,3.141592614578582,map,122.98937660200318
68,84,0.8250007126480341,-4.425000469796592,3.1415926363934514,map,122.98937660200318
68,85,0.775000711902976,-4.425000468936775,3.141592646046885,map,122.98937660200318
68,86,0.725000711157918,-4.425000468559629,3.1415926502963565,map,122.98937660200318
68,87,0.6750007104128599,-4.425000468394957,3.141592652157783,map,122.98937660200318
68,88,0.6250007096678019,-4.425000468323357,3.141592652969152,map,122.98937660200318
68,89,0.5750007089227438,-4.425000468292325,3.1415926533205685,map,122.98937660200318
68,90,0.5250007081776857,-4.4250004682788635,3.1415926534704575,map,122.98937660200318
68,91,0.4750007074326277,-4.425000468272897,3.1415926535301075,map,122.98937660200318
68,92,0.4250007066875696,-4.4250004682699124,3.141592653544105,map,122.98937660200318
68,93,0.37500070594251156,-4.425000468267628,3.141592653522931,map,122.98937660200318
68,94,0.3250007051974535,-4.425000468264285,3.141592653450491,map,122.98937660200318
68,95,0.27500070445239544,-4.42500046825732,3.1415926532722516,map,122.98937660200318
68,96,0.22500070370733738,-4.425000468241443,3.141592652855376,map,122.98937660200318
68,97,0.17500070296227932,-4.425000468204722,3.1415926518920223,map,122.98937660200318
68,98,0.12500070221722126,-4.425000468119833,3.1415926496788416,map,122.98937660200318
68,99,0.0750007014721632,-4.425000467924286,3.1415926446185343,map,122.98937660200318
68,100,0.02500070072710514,-4.425000467475723,3.141592633104722,map,122.98937660200318
68,101,-0.02499930001795292,-4.425000466451469,3.1415926070417663,map,122.98937660200318
68,102,-0.07499930076301098,-4.425000464124068,3.1415925483697134,map,122.98937660200318
68,103,-0.12499930150806904,-4.425000458863064,3.1415924170710454,map,122.98937660200318
68,104,-0.1749993022531271,-4.425000447037126,3.141592125124956,map,122.98937660200318
68,105,-0.22499930299818516,-4.425000420613884,3.141591480476862,map,122.98937660200318
68,106,-0.2749993037432432,-4.4250003619582365,3.1415900677675554,map,122.98937660200318
68,107,-0.3249993044883013,-4.425000232667123,3.141586997422734,map,122.98937660200318
68,108,-0.37499930523335934,-4.4249999498587655,3.1415803847839165,map,122.98937660200318
68,109,-0.4249993059784174,-4.4249993364184625,3.1415662850602017,map,122.98937660200318
68,110,-0.47499930672347546,-4.424998017991963,3.1415365531048134,map,122.98937660200318
68,111,-0.5249993074685335,-4.424995212967669,3.1414746287711792,map,122.98937660200318
68,112,-0.5749993082135916,-4.424989311726623,3.1413474333526,map,122.98937660200318
68,113,-0.6249993089586496,-4.424977050714335,3.1410902313580342,map,122.98937660200318
68,114,-0.6749993097037077,-4.424951929600259,3.1405793401742086,map,122.98937660200318
68,115,-0.7249993104487658,-4.424901263911384,3.139585122155239,map,122.98937660200318
68,116,-0.7749993111938238,-4.424800887203315,3.1376958144099265,map,122.98937660200318
68,117,-0.8249993119388819,-4.424606044255164,3.134204567148651,map,122.98937660200318
68,118,-0.8749993126839399,-4.424236633206289,3.1279647613820263,map,122.98937660200318
68,119,-0.924999313428998,-4.423555196399869,3.1172557268015564,map,122.98937660200318
68,120,-0.974999314174056,-4.422338109745039,3.0997813521077258,map,122.98937660200318
68,121,-1.0249993149191141,-4.420246325555831,3.073057314000296,map,122.98937660200318
68,122,-1.0749993156641722,-4.4168141831447185,3.0355701677974474,map,122.98937660200318
68,123,-1.1249993164092302,-4.411493106156038,2.9889481077348736,map,122.98937660200318
68,124,-1.1749993171542883,-4.403801043135758,2.940422164990294,map,122.98937660200318
68,125,-1.2249993178993464,-4.393604597442131,2.902945690629079,map,122.98937660200318
68,126,-1.2749993186444044,-4.38144044170368,2.8894808409818,map,122.98937660200318
68,127,-1.3249993193894625,-4.3685608095138155,2.90294960411523,map,122.98937660200318
68,128,-1.3749993201345205,-4.356396861030789,2.9404325868881394,map,122.98937660200318
68,129,-1.4249993208795786,-4.346200958101683,2.988971711576074,map,122.98937660200318
68,130,-1.4749993216246367,-4.338510103200856,3.035621365551834,map,122.98937660200318
68,131,-1.5249993223696947,-4.333191615077951,3.07316590540833,map,122.98937660200318
68,132,-1.5749993231147528,-4.32976492777995,3.100007749417714,map,122.98937660200318
68,133,-1.6249993238598108,-4.327684483161506,3.117720278230428,map,122.98937660200318
68,134,-1.6749993246048689,-4.326490637580127,3.128902478099042,map,122.98937660200318
68,135,-1.724999325349927,-4.325856094733392,3.1360637203802737,map,122.98937660200318
68,136,-1.774999326094985,-4.325579645251853,3.141308032971349,map,122.98937660200318
68,137,-1.824999326840043,-4.325565414220335,-3.1367425738586037,map,122.98937660200318
68,138,-1.8749993275851011,-4.325807920112021,-3.129931755955913,map,122.98937660200318
68,139,-1.9249993283301592,-4.326390991430649,-3.1193946037199436,map,122.98937660200318
68,140,-1.9749993290752172,-4.327501076279371,-3.102661804355349,map,122.98937660200318
68,141,-2.0249993298202753,-4.329448602767064,-3.0770374953973043,map,122.98937660200318
68,142,-2.0749993305653334,-4.3326808519638185,-3.0404436109577597,map,122.98937660200318
68,143,-2.1249993313103914,-4.337755622865173,-2.9930861439381813,map,122.98937660200318
68,144,-2.1749993320554495,-4.345236020837513,-2.939274346347292,map,122.98937660200318
68,145,-2.2249993328005075,-4.355492258202813,-2.8870295429599064,map,122.98937660200318
68,146,-2.2749993335455656,-4.368502670804715,-2.8425779233565804,map,122.98937660200318
68,147,-2.3249993342906237,-4.383915522485525,-2.803086697569288,map,122.98937660200318
68,148,-2.3749993350356817,-4.401518361315354,-2.768001478134606,map,122.98937660200318
68,149,-2.42499933578074,-4.421118379917189,-2.7409905375278223,map,122.98937660200318
68,150,-2.474999336525798,-4.442293537549267,-2.7222215579247275,map,122.98937660200318
68,151,-2.524999337270856,-4.464584459537157,-2.71240155762577,map,122.98937660200318
68,152,-2.574999338015914,-4.487466577023033,-2.7090821467134316,map,122.98937660200318
68,153,-2.624999338760972,-4.510549731484265,-2.7112119573353346,map,122.98937660200318
68,154,-2.67499933950603,-4.533503825491426,-2.7146768165591144,map,122.98937660200318
68,155,-2.724999340251088,-4.556248496792937,-2.716539463101851,map,122.98937660200318
68,156,-2.774999340996146,-4.578880859107471,-2.712620761826202,map,122.98937660200318
68,157,-2.8249993417412043,-4.601749722244374,-2.7063226696198233,map,122.98937660200318
68,158,-2.8749993424862623,-4.625000471249223,-2.559530574220621,map,122.98937660200318
69,0,4.975000774487853,-4.975000476464629,3.1367649902874937,map,124.02106320900202
69,1,4.925000773742795,-4.974759091420648,3.134769058205635,map,124.02106320900202
69,2,4.875000772997737,-4.974417906350982,3.130220918649396,map,124.02106320900202
69,3,4.825000772252679,-4.973849295085032,3.122013579556345,map,124.02106320900202
69,4,4.775000771507621,-4.972870216258837,3.1085962479389004,map,124.02106320900202
69,5,4.725000770762563,-4.971219796936515,3.088384913035126,map,124.02106320900202
69,6,4.675000770017505,-4.968556896447793,3.0607422662404957,map,124.02106320900202
69,7,4.625000769272447,-4.964505545567347,3.0275968334537793,map,124.02106320900202
69,8,4.575000768527389,-4.958780935775161,2.994915248468114,map,124.02106320900202
69,9,4.5250007677823305,-4.95139401455552,2.9716392454792593,map,124.02106320900202
69,10,4.4750007670372725,-4.94281357153843,2.963030328160087,map,124.02106320900202
69,11,4.425000766292214,-4.933789339587653,2.961484893220831,map,124.02106320900202
69,12,4.375000765547156,-4.924685296459391,2.9585126856371162,map,124.02106320900202
69,13,4.325000764802098,-4.91542763241518,2.9529445981640117,map,124.02106320900202
69,14,4.27500076405704,-4.905881719658843,2.950596406496999,map,124.02106320900202
69,15,4.225000763311982,-4.896214062960855,2.955429657306272,map,124.02106320900202
69,16,4.175000762566924,-4.886796871350491,2.957325580681937,map,124.02106320900202
69,17,4.125000761821866,-4.877477803731522,2.9416192606870717,map,124.02106320900202
69,18,4.075000761076808,-4.867343686818561,2.8973179252431858,map,124.02106320900202
69,19,4.02500076033175,-4.854881076594207,2.8218310998357645,map,124.02106320900202
69,20,3.975000759586692,-4.838324836649051,2.7243098928343294,map,124.02106320900202
69,21,3.925000758841634,-4.816158968416671,2.6245480263476004,map,124.02106320900202
69,22,3.8750007580965757,-4.787726756789496,2.5430975886117193,map,124.02106320900202
69,23,3.8250007573515177,-4.7536302678105296,2.4889886364724423,map,124.02106320900202
69,24,3.7750007566064596,-4.715414193987609,2.462820932937556,map,124.02106320900202
69,25,3.7250007558614016,-4.6750825984911994,2.463312852430325,map,124.02106320900202
69,26,3.6750007551163435,-4.634791586364248,2.490735022154606,map,124.02106320900202
69,27,3.6250007543712854,-4.596713658387847,2.5470549640231788,map,124.02106320900202
69,28,3.5750007536262274,-4.562906274060381,2.632787805019943,map,124.02106320900202
69,29,3.5250007528811693,-4.535016740136837,2.7405733271643387,map,124.02106320900202
69,30,3.4750007521361113,-4.513816976200642,2.8517368815182476,map,124.02106320900202
69,31,3.425000751391053,-4.498904189884661,2.947957777448045,map,124.02106320900202
69,32,3.375000750645995,-4.48909959923793,3.020420751922868,map,124.02106320900202
69,33,3.325000749900937,-4.483011176838616,3.0696330889132395,map,124.02106320900202
69,34,3.275000749155879,-4.4794069753357455,3.1006232524779738,map,124.02106320900202
69,35,3.225000748410821,-4.477357358366177,3.1190632810324646,map,124.02106320900202
69,36,3.175000747665763,-4.4762306990946055,3.1295602209366433,map,124.02106320900202
69,37,3.125000746920705,-4.475629048417154,3.135324809658548,map,124.02106320900202
69,38,3.075000746175647,-4.475315652111896,3.1383972108119664,map,124.02106320900202
69,39,3.0250007454305887,-4.4751558794268185,3.1399934566769145,map,124.02106320900202
69,40,2.9750007446855307,-4.475075919511819,3.140804220786807,map,124.02106320900202
69,41,2.9250007439404726,-4.475036497862914,3.1412067996224677,map,124.02106320900202
69,42,2.8750007431954145,-4.475017205163303,3.1414001613855604,map,124.02106320900202
69,43,2.8250007424503565,-4.475007580552829,3.141484737006446,map,124.02106320900202
69,44,2.7750007417052984,-4.47500218472356,3.1415063372967906,map,124.02106320900202
69,45,2.7250007409602404,-4.474997868908835,3.14147762661099,map,124.02106320900202
69,46,2.6750007402151823,-4.4749921175597835,3.1413848265748143,map,124.02106320900202
69,47,2.6250007394701242,-4.47498172620873,3.1411826573851833,map,124.02106320900202
69,48,2.575000738725066,-4.4749612263970455,3.1407768144269728,map,124.02106320900202
69,49,2.525000737980008,-4.474920434429246,3.139990411528564,map,124.02106320900202
69,50,2.47500073723495,-4.474840322256437,3.138509519818351,map,124.02106320900202
69,51,2.425000736489892,-4.4746861650771095,3.1358057873127376,map,124.02106320900202
69,52,2.375000735744834,-4.474396818529076,3.131047024406418,map,124.02106320900202
69,53,2.325000734999776,-4.473869517514805,3.1230397844993165,map,124.02106320900202
69,54,2.275000734254718,-4.472941767597407,3.1103130942016275,map,124.02106320900202
69,55,2.2250007335096598,-4.471377279333986,3.0915465490183145,map,124.02106320900202
69,56,2.1750007327646017,-4.468872882871293,3.066601658318837,map,124.02106320900202
69,57,2.1250007320195436,-4.465116288487154,3.038209007503206,map,124.02106320900202
69,58,2.0750007312744856,-4.459928610647722,3.0135003305822874,map,124.02106320900202
69,59,2.0250007305294275,-4.4534887347532965,3.002957077177259,map,124.02106320900202
69,60,1.9750007297843695,-4.446512202549709,3.013500330960558,map,124.02106320900202
69,61,1.9250007290393114,-4.44007232667451,3.0382090085475464,map,124.02106320900202
69,62,1.8750007282942533,-4.4348846488878575,3.066601660814087,map,124.02106320900202
69,63,1.8250007275491953,-4.431128054629186,3.0915465548141126,map,124.02106320900202
69,64,1.7750007268041372,-4.42862365845701,3.1103131075389747,map,124.02106320900202
69,65,1.7250007260590792,-4.427059170861109,3.123039815018219,map,124.02106320900202
69,66,1.675000725314021,-4.426131422470181,3.1310470938923616,map,124.02106320900202
69,67,1.625000724568963,-4.425604124930594,3.135805944719024,map,124.02106320900202
69,68,1.575000723823905,-4.425314786253138,3.138509874476928,map,124.02106320900202
69,69,1.525000723078847,-4.4251606468069085,3.139991206013923,map,124.02106320900202
69,70,1.4750007223337889,-4.42508057435847,3.1407785830926382,map,124.02106320900202
69,71,1.4250007215887308,-4.425039870824014,3.1411865681579925,map,124.02106320900202
69,72,1.3750007208436728,-4.425019566551005,3.1413934104015264,map,124.02106320900202
69,73,1.3250007200986147,-4.425009604391311,3.1414963167308514,map,124.02106320900202
69,74,1.2750007193535566,-4.425004787548278,3.1415466765240367,map,124.02106320900202
69,75,1.2250007186084986,-4.425002488694954,3.1415709656225737,map,124.02106320900202
69,76,1.1750007178634405,-4.425001404296577,3.1415825301636517,map,124.02106320900202
69,77,1.1250007171183825,-4.425000898125262,3.141587973018679,map,124.02106320900202
69,78,1.0750007163733244,-4.425000664096703,3.141590508199382,map,124.02106320900202
69,79,1.0250007156282663,-4.425000556827181,3.14159167798184,map,124.02106320900202
69,80,0.9750007148832083,-4.425000508046782,3.1415922131455676,map,124.02106320900202
69,81,0.9250007141381502,-4.425000486024571,3.141592456072878,map,124.02106320900202
69,82,0.8750007133930922,-4.425000476148725,3.1415925655583457,map,124.02106320900202
69,83,0.8250007126480341,-4.425000471747152,3.141592614578564,map,124.02106320900202
69,84,0.775000711902976,-4.425000469796591,3.141592636393416,map,124.02106320900202
69,85,0.725000711157918,-4.425000468936772,3.141592646046814,map,124.02106320900202
69,86,0.6750007104128599,-4.425000468559623,3.141592650296179,map,124.02106320900202
69,87,0.6250007096678019,-4.425000468394942,3.141592652157321,map,124.02106320900202
69,88,0.5750007089227438,-4.425000468323319,3.1415926529680682,map,124.02106320900202
69,89,0.5250007081776857,-4.425000468292232,3.1415926533180105,map,124.02106320900202
69,90,0.4750007074326277,-4.425000468278643,3.141592653464418,map,124.02106320900202
69,91,0.4250007066875696,-4.4250004682723745,3.1415926535158967,map,124.02106320900202
69,92,0.37500070594251156,-4.42500046826868,3.1415926535108696,map,124.02106320900202
69,93,0.3250007051974535,-4.4250004682647335,3.1415926534453575,map,124.02106320900202
69,94,0.27500070445239544,-4.425000468257512,3.141592653270102,map,124.02106320900202
69,95,0.22500070370733738,-4.425000468241527,3.1415926528545057,map,124.02106320900202
69,96,0.17500070296227932,-4.425000468204763,3.1415926518917203,map,124.02106320900202
69,97,0.12500070221722126,-4.425000468119859,3.141592649678824,map,124.02106320900202
69,98,0.0750007014721632,-4.425000467924311,3.141592644618712,map,124.02106320900202
69,99,0.02500070072710514,-4.425000467475757,3.1415926331050064,map,124.02106320900202
69,100,-0.02499930001795292,-4.425000466451517,3.1415926070421927,map,124.02106320900202
69,101,-0.07499930076301098,-4.425000464124137,3.141592548370282,map,124.02106320900202
69,102,-0.12499930150806904,-4.4250004588631615,3.141592417071756,map,124.02106320900202
69,103,-0.1749993022531271,-4.4250004470372595,3.141592125125844,map,124.02106320900202
69,104,-0.22499930299818516,-4.425000420614062,3.141591480477892,map,124.02106320900202
69,105,-0.2749993037432432,-4.425000361958466,3.141590067768639,map,124.02106320900202
69,106,-0.3249993044883013,-4.425000232667406,3.1415869974238353,map,124.02106320900202
69,107,-0.37499930523335934,-4.424999949859104,3.141580384784929,map,124.02106320900202
69,108,-0.4249993059784174,-4.424999336418852,3.1415662850610366,map,124.02106320900202
69,109,-0.47499930672347546,-4.424998017992394,3.1415365531053285,map,124.02106320900202
69,110,-0.5249993074685335,-4.424995212968126,3.141474628771286,map,124.02106320900202
69,111,-0.5749993082135916,-4.424989311727085,3.141347433352227,map,124.02106320900202
69,112,-0.6249993089586496,-4.424977050714778,3.141090231357146,map,124.02106320900202
69,113,-0.6749993097037077,-4.424951929600658,3.1405793401728053,map,124.02106320900202
69,114,-0.7249993104487658,-4.424901263911712,3.139585122153445,map,124.02106320900202
69,115,-0.7749993111938238,-4.424800887203554,3.1376958144078126,map,124.02106320900202
69,116,-0.8249993119388819,-4.424606044255297,3.134204567146395,map,124.02106320900202
69,117,-0.8749993126839399,-4.424236633206309,3.1279647613797885,map,124.02106320900202
69,118,-0.924999313428998,-4.423555196399778,3.117255726799586,map,124.02106320900202
69,119,-0.974999314174056,-4.422338109744849,3.0997813521063957,map,124.02106320900202
69,120,-1.0249993149191141,-4.420246325555574,3.0730573140002253,map,124.02106320900202
69,121,-1.0749993156641722,-4.416814183144458,3.0355701678000293,map,124.02106320900202
69,122,-1.1249993164092302,-4.411493106155908,2.988948107743203,map,124.02106320900202
69,123,-1.1749993171542883,-4.403801043136054,2.940422165011288,map,124.02106320900202
69,124,-1.2249993178993464,-4.393604597443521,2.902945690678654,map,124.02106320900202
69,125,-1.2749993186444044,-4.381440441707696,2.8894808410972916,map,124.02106320900202
69,126,-1.3249993193894625,-4.368560809523989,2.90294960438489,map,124.02106320900202
69,127,-1.3749993201345205,-4.356396861055243,2.9404325875199198,map,124.02106320900202
69,128,-1.4249993208795786,-4.34620095815904,2.988971713048962,map,124.02106320900202
69,129,-1.4749993216246367,-4.3385101033336,3.0356213689497507,map,124.02106320900202
69,130,-1.5249993223696947,-4.333191615382512,3.073165913162478,map,124.02106320900202
69,131,-1.5749993231147528,-4.32976492847404,3.1000077669516357,map,124.02106320900202
69,132,-1.6249993238598108,-4.32768448473381,3.117720317574214,map,124.02106320900202
69,133,-1.6749993246048689,-4.326490641120742,3.1289025657556473,map,124.02106320900202
69,134,-1.724999325349927,-4.325856102657543,3.1360639142824684,map,124.02106320900202
69,135,-1.774999326094985,-4.3255796628714105,3.1413084586517237,map,124.02106320900202
69,136,-1.824999326840043,-4.325565453123913,-3.1367416470219234,map,124.02106320900202
69,137,-1.8749993275851011,-4.325808005358525,-3.1299297562064337,map,124.02106320900202
69,138,-1.9249993283301592,-4.326391176678227,-3.119390332747447,map,124.02106320900202
69,139,-1.9749993290752172,-4.327501475180859,-3.1026527886698907,map,124.02106320900202
69,140,-2.0249993298202753,-4.3294494531368946,-3.0770187276000347,map,124.02106320900202
69,141,-2.0749993305653334,-4.332682644646177,-3.0404052114158295,map,124.02106320900202
69,142,-2.1249993313103914,-4.337759355310515,-2.9930092487139435,map,124.02106320900202
69,143,-2.1749993320554495,-4.345243684144879,-2.939124186829352,map,124.02106320900202
69,144,-2.2249993328005075,-4.355507745634046,-2.88674383178147,map,124.02106320900202
69,145,-2.2749993335455656,-4.3685334121809305,-2.8420478510072487,map,124.02106320900202
69,146,-2.3249993342906237,-4.383975290662527,-2.8021320293098624,map,124.02106320900202
69,147,-2.3749993350356817,-4.401631797228736,-2.7663412402111174,map,124.02106320900202
69,148,-2.42499933578074,-4.421327646147768,-2.7382144646929136,map,124.02106320900202
69,149,-2.474999336525798,-4.442666695644069,-2.717804845565246,map,124.02106320900202
69,150,-2.524999337270856,-4.465222869251885,-2.7058270125392894,map,124.02106320900202
69,151,-2.574999338015914,-4.488503767080339,-2.700225114969356,map,124.02106320900202
69,152,-2.624999338760972,-4.512126379266136,-2.701093011595116,map,124.02106320900202
69,153,-2.67499933950603,-4.5356959321542325,-2.7065677604545155,map,124.02106320900202
69,154,-2.724999340251088,-4.558931778406372,-2.716539463104652,map,124.02106320900202
69,155,-2.774999340996146,-4.5815641407207375,-2.7275142175551585,map,124.02106320900202
69,156,-2.8249993417412043,-4.603538576653165,-2.7361379619757247,map,124.02106320900202
69,157,-2.8749993424862623,-4.625000471249223,-2.559530574220621,map,124.02106320900202
70,0,4.675000770017505,-4.825000474229455,3.1415925541683816,map,125.05737416900229
70,1,4.625000769272447,-4.825000469258384,3.1415924838380453,map,125.05737416900229
70,2,4.575000768527389,-4.825000460770797,3.1415922952482465,map,125.05737416900229
70,3,4.5250007677823305,-4.825000442853719,3.141591861372651,map,125.05737416900229
70,4,4.4750007670372725,-4.8250004032428615,3.1415908947337186,map,125.05737416900229
70,5,4.425000766292214,-4.8250003153000565,3.1415887671586034,map,125.05737416900229
70,6,4.375000765547156,-4.825000120978494,3.141584125865847,map,125.05737416900229
70,7,4.325000764802098,-4.82499969459229,3.1415740905843794,map,125.05737416900229
70,8,4.27500076405704,-4.824998766442006,3.1415526001789082,map,125.05737416900229
70,9,4.225000763311982,-4.824996763771431,3.1415070635708022,map,125.05737416900229
70,10,4.175000762566924,-4.824992484270407,3.1414117023189543,map,125.05737416900229
70,11,4.125000761821866,-4.824983436706631,3.141214604523857,map,125.05737416900229
70,12,4.075000761076808,-4.824964534252152,3.140813199765502,map,125.05737416900229
70,13,4.02500076033175,-4.824925561552464,3.1400092536628708,map,125.05737416900229
70,14,3.975000759586692,-4.824846391488775,3.138429501894293,map,125.05737416900229
70,15,3.925000758841634,-4.824688233374157,3.1353927589559167,map,125.05737416900229
70,16,3.8750007580965757,-4.824378234665852,3.129702803215223,map,125.05737416900229
70,17,3.8250007573515177,-4.8237837141225,3.1193591997009427,map,125.05737416900229
70,18,3.7750007566064596,-4.8226718581988495,3.101228588807728,map,125.05737416900229
70,19,3.7250007558614016,-4.820652558157141,3.0708492242764045,map,125.05737416900229
70,20,3.6750007551163435,-4.817109474054166,3.022806368969823,map,125.05737416900229
70,21,3.6250007543712854,-4.81114206622804,2.9524824867053177,map,125.05737416900229
70,22,3.5750007536262274,-4.801572203590688,2.8599219649057352,map,125.05737416900229
70,23,3.5250007528811693,-4.7871040018465365,2.754538397009385,map,125.05737416900229
70,24,3.4750007521361113,-4.766723221771716,2.655334512362031,map,125.05737416900229
70,25,3.425000751391053,-4.740293657894944,2.5822034122270496,map,125.05737416900229
70,26,3.375000750645995,-4.70898870574366,2.5445769368315836,map,125.05737416900229
70,27,3.325000749900937,-4.67500047197992,2.544576936837015,map,125.05737416900229
70,28,3.275000749155879,-4.641012238216577,2.582203412244111,map,125.05737416900229
70,29,3.225000748410821,-4.60970728606648,2.6553345123926597,map,125.05737416900229
70,30,3.175000747665763,-4.583277722191667,2.7545383970557533,map,125.05737416900229
70,31,3.125000746920705,-4.562896942119551,2.859921964968218,map,125.05737416900229
70,32,3.075000746175647,-4.548428740378785,2.9524824867819146,map,125.05737416900229
70,33,3.0250007454305887,-4.538858877745403,3.0228063690568856,map,125.05737416900229
70,34,2.9750007446855307,-4.532891469923692,3.070849224369392,map,125.05737416900229
70,35,2.9250007439404726,-4.52934838582539,3.1012285889018276,map,125.05737416900229
70,36,2.8750007431954145,-4.527329085788394,3.119359199791208,map,125.05737416900229
70,37,2.8250007424503565,-4.526217229869259,3.129702803296942,map,125.05737416900229
70,38,2.7750007417052984,-4.525622709329993,3.1353927590249255,map,125.05737416900229
70,39,2.7250007409602404,-4.525312710625139,3.1384295019476007,map,125.05737416900229
70,40,2.6750007402151823,-4.525154552513187,3.1400092536988597,map,125.05737416900229
70,41,2.6250007394701242,-4.525075382451297,3.1408131997842603,map,125.05737416900229
70,42,2.575000738725066,-4.525036409752547,3.141214604527445,map,125.05737416900229
70,43,2.525000737980008,-4.525017507298247,3.141411702311902,map,125.05737416900229
70,44,2.47500073723495,-4.525008459734119,3.141507063561423,map,125.05737416900229
70,45,2.425000736489892,-4.525004180232626,3.141552600182834,map,125.05737416900229
70,46,2.375000735744834,-4.525002177562247,3.1415740906331227,map,125.05737416900229
70,47,2.325000734999776,-4.5250012494144,3.1415841260278152,map,125.05737416900229
70,48,2.275000734254718,-4.525000823036295,3.1415887675877356,map,125.05737416900229
70,49,2.2250007335096598,-4.525000628736189,3.141590895781787,map,125.05737416900229
70,50,2.1750007327646017,-4.525000540845787,3.1415918638468674,map,125.05737416900229
70,51,2.1250007320195436,-4.52500050135864,3.1415923009977984,map,125.05737416900229
70,52,2.0750007312744856,-4.52500048372904,3.1415924970829705,map,125.05737416900229
70,53,2.0250007305294275,-4.525000475903699,3.141592584494487,map,125.05737416900229
70,54,1.9750007297843695,-4.525000472448934,3.141592623238321,map,125.05737416900229
70,55,1.9250007290393114,-4.52500047093136,3.141592640319733,map,125.05737416900229
70,56,1.8750007282942533,-4.525000470267857,3.141592647813365,map,125.05737416900229
70,57,1.8250007275491953,-4.525000469979036,3.141592651085663,map,125.05737416900229
70,58,1.7750007268041372,-4.525000469853829,3.141592652508418,map,125.05737416900229
70,59,1.7250007260590792,-4.52500046979976,3.141592653124494,map,125.05737416900229
70,60,1.675000725314021,-4.525000469776495,3.1415926533902727,map,125.05737416900229
70,61,1.625000724568963,-4.525000469766519,3.141592653504528,map,125.05737416900229
70,62,1.575000723823905,-4.525000469762256,3.1415926535534666,map,125.05737416900229
70,63,1.525000723078847,-4.52500046976044,3.1415926535743566,map,125.05737416900229
70,64,1.4750007223337889,-4.525000469759668,3.141592653583256,map,125.05737416900229
70,65,1.4250007215887308,-4.525000469759341,3.1415926535870398,map,125.05737416900229
70,66,1.3750007208436728,-4.5250004697592034,3.1415926535886385,map,125.05737416900229
70,67,1.3250007200986147,-4.525000469759146,3.1415926535892957,map,125.05737416900229
70,68,1.2750007193535566,-4.525000469759121,3.1415926535895977,map,125.05737416900229
70,69,1.2250007186084986,-4.525000469759111,3.141592653589722,map,125.05737416900229
70,70,1.1750007178634405,-4.5250004697591075,3.1415926535897754,map,125.05737416900229
70,71,1.1250007171183825,-4.525000469759107,3.141592653589793,map,125.05737416900229
70,72,1.0750007163733244,-4.525000469759107,3.141592653589793,map,125.05737416900229
70,73,1.0250007156282663,-4.525000469759107,3.141592653589793,map,125.05737416900229
70,74,0.9750007148832083,-4.525000469759107,3.1415926535897754,map,125.05737416900229
70,75,0.9250007141381502,-4.525000469759106,3.141592653589722,map,125.05737416900229
70,76,0.8750007133930922,-4.525000469759102,3.1415926535896155,map,125.05737416900229
70,77,0.8250007126480341,-4.525000469759093,3.1415926535893846,map,125.05737416900229
70,78,0.775000711902976,-4.525000469759073,3.1415926535887984,map,125.05737416900229
70,79,0.725000711157918,-4.525000469759023,3.141592653587413,map,125.05737416900229
70,80,0.6750007104128599,-4.525000469758904,3.1415926535841088,map,125.05737416900229
70,81,0.6250007096678019,-4.52500046975862,3.141592653576364,map,125.05737416900229
70,82,0.5750007089227438,-4.5250004697579485,3.1415926535581384,map,125.05737416900229
70,83,0.5250007081776857,-4.525000469756366,3.141592653515435,map,125.05737416900229
70,84,0.4750007074326277,-4.525000469752648,3.14159265341571,map,125.05737416900229
70,85,0.4250007066875696,-4.525000469743944,3.1415926531836824,map,125.05737416900229
70,86,0.37500070594251156,-4.525000469723638,3.141592652645926,map,125.05737416900229
70,87,0.3250007051974535,-4.525000469676445,3.141592651404679,map,125.05737416900229
70,88,0.27500070445239544,-4.525000469567189,3.1415926485517964,map,125.05737416900229
70,89,0.22500070370733738,-4.525000469315289,3.1415926420240408,map,125.05737416900229
70,90,0.17500070296227932,-4.525000468737002,3.1415926271588117,map,125.05737416900229
70,91,0.12500070221722126,-4.5250004674154525,3.1415925934788733,map,125.05737416900229
70,92,0.0750007014721632,-4.525000464409906,3.141592517585343,map,125.05737416900229
70,93,0.02500070072710514,-4.525000457609684,3.141592347567746,map,125.05737416900229
70,94,-0.02499930001795292,-4.525000442308581,3.1415919690936813,map,125.05737416900229
70,95,-0.07499930076301098,-4.525000408083775,3.141591132331692,map,125.05737416900229
70,96,-0.12499930150806904,-4.525000332020869,3.141589296087052,map,125.05737416900229
70,97,-0.1749993022531271,-4.525000164145729,3.141585299176913,map,125.05737416900229
70,98,-0.22499930299818516,-4.52499979642508,3.1415766764907267,map,125.05737416900229
70,99,-0.2749993037432432,-4.524998997570115,3.1415582563815225,map,125.05737416900229
70,100,-0.3249993044883013,-4.524997277709675,3.141519332391967,map,125.05737416900229
70,101,-0.37499930523335934,-4.524993611649722,3.141438070855962,map,125.05737416900229
70,102,-0.4249993059784174,-4.524985882512854,3.1412707050100734,map,125.05737416900229
70,103,-0.47499930672347546,-4.524969785083072,3.1409312245381007,map,125.05737416900229
70,104,-0.5249993074685335,-4.524936713625172,3.140254473413869,map,125.05737416900229
70,105,-0.5749993082135916,-4.52486980457544,3.1389319199750454,map,125.05737416900229
70,106,-0.6249993089586496,-4.524736767578775,3.136406039967728,map,125.05737416900229
70,107,-0.6749993097037077,-4.524477434568367,3.1317100991896942,map,125.05737416900229
70,108,-0.7249993104487658,-4.523983290754062,3.1232544512523175,map,125.05737416900229
70,109,-0.7749993111938238,-4.523066277827231,3.1086068452376314,map,125.05737416900229
70,110,-0.8249993119388819,-4.521416388946983,3.08442208209048,map,125.05737416900229
70,111,-0.8749993126839399,-4.5185547419099805,3.046870554848343,map,125.05737416900229
70,112,-0.924999313428998,-4.513804421334673,2.9931315457790904,map,125.05737416900229
70,113,-0.974999314174056,-4.506326344249079,2.924354622416622,map,125.05737416900229
70,114,-1.0249993149191141,-4.4952902880164185,2.849040882793957,map,125.05737416900229
70,115,-1.0749993156641722,-4.480230591949164,2.7830414464352287,map,125.05737416900229
70,116,-1.1249993164092302,-4.461493106896003,2.742121977631852,map,125.05737416900229
70,117,-1.1749993171542883,-4.44038463581167,2.730038680132765,map,125.05737416900229
70,118,-1.2249993178993464,-4.418560636463393,2.742122712732901,map,125.05737416900229
70,119,-1.2749993186444044,-4.397452208684843,2.7759903684883387,map,125.05737416900229
70,120,-1.3249993193894625,-4.378311586071392,2.8276713433207195,map,125.05737416900229
70,121,-1.3749993201345205,-4.362078753835038,2.893075703658834,map,125.05737416900229
70,122,-1.4249993208795786,-4.349390614952205,2.9606747242459894,map,125.05737416900229
70,123,-1.4749993216246367,-4.3402447141963325,3.019500467068188,map,125.05737416900229
70,124,-1.5249993223696947,-4.334109590028236,3.0643433821593136,map,125.05737416900229
70,125,-1.5749993231147528,-4.330239424996093,3.0953325686437196,map,125.05737416900229
70,126,-1.6249993238598108,-4.3279247693612,3.1153063181051546,map,125.05737416900229
70,127,-1.6749993246048689,-4.326610149765239,3.1276826255985415,map,125.05737416900229
70,128,-1.724999325349927,-4.325914603494578,3.135458606239983,map,125.05737416900229
70,129,-1.774999326094985,-4.325607897275743,3.141012878658891,map,125.05737416900229
70,130,-1.824999326840043,-4.325578908525518,-3.136883957695294,map,125.05737416900229
70,131,-1.8749993275851011,-4.3258143450637725,-3.1299974120891165,map,125.05737416900229
70,132,-1.9249993283301592,-4.326394133131775,-3.119422128484586,map,125.05737416900229
70,133,-1.9749993290752172,-4.3275028410647165,-3.1026675702394892,map,125.05737416900229
70,134,-2.0249993298202753,-4.329450078820879,-3.0770255251412304,map,125.05737416900229
70,135,-2.0749993305653334,-4.332682929032081,-3.0404083005684566,map,125.05737416900229
70,136,-2.1249993313103914,-4.337759483646501,-2.9930106337335514,map,125.05737416900229
70,137,-2.1749993320554495,-4.345243741678256,-2.939124798993681,map,125.05737416900229
70,138,-2.2249993328005075,-4.355507771269368,-2.8867440991820708,map,125.05737416900229
70,139,-2.2749993335455656,-4.368533423538836,-2.8420479669875967,map,125.05737416900229
70,140,-2.3249993342906237,-4.383975295668302,-2.8021320792854043,map,125.05737416900229
70,141,-2.3749993350356817,-4.401631799424134,-2.7663412616271574,map,125.05737416900229
70,142,-2.42499933578074,-4.421327647106207,-2.738214473859452,map,125.05737416900229
70,143,-2.474999336525798,-4.4426666960607,-2.7178048494912717,map,125.05737416900229
70,144,-2.524999337270856,-4.4652228694322655,-2.705827014225383,map,125.05737416900229
70,145,-2.574999338015914,-4.488503767158138,-2.7002251156947774,map,125.05737416900229
70,146,-2.624999338760972,-4.512126379299567,-2.701093011908047,map,125.05737416900229
70,147,-2.67499933950603,-4.53569593216854,-2.70656776058985,map,125.05737416900229
70,148,-2.724999340251088,-4.558931778412451,-2.7165394631637416,map,125.05737416900229
70,149,-2.774999340996146,-4.581564140723257,-2.7275142175821805,map,125.05737416900229
70,150,-2.8249993417412043,-4.603538576654072,-2.7361379619910546,map,125.05737416900229
70,151,-2.8749993424862623,-4.625000471249223,-2.559530574220621,map,125.05737416900229
71,0,4.325000764802098,-4.775000473484397,3.1415925541713836,map,126.08645632900152
71,1,4.27500076405704,-4.775000468513476,3.141592483841296,map,126.08645632900152
71,2,4.225000763311982,-4.775000460026051,3.1415922952519413,map,126.08645632900152
71,3,4.175000762566924,-4.7750004421091585,3.141591861376932,map,126.08645632900152
71,4,4.125000761821866,-4.775000402498515,3.1415908947386924,map,126.08645632900152
71,5,4.075000761076808,-4.7750003145559585,3.141588767164199,map,126.08645632900152
71,6,4.02500076033175,-4.775000120234676,3.141584125871922,map,126.08645632900152
71,7,3.975000759586692,-4.774999693848776,3.141574090590561,map,126.08645632900152
71,8,3.925000758841634,-4.7749987656988,3.1415526001847702,map,126.08645632900152
71,9,3.8750007580965757,-4.774996763028518,3.141507063575776,map,126.08645632900152
71,10,3.8250007573515177,-4.774992483527743,3.141411702322436,map,126.08645632900152
71,11,3.7750007566064596,-4.774983435964142,3.1412146045252958,map,126.08645632900152
71,12,3.7250007558614016,-4.774964533509735,3.1408131997644717,map,126.08645632900152
71,13,3.6750007551163435,-4.774925560809995,3.1400092536591226,map,126.08645632900152
71,14,3.6250007543712854,-4.774846390746118,3.1384295018877917,map,126.08645632900152
71,15,3.5750007536262274,-4.774688232631176,3.1353927589469466,map,126.08645632900152
71,16,3.5250007528811693,-4.774378233922422,3.1297028032043355,map,126.08645632900152
71,17,3.4750007521361113,-4.773783713378526,3.1193591996887804,map,126.08645632900152
71,18,3.425000751391053,-4.772671857454267,3.1012285887951894,map,126.08645632900152
71,19,3.375000750645995,-4.77065255741193,3.070849224264333,map,126.08645632900152
71,20,3.325000749900937,-4.7671094733083486,3.022806368959069,map,126.08645632900152
71,21,3.275000749155879,-4.761142065481677,2.952482486696527,map,126.08645632900152
71,22,3.225000748410821,-4.751572202843869,2.8599219648994083,map,126.08645632900152
71,23,3.175000747665763,-4.737104001099375,2.754538397005592,map,126.08645632900152
71,24,3.125000746920705,-4.716723221024334,2.6553345123604344,map,126.08645632900152
71,25,3.075000746175647,-4.69029365714746,2.5822034122271647,map,126.08645632900152
71,26,3.0250007454305887,-4.658988704996183,2.5445769368329447,map,126.08645632900152
71,27,2.9750007446855307,-4.625000471232543,2.544576936839335,map,126.08645632900152
71,28,2.9250007439404726,-4.59101223746937,2.5822034122471993,map,126.08645632900152
71,29,2.8750007431954145,-4.5597072853194875,2.655334512396464,map,126.08645632900152
71,30,2.8250007424503565,-4.533277721444918,2.754538397060034,map,126.08645632900152
71,31,2.7750007417052984,-4.512896941373051,2.859921964972693,map,126.08645632900152
71,32,2.7250007409602404,-4.498428739632528,2.952482486786233,map,126.08645632900152
71,33,2.6750007402151823,-4.48885887699937,3.0228063690608087,map,126.08645632900152
71,34,2.6250007394701242,-4.482891469177858,3.070849224372803,map,126.08645632900152
71,35,2.575000738725066,-4.479348385079727,3.1012285889047004,map,126.08645632900152
71,36,2.525000737980008,-4.477329085042875,3.1193591997934984,map,126.08645632900152
71,37,2.47500073723495,-4.476217229123854,3.129702803298771,map,126.08645632900152
71,38,2.425000736489892,-4.47562270858468,3.135392759026329,map,126.08645632900152
71,39,2.375000735744834,-4.475312709879896,3.1384295019486665,map,126.08645632900152
71,40,2.325000734999776,-4.475154551767997,3.1400092536996413,map,126.08645632900152
71,41,2.275000734254718,-4.475075381706146,3.1408131997848288,map,126.08645632900152
71,42,2.2250007335096598,-4.475036409007425,3.1412146045278537,map,126.08645632900152
71,43,2.1750007327646017,-4.4750175065531455,3.1414117023121864,map,126.08645632900152
71,44,2.1250007320195436,-4.4750084589890315,3.1415070635616185,map,126.08645632900152
71,45,2.0750007312744856,-4.475004179487549,3.1415526001829583,map,126.08645632900152
71,46,2.0250007305294275,-4.475002176817176,3.1415740906332115,map,126.08645632900152
71,47,1.9750007297843695,-4.475001248669333,3.141584126027904,map,126.08645632900152
71,48,1.9250007290393114,-4.475000822291232,3.1415887675877534,map,126.08645632900152
71,49,1.8750007282942533,-4.475000627991127,3.1415908957818046,map,126.08645632900152
71,50,1.8250007275491953,-4.4750005401007265,3.141591863846885,map,126.08645632900152
71,51,1.7750007268041372,-4.4750005006135805,3.1415923009977984,map,126.08645632900152
71,52,1.7250007260590792,-4.4750004829839805,3.1415924970829705,map,126.08645632900152
71,53,1.675000725314021,-4.475000475158639,3.1415925844945227,map,126.08645632900152
71,54,1.625000724568963,-4.475000471703876,3.141592623238321,map,126.08645632900152
71,55,1.575000723823905,-4.475000470186302,3.141592640319733,map,126.08645632900152
71,56,1.525000723078847,-4.475000469522799,3.141592647813365,map,126.08645632900152
71,57,1.4750007223337889,-4.4750004692339775,3.141592651085663,map,126.08645632900152
71,58,1.4250007215887308,-4.475000469108771,3.141592652508418,map,126.08645632900152
71,59,1.3750007208436728,-4.475000469054702,3.141592653124494,map,126.08645632900152
71,60,1.3250007200986147,-4.475000469031437,3.1415926533902727,map,126.08645632900152
71,61,1.2750007193535566,-4.475000469021461,3.141592653504528,map,126.08645632900152
71,62,1.2250007186084986,-4.475000469017198,3.1415926535534666,map,126.08645632900152
71,63,1.1750007178634405,-4.475000469015382,3.1415926535743566,map,126.08645632900152
71,64,1.1250007171183825,-4.47500046901461,3.141592653583256,map,126.08645632900152
71,65,1.0750007163733244,-4.475000469014283,3.1415926535870398,map,126.08645632900152
71,66,1.0250007156282663,-4.475000469014145,3.1415926535886385,map,126.08645632900152
71,67,0.9750007148832083,-4.475000469014088,3.1415926535892957,map,126.08645632900152
71,68,0.9250007141381502,-4.475000469014063,3.1415926535895977,map,126.08645632900152
71,69,0.8750007133930922,-4.475000469014053,3.1415926535896688,map,126.08645632900152
71,70,0.8250007126480341,-4.475000469014047,3.1415926535896332,map,126.08645632900152
71,71,0.775000711902976,-4.475000469014039,3.1415926535894556,map,126.08645632900152
71,72,0.725000711157918,-4.475000469014022,3.1415926535889938,map,126.08645632900152
71,73,0.6750007104128599,-4.475000469013982,3.1415926535878924,map,126.08645632900152
71,74,0.6250007096678019,-4.475000469013887,3.1415926535852456,map,126.08645632900152
71,75,0.5750007089227438,-4.4750004690136596,3.141592653579064,map,126.08645632900152
71,76,0.5250007081776857,-4.475000469013123,3.1415926535644623,map,126.08645632900152
71,77,0.4750007074326277,-4.4750004690118566,3.1415926535303207,map,126.08645632900152
71,78,0.4250007066875696,-4.475000469008883,3.1415926534505623,map,126.08645632900152
71,79,0.37500070594251156,-4.475000469001921,3.1415926532651106,map,126.08645632900152
71,80,0.3250007051974535,-4.475000468985687,3.141592652835339,map,126.08645632900152
71,81,0.27500070445239544,-4.4750004689479645,3.1415926518436166,map,126.08645632900152
71,82,0.22500070370733738,-4.475000468860656,3.141592649564835,map,126.08645632900152
71,83,0.17500070296227932,-4.475000468659408,3.1415926443524715,map,126.08645632900152
71,84,0.12500070221722126,-4.475000468197542,3.1415926324867454,map,126.08645632900152
71,85,0.0750007014721632,-4.475000467142389,3.1415926056128294,map,126.08645632900152
71,86,0.02500070072710514,-4.475000464743541,3.1415925450803446,map,126.08645632900152
71,87,-0.02499930001795292,-4.475000459318069,3.1415924095337147,map,126.08645632900152
71,88,-0.07499930076301098,-4.4750004471152645,3.1415921079364657,map,126.08645632900152
71,89,-0.12499930150806904,-4.475000419832598,3.1415914414770723,map,126.08645632900152
71,90,-0.1749993022531271,-4.475000359226961,3.141589979753925,map,126.08645632900152
71,91,-0.22499930299818516,-4.475000225535165,3.141586799936585,map,126.08645632900152
71,92,-0.2749993037432432,-4.4749999328525005,3.1415799443987016,map,126.08645632900152
71,93,-0.3249993044883013,-4.4749992973929364,3.1415653095756526,map,126.08645632900152
71,94,-0.37499930523335934,-4.474997930192209,3.1415344079866006,map,126.08645632900152
71,95,-0.4249993059784174,-4.474995017912002,3.1414699488168303,map,126.08645632900152
71,96,-0.47499930672347546,-4.474988882673232,3.1413373113390115,map,126.08645632900152
71,97,-0.5249993074685335,-4.474976115560225,3.1410685466350006,map,126.08645632900152
71,98,-0.5749993082135916,-4.474949910209696,3.1405333705695906,map,126.08645632900152
71,99,-0.6249993089586496,-4.474896946038086,3.1394888025980916,map,126.08645632900152
71,100,-0.6749993097037077,-4.474791753331733,3.1374966127248376,map,126.08645632900152
71,101,-0.7249993104487658,-4.474586950140067,3.133798591556611,map,126.08645632900152
71,102,-0.7749993111938238,-4.474197239141258,3.127151044981633,map,126.08645632900152
71,103,-0.8249993119388819,-4.473475108496856,3.1156557218654504,map,126.08645632900152
71,104,-0.8749993126839399,-4.472177971006243,3.096705310260827,map,126.08645632900152
71,105,-0.924999313428998,-4.469932095218427,3.0673021103233604,map,126.08645632900152
71,106,-0.974999314174056,-4.46621071928297,3.0251587774804385,map,126.08645632900152
71,107,-1.0249993149191141,-4.460362574003745,2.9708841252045337,map,126.08645632900152
71,108,-1.0749993156641722,-4.451743258028081,2.9105935813710437,map,126.08645632900152
71,109,-1.1249993164092302,-4.439983385165309,2.8562698749452586,map,126.08645632900152
71,110,-1.1749993171542883,-4.425317078929646,2.8204747556020076,map,126.08645632900152
71,111,-1.2249993178993464,-4.408685552187556,2.8077371783058664,map,126.08645632900152
71,112,-1.2749993186444044,-4.3913436320469685,2.8207538505411147,map,126.08645632900152
71,113,-1.3249993193894625,-4.374727602609804,2.856977750663901,map,126.08645632900152
71,114,-1.3749993201345205,-4.360099727476166,2.912092209519622,map,126.08645632900152
71,115,-1.4249993208795786,-4.3484189032624,2.9738722578614567,map,126.08645632900152
71,116,-1.4749993216246367,-4.339953355094934,3.0308724103664546,map,126.08645632900152
71,117,-1.5249993223696947,-4.334394609429233,3.077808398384713,map,126.08645632900152
71,118,-1.5749993231147528,-4.3312010645404335,3.1152628010581807,map,126.08645632900152
71,119,-1.6249993238598108,-4.329884267585454,-3.1361873610886657,map,126.08645632900152
71,120,-1.6749993246048689,-4.3301545348466925,-3.105838884191557,map,126.08645632900152
71,121,-1.724999325349927,-4.331942985486107,-3.0740997698899477,map,126.08645632900152
71,122,-1.774999326094985,-4.3353227632357605,-3.0417385321511485,map,126.08645632900152
71,123,-1.824999326840043,-4.340332129666078,-3.0145156878461883,map,126.08645632900152
71,124,-1.8749993275851011,-4.3467204022493195,-3.0019061958299944,map,126.08645632900152
71,125,-1.9249993283301592,-4.35375050936643,-3.00993189646486,map,126.08645632900152
71,126,-1.9749993290752172,-4.360371850944308,-3.0306370003625904,map,126.08645632900152
71,127,-2.0249993298202753,-4.3659425129042155,-3.052128992333023,map,126.08645632900152
71,128,-2.0749993305653334,-4.370427668439695,-3.0652531913299246,map,126.08645632900152
71,129,-2.1249993313103914,-4.3742520736768515,-3.0645238103259484,map,126.08645632900152
71,130,-2.1749993320554495,-4.378113163377472,-3.046839018882804,map,126.08645632900152
71,131,-2.2249993328005075,-4.382865074988373,-3.010814924097829,map,126.08645632900152
71,132,-2.2749993335455656,-4.389441496148268,-2.957861667009331,map,126.08645632900152
71,133,-2.3249993342906237,-4.398732831090206,-2.8943007599328907,map,126.08645632900152
71,134,-2.3749993350356817,-4.411355792979226,-2.8315393099239783,map,126.08645632900152
71,135,-2.42499933578074,-4.42737510938428,-2.7806261548241595,map,126.08645632900152
71,136,-2.474999336525798,-4.446250443915537,-2.7437616669400557,map,126.08645632900152
71,137,-2.524999337270856,-4.467262385420291,-2.7210195768913907,map,126.08645632900152
71,138,-2.574999338015914,-4.489625390053665,-2.708806139105771,map,126.08645632900152
71,139,-2.624999338760972,-4.51272528834323,-2.7058087516603466,map,126.08645632900152
71,140,-2.67499933950603,-4.53600729717309,-2.709105940898845,map,126.08645632900152
71,141,-2.724999340251088,-4.559089008374814,-2.717899016448426,map,126.08645632900152
71,142,-2.774999340996146,-4.581639515432068,-2.7282732068650777,map,126.08645632900152
71,143,-2.8249993417412043,-4.603568687036619,-2.7366465889918947,map,126.08645632900152
71,144,-2.8749993424862623,-4.625000471249223,-2.559530574220621,map,126.08645632900152
72,0,4.02500076033175,-4.775000473484397,3.1415925541713836,map,127.11207525200007
72,1,3.975000759586692,-4.775000468513476,3.141592483841296,map,127.11207525200007
72,2,3.925000758841634,-4.775000460026051,3.1415922952519413,map,127.11207525200007
72,3,3.8750007580965757,-4.7750004421091585,3.141591861376932,map,127.11207525200007
72,4,3.8250007573515177,-4.775000402498515,3.1415908947386924,map,127.11207525200007
72,5,3.7750007566064596,-4.7750003145559585,3.141588767164199,map,127.11207525200007
72,6,3.7250007558614016,-4.775000120234676,3.141584125871922,map,127.11207525200007
72,7,3.6750007551163435,-4.774999693848776,3.141574090590561,map,127.11207525200007
72,8,3.6250007543712854,-4.7749987656988,3.1415526001847702,map,127.11207525200007
72,9,3.5750007536262274,-4.774996763028518,3.141507063575776,map,127.11207525200007
72,10,3.5250007528811693,-4.774992483527743,3.141411702322436,map,127.11207525200007
72,11,3.4750007521361113,-4.774983435964142,3.1412146045252958,map,127.11207525200007
72,12,3.425000751391053,-4.774964533509735,3.1408131997644717,map,127.11207525200007
72,13,3.375000750645995,-4.774925560809995,3.1400092536591226,map,127.11207525200007
72,14,3.325000749900937,-4.774846390746118,3.1384295018877917,map,127.11207525200007
72,15,3.275000749155879,-4.774688232631176,3.1353927589469466,map,127.11207525200007
72,16,3.225000748410821,-4.774378233922422,3.1297028032043355,map,127.11207525200007
72,17,3.175000747665763,-4.773783713378526,3.1193591996887804,map,127.11207525200007
72,18,3.125000746920705,-4.772671857454267,3.1012285887951894,map,127.11207525200007
72,19,3.075000746175647,-4.77065255741193,3.070849224264333,map,127.11207525200007
72,20,3.0250007454305887,-4.7671094733083486,3.022806368959069,map,127.11207525200007
72,21,2.9750007446855307,-4.761142065481677,2.952482486696527,map,127.11207525200007
72,22,2.9250007439404726,-4.751572202843869,2.8599219648994083,map,127.11207525200007
72,23,2.8750007431954145,-4.737104001099375,2.754538397005592,map,127.11207525200007
72,24,2.8250007424503565,-4.716723221024334,2.6553345123604344,map,127.11207525200007
72,25,2.7750007417052984,-4.69029365714746,2.5822034122271647,map,127.11207525200007
72,26,2.7250007409602404,-4.658988704996183,2.5445769368329447,map,127.11207525200007
72,27,2.6750007402151823,-4.625000471232543,2.544576936839335,map,127.11207525200007
72,28,2.6250007394701242,-4.59101223746937,2.5822034122471993,map,127.11207525200007
72,29,2.575000738725066,-4.5597072853194875,2.655334512396464,map,127.11207525200007
72,30,2.525000737980008,-4.533277721444918,2.754538397060034,map,127.11207525200007
72,31,2.47500073723495,-4.512896941373051,2.859921964972693,map,127.11207525200007
72,32,2.425000736489892,-4.498428739632528,2.952482486786233,map,127.11207525200007
72,33,2.375000735744834,-4.48885887699937,3.0228063690608087,map,127.11207525200007
72,34,2.325000734999776,-4.482891469177858,3.070849224372803,map,127.11207525200007
72,35,2.275000734254718,-4.479348385079727,3.1012285889047004,map,127.11207525200007
72,36,2.2250007335096598,-4.477329085042875,3.1193591997934984,map,127.11207525200007
72,37,2.1750007327646017,-4.476217229123854,3.129702803298771,map,127.11207525200007
72,38,2.1250007320195436,-4.47562270858468,3.135392759026329,map,127.11207525200007
72,39,2.0750007312744856,-4.475312709879896,3.1384295019486665,map,127.11207525200007
72,40,2.0250007305294275,-4.475154551767997,3.1400092536996413,map,127.11207525200007
72,41,1.9750007297843695,-4.475075381706146,3.1408131997848288,map,127.11207525200007
72,42,1.9250007290393114,-4.475036409007425,3.1412146045278537,map,127.11207525200007
72,43,1.8750007282942533,-4.4750175065531455,3.1414117023121864,map,127.11207525200007
72,44,1.8250007275491953,-4.4750084589890315,3.1415070635616185,map,127.11207525200007
72,45,1.7750007268041372,-4.475004179487549,3.1415526001829583,map,127.11207525200007
72,46,1.7250007260590792,-4.475002176817176,3.1415740906332115,map,127.11207525200007
72,47,1.675000725314021,-4.475001248669333,3.141584126027904,map,127.11207525200007
72,48,1.625000724568963,-4.475000822291232,3.1415887675877534,map,127.11207525200007
72,49,1.575000723823905,-4.475000627991127,3.1415908957818046,map,127.11207525200007
72,50,1.525000723078847,-4.4750005401007265,3.141591863846885,map,127.11207525200007
72,51,1.4750007223337889,-4.4750005006135805,3.1415923009977984,map,127.11207525200007
72,52,1.4250007215887308,-4.4750004829839805,3.1415924970829705,map,127.11207525200007
72,53,1.3750007208436728,-4.475000475158639,3.1415925844945227,map,127.11207525200007
72,54,1.3250007200986147,-4.475000471703876,3.141592623238321,map,127.11207525200007
72,55,1.2750007193535566,-4.475000470186302,3.141592640319733,map,127.11207525200007
72,56,1.2250007186084986,-4.475000469522799,3.141592647813365,map,127.11207525200007
72,57,1.1750007178634405,-4.4750004692339775,3.141592651085663,map,127.11207525200007
72,58,1.1250007171183825,-4.475000469108771,3.141592652508418,map,127.11207525200007
72,59,1.0750007163733244,-4.475000469054702,3.141592653124494,map,127.11207525200007
72,60,1.0250007156282663,-4.475000469031437,3.1415926533902727,map,127.11207525200007
72,61,0.9750007148832083,-4.475000469021461,3.1415926535045102,map,127.11207525200007
72,62,0.9250007141381502,-4.475000469017197,3.141592653553449,map,127.11207525200007
72,63,0.8750007133930922,-4.47500046901538,3.141592653574321,map,127.11207525200007
72,64,0.8250007126480341,-4.475000469014606,3.1415926535831495,map,127.11207525200007
72,65,0.775000711902976,-4.475000469014274,3.14159265358672,map,127.11207525200007
72,66,0.725000711157918,-4.4750004690141205,3.141592653587839,map,127.11207525200007
72,67,0.6750007104128599,-4.475000469014023,3.141592653587395,map,127.11207525200007
72,68,0.6250007096678019,-4.475000469013903,3.1415926535850502,map,127.11207525200007
72,69,0.5750007089227438,-4.475000469013666,3.141592653578975,map,127.11207525200007
72,70,0.5250007081776857,-4.475000469013125,3.1415926535644445,map,127.11207525200007
72,71,0.4750007074326277,-4.475000469011857,3.141592653530303,map,127.11207525200007
72,72,0.4250007066875696,-4.475000469008883,3.1415926534505623,map,127.11207525200007
72,73,0.37500070594251156,-4.475000469001921,3.141592653265093,map,127.11207525200007
72,74,0.3250007051974535,-4.475000468985686,3.141592652835339,map,127.11207525200007
72,75,0.27500070445239544,-4.475000468947964,3.1415926518436166,map,127.11207525200007
72,76,0.22500070370733738,-4.475000468860655,3.1415926495648527,map,127.11207525200007
72,77,0.17500070296227932,-4.475000468659408,3.141592644352454,map,127.11207525200007
72,78,0.12500070221722126,-4.475000468197541,3.141592632486692,map,127.11207525200007
72,79,0.0750007014721632,-4.475000467142386,3.141592605612723,map,127.11207525200007
72,80,0.02500070072710514,-4.475000464743532,3.1415925450800604,map,127.11207525200007
72,81,-0.02499930001795292,-4.4750004593180455,3.1415924095330396,map,127.11207525200007
72,82,-0.07499930076301098,-4.475000447115208,3.1415921079348847,map,127.11207525200007
72,83,-0.12499930150806904,-4.475000419832462,3.141591441473342,map,127.11207525200007
72,84,-0.1749993022531271,-4.475000359226638,3.1415899797450964,map,127.11207525200007
72,85,-0.22499930299818516,-4.4750002255344015,3.141586799915802,map,127.11207525200007
72,86,-0.2749993037432432,-4.4749999328506975,3.141579944349976,map,127.11207525200007
72,87,-0.3249993044883013,-4.474999297388697,3.1415653094617526,map,127.11207525200007
72,88,-0.37499930523335934,-4.474997930182274,3.1415344077213727,map,127.11207525200007
72,89,-0.4249993059784174,-4.474995017888807,3.141469948201607,map,127.11207525200007
72,90,-0.47499930672347546,-4.474988882619275,3.141337309917518,map,127.11207525200007
72,91,-0.5249993074685335,-4.474976115435194,3.1410685433645154,map,127.11207525200007
72,92,-0.5749993082135916,-4.47494990992114,3.140533363078418,map,127.11207525200007
72,93,-0.6249993089586496,-4.474896945374971,3.139488785520006,map,127.11207525200007
72,94,-0.6749993097037077,-4.47479175181471,3.1374965739857745,map,127.11207525200007
72,95,-0.7249993104487658,-4.474586946686058,3.1337985041552887,map,127.11207525200007
72,96,-0.7749993111938238,-4.474197231316918,3.127150848942842,map,127.11207525200007
72,97,-0.8249993119388819,-4.473475090868531,3.1156552850142205,map,127.11207525200007
72,98,-0.8749993126839399,-4.472177931520656,3.096704344150184,map,127.11207525200007
72,99,-0.924999313428998,-4.469932007329844,3.0672999938576195,map,127.11207525200007
72,100,-0.974999314174056,-4.466210524984879,3.0251541985655566,map,127.11207525200007
72,101,-1.0249993149191141,-4.46036214762773,2.970874379439558,map,127.11207525200007
72,102,-1.0749993156641722,-4.451742329882202,2.9105732175005357,map,127.11207525200007
72,103,-1.1249993164092302,-4.439981382496473,2.856227946405919,map,127.11207525200007
72,104,-1.1749993171542883,-4.425312799428783,2.8203888967280832,map,127.11207525200007
72,105,-1.2249993178993464,-4.4086765046222745,2.80756125543513,map,127.11207525200007
72,106,-1.2749993186444044,-4.391324729588016,2.8203924101304945,map,127.11207525200007
72,107,-1.3249993193894625,-4.3746886298992305,2.8562373483485617,map,127.11207525200007
72,108,-1.3749993201345205,-4.360020557387088,2.9105947291765895,map,127.11207525200007
72,109,-1.4249993208795786,-4.348260745089284,2.970921555901757,map,127.11207525200007
72,110,-1.4749993216246367,-4.339643356252557,3.02525501415813,map,127.11207525200007
72,111,-1.5249993223696947,-4.3338000885798325,3.067510862737912,map,127.11207525200007
72,112,-1.5749993231147528,-4.330089207921082,3.097137124129137,map,127.11207525200007
72,113,-1.6249993238598108,-4.327864965969758,3.116527529058068,map,127.11207525200007
72,114,-1.6749993246048689,-4.3266114472014054,3.1288757899971458,map,127.11207525200007
72,115,-1.724999325349927,-4.325975569734187,3.1371389479668004,map,127.11207525200007
72,116,-1.774999326094985,-4.3257528829773495,-3.139372536474792,map,127.11207525200007
72,117,-1.824999326840043,-4.325863889017134,-3.1320799824745005,map,127.11207525200007
72,118,-1.8749993275851011,-4.326339536927343,-3.1219707062511284,map,127.11207525200007
72,119,-1.9249993283301592,-4.327320760242596,-3.1066920382428584,map,127.11207525200007
72,120,-1.9749993290752172,-4.329066499894622,-3.0839181105805578,map,127.11207525200007
72,121,-2.0249993298202753,-4.331953428779553,-3.0521476879027185,map,127.11207525200007
72,122,-2.0749993305653334,-4.33643764201628,-3.012204620986586,map,127.11207525200007
72,123,-2.1249993313103914,-4.342943389134575,-2.9686856938228217,map,127.11207525200007
72,124,-2.1749993320554495,-4.351675936319651,-2.9289970956332567,map,127.11207525200007
72,125,-2.2249993328005075,-4.362468807773039,-2.8971082494154254,map,127.11207525200007
72,126,-2.2749993335455656,-4.374942553694025,-2.8656070678489702,map,127.11207525200007
72,127,-2.3249993342906237,-4.389103201796668,-2.8287768820480905,map,127.11207525200007
72,128,-2.3749993350356817,-4.405274952698211,-2.7898925942081916,map,127.11207525200007
72,129,-2.42499933578074,-4.423622766880105,-2.7570370706582428,map,127.11207525200007
72,130,-2.474999336525798,-4.443858003412764,-2.732895508342645,map,127.11207525200007
72,131,-2.524999337270856,-4.465512159273063,-2.719044669952881,map,127.11207525200007
72,132,-2.574999338015914,-4.487993767347056,-2.713014389496758,map,127.11207525200007
72,133,-2.624999338760972,-4.510838836156246,-2.713452052896311,map,127.11207525200007
72,134,-2.67499933950603,-4.533657458776148,-2.7159144581547627,map,127.11207525200007
72,135,-2.724999340251088,-4.556327484847122,-2.7172133131507143,map,127.11207525200007
72,136,-2.774999340996146,-4.578919263790288,-2.712999877592517,map,127.11207525200007
72,137,-2.8249993417412043,-4.60176520967495,-2.706577377211615,map,127.11207525200007
72,138,-2.8749993424862623,-4.625000471249223,-2.559530574220621,map,127.11207525200007
73,0,3.7250007558614016,-4.775000473484397,3.1415925541698915,map,128.13937321100093
73,1,3.6750007551163435,-4.775000468513402,3.1415924838396974,map,128.13937321100093
73,2,3.6250007543712854,-4.775000460025897,3.141592295250094,map,128.13937321100093
73,3,3.5750007536262274,-4.775000442108912,3.1415918613747826,map,128.13937321100093
73,4,3.5250007528811693,-4.7750004024981605,3.1415908947362055,map,128.13937321100093
73,5,3.4750007521361113,-4.77500031455548,3.1415887671613922,map,128.13937321100093
73,6,3.425000751391053,-4.775000120234057,3.141584125868867,map,128.13937321100093
73,7,3.375000750645995,-4.774999693848004,3.1415740905874703,map,128.13937321100093
73,8,3.325000749900937,-4.774998765697874,3.1415526001818392,map,128.13937321100093
73,9,3.275000749155879,-4.7749967630274455,3.141507063573289,map,128.13937321100093
73,10,3.225000748410821,-4.774992483526546,3.141411702320695,map,128.13937321100093
73,11,3.175000747665763,-4.774983435962858,3.1412146045245852,map,128.13937321100093
73,12,3.125000746920705,-4.774964533508415,3.140813199764987,map,128.13937321100093
73,13,3.075000746175647,-4.774925560808701,3.1400092536610056,map,128.13937321100093
73,14,3.0250007454305887,-4.774846390744918,3.1384295018910424,map,128.13937321100093
73,15,2.9750007446855307,-4.7746882326301385,3.1353927589514226,map,128.13937321100093
73,16,2.9250007439404726,-4.774378233921609,3.1297028032097702,map,128.13937321100093
73,17,2.8750007431954145,-4.773783713377984,3.119359199694853,map,128.13937321100093
73,18,2.8250007424503565,-4.7726718574540286,3.1012285888014675,map,128.13937321100093
73,19,2.7750007417052984,-4.7706525574120064,3.0708492242703773,map,128.13937321100093
73,20,2.7250007409602404,-4.767109473308729,3.022806368964446,map,128.13937321100093
73,21,2.6750007402151823,-4.76114206548233,2.9524824867009136,map,128.13937321100093
73,22,2.6250007394701242,-4.751572202844749,2.8599219649025716,map,128.13937321100093
73,23,2.575000738725066,-4.737104001100427,2.7545383970074964,map,128.13937321100093
73,24,2.525000737980008,-4.716723221025497,2.6553345123612395,map,128.13937321100093
73,25,2.47500073723495,-4.690293657148674,2.5822034122271136,map,128.13937321100093
73,26,2.425000736489892,-4.658988704997394,2.5445769368322644,map,128.13937321100093
73,27,2.375000735744834,-4.625000471233704,2.544576936838169,map,128.13937321100093
73,28,2.325000734999776,-4.591012237470445,2.5822034122456428,map,128.13937321100093
73,29,2.275000734254718,-4.559707285320455,2.6553345123945618,map,128.13937321100093
73,30,2.2250007335096598,-4.533277721445764,2.7545383970579014,map,128.13937321100093
73,31,2.1750007327646017,-4.512896941373772,2.8599219649704635,map,128.13937321100093
73,32,2.1250007320195436,-4.498428739633129,2.9524824867840738,map,128.13937321100093
73,33,2.0750007312744856,-4.488858876999858,3.0228063690588294,map,128.13937321100093
73,34,2.0250007305294275,-4.482891469178246,3.070849224371106,map,128.13937321100093
73,35,1.9750007297843695,-4.47934838508003,3.1012285889032642,map,128.13937321100093
73,36,1.9250007290393114,-4.477329085043106,3.119359199792362,map,128.13937321100093
73,37,1.8750007282942533,-4.476217229124028,3.1297028032978473,map,128.13937321100093
73,38,1.8250007275491953,-4.475622708584808,3.1353927590256183,map,128.13937321100093
73,39,1.7750007268041372,-4.475312709879988,3.1384295019481336,map,128.13937321100093
73,40,1.7250007260590792,-4.475154551768063,3.1400092536992505,map,128.13937321100093
73,41,1.675000725314021,-4.475075381706192,3.1408131997845445,map,128.13937321100093
73,42,1.625000724568963,-4.475036409007457,3.1412146045276406,map,128.13937321100093
73,43,1.575000723823905,-4.475017506553167,3.1414117023120443,map,128.13937321100093
73,44,1.525000723078847,-4.475008458989046,3.1415070635615296,map,128.13937321100093
73,45,1.4750007223337889,-4.475004179487558,3.141552600182905,map,128.13937321100093
73,46,1.4250007215887308,-4.475002176817183,3.141574090633158,map,128.13937321100093
73,47,1.3750007208436728,-4.475001248669337,3.1415841260278508,map,128.13937321100093
73,48,1.3250007200986147,-4.475000822291234,3.1415887675877534,map,128.13937321100093
73,49,1.2750007193535566,-4.475000627991129,3.1415908957818046,map,128.13937321100093
73,50,1.2250007186084986,-4.475000540100728,3.141591863846885,map,128.13937321100093
73,51,1.1750007178634405,-4.475000500613582,3.1415923009977806,map,128.13937321100093
73,52,1.1250007171183825,-4.475000482983981,3.1415924970829705,map,128.13937321100093
73,53,1.0750007163733244,-4.47500047515864,3.141592584494505,map,128.13937321100093
73,54,1.0250007156282663,-4.475000471703876,3.141592623238321,map,128.13937321100093
73,55,0.9750007148832083,-4.475000470186302,3.141592640319733,map,128.13937321100093
73,56,0.9250007141381502,-4.475000469522799,3.1415926478133294,map,128.13937321100093
73,57,0.8750007133930922,-4.475000469233976,3.141592651085592,map,128.13937321100093
73,58,0.8250007126480341,-4.475000469108766,3.141592652508276,map,128.13937321100093
73,59,0.775000711902976,-4.47500046905469,3.1415926531241922,map,128.13937321100093
73,60,0.725000711157918,-4.47500046903141,3.141592653389509,map,128.13937321100093
73,61,0.6750007104128599,-4.475000469021396,3.1415926535026095,map,128.13937321100093
73,62,0.6250007096678019,-4.475000469017036,3.141592653548937,map,128.13937321100093
73,63,0.5750007089227438,-4.475000469014994,3.1415926535636096,map,128.13937321100093
73,64,0.5250007081776857,-4.475000469013684,3.141592653557943,map,128.13937321100093
73,65,0.4750007074326277,-4.475000469012092,3.1415926535275673,map,128.13937321100093
73,66,0.4250007066875696,-4.475000469008981,3.1415926534494076,map,128.13937321100093
73,67,0.37500070594251156,-4.475000469001961,3.14159265326456,map,128.13937321100093
73,68,0.3250007051974535,-4.4750004689857,3.1415926528350724,map,128.13937321100093
73,69,0.27500070445239544,-4.475000468947964,3.1415926518434034,map,128.13937321100093
73,70,0.22500070370733738,-4.475000468860644,3.1415926495646573,map,128.13937321100093
73,71,0.17500070296227932,-4.475000468659387,3.1415926443521873,map,128.13937321100093
73,72,0.12500070221722126,-4.475000468197507,3.141592632486319,map,128.13937321100093
73,73,0.0750007014721632,-4.475000467142333,3.1415926056122077,map,128.13937321100093
73,74,0.02500070072710514,-4.475000464743454,3.1415925450793853,map,128.13937321100093
73,75,-0.02499930001795292,-4.4750004593179336,3.1415924095321692,map,128.13937321100093
73,76,-0.07499930076301098,-4.475000447115052,3.1415921079337834,map,128.13937321100093
73,77,-0.12499930150806904,-4.475000419832251,3.1415914414720274,map,128.13937321100093
73,78,-0.1749993022531271,-4.475000359226362,3.141589979743622,map,128.13937321100093
73,79,-0.22499930299818516,-4.4750002255340515,3.1415867999141853,map,128.13937321100093
73,80,-0.2749993037432432,-4.474999932850267,3.141579944348271,map,128.13937321100093
73,81,-0.3249993044883013,-4.474999297388181,3.1415653094599585,map,128.13937321100093
73,82,-0.37499930523335934,-4.474997930181669,3.1415344077193477,map,128.13937321100093
73,83,-0.4249993059784174,-4.4749950178881,3.1414699481987114,map,128.13937321100093
73,84,-0.47499930672347546,-4.474988882618423,3.1413373099121533,map,128.13937321100093
73,85,-0.5249993074685335,-4.474976115434074,3.1410685433527026,map,128.13937321100093
73,86,-0.5749993082135916,-4.474949909919429,3.140533363050689,map,128.13937321100093
73,87,-0.6249993089586496,-4.474896945371874,3.1394887854542635,map,128.13937321100093
73,88,-0.6749993097037077,-4.474791751808326,3.13749657383095,map,128.13937321100093
73,89,-0.7249993104487658,-4.474586946671932,3.1337985037940532,map,128.13937321100093
73,90,-0.7749993111938238,-4.474197231284729,3.127150848106708,map,128.13937321100093
73,91,-0.8249993119388819,-4.473475090794527,3.115655283092182,map,128.13937321100093
73,92,-0.8749993126839399,-4.472177931350485,3.0967043397611,map,128.13937321100093
73,93,-0.924999313428998,-4.469932006939777,3.0672999839107153,map,128.13937321100093
73,94,-0.974999314174056,-4.466210524094711,3.025154176248011,map,128.13937321100093
73,95,-1.0249993149191141,-4.460362145606418,2.970874330029772,map,128.13937321100093
73,96,-1.0749993156641722,-4.451742325316976,2.9105731097313554,map,128.13937321100093
73,97,-1.1249993164092302,-4.439981372244656,2.8562277138437837,map,128.13937321100093
73,98,-1.1749993171542883,-4.425312776548062,2.820388395266765,map,128.13937321100093
73,99,-1.2249993178993464,-4.408676453892731,2.807560167641332,map,128.13937321100093
73,100,-1.2749993186444044,-4.391324617918411,2.8203900290608104,map,128.13937321100093
73,101,-1.3249993193894625,-4.374688385996347,2.856232113123005,map,128.13937321100093
73,102,-1.3749993201345205,-4.360020029195065,2.910583263739753,map,128.13937321100093
73,103,-1.4249993208795786,-4.348259611911944,2.9708968315334983,map,128.13937321100093
73,104,-1.4749993216246367,-4.339640950131031,3.0252028321796995,map,128.13937321100093
73,105,-1.5249993223696947,-4.333795037709419,3.067403107956408,map,128.13937321100093
73,106,-1.5749993231147528,-4.330078739591132,3.09691915079375,map,128.13937321100093
73,107,-1.6249993238598108,-4.327843577299433,3.1160955309731766,map,128.13937321100093
73,108,-1.6749993246048689,-4.326568444815033,3.128038196548186,map,128.13937321100093
73,109,-1.724999325349927,-4.325890680445308,3.135554745691533,map,128.13937321100093
73,110,-1.774999326094985,-4.325588781377177,3.1409019477686475,map,128.13937321100093
73,111,-1.824999326840043,-4.325554246080113,-3.137246884917604,map,128.13937321100093
73,112,-1.8749993275851011,-4.3257715358848525,-3.130765005070307,map,128.13937321100093
73,113,-1.9249993283301592,-4.326312939476746,-3.1208969382359526,map,128.13937321100093
73,114,-1.9749993290752172,-4.327347873022448,-3.105372076114418,map,128.13937321100093
73,115,-2.0249993298202753,-4.329159694320222,-3.0817829380434754,map,128.13937321100093
73,116,-2.0749993305653334,-4.3321537511091766,-3.048379287775838,map,128.13937321100093
73,117,-2.1249993313103914,-4.336827964980698,-3.0055656482550153,map,128.13937321100093
73,118,-2.1749993320554495,-4.343671577419039,-2.957378838698677,map,128.13937321100093
73,119,-2.2249993328005075,-4.352987889660609,-2.910624966954348,map,128.13937321100093
73,120,-2.2749993335455656,-4.364746106447278,-2.868921699371049,map,128.13937321100093
73,121,-2.3249993342906237,-4.378727896958055,-2.825540293674499,map,128.13937321100093
73,122,-2.3749993350356817,-4.39507859424063,-2.7773365714355243,map,128.13937321100093
73,123,-2.42499933578074,-4.4141420824192865,-2.7319203100051017,map,128.13937321100093
73,124,-2.474999336525798,-4.435854168139732,-2.701516178108649,map,128.13937321100093
73,125,-2.524999337270856,-4.459397866276199,-2.688974452010071,map,128.13937321100093
73,126,-2.574999338015914,-4.483712281672451,-2.688595135695384,map,128.13937321100093
73,127,-2.624999338760972,-4.50805015217852,-2.6957133123856147,map,128.13937321100093
73,128,-2.67499933950603,-4.531949300065123,-2.704006488435238,map,128.13937321100093
73,129,-2.724999340251088,-4.555341052679148,-2.7095758908203913,map,128.13937321100093
73,130,-2.774999340996146,-4.578394265104003,-2.7080434113309875,map,128.13937321100093
73,131,-2.8249993417412043,-4.6015404560159405,-2.7028869784271086,map,128.13937321100093
73,132,-2.8749993424862623,-4.625000471249223,-2.559530574220621,map,128.13937321100093
74,0,3.375000750645995,-4.725000472739339,3.1415925541713836,map,129.17400572800034
74,1,3.325000749900937,-4.725000467768418,3.141592483841296,map,129.17400572800034
74,2,3.275000749155879,-4.725000459280993,3.1415922952519413,map,129.17400572800034
74,3,3.225000748410821,-4.7250004413641005,3.141591861376932,map,129.17400572800034
74,4,3.175000747665763,-4.725000401753457,3.1415908947386924,map,129.17400572800034
74,5,3.125000746920705,-4.7250003138109005,3.141588767164199,map,129.17400572800034
74,6,3.075000746175647,-4.725000119489618,3.141584125871922,map,129.17400572800034
74,7,3.0250007454305887,-4.724999693103718,3.141574090590561,map,129.17400572800034
74,8,2.9750007446855307,-4.724998764953742,3.1415526001847702,map,129.17400572800034
74,9,2.9250007439404726,-4.72499676228346,3.141507063575776,map,129.17400572800034
74,10,2.8750007431954145,-4.724992482782685,3.141411702322436,map,129.17400572800034
74,11,2.8250007424503565,-4.724983435219084,3.1412146045252958,map,129.17400572800034
74,12,2.7750007417052984,-4.724964532764677,3.1408131997644717,map,129.17400572800034
74,13,2.7250007409602404,-4.724925560064937,3.1400092536591226,map,129.17400572800034
74,14,2.6750007402151823,-4.72484639000106,3.1384295018877917,map,129.17400572800034
74,15,2.6250007394701242,-4.724688231886118,3.1353927589469466,map,129.17400572800034
74,16,2.575000738725066,-4.724378233177364,3.1297028032043355,map,129.17400572800034
74,17,2.525000737980008,-4.723783712633468,3.1193591996887804,map,129.17400572800034
74,18,2.47500073723495,-4.7226718567092085,3.1012285887951894,map,129.17400572800034
74,19,2.425000736489892,-4.720652556666872,3.070849224264333,map,129.17400572800034
74,20,2.375000735744834,-4.7171094725632905,3.022806368959069,map,129.17400572800034
74,21,2.325000734999776,-4.711142064736619,2.952482486696527,map,129.17400572800034
74,22,2.275000734254718,-4.701572202098811,2.8599219648994083,map,129.17400572800034
74,23,2.2250007335096598,-4.687104000354317,2.754538397005592,map,129.17400572800034
74,24,2.1750007327646017,-4.666723220279276,2.6553345123604344,map,129.17400572800034
74,25,2.1250007320195436,-4.6402936564024015,2.5822034122271647,map,129.17400572800034
74,26,2.0750007312744856,-4.608988704251125,2.5445769368329447,map,129.17400572800034
74,27,2.0250007305294275,-4.575000470487485,2.544576936839335,map,129.17400572800034
74,28,1.9750007297843695,-4.5410122367243115,2.5822034122471993,map,129.17400572800034
74,29,1.9250007290393114,-4.5097072845744295,2.655334512396464,map,129.17400572800034
74,30,1.8750007282942533,-4.48327772069986,2.754538397060034,map,129.17400572800034
74,31,1.8250007275491953,-4.462896940627993,2.859921964972693,map,129.17400572800034
74,32,1.7750007268041372,-4.44842873888747,2.952482486786233,map,129.17400572800034
74,33,1.7250007260590792,-4.4388588762543115,3.0228063690608087,map,129.17400572800034
74,34,1.675000725314021,-4.4328914684328,3.070849224372803,map,129.17400572800034
74,35,1.625000724568963,-4.429348384334669,3.1012285889047004,map,129.17400572800034
74,36,1.575000723823905,-4.427329084297817,3.1193591997934984,map,129.17400572800034
74,37,1.525000723078847,-4.426217228378796,3.129702803298771,map,129.17400572800034
74,38,1.4750007223337889,-4.425622707839622,3.135392759026329,map,129.17400572800034
74,39,1.4250007215887308,-4.425312709134838,3.1384295019486665,map,129.17400572800034
74,40,1.3750007208436728,-4.425154551022939,3.1400092536996413,map,129.17400572800034
74,41,1.3250007200986147,-4.425075380961088,3.1408131997848288,map,129.17400572800034
74,42,1.2750007193535566,-4.4250364082623665,3.1412146045278537,map,129.17400572800034
74,43,1.2250007186084986,-4.425017505808087,3.1414117023121864,map,129.17400572800034
74,44,1.1750007178634405,-4.4250084582439735,3.1415070635616185,map,129.17400572800034
74,45,1.1250007171183825,-4.4250041787424905,3.1415526001829583,map,129.17400572800034
74,46,1.0750007163733244,-4.425002176072118,3.1415740906332115,map,129.17400572800034
74,47,1.0250007156282663,-4.425001247924275,3.141584126027904,map,129.17400572800034
74,48,0.9750007148832083,-4.425000821546174,3.1415887675877534,map,129.17400572800034
74,49,0.9250007141381502,-4.425000627246069,3.1415908957818046,map,129.17400572800034
74,50,0.8750007133930922,-4.425000539355668,3.141591863846885,map,129.17400572800034
74,51,0.8250007126480341,-4.425000499868522,3.141592300997763,map,129.17400572800034
74,52,0.775000711902976,-4.425000482238921,3.141592497082917,map,129.17400572800034
74,53,0.725000711157918,-4.425000474413577,3.1415925844943984,map,129.17400572800034
74,54,0.6750007104128599,-4.425000470958807,3.1415926232380014,map,129.17400572800034
74,55,0.6250007096678019,-4.425000469441217,3.141592640318969,map,129.17400572800034
74,56,0.5750007089227438,-4.425000468777676,3.1415926478115175,map,129.17400572800034
74,57,0.5250007081776857,-4.425000468488762,3.1415926510812575,map,129.17400572800034
74,58,0.4750007074326277,-4.4250004683633355,3.1415926524979554,map,129.17400572800034
74,59,0.4250007066875696,-4.425000468308744,3.141592653099874,map,129.17400572800034
74,60,0.37500070594251156,-4.425000468284248,3.141592653332399,map,129.17400572800034
74,61,0.3250007051974535,-4.425000468271378,3.1415926533690985,map,129.17400572800034
74,62,0.27500070445239544,-4.425000468260343,3.141592653237648,map,129.17400572800034
74,63,0.22500070370733738,-4.425000468242736,3.1415926528407745,map,129.17400572800034
74,64,0.17500070296227932,-4.425000468205285,3.1415926518860715,map,129.17400572800034
74,65,0.12500070221722126,-4.425000468120099,3.141592649676639,map,129.17400572800034
74,66,0.0750007014721632,-4.425000467924441,3.14159264461809,map,129.17400572800034
74,67,0.02500070072710514,-4.425000467475856,3.1415926331052018,map,129.17400572800034
74,68,-0.02499930001795292,-4.4250004664516265,3.1415926070428855,map,129.17400572800034
74,69,-0.07499930076301098,-4.425000464124281,3.1415925483713654,map,129.17400572800034
74,70,-0.12499930150806904,-4.42500045886336,3.141592417073177,map,129.17400572800034
74,71,-0.1749993022531271,-4.425000447037529,3.1415921251276027,map,129.17400572800034
74,72,-0.22499930299818516,-4.425000420614419,3.1415914804798817,map,129.17400572800034
74,73,-0.2749993037432432,-4.425000361958922,3.141590067770806,map,129.17400572800034
74,74,-0.3249993044883013,-4.425000232667971,3.1415869974260557,map,129.17400572800034
74,75,-0.37499930523335934,-4.42499994985978,3.1415803847869896,map,129.17400572800034
74,76,-0.4249993059784174,-4.4249993364196305,3.141566285062671,map,129.17400572800034
74,77,-0.47499930672347546,-4.424998017993254,3.141536553106359,map,129.17400572800034
74,78,-0.5249993074685335,-4.424995212969038,3.141474628771481,map,129.17400572800034
74,79,-0.5749993082135916,-4.424989311728007,3.1413474333514633,map,129.17400572800034
74,80,-0.6249993089586496,-4.424977050715662,3.141090231355352,map,129.17400572800034
74,81,-0.6749993097037077,-4.424951929601452,3.140579340170034,map,129.17400572800034
74,82,-0.7249993104487658,-4.424901263912368,3.1395851221497324,map,129.17400572800034
74,83,-0.7749993111938238,-4.424800887204023,3.1376958144033718,map,129.17400572800034
74,84,-0.8249993119388819,-4.424606044255545,3.1342045671413685,map,129.17400572800034
74,85,-0.8749993126839399,-4.424236633206306,3.127964761374123,map,129.17400572800034
74,86,-0.924999313428998,-4.423555196399491,3.1172557267928576,map,129.17400572800034
74,87,-0.974999314174056,-4.422338109744225,3.0997813520971396,map,129.17400572800034
74,88,-1.0249993149191141,-4.420246325554487,3.0730573139846844,map,129.17400572800034
74,89,-1.0749993156641722,-4.4168141831425904,3.035570167769256,map,129.17400572800034
74,90,-1.1249993164092302,-4.411493106152484,2.9889481076769324,map,129.17400572800034
74,91,-1.1749993171542883,-4.4038010431292385,2.940422164863785,map,129.17400572800034
74,92,-1.2249993178993464,-4.393604597429023,2.9029456903461868,map,129.17400572800034
74,93,-1.2749993186444044,-4.381440441675591,2.8894808403392758,map,129.17400572800034
74,94,-1.3249993193894625,-4.368560809451468,2.9029496026372197,map,129.17400572800034
74,95,-1.3749993201345205,-4.356396860890167,2.9404325834655594,map,129.17400572800034
74,96,-1.4249993208795786,-4.346200957782816,2.98897170368117,map,129.17400572800034
74,97,-1.4749993216246367,-4.338510102477905,3.0356213475280347,map,129.17400572800034
74,98,-1.5249993223696947,-4.333191613443613,3.07316586472058,map,129.17400572800034
74,99,-1.5749993231147528,-4.329764924101669,3.100007658464118,map,129.17400572800034
74,100,-1.6249993238598108,-4.327684474927672,3.1177200766441415,map,129.17400572800034
74,101,-1.6749993246048689,-4.326490619261232,3.128902034925254,map,129.17400572800034
74,102,-1.724999325349927,-4.325856054252238,3.1360627541871366,map,129.17400572800034
74,103,-1.774999326094985,-4.325579556459565,3.1413059452841057,map,129.17400572800034
74,104,-1.824999326840043,-4.325565221043674,-3.1367470407322373,map,129.17400572800034
74,105,-1.8749993275851011,-4.325807503586427,-3.129941209707998,map,129.17400572800034
74,106,-1.9249993283301592,-4.326390102153215,-3.1194143670827605,map,129.17400572800034
74,107,-1.9749993290752172,-4.327499198347132,-3.102702537887169,map,129.17400572800034
74,108,-2.0249993298202753,-4.329444685071508,-3.077120041184208,map,129.17400572800034
74,109,-2.0749993305653334,-4.332672789753127,-3.040607437900126,map,129.17400572800034
74,110,-2.1249993313103914,-4.337739285063086,-2.9934029925354233,map,129.17400572800034
74,111,-2.1749993320554495,-4.345203486778699,-2.9398687431051274,map,129.17400572800034
74,112,-2.2249993328005075,-4.3554287575809365,-2.8881087655869746,map,129.17400572800034
74,113,-2.2749993335455656,-4.368381571585036,-2.8444722196268373,map,129.17400572800034
74,114,-2.3249993342906237,-4.383690768825245,-2.8062780750995184,map,129.17400572800034
74,115,-2.3749993350356817,-4.4011144618461815,-2.7731132864895343,map,129.17400572800034
74,116,-2.42499933578074,-4.420420202027465,-2.7486882052025283,map,129.17400572800034
74,117,-2.474999336525798,-4.441142911580606,-2.7328706158141784,map,129.17400572800034
74,118,-2.524999337270856,-4.4627985455266375,-2.725365127083843,map,129.17400572800034
74,119,-2.574999338015914,-4.484901312267166,-2.721624331771318,map,129.17400572800034
74,120,-2.624999338760972,-4.507228040157591,-2.717819136218131,map,129.17400572800034
74,121,-2.67499933950603,-4.529783353822054,-2.708810383378178,map,129.17400572800034
74,122,-2.724999340251088,-4.552882994603176,-2.697234848370424,map,129.17400572800034
74,123,-2.774999340996146,-4.576688752445265,-2.691369074693071,map,129.17400572800034
74,124,-2.8249993417412043,-4.600855295040031,-2.6917155372664423,map,129.17400572800034
74,125,-2.8749993424862623,-4.625000471249223,-2.559530574220621,map,129.17400572800034
75,0,3.075000746175647,-4.725000472739339,3.1415925541713836,map,130.19528209800046
75,1,3.0250007454305887,-4.725000467768418,3.141592483841296,map,130.19528209800046
75,2,2.9750007446855307,-4.725000459280993,3.1415922952519413,map,130.19528209800046
75,3,2.9250007439404726,-4.7250004413641005,3.141591861376932,map,130.19528209800046
75,4,2.8750007431954145,-4.725000401753457,3.1415908947386924,map,130.19528209800046
75,5,2.8250007424503565,-4.7250003138109005,3.141588767164199,map,130.19528209800046
75,6,2.7750007417052984,-4.725000119489618,3.141584125871922,map,130.19528209800046
75,7,2.7250007409602404,-4.724999693103718,3.141574090590561,map,130.19528209800046
75,8,2.6750007402151823,-4.724998764953742,3.1415526001847702,map,130.19528209800046
75,9,2.6250007394701242,-4.72499676228346,3.141507063575776,map,130.19528209800046
75,10,2.575000738725066,-4.724992482782685,3.141411702322436,map,130.19528209800046
75,11,2.525000737980008,-4.724983435219084,3.1412146045252958,map,130.19528209800046
75,12,2.47500073723495,-4.724964532764677,3.1408131997644717,map,130.19528209800046
75,13,2.425000736489892,-4.724925560064937,3.1400092536591226,map,130.19528209800046
75,14,2.375000735744834,-4.72484639000106,3.1384295018877917,map,130.19528209800046
75,15,2.325000734999776,-4.724688231886118,3.1353927589469466,map,130.19528209800046
75,16,2.275000734254718,-4.724378233177364,3.1297028032043355,map,130.19528209800046
75,17,2.2250007335096598,-4.723783712633468,3.1193591996887804,map,130.19528209800046
75,18,2.1750007327646017,-4.7226718567092085,3.1012285887951894,map,130.19528209800046
75,19,2.1250007320195436,-4.720652556666872,3.070849224264333,map,130.19528209800046
75,20,2.0750007312744856,-4.7171094725632905,3.022806368959069,map,130.19528209800046
75,21,2.0250007305294275,-4.711142064736619,2.952482486696527,map,130.19528209800046
75,22,1.9750007297843695,-4.701572202098811,2.8599219648994083,map,130.19528209800046
75,23,1.9250007290393114,-4.687104000354317,2.754538397005592,map,130.19528209800046
75,24,1.8750007282942533,-4.666723220279276,2.6553345123604344,map,130.19528209800046
75,25,1.8250007275491953,-4.6402936564024015,2.5822034122271647,map,130.19528209800046
75,26,1.7750007268041372,-4.608988704251125,2.5445769368329447,map,130.19528209800046
75,27,1.7250007260590792,-4.575000470487485,2.544576936839335,map,130.19528209800046
75,28,1.675000725314021,-4.5410122367243115,2.5822034122471993,map,130.19528209800046
75,29,1.625000724568963,-4.5097072845744295,2.655334512396464,map,130.19528209800046
75,30,1.575000723823905,-4.48327772069986,2.754538397060034,map,130.19528209800046
75,31,1.525000723078847,-4.462896940627993,2.859921964972693,map,130.19528209800046
75,32,1.4750007223337889,-4.44842873888747,2.952482486786233,map,130.19528209800046
75,33,1.4250007215887308,-4.4388588762543115,3.0228063690608087,map,130.19528209800046
75,34,1.3750007208436728,-4.4328914684328,3.070849224372803,map,130.19528209800046
75,35,1.3250007200986147,-4.429348384334669,3.1012285889047004,map,130.19528209800046
75,36,1.2750007193535566,-4.427329084297817,3.1193591997934984,map,130.19528209800046
75,37,1.2250007186084986,-4.426217228378796,3.129702803298771,map,130.19528209800046
75,38,1.1750007178634405,-4.425622707839622,3.135392759026329,map,130.19528209800046
75,39,1.1250007171183825,-4.425312709134838,3.1384295019486665,map,130.19528209800046
75,40,1.0750007163733244,-4.425154551022939,3.1400092536996413,map,130.19528209800046
75,41,1.0250007156282663,-4.425075380961088,3.1408131997848288,map,130.19528209800046
75,42,0.9750007148832083,-4.4250364082623665,3.1412146045278537,map,130.19528209800046
75,43,0.9250007141381502,-4.425017505808087,3.1414117023121864,map,130.19528209800046
75,44,0.8750007133930922,-4.4250084582439735,3.1415070635616185,map,130.19528209800046
75,45,0.8250007126480341,-4.4250041787424905,3.1415526001829406,map,130.19528209800046
75,46,0.775000711902976,-4.425002176072117,3.141574090633158,map,130.19528209800046
75,47,0.725000711157918,-4.425001247924271,3.141584126027744,map,130.19528209800046
75,48,0.6750007104128599,-4.4250008215461625,3.1415887675874337,map,130.19528209800046
75,49,0.6250007096678019,-4.425000627246042,3.141590895781023,map,130.19528209800046
75,50,0.5750007089227438,-4.425000539355602,3.14159186384502,map,130.19528209800046
75,51,0.5250007081776857,-4.4250004998683625,3.1415923009933753,map,130.19528209800046
75,52,0.4750007074326277,-4.425000482238541,3.1415924970725433,map,130.19528209800046
75,53,0.4250007066875696,-4.425000474412679,3.1415925844698847,map,130.19528209800046
75,54,0.37500070594251156,-4.425000470956683,3.141592623180465,map,130.19528209800046
75,55,0.3250007051974535,-4.425000469436217,3.1415926401843035,map,130.19528209800046
75,56,0.27500070445239544,-4.425000468765942,3.141592647497564,map,130.19528209800046
75,57,0.22500070370733738,-4.425000468461331,3.1415926503520986,map,130.19528209800046
75,58,0.17500070296227932,-4.425000468299446,3.1415926508112157,map,130.19528209800046
75,59,0.12500070221722126,-4.425000468160517,3.141592649214129,map,130.19528209800046
75,60,0.0750007014721632,-4.425000467941734,3.141592644419742,map,130.19528209800046
75,61,0.02500070072710514,-4.4250004674832315,3.141592633020434,map,130.19528209800046
75,62,-0.02499930001795292,-4.4250004664547635,3.1415926070067544,map,130.19528209800046
75,63,-0.07499930076301098,-4.4250004641256115,3.1415925483560176,map,130.19528209800046
75,64,-0.12499930150806904,-4.425000458863923,3.141592417066658,map,130.19528209800046
75,65,-0.1749993022531271,-4.425000447037766,3.1415921251248493,map,130.19528209800046
75,66,-0.22499930299818516,-4.425000420614518,3.141591480478727,map,130.19528209800046
75,67,-0.2749993037432432,-4.425000361958964,3.1415900677703266,map,130.19528209800046
75,68,-0.3249993044883013,-4.425000232667989,3.1415869974258426,map,130.19528209800046
75,69,-0.37499930523335934,-4.424999949859787,3.141580384786901,map,130.19528209800046
75,70,-0.4249993059784174,-4.424999336419633,3.1415662850626354,map,130.19528209800046
75,71,-0.47499930672347546,-4.424998017993255,3.141536553106341,map,130.19528209800046
75,72,-0.5249993074685335,-4.424995212969038,3.141474628771481,map,130.19528209800046
75,73,-0.5749993082135916,-4.424989311728007,3.141347433351481,map,130.19528209800046
75,74,-0.6249993089586496,-4.424977050715663,3.141090231355352,map,130.19528209800046
75,75,-0.6749993097037077,-4.424951929601453,3.140579340170034,map,130.19528209800046
75,76,-0.7249993104487658,-4.424901263912369,3.1395851221498035,map,130.19528209800046
75,77,-0.7749993111938238,-4.424800887204028,3.137695814403514,map,130.19528209800046
75,78,-0.8249993119388819,-4.424606044255556,3.134204567141706,map,130.19528209800046
75,79,-0.8749993126839399,-4.424236633206334,3.1279647613749044,map,130.19528209800046
75,80,-0.924999313428998,-4.423555196399558,3.1172557267947036,map,130.19528209800046
75,81,-0.974999314174056,-4.422338109744385,3.0997813521014663,map,130.19528209800046
75,82,-1.0249993149191141,-4.420246325554864,3.07305731399478,map,130.19528209800046
75,83,-1.0749993156641722,-4.416814183143474,3.035570167792775,map,130.19528209800046
75,84,-1.1249993164092302,-4.411493106154557,2.988948107730952,map,130.19528209800046
75,85,-1.1749993171542883,-4.403801043134076,2.9404221649869857,map,130.19528209800046
75,86,-1.2249993178993464,-4.3936045974402775,2.902945690626094,map,130.19528209800046
75,87,-1.2749993186444044,-4.381440441701669,2.8894808409789516,map,130.19528209800046
75,88,-1.3249993193894625,-4.368560809511652,2.902949604112228,map,130.19528209800046
75,89,-1.3749993201345205,-4.3563968610284665,2.940432586884882,map,130.19528209800046
75,90,-1.4249993208795786,-4.346200958099191,2.9889717115725514,map,130.19528209800046
75,91,-1.4749993216246367,-4.338510103198184,3.0356213655481628,map,130.19528209800046
75,92,-1.5249993223696947,-4.333191615075092,3.0731659054046525,map,130.19528209800046
75,93,-1.5749993231147528,-4.329764927776907,3.1000077494143445,map,130.19528209800046
75,94,-1.6249993238598108,-4.327684483158294,3.117720278227676,map,130.19528209800046
75,95,-1.6749993246048689,-4.326490637576778,3.1289024780971415,map,130.19528209800046
75,96,-1.724999325349927,-4.325856094729947,3.136063720379421,map,130.19528209800046
75,97,-1.774999326094985,-4.325579645248366,3.1413080329717222,map,130.19528209800046
75,98,-1.824999326840043,-4.325565414216866,-3.136742573857005,map,130.19528209800046
75,99,-1.8749993275851011,-4.325807920108633,-3.129931755953178,map,130.19528209800046
75,100,-1.9249993283301592,-4.326390991427397,-3.1193946037161617,map,130.19528209800046
75,101,-1.9749993290752172,-4.327501076276309,-3.1026618043507903,map,130.19528209800046
75,102,-2.0249993298202753,-4.32944860276423,-3.0770374953922097,map,130.19528209800046
75,103,-2.0749993305653334,-4.33268085196124,-3.0404436109523796,map,130.19528209800046
75,104,-2.1249993313103914,-4.337755622862867,-2.9930861439328127,map,130.19528209800046
75,105,-2.1749993320554495,-4.345236020835481,-2.939274346342144,map,130.19528209800046
75,106,-2.2249993328005075,-4.355492258201049,-2.887029542955115,map,130.19528209800046
75,107,-2.2749993335455656,-4.368502670803207,-2.8425779233522492,map,130.19528209800046
75,108,-2.3249993342906237,-4.383915522484254,-2.8030866975654476,map,130.19528209800046
75,109,-2.3749993350356817,-4.401518361314299,-2.7680014781312647,map,130.19528209800046
75,110,-2.42499933578074,-4.421118379916327,-2.7409905375249455,map,130.19528209800046
75,111,-2.474999336525798,-4.442293537548574,-2.7222215579222975,map,130.19528209800046
75,112,-2.524999337270856,-4.46458445953661,-2.7124015576236844,map,130.19528209800046
75,113,-2.574999338015914,-4.487466577022612,-2.709082146711689,map,130.19528209800046
75,114,-2.624999338760972,-4.51054973148395,-2.7112119573338824,map,130.19528209800046
75,115,-2.67499933950603,-4.533503825491199,-2.714676816557908,map,130.19528209800046
75,116,-2.724999340251088,-4.556248496792782,-2.716539463100863,map,130.19528209800046
75,117,-2.774999340996146,-4.578880859107376,-2.712620761825365,map,130.19528209800046
75,118,-2.8249993417412043,-4.60174972224433,-2.706322669619093,map,130.19528209800046
75,119,-2.8749993424862623,-4.625000471249223,-2.559530574220621,map,130.19528209800046
76,0,2.7750007417052984,-4.675000471994281,3.1415925541713836,map,131.23733130800247
76,1,2.7250007409602404,-4.67500046702336,3.141592483841296,map,131.23733130800247
76,2,2.6750007402151823,-4.675000458535935,3.1415922952519413,map,131.23733130800247
76,3,2.6250007394701242,-4.675000440619042,3.141591861376932,map,131.23733130800247
76,4,2.575000738725066,-4.675000401008399,3.1415908947386924,map,131.23733130800247
76,5,2.525000737980008,-4.675000313065842,3.141588767164199,map,131.23733130800247
76,6,2.47500073723495,-4.67500011874456,3.141584125871922,map,131.23733130800247
76,7,2.425000736489892,-4.67499969235866,3.141574090590561,map,131.23733130800247
76,8,2.375000735744834,-4.674998764208684,3.1415526001847702,map,131.23733130800247
76,9,2.325000734999776,-4.674996761538402,3.141507063575776,map,131.23733130800247
76,10,2.275000734254718,-4.674992482037627,3.141411702322436,map,131.23733130800247
76,11,2.2250007335096598,-4.674983434474026,3.1412146045252958,map,131.23733130800247
76,12,2.1750007327646017,-4.674964532019619,3.1408131997644717,map,131.23733130800247
76,13,2.1250007320195436,-4.674925559319879,3.1400092536591226,map,131.23733130800247
76,14,2.0750007312744856,-4.674846389256002,3.1384295018877917,map,131.23733130800247
76,15,2.0250007305294275,-4.67468823114106,3.1353927589469466,map,131.23733130800247
76,16,1.9750007297843695,-4.674378232432306,3.1297028032043355,map,131.23733130800247
76,17,1.9250007290393114,-4.67378371188841,3.1193591996887804,map,131.23733130800247
76,18,1.8750007282942533,-4.6726718559641505,3.1012285887951894,map,131.23733130800247
76,19,1.8250007275491953,-4.670652555921814,3.070849224264333,map,131.23733130800247
76,20,1.7750007268041372,-4.667109471818232,3.022806368959069,map,131.23733130800247
76,21,1.7250007260590792,-4.661142063991561,2.952482486696527,map,131.23733130800247
76,22,1.675000725314021,-4.651572201353753,2.8599219648994083,map,131.23733130800247
76,23,1.625000724568963,-4.637103999609259,2.754538397005592,map,131.23733130800247
76,24,1.575000723823905,-4.616723219534218,2.6553345123604344,map,131.23733130800247
76,25,1.525000723078847,-4.5902936556573435,2.5822034122271647,map,131.23733130800247
76,26,1.4750007223337889,-4.558988703506067,2.5445769368329447,map,131.23733130800247
76,27,1.4250007215887308,-4.525000469742427,2.544576936839335,map,131.23733130800247
76,28,1.3750007208436728,-4.4910122359792535,2.5822034122471993,map,131.23733130800247
76,29,1.3250007200986147,-4.459707283829371,2.655334512396464,map,131.23733130800247
76,30,1.2750007193535566,-4.433277719954802,2.754538397060034,map,131.23733130800247
76,31,1.2250007186084986,-4.412896939882935,2.859921964972693,map,131.23733130800247
76,32,1.1750007178634405,-4.398428738142412,2.952482486786233,map,131.23733130800247
76,33,1.1250007171183825,-4.3888588755092535,3.0228063690608087,map,131.23733130800247
76,34,1.0750007163733244,-4.382891467687742,3.070849224372803,map,131.23733130800247
76,35,1.0250007156282663,-4.379348383589611,3.1012285889047004,map,131.23733130800247
76,36,0.9750007148832083,-4.377329083552759,3.1193591997934984,map,131.23733130800247
76,37,0.9250007141381502,-4.376217227633738,3.129702803298771,map,131.23733130800247
76,38,0.8750007133930922,-4.375622707094564,3.135392759026329,map,131.23733130800247
76,39,0.8250007126480341,-4.37531270838978,3.1384295019486665,map,131.23733130800247
76,40,0.775000711902976,-4.375154550277881,3.1400092536996413,map,131.23733130800247
76,41,0.725000711157918,-4.37507538021603,3.1408131997847932,map,131.23733130800247
76,42,0.6750007104128599,-4.375036407517307,3.1412146045278004,map,131.23733130800247
76,43,0.6250007096678019,-4.375017505063025,3.141411702312062,map,131.23733130800247
76,44,0.5750007089227438,-4.375008457498905,3.141507063561352,map,131.23733130800247
76,45,0.5250007081776857,-4.3750041779974085,3.141552600182301,map,131.23733130800247
76,46,0.4750007074326277,-4.375002175327003,3.1415740906316483,map,131.23733130800247
76,47,0.4250007066875696,-4.375001247179082,3.141584126024138,map,131.23733130800247
76,48,0.37500070594251156,-4.375000820800793,3.1415887675788894,map,131.23733130800247
76,49,0.3250007051974535,-4.375000626500245,3.1415908957609324,map,131.23733130800247
76,50,0.27500070445239544,-4.3750005386088,3.1415918637978932,map,131.23733130800247
76,51,0.22500070370733738,-4.375000499119205,3.141592300883241,map,131.23733130800247
76,52,0.17500070296227932,-4.375000481483877,3.1415924968161795,map,131.23733130800247
76,53,0.12500070221722126,-4.375000473645196,3.1415925838755157,map,131.23733130800247
76,54,0.0750007014721632,-4.375000470159482,3.141592621807963,map,131.23733130800247
76,55,0.02500070072710514,-4.3750004685703905,3.141592637028357,map,131.23733130800247
76,56,-0.02499930001795292,-4.375000467742319,3.14159264027321,map,131.23733130800247
76,57,-0.07499930076301098,-4.3750004670764895,3.1415926338929627,map,131.23733130800247
76,58,-0.12499930150806904,-4.375000466091648,3.1415926135018966,map,131.23733130800247
76,59,-0.1749993022531271,-4.375000464087253,3.141592565098873,map,131.23733130800247
76,60,-0.22499930299818516,-4.375000459662707,3.1415924558802675,map,131.23733130800247
76,61,-0.2749993037432432,-4.375000449777231,3.141592213068083,map,131.23733130800247
76,62,-0.3249993044883013,-4.375000427751145,3.14159167795388,map,131.23733130800247
76,63,-0.37499930523335934,-4.375000378969348,3.141590508192543,map,131.23733130800247
76,64,-0.4249993059784174,-4.375000271699484,3.1415879730208105,map,131.23733130800247
76,65,-0.47499930672347546,-4.375000037671032,3.1415825301701177,map,131.23733130800247
76,66,-0.5249993074685335,-4.37499953150004,3.1415709656336404,map,131.23733130800247
76,67,-0.5749993082135916,-4.374998447102216,3.1415466765455484,map,131.23733130800247
76,68,-0.6249993089586496,-4.374996148249968,3.1414963167795946,map,131.23733130800247
76,69,-0.6749993097037077,-4.374991331409372,3.141393410518233,map,131.23733130800247
76,70,-0.7249993104487658,-4.374981369255513,3.1411865684379108,map,131.23733130800247
76,71,-0.7749993111938238,-4.3749610649965005,3.140778583755947,map,131.23733130800247
76,72,-0.8249993119388819,-4.37492036149521,3.1399912075664904,map,131.23733130800247
76,73,-0.8749993126839399,-4.3748402891244,3.1385098780758107,map,131.23733130800247
76,74,-0.924999313428998,-4.374686149858116,3.135805952998772,map,131.23733130800247
76,75,-0.974999314174056,-4.374396811594662,3.1310471128218147,map,131.23733130800247
76,76,-1.0249993149191141,-4.373869515001652,3.1230398580443537,map,131.23733130800247
76,77,-1.0749993156641722,-4.372941768762772,3.1103132047539908,map,131.23733130800247
76,78,-1.1249993164092302,-4.371377286032381,3.0915467730123574,map,131.23733130800247
76,79,-1.1749993171542883,-4.368872900797488,3.0666021468118383,map,131.23733130800247
76,80,-1.2249993178993464,-4.365116330975871,3.038210081878599,map,131.23733130800247
76,81,-1.2749993186444044,-4.359928707433475,3.0135026831859326,map,131.23733130800247
76,82,-1.3249993193894625,-4.353488951120541,3.0029622076864815,map,131.23733130800247
76,83,-1.3749993201345205,-4.346512680436474,3.013511490586536,map,131.23733130800247
76,84,-1.4249993208795786,-4.340073371798008,3.0382331315863995,map,131.23733130800247
76,85,-1.4749993216246367,-4.334886913144249,3.0666532478792603,map,131.23733130800247
76,86,-1.5249993223696947,-4.331132912788757,3.0916554353361705,map,131.23733130800247
76,87,-1.5749993231147528,-4.328633974270995,3.110539715181999,map,131.23733130800247
76,88,-1.6249993238598108,-4.327080828070187,3.1235045280954816,map,131.23733130800247
76,89,-1.6749993246048689,-4.326176323134449,3.131984969023689,map,131.23733130800247
76,90,-1.724999325349927,-4.325695924117401,3.137665327085504,map,131.23733130800247
76,91,-1.774999326094985,-4.325499556779676,-3.141062777907745,map,131.23733130800247
76,92,-1.824999326840043,-4.325526050566653,-3.136335571944606,map,131.23733130800247
76,93,-1.8749993275851011,-4.325788907074347,-3.1297305405790454,map,131.23733130800247
76,94,-1.9249993283301592,-4.326382040553867,-3.1192940435717813,map,131.23733130800247
76,95,-1.9749993290752172,-4.327497155899702,-3.10260688136254,map,131.23733130800247
76,96,-2.0249993298202753,-4.329447432709267,-3.076997129967097,map,131.23733130800247
76,97,-2.0749993305653334,-4.332681708617155,-3.0403951912945337,map,131.23733130800247
76,98,-2.1249993313103914,-4.337758925453051,-2.9930046707162163,map,131.23733130800247
76,99,-2.1749993320554495,-4.345243488316212,-2.939122128187281,map,131.23733130800247
76,100,-2.2249993328005075,-4.355507657075128,-2.886742918173661,map,131.23733130800247
76,101,-2.2749993335455656,-4.368533372402615,-2.8420474489117415,map,131.23733130800247
76,102,-2.3249993342906237,-4.383975272906596,-2.8021318536900774,map,131.23733130800247
76,103,-2.3749993350356817,-4.401631789348793,-2.7663411640028257,map,131.23733130800247
76,104,-2.42499933578074,-4.421327642669503,-2.7382144316911625,map,131.23733130800247
76,105,-2.474999336525798,-4.442666694116442,-2.7178048312759713,map,131.23733130800247
76,106,-2.524999337270856,-4.465222868584124,-2.7058270063398364,map,131.23733130800247
76,107,-2.574999338015914,-4.488503766789753,-2.700225112276643,map,131.23733130800247
76,108,-2.624999338760972,-4.512126379140238,-2.7010930104232123,map,131.23733130800247
76,109,-2.67499933950603,-4.53569593209995,-2.7065677599435776,map,131.23733130800247
76,110,-2.724999340251088,-4.558931778383153,-2.716539462879823,map,131.23733130800247
76,111,-2.774999340996146,-4.581564140711063,-2.727514217451613,map,131.23733130800247
76,112,-2.8249993417412043,-4.603538576649668,-2.73613796191667,map,131.23733130800247
76,113,-2.8749993424862623,-4.625000471249223,-2.559530574220621,map,131.23733130800247
77,0,2.425000736489892,-4.675000471994281,3.1415925541713836,map,132.25473319400044
77,1,2.375000735744834,-4.67500046702336,3.141592483841296,map,132.25473319400044
77,2,2.325000734999776,-4.675000458535935,3.1415922952519413,map,132.25473319400044
77,3,2.275000734254718,-4.675000440619042,3.141591861376932,map,132.25473319400044
77,4,2.2250007335096598,-4.675000401008399,3.1415908947386924,map,132.25473319400044
77,5,2.1750007327646017,-4.675000313065842,3.141588767164199,map,132.25473319400044
77,6,2.1250007320195436,-4.67500011874456,3.141584125871922,map,132.25473319400044
77,7,2.0750007312744856,-4.67499969235866,3.141574090590561,map,132.25473319400044
77,8,2.0250007305294275,-4.674998764208684,3.1415526001847702,map,132.25473319400044
77,9,1.9750007297843695,-4.674996761538402,3.141507063575776,map,132.25473319400044
77,10,1.9250007290393114,-4.674992482037627,3.141411702322436,map,132.25473319400044
77,11,1.8750007282942533,-4.674983434474026,3.1412146045252958,map,132.25473319400044
77,12,1.8250007275491953,-4.674964532019619,3.1408131997644717,map,132.25473319400044
77,13,1.7750007268041372,-4.674925559319879,3.1400092536591226,map,132.25473319400044
77,14,1.7250007260590792,-4.674846389256002,3.1384295018877917,map,132.25473319400044
77,15,1.675000725314021,-4.67468823114106,3.1353927589469466,map,132.25473319400044
77,16,1.625000724568963,-4.674378232432306,3.1297028032043355,map,132.25473319400044
77,17,1.575000723823905,-4.67378371188841,3.1193591996887804,map,132.25473319400044
77,18,1.525000723078847,-4.6726718559641505,3.1012285887951894,map,132.25473319400044
77,19,1.4750007223337889,-4.670652555921814,3.070849224264333,map,132.25473319400044
77,20,1.4250007215887308,-4.667109471818232,3.022806368959069,map,132.25473319400044
77,21,1.3750007208436728,-4.661142063991561,2.952482486696527,map,132.25473319400044
77,22,1.3250007200986147,-4.651572201353753,2.8599219648994083,map,132.25473319400044
77,23,1.2750007193535566,-4.637103999609259,2.754538397005592,map,132.25473319400044
77,24,1.2250007186084986,-4.616723219534218,2.6553345123604344,map,132.25473319400044
77,25,1.1750007178634405,-4.5902936556573435,2.5822034122271647,map,132.25473319400044
77,26,1.1250007171183825,-4.558988703506067,2.5445769368329447,map,132.25473319400044
77,27,1.0750007163733244,-4.525000469742427,2.544576936839335,map,132.25473319400044
77,28,1.0250007156282663,-4.4910122359792535,2.5822034122471993,map,132.25473319400044
77,29,0.9750007148832083,-4.459707283829371,2.655334512396464,map,132.25473319400044
77,30,0.9250007141381502,-4.433277719954802,2.754538397060034,map,132.25473319400044
77,31,0.8750007133930922,-4.412896939882935,2.859921964972693,map,132.25473319400044
77,32,0.8250007126480341,-4.398428738142412,2.952482486786233,map,132.25473319400044
77,33,0.775000711902976,-4.3888588755092535,3.0228063690608087,map,132.25473319400044
77,34,0.725000711157918,-4.382891467687742,3.0708492243727674,map,132.25473319400044
77,35,0.6750007104128599,-4.379348383589609,3.10122858890463,map,132.25473319400044
77,36,0.6250007096678019,-4.377329083552754,3.119359199793392,map,132.25473319400044
77,37,0.5750007089227438,-4.3762172276337274,3.129702803298469,map,132.25473319400044
77,38,0.5250007081776857,-4.375622707094538,3.1353927590256716,map,132.25473319400044
77,39,0.4750007074326277,-4.375312708389721,3.1384295019470856,map,132.25473319400044
77,40,0.4250007066875696,-4.375154550277744,3.1400092536958932,map,132.25473319400044
77,41,0.37500070594251156,-4.375075380215705,3.1408131997759647,map,132.25473319400044
77,42,0.3250007051974535,-4.37503640751654,3.141214604506946,map,132.25473319400044
77,43,0.27500070445239544,-4.375017505061216,3.1414117022631767,map,132.25473319400044
77,44,0.22500070370733738,-4.375008457494651,3.1415070634470967,map,132.25473319400044
77,45,0.17500070296227932,-4.375004177987442,3.1415525999161495,map,132.25473319400044
77,46,0.12500070221722126,-4.375002175303729,3.141574090014222,map,132.25473319400044
77,47,0.0750007014721632,-4.375001247124937,3.1415841245975105,map,132.25473319400044
77,48,0.02500070072710514,-4.375000820675316,3.141588764296395,map,132.25473319400044
77,49,-0.02499930001795292,-4.375000626210643,3.1415908882416677,map,132.25473319400044
77,50,-0.07499930076301098,-4.375000537943236,3.1415918466542023,map,132.25473319400044
77,51,-0.12499930150806904,-4.375000497596456,3.1415922619912764,map,132.25473319400044
77,52,-0.1749993022531271,-4.3750004780165295,3.141592409057367,map,132.25473319400044
77,53,-0.22499930299818516,-4.375000465789908,3.1415923869844993,map,132.25473319400044
77,54,-0.2749993037432432,-4.375000452459643,3.141592182801894,map,132.25473319400044
77,55,-0.3249993044883013,-4.375000428920248,3.141591664720164,map,132.25473319400044
77,56,-0.37499930523335934,-4.375000379476766,3.1415905024315514,map,132.25473319400044
77,57,-0.4249993059784174,-4.375000271918852,3.1415879705232173,map,132.25473319400044
77,58,-0.47499930672347546,-4.37500003776552,3.141582529091496,map,132.25473319400044
77,59,-0.5249993074685335,-4.374999531540597,3.141570965169514,map,132.25473319400044
77,60,-0.5749993082135916,-4.374998447119567,3.141546676346543,map,132.25473319400044
77,61,-0.6249993089586496,-4.3749961482573685,3.1414963166945427,map,132.25473319400044
77,62,-0.6749993097037077,-4.374991331412519,3.1413934104819954,map,132.25473319400044
77,63,-0.7249993104487658,-4.374981369256849,3.141186568422492,map,132.25473319400044
77,64,-0.7749993111938238,-4.374961064997065,3.14077858374941,map,132.25473319400044
77,65,-0.8249993119388819,-4.374920361495448,3.1399912075637193,map,132.25473319400044
77,66,-0.8749993126839399,-4.374840289124499,3.138509878074656,map,132.25473319400044
77,67,-0.924999313428998,-4.3746861498581575,3.1358059529982745,map,132.25473319400044
77,68,-0.974999314174056,-4.3743968115946785,3.1310471128216015,map,132.25473319400044
77,69,-1.0249993149191141,-4.373869515001658,3.1230398580442826,map,132.25473319400044
77,70,-1.0749993156641722,-4.372941768762774,3.1103132047539552,map,132.25473319400044
77,71,-1.1249993164092302,-4.371377286032382,3.09154677301234,map,132.25473319400044
77,72,-1.1749993171542883,-4.368872900797488,3.0666021468118383,map,132.25473319400044
77,73,-1.2249993178993464,-4.365116330975871,3.038210081878599,map,132.25473319400044
77,74,-1.2749993186444044,-4.359928707433475,3.0135026831859326,map,132.25473319400044
77,75,-1.3249993193894625,-4.353488951120541,3.0029622076864815,map,132.25473319400044
77,76,-1.3749993201345205,-4.346512680436474,3.013511490586536,map,132.25473319400044
77,77,-1.4249993208795786,-4.340073371798008,3.0382331315863995,map,132.25473319400044
77,78,-1.4749993216246367,-4.334886913144249,3.0666532478792603,map,132.25473319400044
77,79,-1.5249993223696947,-4.331132912788757,3.0916554353361705,map,132.25473319400044
77,80,-1.5749993231147528,-4.328633974270995,3.110539715181999,map,132.25473319400044
77,81,-1.6249993238598108,-4.327080828070187,3.1235045280954816,map,132.25473319400044
77,82,-1.6749993246048689,-4.326176323134449,3.131984969023689,map,132.25473319400044
77,83,-1.724999325349927,-4.325695924117401,3.137665327085504,map,132.25473319400044
77,84,-1.774999326094985,-4.325499556779676,-3.141062777907745,map,132.25473319400044
77,85,-1.824999326840043,-4.325526050566653,-3.136335571944606,map,132.25473319400044
77,86,-1.8749993275851011,-4.325788907074347,-3.1297305405790454,map,132.25473319400044
77,87,-1.9249993283301592,-4.326382040553867,-3.1192940435717813,map,132.25473319400044
77,88,-1.9749993290752172,-4.327497155899702,-3.10260688136254,map,132.25473319400044
77,89,-2.0249993298202753,-4.329447432709267,-3.076997129967097,map,132.25473319400044
77,90,-2.0749993305653334,-4.332681708617155,-3.0403951912945337,map,132.25473319400044
77,91,-2.1249993313103914,-4.337758925453051,-2.9930046707162163,map,132.25473319400044
77,92,-2.1749993320554495,-4.345243488316212,-2.939122128187281,map,132.25473319400044
77,93,-2.2249993328005075,-4.355507657075128,-2.886742918173661,map,132.25473319400044
77,94,-2.2749993335455656,-4.368533372402615,-2.8420474489117415,map,132.25473319400044
77,95,-2.3249993342906237,-4.383975272906596,-2.8021318536900774,map,132.25473319400044
77,96,-2.3749993350356817,-4.401631789348793,-2.7663411640028257,map,132.25473319400044
77,97,-2.42499933578074,-4.421327642669503,-2.7382144316911625,map,132.25473319400044
77,98,-2.474999336525798,-4.442666694116442,-2.7178048312759713,map,132.25473319400044
77,99,-2.524999337270856,-4.465222868584124,-2.7058270063398364,map,132.25473319400044
77,100,-2.574999338015914,-4.488503766789753,-2.700225112276643,map,132.25473319400044
77,101,-2.624999338760972,-4.512126379140238,-2.7010930104232123,map,132.25473319400044
77,102,-2.67499933950603,-4.53569593209995,-2.7065677599435776,map,132.25473319400044
77,103,-2.724999340251088,-4.558931778383153,-2.716539462879823,map,132.25473319400044
77,104,-2.774999340996146,-4.581564140711063,-2.727514217451613,map,132.25473319400044
77,105,-2.8249993417412043,-4.603538576649668,-2.73613796191667,map,132.25473319400044
77,106,-2.8749993424862623,-4.625000471249223,-2.559530574220621,map,132.25473319400044
78,0,2.1250007320195436,-4.625000471249223,3.1415925541713836,map,133.28239024100185
78,1,2.0750007312744856,-4.625000466278302,3.141592483841296,map,133.28239024100185
78,2,2.0250007305294275,-4.625000457790877,3.1415922952519413,map,133.28239024100185
78,3,1.9750007297843695,-4.625000439873984,3.141591861376932,map,133.28239024100185
78,4,1.9250007290393114,-4.625000400263341,3.1415908947386924,map,133.28239024100185
78,5,1.8750007282942533,-4.625000312320784,3.141588767164199,map,133.28239024100185
78,6,1.8250007275491953,-4.625000117999502,3.141584125871922,map,133.28239024100185
78,7,1.7750007268041372,-4.624999691613602,3.141574090590561,map,133.28239024100185
78,8,1.7250007260590792,-4.624998763463626,3.1415526001847702,map,133.28239024100185
78,9,1.675000725314021,-4.624996760793344,3.141507063575776,map,133.28239024100185
78,10,1.625000724568963,-4.624992481292569,3.141411702322436,map,133.28239024100185
78,11,1.575000723823905,-4.624983433728968,3.1412146045252958,map,133.28239024100185
78,12,1.525000723078847,-4.624964531274561,3.1408131997644717,map,133.28239024100185
78,13,1.4750007223337889,-4.624925558574821,3.1400092536591226,map,133.28239024100185
78,14,1.4250007215887308,-4.624846388510944,3.1384295018877917,map,133.28239024100185
78,15,1.3750007208436728,-4.624688230396002,3.1353927589469466,map,133.28239024100185
78,16,1.3250007200986147,-4.624378231687248,3.1297028032043355,map,133.28239024100185
78,17,1.2750007193535566,-4.623783711143352,3.1193591996887804,map,133.28239024100185
78,18,1.2250007186084986,-4.622671855219092,3.1012285887951894,map,133.28239024100185
78,19,1.1750007178634405,-4.620652555176756,3.070849224264333,map,133.28239024100185
78,20,1.1250007171183825,-4.617109471073174,3.022806368959069,map,133.28239024100185
78,21,1.0750007163733244,-4.611142063246503,2.952482486696527,map,133.28239024100185
78,22,1.0250007156282663,-4.601572200608695,2.8599219648994083,map,133.28239024100185
78,23,0.9750007148832083,-4.587103998864201,2.754538397005592,map,133.28239024100185
78,24,0.9250007141381502,-4.56672321878916,2.6553345123604344,map,133.28239024100185
78,25,0.8750007133930922,-4.540293654912285,2.5822034122271647,map,133.28239024100185
78,26,0.8250007126480341,-4.508988702761009,2.5445769368329447,map,133.28239024100185
78,27,0.775000711902976,-4.475000468997369,2.544576936839335,map,133.28239024100185
78,28,0.725000711157918,-4.441012235234195,2.5822034122471993,map,133.28239024100185
78,29,0.6750007104128599,-4.409707283084313,2.655334512396464,map,133.28239024100185
78,30,0.6250007096678019,-4.383277719209744,2.754538397060034,map,133.28239024100185
78,31,0.5750007089227438,-4.362896939137877,2.859921964972693,map,133.28239024100185
78,32,0.5250007081776857,-4.348428737397354,2.952482486786233,map,133.28239024100185
78,33,0.4750007074326277,-4.338858874764195,3.0228063690608087,map,133.28239024100185
78,34,0.4250007066875696,-4.332891466942684,3.070849224372803,map,133.28239024100185
78,35,0.37500070594251156,-4.329348382844553,3.1012285889047004,map,133.28239024100185
78,36,0.3250007051974535,-4.327329082807701,3.1193591997934984,map,133.28239024100185
78,37,0.27500070445239544,-4.32621722688868,3.129702803298771,map,133.28239024100185
78,38,0.22500070370733738,-4.325622706349506,3.135392759026329,map,133.28239024100185
78,39,0.17500070296227932,-4.325312707644722,3.1384295019486665,map,133.28239024100185
78,40,0.12500070221722126,-4.325154549532823,3.1400092536996413,map,133.28239024100185
78,41,0.0750007014721632,-4.325075379470972,3.1408131997848288,map,133.28239024100185
78,42,0.02500070072710514,-4.32503640677225,3.1412146045278537,map,133.28239024100185
78,43,-0.02499930001795292,-4.325017504317971,3.1414117023121864,map,133.28239024100185
78,44,-0.07499930076301098,-4.325008456753857,3.141507063561654,map,133.28239024100185
78,45,-0.12499930150806904,-4.325004177252376,3.1415526001829583,map,133.28239024100185
78,46,-0.1749993022531271,-4.3250021745820035,3.1415740906332292,map,133.28239024100185
78,47,-0.22499930299818516,-4.325001246434161,3.1415841260279396,map,133.28239024100185
78,48,-0.2749993037432432,-4.325000820056062,3.1415887675878778,map,133.28239024100185
78,49,-0.3249993044883013,-4.325000625755964,3.1415908957821244,map,133.28239024100185
78,50,-0.37499930523335934,-4.325000537865579,3.1415918638476312,map,133.28239024100185
78,51,-0.4249993059784174,-4.32500049837847,3.1415923009995215,map,133.28239024100185
78,52,-0.47499930672347546,-4.325000480748956,3.141592497087074,map,133.28239024100185
78,53,-0.5249993074685335,-4.32500047292382,3.141592584504204,map,133.28239024100185
78,54,-0.5749993082135916,-4.325000469469541,3.1415926232611473,map,133.28239024100185
78,55,-0.6249993089586496,-4.325000467953108,3.141592640373308,map,133.28239024100185
78,56,-0.6749993097037077,-4.325000467292284,3.14159264793874,map,133.28239024100185
78,57,-0.7249993104487658,-4.3250004670097315,3.141592651377909,map,133.28239024100185
78,58,-0.7749993111938238,-4.325000466899137,3.1415926531872174,map,133.28239024100185
78,59,-0.8249993119388819,-4.3250004668790085,-3.1415926524847038,map,133.28239024100185
78,60,-0.8749993126839399,-4.325000466934263,-3.1415926501713543,map,133.28239024100185
78,61,-0.924999313428998,-4.325000467105185,-3.141592645375955,map,133.28239024100185
78,62,-0.974999314174056,-4.325000467515877,-3.1415926346766203,map,133.28239024100185
78,63,-1.0249993149191141,-4.3250004684615355,-3.1415926105487744,map,133.28239024100185
78,64,-1.0749993156641722,-4.3250004706135865,-3.141592556274661,map,133.28239024100185
78,65,-1.1249993164092302,-4.325000475479343,-3.141592434842039,map,133.28239024100185
78,66,-1.1749993171542883,-4.325000486416731,-3.14159216485696,map,133.28239024100185
78,67,-1.2249993178993464,-4.325000510853373,-3.1415915687363047,map,133.28239024100185
78,68,-1.2749993186444044,-4.325000565096048,-3.1415902624280716,map,133.28239024100185
78,69,-1.3249993193894625,-4.325000684654136,-3.141587423400594,map,133.28239024100185
78,70,-1.3749993201345205,-4.3250009461636,-3.1415813089417908,map,133.28239024100185
78,71,-1.4249993208795786,-4.325001513396009,-3.1415682709696697,map,133.28239024100185
78,72,-1.4749993216246367,-4.325002732527033,-3.141540775543457,map,133.28239024100185
78,73,-1.5249993223696947,-4.325005326429391,-3.1414835005110393,map,133.28239024100185
78,74,-1.5749993231147528,-4.325010784083432,-3.1413658256988213,map,133.28239024100185
78,75,-1.6249993238598108,-4.325022125478344,-3.1411277845283276,map,133.28239024100185
78,76,-1.6749993246048689,-4.325045368933438,-3.140654683429158,map,133.28239024100185
78,77,-1.724999325349927,-4.325092267455922,-3.139733228966577,map,133.28239024100185
78,78,-1.774999326094985,-4.3251852387956164,-3.137980004696562,map,133.28239024100185
78,79,-1.824999326840043,-4.325365872028799,-3.134734182109412,map,133.28239024100185
78,80,-1.8749993275851011,-4.3257088009849145,-3.1289165924835807,map,133.28239024100185
78,81,-1.9249993283301592,-4.326342637998877,-3.1188881636978034,map,133.28239024100185
78,82,-1.9749993290752172,-4.3274780576177125,-3.1024079423925732,map,133.28239024100185
78,83,-2.0249993298202753,-4.329438296586963,-3.0769011951182117,map,133.28239024100185
78,84,-2.0749993305653334,-4.3326773893378805,-3.0403496836817907,map,133.28239024100185
78,85,-2.1249993313103914,-4.337756905027096,-2.9929834581381964,map,133.28239024100185
78,86,-2.1749993320554495,-4.34524255228863,-2.9391124141434375,map,133.28239024100185
78,87,-2.2249993328005075,-4.355507227218858,-2.8867385350785213,map,133.28239024100185
78,88,-2.2749993335455656,-4.3685331765749025,-2.8420454903336005,map,133.28239024100185
78,89,-2.3249993342906237,-4.383975184348406,-2.8021309862527475,map,133.28239024100185
78,90,-2.3749993350356817,-4.401631749571001,-2.7663407827221946,map,133.28239024100185
78,91,-2.42499933578074,-4.421327624913925,-2.738214264607204,map,133.28239024100185
78,92,-2.474999336525798,-4.442666686236713,-2.7178047581302947,map,133.28239024100185
78,93,-2.524999337270856,-4.465222865105982,-2.7058269742788177,map,133.28239024100185
78,94,-2.574999338015914,-4.4885037652622035,-2.700225098216977,map,133.28239024100185
78,95,-2.624999338760972,-4.512126378472585,-2.7010930042486256,map,133.28239024100185
78,96,-2.67499933950603,-4.535695931809629,-2.7065677572278286,map,133.28239024100185
78,97,-2.724999340251088,-4.558931778257945,-2.716539461674119,map,133.28239024100185
78,98,-2.774999340996146,-4.581564140658492,-2.7275142168907984,map,133.28239024100185
78,99,-2.8249993417412043,-4.603538576630553,-2.7361379615938572,map,133.28239024100185
78,100,-2.8749993424862623,-4.625000471249223,-2.559530574220621,map,133.28239024100185
79,0,1.7750007268041372,-4.625000471249223,3.1415925541713836,map,134.30481576900274
79,1,1.7250007260590792,-4.625000466278302,3.141592483841296,map,134.30481576900274
79,2,1.675000725314021,-4.625000457790877,3.1415922952519413,map,134.30481576900274
79,3,1.625000724568963,-4.625000439873984,3.141591861376932,map,134.30481576900274
79,4,1.575000723823905,-4.625000400263341,3.1415908947386924,map,134.30481576900274
79,5,1.525000723078847,-4.625000312320784,3.141588767164199,map,134.30481576900274
79,6,1.4750007223337889,-4.625000117999502,3.141584125871922,map,134.30481576900274
79,7,1.4250007215887308,-4.624999691613602,3.141574090590561,map,134.30481576900274
79,8,1.3750007208436728,-4.624998763463626,3.1415526001847702,map,134.30481576900274
79,9,1.3250007200986147,-4.624996760793344,3.141507063575776,map,134.30481576900274
79,10,1.2750007193535566,-4.624992481292569,3.141411702322436,map,134.30481576900274
79,11,1.2250007186084986,-4.624983433728968,3.1412146045252958,map,134.30481576900274
79,12,1.1750007178634405,-4.624964531274561,3.1408131997644717,map,134.30481576900274
79,13,1.1250007171183825,-4.624925558574821,3.1400092536591226,map,134.30481576900274
79,14,1.0750007163733244,-4.624846388510944,3.1384295018877917,map,134.30481576900274
79,15,1.0250007156282663,-4.624688230396002,3.1353927589469466,map,134.30481576900274
79,16,0.9750007148832083,-4.624378231687248,3.1297028032043355,map,134.30481576900274
79,17,0.9250007141381502,-4.623783711143352,3.1193591996887804,map,134.30481576900274
79,18,0.8750007133930922,-4.622671855219092,3.1012285887951894,map,134.30481576900274
79,19,0.8250007126480341,-4.620652555176756,3.070849224264333,map,134.30481576900274
79,20,0.775000711902976,-4.617109471073174,3.022806368959069,map,134.30481576900274
79,21,0.725000711157918,-4.611142063246503,2.952482486696527,map,134.30481576900274
79,22,0.6750007104128599,-4.601572200608695,2.8599219648994083,map,134.30481576900274
79,23,0.6250007096678019,-4.587103998864201,2.754538397005592,map,134.30481576900274
79,24,0.5750007089227438,-4.56672321878916,2.6553345123604344,map,134.30481576900274
79,25,0.5250007081776857,-4.540293654912285,2.5822034122271647,map,134.30481576900274
79,26,0.4750007074326277,-4.508988702761009,2.5445769368329447,map,134.30481576900274
79,27,0.4250007066875696,-4.475000468997369,2.544576936839335,map,134.30481576900274
79,28,0.37500070594251156,-4.441012235234195,2.5822034122471993,map,134.30481576900274
79,29,0.3250007051974535,-4.409707283084313,2.655334512396464,map,134.30481576900274
79,30,0.27500070445239544,-4.383277719209744,2.754538397060034,map,134.30481576900274
79,31,0.22500070370733738,-4.362896939137877,2.859921964972693,map,134.30481576900274
79,32,0.17500070296227932,-4.348428737397354,2.952482486786233,map,134.30481576900274
79,33,0.12500070221722126,-4.338858874764195,3.0228063690608087,map,134.30481576900274
79,34,0.0750007014721632,-4.332891466942684,3.070849224372803,map,134.30481576900274
79,35,0.02500070072710514,-4.329348382844553,3.1012285889047004,map,134.30481576900274
79,36,-0.02499930001795292,-4.327329082807701,3.119359199793516,map,134.30481576900274
79,37,-0.07499930076301098,-4.326217226888681,3.1297028032987533,map,134.30481576900274
79,38,-0.12499930150806904,-4.325622706349506,3.135392759026329,map,134.30481576900274
79,39,-0.1749993022531271,-4.325312707644722,3.1384295019486843,map,134.30481576900274
79,40,-0.22499930299818516,-4.325154549532824,3.1400092536996946,map,134.30481576900274
79,41,-0.2749993037432432,-4.3250753794709755,3.140813199784971,map,134.30481576900274
79,42,-0.3249993044883013,-4.325036406772261,3.1412146045281557,map,134.30481576900274
79,43,-0.37499930523335934,-4.325017504317997,3.1414117023129147,map,134.30481576900274
79,44,-0.4249993059784174,-4.3250084567539195,3.1415070635633593,map,134.30481576900274
79,45,-0.47499930672347546,-4.325004177252524,3.1415526001870617,map,134.30481576900274
79,46,-0.5249993074685335,-4.325002174582356,3.1415740906428926,map,134.30481576900274
79,47,-0.5749993082135916,-4.325001246434997,3.1415841260506947,map,134.30481576900274
79,48,-0.6249993089586496,-4.325000820058036,3.141588767641346,map,134.30481576900274
79,49,-0.6749993097037077,-4.325000625760611,3.14159089590718,map,134.30481576900274
79,50,-0.7249993104487658,-4.325000537876479,3.141591864139149,map,134.30481576900274
79,51,-0.7749993111938238,-4.325000498403946,3.1415923016765976,map,134.30481576900274
79,52,-0.8249993119388819,-4.325000480808286,3.1415924986533406,map,134.30481576900274
79,53,-0.8749993126839399,-4.325000473061463,3.141592588112464,map,134.30481576900274
79,54,-0.924999313428998,-4.325000469787597,3.1415926315374425,map,134.30481576900274
79,55,-0.974999314174056,-4.325000468684979,-3.141592647910336,map,134.30481576900274
79,56,-1.0249993149191141,-4.325000468968952,-3.1415926163097483,map,134.30481576900274
79,57,-1.0749993156641722,-4.325000470832954,-3.141592558772254,map,134.30481576900274
79,58,-1.1249993164092302,-4.325000475573831,-3.1415924359206606,map,134.30481576900274
79,59,-1.1749993171542883,-4.325000486457288,-3.1415921653210686,map,134.30481576900274
79,60,-1.2249993178993464,-4.325000510870725,-3.1415915689353278,map,134.30481576900274
79,61,-1.2749993186444044,-4.325000565103449,-3.1415902625131413,map,134.30481576900274
79,62,-1.3249993193894625,-4.325000684657283,-3.1415874234368317,map,134.30481576900274
79,63,-1.3749993201345205,-4.325000946164935,-3.141581308957192,map,134.30481576900274
79,64,-1.4249993208795786,-4.325001513396574,-3.141568270976189,map,134.30481576900274
79,65,-1.4749993216246367,-4.325002732527272,-3.1415407755462104,map,134.30481576900274
79,66,-1.5249993223696947,-4.325005326429492,-3.1414835005122117,map,134.30481576900274
79,67,-1.5749993231147528,-4.325010784083474,-3.1413658256993187,map,134.30481576900274
79,68,-1.6249993238598108,-4.325022125478362,-3.141127784528523,map,134.30481576900274
79,69,-1.6749993246048689,-4.325045368933446,-3.140654683429265,map,134.30481576900274
79,70,-1.724999325349927,-4.325092267455925,-3.1397332289666124,map,134.30481576900274
79,71,-1.774999326094985,-4.325185238795617,-3.137980004696562,map,134.30481576900274
79,72,-1.824999326840043,-4.3253658720288,-3.134734182109412,map,134.30481576900274
79,73,-1.8749993275851011,-4.325708800984915,-3.1289165924835984,map,134.30481576900274
79,74,-1.9249993283301592,-4.326342637998877,-3.1188881636978034,map,134.30481576900274
79,75,-1.9749993290752172,-4.3274780576177125,-3.1024079423925732,map,134.30481576900274
79,76,-2.0249993298202753,-4.329438296586963,-3.0769011951182117,map,134.30481576900274
79,77,-2.0749993305653334,-4.3326773893378805,-3.0403496836817907,map,134.30481576900274
79,78,-2.1249993313103914,-4.337756905027096,-2.9929834581381964,map,134.30481576900274
79,79,-2.1749993320554495,-4.34524255228863,-2.9391124141434375,map,134.30481576900274
79,80,-2.2249993328005075,-4.355507227218858,-2.8867385350785213,map,134.30481576900274
79,81,-2.2749993335455656,-4.3685331765749025,-2.8420454903336005,map,134.30481576900274
79,82,-2.3249993342906237,-4.383975184348406,-2.8021309862527475,map,134.30481576900274
79,83,-2.3749993350356817,-4.401631749571001,-2.7663407827221946,map,134.30481576900274
79,84,-2.42499933578074,-4.421327624913925,-2.738214264607204,map,134.30481576900274
79,85,-2.474999336525798,-4.442666686236713,-2.7178047581302947,map,134.30481576900274
79,86,-2.524999337270856,-4.465222865105982,-2.7058269742788177,map,134.30481576900274
79,87,-2.574999338015914,-4.4885037652622035,-2.700225098216977,map,134.30481576900274
79,88,-2.624999338760972,-4.512126378472585,-2.7010930042486256,map,134.30481576900274
79,89,-2.67499933950603,-4.535695931809629,-2.7065677572278286,map,134.30481576900274
79,90,-2.724999340251088,-4.558931778257945,-2.716539461674119,map,134.30481576900274
79,91,-2.774999340996146,-4.581564140658492,-2.7275142168907984,map,134.30481576900274
79,92,-2.8249993417412043,-4.603538576630553,-2.7361379615938572,map,134.30481576900274
79,93,-2.8749993424862623,-4.625000471249223,-2.559530574220621,map,134.30481576900274
80,0,1.4750007223337889,-4.625000471249223,3.1415925541713836,map,135.33491277299981
80,1,1.4250007215887308,-4.625000466278302,3.141592483841296,map,135.33491277299981
80,2,1.3750007208436728,-4.625000457790877,3.1415922952519413,map,135.33491277299981
80,3,1.3250007200986147,-4.625000439873984,3.141591861376932,map,135.33491277299981
80,4,1.2750007193535566,-4.625000400263341,3.1415908947386924,map,135.33491277299981
80,5,1.2250007186084986,-4.625000312320784,3.141588767164199,map,135.33491277299981
80,6,1.1750007178634405,-4.625000117999502,3.141584125871922,map,135.33491277299981
80,7,1.1250007171183825,-4.624999691613602,3.141574090590561,map,135.33491277299981
80,8,1.0750007163733244,-4.624998763463626,3.1415526001847702,map,135.33491277299981
80,9,1.0250007156282663,-4.624996760793344,3.141507063575776,map,135.33491277299981
80,10,0.9750007148832083,-4.624992481292569,3.141411702322436,map,135.33491277299981
80,11,0.9250007141381502,-4.624983433728968,3.1412146045252958,map,135.33491277299981
80,12,0.8750007133930922,-4.624964531274561,3.1408131997644717,map,135.33491277299981
80,13,0.8250007126480341,-4.624925558574821,3.1400092536591226,map,135.33491277299981
80,14,0.775000711902976,-4.624846388510944,3.1384295018877917,map,135.33491277299981
80,15,0.725000711157918,-4.624688230396002,3.1353927589469466,map,135.33491277299981
80,16,0.6750007104128599,-4.624378231687248,3.1297028032043355,map,135.33491277299981
80,17,0.6250007096678019,-4.623783711143352,3.1193591996887804,map,135.33491277299981
80,18,0.5750007089227438,-4.622671855219092,3.1012285887951894,map,135.33491277299981
80,19,0.5250007081776857,-4.620652555176756,3.070849224264333,map,135.33491277299981
80,20,0.4750007074326277,-4.617109471073174,3.022806368959069,map,135.33491277299981
80,21,0.4250007066875696,-4.611142063246503,2.952482486696527,map,135.33491277299981
80,22,0.37500070594251156,-4.601572200608695,2.8599219648994083,map,135.33491277299981
80,23,0.3250007051974535,-4.587103998864201,2.754538397005592,map,135.33491277299981
80,24,0.27500070445239544,-4.56672321878916,2.6553345123604344,map,135.33491277299981
80,25,0.22500070370733738,-4.540293654912285,2.5822034122271647,map,135.33491277299981
80,26,0.17500070296227932,-4.508988702761009,2.5445769368329447,map,135.33491277299981
80,27,0.12500070221722126,-4.475000468997369,2.544576936839335,map,135.33491277299981
80,28,0.0750007014721632,-4.441012235234195,2.5822034122471993,map,135.33491277299981
80,29,0.02500070072710514,-4.409707283084313,2.655334512396464,map,135.33491277299981
80,30,-0.02499930001795292,-4.383277719209744,2.754538397060034,map,135.33491277299981
80,31,-0.07499930076301098,-4.362896939137877,2.859921964972693,map,135.33491277299981
80,32,-0.12499930150806904,-4.348428737397354,2.9524824867862502,map,135.33491277299981
80,33,-0.1749993022531271,-4.338858874764196,3.022806369060826,map,135.33491277299981
80,34,-0.22499930299818516,-4.3328914669426855,3.070849224372856,map,135.33491277299981
80,35,-0.2749993037432432,-4.329348382844557,3.101228588904807,map,135.33491277299981
80,36,-0.3249993044883013,-4.327329082807711,3.1193591997938355,map,135.33491277299981
80,37,-0.37499930523335934,-4.326217226888707,3.1297028032994816,map,135.33491277299981
80,38,-0.4249993059784174,-4.325622706349568,3.1353927590280697,map,135.33491277299981
80,39,-0.47499930672347546,-4.325312707644871,3.138429501952752,map,135.33491277299981
80,40,-0.5249993074685335,-4.325154549533177,3.1400092537093225,map,135.33491277299981
80,41,-0.5749993082135916,-4.3250753794718095,3.1408131998076194,map,135.33491277299981
80,42,-0.6249993089586496,-4.3250364067742275,3.1412146045814286,map,135.33491277299981
80,43,-0.6749993097037077,-4.325017504322627,3.141411702437544,map,135.33491277299981
80,44,-0.7249993104487658,-4.325008456764781,3.1415070638538825,map,135.33491277299981
80,45,-0.7749993111938238,-4.325004177277911,3.1415526008617753,map,135.33491277299981
80,46,-0.8249993119388819,-4.3250021746414795,3.141574092203582,map,135.33491277299981
80,47,-0.8749993126839399,-4.325001246572155,3.1415841296458455,map,135.33491277299981
80,48,-0.924999313428998,-4.325000820374951,3.1415887758868566,map,135.33491277299981
80,49,-0.974999314174056,-4.3250006264898015,3.141590914731322,map,135.33491277299981
80,50,-1.0249993149191141,-4.325000539546877,3.141591906903358,map,135.33491277299981
80,51,-1.0749993156641722,-4.325000502212554,3.141592398319468,map,135.33491277299981
80,52,-1.1249993164092302,-4.325000489449038,-3.141592591346055,map,135.33491277299981
80,53,-1.1749993171542883,-4.325000492561225,-3.1415922339510756,map,135.33491277299981
80,54,-1.2249993178993464,-4.325000513543161,-3.1415915990872616,map,135.33491277299981
80,55,-1.2749993186444044,-4.325000566268288,-3.1415902756979186,map,135.33491277299981
80,56,-1.3249993193894625,-4.325000685162884,-3.1415874291769335,map,135.33491277299981
80,57,-1.3749993201345205,-4.325000946383531,-3.1415813114459032,map,135.33491277299981
80,58,-1.4249993208795786,-4.325001513490734,-3.1415682720510447,map,135.33491277299981
80,59,-1.4749993216246367,-4.32500273256769,-3.141540776008738,map,135.33491277299981
80,60,-1.5249993223696947,-4.325005326446783,-3.1414835007105597,map,135.33491277299981
80,61,-1.5749993231147528,-4.325010784090848,-3.1413658257840864,map,135.33491277299981
80,62,-1.6249993238598108,-4.325022125481497,-3.1411277845646364,map,135.33491277299981
80,63,-1.6749993246048689,-4.325045368934775,-3.1406546834446125,map,135.33491277299981
80,64,-1.724999325349927,-4.325092267456487,-3.139733228973096,map,135.33491277299981
80,65,-1.774999326094985,-4.325185238795855,-3.137980004699333,map,135.33491277299981
80,66,-1.824999326840043,-4.325365872028899,-3.1347341821105843,map,135.33491277299981
80,67,-1.8749993275851011,-4.325708800984956,-3.128916592484078,map,135.33491277299981
80,68,-1.9249993283301592,-4.326342637998894,-3.118888163697999,map,135.33491277299981
80,69,-1.9749993290752172,-4.32747805761772,-3.1024079423926443,map,135.33491277299981
80,70,-2.0249993298202753,-4.329438296586966,-3.0769011951182645,map,135.33491277299981
80,71,-2.0749993305653334,-4.332677389337881,-3.040349683681808,map,135.33491277299981
80,72,-2.1249993313103914,-4.337756905027096,-2.9929834581381964,map,135.33491277299981
80,73,-2.1749993320554495,-4.34524255228863,-2.9391124141434375,map,135.33491277299981
80,74,-2.2249993328005075,-4.355507227218858,-2.8867385350785213,map,135.33491277299981
80,75,-2.2749993335455656,-4.3685331765749025,-2.8420454903336005,map,135.33491277299981
80,76,-2.3249993342906237,-4.383975184348406,-2.8021309862527475,map,135.33491277299981
80,77,-2.3749993350356817,-4.401631749571001,-2.7663407827221946,map,135.33491277299981
80,78,-2.42499933578074,-4.421327624913925,-2.738214264607204,map,135.33491277299981
80,79,-2.474999336525798,-4.442666686236713,-2.7178047581302947,map,135.33491277299981
80,80,-2.524999337270856,-4.465222865105982,-2.7058269742788177,map,135.33491277299981
80,81,-2.574999338015914,-4.4885037652622035,-2.700225098216977,map,135.33491277299981
80,82,-2.624999338760972,-4.512126378472585,-2.7010930042486256,map,135.33491277299981
80,83,-2.67499933950603,-4.535695931809629,-2.7065677572278286,map,135.33491277299981
80,84,-2.724999340251088,-4.558931778257945,-2.716539461674119,map,135.33491277299981
80,85,-2.774999340996146,-4.581564140658492,-2.7275142168907984,map,135.33491277299981
80,86,-2.8249993417412043,-4.603538576630553,-2.7361379615938572,map,135.33491277299981
80,87,-2.8749993424862623,-4.625000471249223,-2.559530574220621,map,135.33491277299981
81,0,1.1750007178634405,-4.625000471249223,3.1415925541713836,map,136.3636697130023
81,1,1.1250007171183825,-4.625000466278302,3.141592483841296,map,136.3636697130023
81,2,1.0750007163733244,-4.625000457790877,3.1415922952519413,map,136.3636697130023
81,3,1.0250007156282663,-4.625000439873984,3.141591861376932,map,136.3636697130023
81,4,0.9750007148832083,-4.625000400263341,3.1415908947386924,map,136.3636697130023
81,5,0.9250007141381502,-4.625000312320784,3.141588767164199,map,136.3636697130023
81,6,0.8750007133930922,-4.625000117999502,3.141584125871922,map,136.3636697130023
81,7,0.8250007126480341,-4.624999691613602,3.141574090590561,map,136.3636697130023
81,8,0.775000711902976,-4.624998763463626,3.1415526001847702,map,136.3636697130023
81,9,0.725000711157918,-4.624996760793344,3.141507063575776,map,136.3636697130023
81,10,0.6750007104128599,-4.624992481292569,3.141411702322436,map,136.3636697130023
81,11,0.6250007096678019,-4.624983433728968,3.1412146045252958,map,136.3636697130023
81,12,0.5750007089227438,-4.624964531274561,3.1408131997644717,map,136.3636697130023
81,13,0.5250007081776857,-4.624925558574821,3.1400092536591226,map,136.3636697130023
81,14,0.4750007074326277,-4.624846388510944,3.1384295018877917,map,136.3636697130023
81,15,0.4250007066875696,-4.624688230396002,3.1353927589469466,map,136.3636697130023
81,16,0.37500070594251156,-4.624378231687248,3.1297028032043355,map,136.3636697130023
81,17,0.3250007051974535,-4.623783711143352,3.1193591996887804,map,136.3636697130023
81,18,0.27500070445239544,-4.622671855219092,3.1012285887951894,map,136.3636697130023
81,19,0.22500070370733738,-4.620652555176756,3.070849224264333,map,136.3636697130023
81,20,0.17500070296227932,-4.617109471073174,3.022806368959069,map,136.3636697130023
81,21,0.12500070221722126,-4.611142063246503,2.952482486696527,map,136.3636697130023
81,22,0.0750007014721632,-4.601572200608695,2.8599219648994083,map,136.3636697130023
81,23,0.02500070072710514,-4.587103998864201,2.754538397005592,map,136.3636697130023
81,24,-0.02499930001795292,-4.56672321878916,2.6553345123604344,map,136.3636697130023
81,25,-0.07499930076301098,-4.540293654912285,2.582203412227177,map,136.3636697130023
81,26,-0.12499930150806904,-4.50898870276101,2.5445769368329447,map,136.3636697130023
81,27,-0.1749993022531271,-4.4750004689973695,2.544576936839347,map,136.3636697130023
81,28,-0.22499930299818516,-4.441012235234197,2.5822034122472504,map,136.3636697130023
81,29,-0.2749993037432432,-4.409707283084319,2.655334512396561,map,136.3636697130023
81,30,-0.3249993044883013,-4.383277719209755,2.754538397060293,map,136.3636697130023
81,31,-0.37499930523335934,-4.3628969391379036,2.8599219649733487,map,136.3636697130023
81,32,-0.4249993059784174,-4.348428737397416,2.952482486787895,map,136.3636697130023
81,33,-0.47499930672347546,-4.338858874764344,3.022806369064837,map,136.3636697130023
81,34,-0.5249993074685335,-4.332891466943036,3.0708492243824357,map,136.3636697130023
81,35,-0.5749993082135916,-4.32934838284539,3.1012285889274365,map,136.3636697130023
81,36,-0.6249993089586496,-4.327329082809676,3.1193591998470467,map,136.3636697130023
81,37,-0.6749993097037077,-4.326217226893334,3.129702803424093,map,136.3636697130023
81,38,-0.7249993104487658,-4.325622706360427,3.1353927593185995,map,136.3636697130023
81,39,-0.7749993111938238,-4.325312707670257,3.138429502627459,map,136.3636697130023
81,40,-0.8249993119388819,-4.325154549592298,3.1400092552700256,map,136.3636697130023
81,41,-0.8749993126839399,-4.3250753796089665,3.140813203402768,map,136.3636697130023
81,42,-0.924999313428998,-4.325036407091142,3.141214612826956,map,136.3636697130023
81,43,-0.974999314174056,-4.325017505051818,3.141411721261685,map,136.3636697130023
81,44,-1.0249993149191141,-4.325008458435179,3.1415071066180915,map,136.3636697130023
81,45,-1.0749993156641722,-4.32500418108652,3.1415526975046455,map,136.3636697130023
81,46,-1.1249993164092302,-4.325002183282232,3.1415743093837367,map,136.3636697130023
81,47,-1.1749993171542883,-4.325001266071915,3.1415846147619098,map,136.3636697130023
81,48,-1.2249993178993464,-4.325000864130515,3.141589852441739,map,136.3636697130023
81,49,-1.2749993186444044,-4.32500072407311,-3.141592020235829,map,136.3636697130023
81,50,-1.3249993193894625,-4.325000755740809,-3.1415882131433954,map,136.3636697130023
81,51,-1.3749993201345205,-4.325000977763132,-3.141581661533732,map,136.3636697130023
81,52,-1.4249993208795786,-4.325001527365943,-3.141568427476475,map,136.3636697130023
81,53,-1.4749993216246367,-4.325002738671627,-3.1415408446387274,map,136.3636697130023
81,54,-1.5249993223696947,-4.325005329119222,-3.141483530862493,map,136.3636697130023
81,55,-1.5749993231147528,-4.32501078525569,-3.141365838968881,map,136.3636697130023
81,56,-1.6249993238598108,-4.325022125987099,-3.1411277903047368,map,136.3636697130023
81,57,-1.6749993246048689,-4.325045369153372,-3.1406546859332862,map,136.3636697130023
81,58,-1.724999325349927,-4.32509226755065,-3.139733230047966,map,136.3636697130023
81,59,-1.774999326094985,-4.325185238836275,-3.137980005161837,map,136.3636697130023
81,60,-1.824999326840043,-4.325365872046193,-3.134734182308923,map,136.3636697130023
81,61,-1.8749993275851011,-4.325708800992333,-3.12891659256885,map,136.3636697130023
81,62,-1.9249993283301592,-4.326342638002031,-3.1188881637341113,map,136.3636697130023
81,63,-1.9749993290752172,-4.32747805761905,-3.1024079424079862,map,136.3636697130023
81,64,-2.0249993298202753,-4.329438296587528,-3.076901195124721,map,136.3636697130023
81,65,-2.0749993305653334,-4.332677389338119,-3.0403496836845334,map,136.3636697130023
81,66,-2.1249993313103914,-4.337756905027196,-2.9929834581393258,map,136.3636697130023
81,67,-2.1749993320554495,-4.345242552288672,-2.939112414143915,map,136.3636697130023
81,68,-2.2249993328005075,-4.355507227218876,-2.886738535078721,map,136.3636697130023
81,69,-2.2749993335455656,-4.36853317657491,-2.842045490333698,map,136.3636697130023
81,70,-2.3249993342906237,-4.383975184348408,-2.802130986252779,map,136.3636697130023
81,71,-2.3749993350356817,-4.401631749571001,-2.7663407827221946,map,136.3636697130023
81,72,-2.42499933578074,-4.421327624913925,-2.738214264607204,map,136.3636697130023
81,73,-2.474999336525798,-4.442666686236713,-2.7178047581302947,map,136.3636697130023
81,74,-2.524999337270856,-4.465222865105982,-2.7058269742788177,map,136.3636697130023
81,75,-2.574999338015914,-4.4885037652622035,-2.700225098216977,map,136.3636697130023
81,76,-2.624999338760972,-4.512126378472585,-2.7010930042486256,map,136.3636697130023
81,77,-2.67499933950603,-4.535695931809629,-2.7065677572278286,map,136.3636697130023
81,78,-2.724999340251088,-4.558931778257945,-2.716539461674119,map,136.3636697130023
81,79,-2.774999340996146,-4.581564140658492,-2.7275142168907984,map,136.3636697130023
81,80,-2.8249993417412043,-4.603538576630553,-2.7361379615938572,map,136.3636697130023
81,81,-2.8749993424862623,-4.625000471249223,-2.559530574220621,map,136.3636697130023
82,0,0.8750007133930922,-4.625000471249223,3.1415925541713836,map,137.3924930730027
82,1,0.8250007126480341,-4.625000466278302,3.141592483841296,map,137.3924930730027
82,2,0.775000711902976,-4.625000457790877,3.1415922952519413,map,137.3924930730027
82,3,0.725000711157918,-4.625000439873984,3.141591861376932,map,137.3924930730027
82,4,0.6750007104128599,-4.625000400263341,3.1415908947386924,map,137.3924930730027
82,5,0.6250007096678019,-4.625000312320784,3.141588767164199,map,137.3924930730027
82,6,0.5750007089227438,-4.625000117999502,3.141584125871922,map,137.3924930730027
82,7,0.5250007081776857,-4.624999691613602,3.141574090590561,map,137.3924930730027
82,8,0.4750007074326277,-4.624998763463626,3.1415526001847702,map,137.3924930730027
82,9,0.4250007066875696,-4.624996760793344,3.141507063575776,map,137.3924930730027
82,10,0.37500070594251156,-4.624992481292569,3.141411702322436,map,137.3924930730027
82,11,0.3250007051974535,-4.624983433728968,3.1412146045252958,map,137.3924930730027
82,12,0.27500070445239544,-4.624964531274561,3.1408131997644717,map,137.3924930730027
82,13,0.22500070370733738,-4.624925558574821,3.1400092536591226,map,137.3924930730027
82,14,0.17500070296227932,-4.624846388510944,3.1384295018877917,map,137.3924930730027
82,15,0.12500070221722126,-4.624688230396002,3.1353927589469466,map,137.3924930730027
82,16,0.0750007014721632,-4.624378231687248,3.1297028032043355,map,137.3924930730027
82,17,0.02500070072710514,-4.623783711143352,3.1193591996887804,map,137.3924930730027
82,18,-0.02499930001795292,-4.622671855219092,3.1012285887951894,map,137.3924930730027
82,19,-0.07499930076301098,-4.620652555176756,3.07084922426435,map,137.3924930730027
82,20,-0.12499930150806904,-4.617109471073175,3.022806368959069,map,137.3924930730027
82,21,-0.1749993022531271,-4.611142063246504,2.952482486696561,map,137.3924930730027
82,22,-0.22499930299818516,-4.601572200608698,2.859921964899441,map,137.3924930730027
82,23,-0.2749993037432432,-4.5871039988642055,2.754538397005699,map,137.3924930730027
82,24,-0.3249993044883013,-4.56672321878917,2.65533451236067,map,137.3924930730027
82,25,-0.37499930523335934,-4.540293654912311,2.5822034122277002,map,137.3924930730027
82,26,-0.4249993059784174,-4.508988702761072,2.544576936834123,map,137.3924930730027
82,27,-0.47499930672347546,-4.475000468997518,2.5445769368421294,map,137.3924930730027
82,28,-0.5249993074685335,-4.441012235234549,2.582203412254154,map,137.3924930730027
82,29,-0.5749993082135916,-4.409707283085151,2.6553345124142913,map,137.3924930730027
82,30,-0.6249993089586496,-4.383277719211722,2.7545383971059754,map,137.3924930730027
82,31,-0.6749993097037077,-4.362896939142534,2.8599219650883487,map,137.3924930730027
82,32,-0.7249993104487658,-4.348428737408278,2.9524824870681687,map,137.3924930730027
82,33,-0.7749993111938238,-4.338858874789732,3.0228063697300223,map,137.3924930730027
82,34,-0.8249993119388819,-4.332891467002158,3.0708492259352744,map,137.3924930730027
82,35,-0.8749993126839399,-4.329348382982543,3.101228592516609,map,137.3924930730027
82,36,-0.924999313428998,-4.327329083126581,3.119359208088198,map,137.3924930730027
82,37,-0.974999314174056,-4.3262172276225,3.1297028222448104,map,137.3924930730027
82,38,-1.0249993149191141,-4.325622708030762,3.1353928020793354,map,137.3924930730027
82,39,-1.0749993156641722,-4.325312711478711,3.1384295992651703,map,137.3924930730027
82,40,-1.1249993164092302,-4.325154558232686,3.1400094724397953,map,137.3924930730027
82,41,-1.1749993171542883,-4.32507539910787,3.1408136884955344,map,137.3924930730027
82,42,-1.2249993178993464,-4.325036450844699,3.1412156893281282,map,137.3924930730027
82,43,-1.2749993186444044,-4.325017602630442,3.1414140933499124,map,137.3924930730027
82,44,-1.3249993193894625,-4.32500867461822,3.141512293464202,map,137.3924930730027
82,45,-1.3749993201345205,-4.325004656611872,3.141563944171795,map,137.3924930730027
82,46,-1.4249993208795786,-4.325003221140951,-3.141586835435122,map,137.3924930730027
82,47,-1.4749993216246367,-4.3250035120486885,-3.141549306542915,map,137.3924930730027
82,48,-1.5249993223696947,-4.325005679401066,-3.1414873943048107,map,137.3924930730027
82,49,-1.5749993231147528,-4.325010942365413,-3.1413676010721527,map,137.3924930730027
82,50,-1.6249993238598108,-4.325022194991653,-3.1411286136382146,map,137.3924930730027
82,51,-1.6749993246048689,-4.325045396991243,-3.1406551236923055,map,137.3924930730027
82,52,-1.724999325349927,-4.32509227350055,-3.1397335793808616,map,137.3924930730027
82,53,-1.774999326094985,-4.325185227319469,-3.1379804994660874,map,137.3924930730027
82,54,-1.824999326840043,-4.3253658358138525,-3.134735139274406,map,137.3924930730027
82,55,-1.8749993275851011,-4.325708716909467,-3.1289186054515543,map,137.3924930730027
82,56,-1.9249993283301592,-4.3263424532588575,-3.1188924403471483,map,137.3924930730027
82,57,-1.9749993290752172,-4.327477658934976,-3.1024169604053893,map,137.3924930730027
82,58,-2.0249993298202753,-4.329437446310697,-3.076919963706406,map,137.3924930730027
82,59,-2.0749993305653334,-4.332675596695041,-3.040388083250681,map,137.3924930730027
82,60,-2.1249993313103914,-4.337753172598036,-2.9930603529632633,map,137.3924930730027
82,61,-2.1749993320554495,-4.345234888987606,-2.9392625730168653,map,137.3924930730027
82,62,-2.2249993328005075,-4.355491739789745,-2.887024245501961,map,137.3924930730027
82,63,-2.2749993335455656,-4.368502435199041,-2.842575561923593,map,137.3924930730027
82,64,-2.3249993342906237,-4.383915416171047,-2.8030856538142497,map,137.3924930730027
82,65,-2.3749993350356817,-4.401518313657007,-2.7680010200492813,map,137.3924930730027
82,66,-2.42499933578074,-4.421118358682682,-2.7409903369686752,map,137.3924930730027
82,67,-2.474999336525798,-4.442293528141281,-2.722221470141484,map,137.3924930730027
82,68,-2.524999337270856,-4.464584455390698,-2.712401519130854,map,137.3924930730027
82,69,-2.574999338015914,-4.487466575204432,-2.709082129820356,map,137.3924930730027
82,70,-2.624999338760972,-4.510549730690341,-2.7112119499178378,map,137.3924930730027
82,71,-2.67499933950603,-4.533503825146541,-2.714676813306893,map,137.3924930730027
82,72,-2.724999340251088,-4.5562484966443115,-2.7165394616701235,map,137.3924930730027
82,73,-2.774999340996146,-4.5788808590451,-2.71262076116957,map,137.3924930730027
82,74,-2.8249993417412043,-4.601749722221703,-2.7063226692470077,map,137.3924930730027
82,75,-2.8749993424862623,-4.625000471249223,-2.559530574220621,map,137.3924930730027
83,0,0.5750007089227438,-4.575000470504165,3.1415926459330916,map,138.42328679300044
83,1,0.5250007081776857,-4.57500047012133,3.1415926403256482,map,138.42328679300044
83,2,0.4750007074326277,-4.575000469458122,3.1415926251280983,map,138.42328679300044
83,3,0.4250007066875696,-4.575000468035038,3.141592589645904,map,138.42328679300044
83,4,0.37500070594251156,-4.575000464837843,3.1415925092344232,map,138.42328679300044
83,5,0.3250007051974535,-4.5750004576200745,3.1415923288865826,map,138.42328679300044
83,6,0.27500070445239544,-4.575000441384914,3.1415919272973913,map,138.42328679300044
83,7,0.22500070370733738,-4.575000405070293,3.141591039315432,map,138.42328679300044
83,8,0.17500070296227932,-4.575000324356574,3.141589090484249,map,138.42328679300044
83,9,0.12500070221722126,-4.575000146201294,3.1415848481457256,map,138.42328679300044
83,10,0.0750007014721632,-4.574999755929085,3.141575695264921,map,138.42328679300044
83,11,0.02500070072710514,-4.574998908012828,3.141556141168272,map,138.42328679300044
83,12,-0.02499930001795292,-4.574997082391724,3.1415148186010837,map,138.42328679300044
83,13,-0.07499930076301098,-4.574993190642223,3.141428546484441,map,138.42328679300044
83,14,-0.12499930150806904,-4.5749849852867595,3.141250859958955,map,138.42328679300044
83,15,-0.1749993022531271,-4.574967895604297,3.140890459710806,map,138.42328679300044
83,16,-0.22499930299818516,-4.574932785904054,3.14017208206986,map,138.42328679300044
83,17,-0.2749993037432432,-4.57486175727922,3.1387684701461462,map,138.42328679300044
83,18,-0.3249993044883013,-4.574720547729504,3.1360887444352827,map,138.42328679300044
83,19,-0.37499930523335934,-4.57444534948881,3.1311097574360325,map,138.42328679300044
83,20,-0.4249993059784174,-4.573921185472849,3.1221532210469523,map,138.42328679300044
83,21,-0.47499930672347546,-4.572949091379428,3.10666307390561,map,138.42328679300044
83,22,-0.5249993074685335,-4.571201901743613,3.08115764414557,map,138.42328679300044
83,23,-0.5749993082135916,-4.568176466972922,3.0417479032255224,map,138.42328679300044
83,24,-0.6249993089586496,-4.563167573798994,2.985852177420713,map,138.42328679300044
83,25,-0.6749993097037077,-4.5553169746565825,2.915536921447477,map,138.42328679300044
83,26,-0.7249993104487658,-4.5438176407505955,2.8412693840765093,map,138.42328679300044
83,27,-0.7749993111938238,-4.528333116126468,2.781964334718247,map,138.42328679300044
83,28,-0.8249993119388819,-4.509534187326268,2.7572010557525393,map,138.42328679300044
83,29,-0.8749993126839399,-4.48930849233775,2.773465223374829,map,138.42328679300044
83,30,-0.924999313428998,-4.470022969673691,2.821020343112419,map,138.42328679300044
83,31,-0.974999314174056,-4.453421735087026,2.877126899825459,map,138.42328679300044
83,32,-1.0249993149191141,-4.439881282642248,2.920133152569282,map,138.42328679300044
83,33,-1.0749993156641722,-4.428623662112327,2.938094833865544,map,138.42328679300044
83,34,-1.1249993164092302,-4.418305952752703,2.930550736898922,map,138.42328679300044
83,35,-1.1749993171542883,-4.4075943557239325,2.907166898580532,map,138.42328679300044
83,36,-1.2249993178993464,-4.3956535243327615,2.884698466452434,map,138.42328679300044
83,37,-1.2749993186444044,-4.38251859048266,2.879686375287372,map,138.42328679300044
83,38,-1.3249993193894625,-4.3691154022524845,2.897764893068844,map,138.42328679300044
83,39,-1.3749993201345205,-4.356676526208075,2.9377246169540254,map,138.42328679300044
83,40,-1.4249993208795786,-4.346339516297485,2.9875842743940617,map,138.42328679300044
83,41,-1.4749993216246367,-4.338577633015345,3.0349250984926606,map,138.42328679300044
83,42,-1.5249993223696947,-4.333223935028974,3.0728205435650366,map,138.42328679300044
83,43,-1.5749993231147528,-4.329779898121156,3.0998325052222,map,138.42328679300044
83,44,-1.6249993238598108,-4.327690676058701,3.117618298425901,map,138.42328679300044
83,45,-1.6749993246048689,-4.32649172856761,3.1288157280961997,map,138.42328679300044
83,46,-1.724999325349927,-4.325852847517292,3.1359440623643406,map,138.42328679300044
83,47,-1.774999326094985,-4.325570414947985,3.141093815001699,map,138.42328679300044
83,48,-1.824999326840043,-4.32554547301614,-3.137153184446806,map,138.42328679300044
83,49,-1.8749993275851011,-4.325767447934892,-3.1307186470027526,map,138.42328679300044
83,50,-1.9249993283301592,-4.32631116970313,-3.12087171399122,map,138.42328679300044
83,51,-1.9749993290752172,-4.327347365002094,-3.1053532725688617,map,138.42328679300044
83,52,-2.0249993298202753,-4.329160127712329,-3.0817596390199387,map,138.42328679300044
83,53,-2.0749993305653334,-4.332155353631332,-3.0483387651515526,map,138.42328679300044
83,54,-2.1249993313103914,-4.33683161134883,-3.0054875474129163,map,138.42328679300044
83,55,-2.1749993320554495,-4.3436792020289765,-2.9572271970758646,map,138.42328679300044
83,56,-2.2249993328005075,-4.353003359804201,-2.9103357130394296,map,138.42328679300044
83,57,-2.2749993335455656,-4.3647768401453355,-2.868383268363611,map,138.42328679300044
83,58,-2.3249993342906237,-4.378787661743283,-2.8245709060359294,map,138.42328679300044
83,59,-2.3749993350356817,-4.395192028663306,-2.7756642691176943,map,138.42328679300044
83,60,-2.42499933578074,-4.414351347997868,-2.7291658007995814,map,138.42328679300044
83,61,-2.474999336525798,-4.43622732595075,-2.6971828057610794,map,138.42328679300044
83,62,-2.524999337270856,-4.46003627586805,-2.6825444381979215,map,138.42328679300044
83,63,-2.574999338015914,-4.484749471676878,-2.6799097239106606,map,138.42328679300044
83,64,-2.624999338760972,-4.509626799937816,-2.6857414592252087,map,138.42328679300044
83,65,-2.67499933950603,-4.5341414067183985,-2.6959774196694184,map,138.42328679300044
83,66,-2.724999340251088,-4.558024334288627,-2.709575890784061,map,138.42328679300044
83,67,-2.774999340996146,-4.581077546715685,-2.7228750644716184,map,138.42328679300044
83,68,-2.8249993417412043,-4.60332931042418,-2.7326091591704538,map,138.42328679300044
83,69,-2.8749993424862623,-4.625000471249223,-2.559530574220621,map,138.42328679300044
84,0,0.3250007051974535,-4.575000470504165,3.1415926457421333,map,139.4511567610025
84,1,0.27500070445239544,-4.575000470111782,3.141592639989597,map,139.4511567610025
84,2,0.22500070370733738,-4.575000469431772,3.1415926243942676,map,139.4511567610025
84,3,0.17500070296227932,-4.5750004679719956,3.1415925879685256,map,139.4511567610025
84,4,0.12500070221722126,-4.575000464690932,3.1415925053795513,map,139.4511567610025
84,5,0.0750007014721632,-4.57500045728042,3.1415923200501843,map,139.4511567610025
84,6,0.02500070072710514,-4.575000440603439,3.1415919071283516,map,139.4511567610025
84,7,-0.02499930001795292,-4.575000403280367,3.1415909935019464,map,139.4511567610025
84,8,-0.07499930076301098,-4.575000320275973,3.1415889869631477,map,139.4511567610025
84,9,-0.12499930150806904,-4.575000136944638,3.141584615540096,map,139.4511567610025
84,10,-0.1749993022531271,-4.574999735042147,3.1415751757744697,map,139.4511567610025
84,11,-0.22499930299818516,-4.574998861151368,3.141554988544197,map,139.4511567610025
84,12,-0.2749993037432432,-4.574996977899059,3.1415122793309567,map,139.4511567610025
84,13,-0.3249993044883013,-4.574992959186049,3.1414229955414004,map,139.4511567610025
84,14,-0.37499930523335934,-4.574984476283421,3.141238827675946,map,139.4511567610025
84,15,-0.4249993059784174,-4.574966784986727,3.1408646196598298,map,139.4511567610025
84,16,-0.47499930672347546,-4.574930383283255,3.1401171548105586,map,139.4511567610025
84,17,-0.5249993074685335,-4.574856608289656,3.1386530321021593,map,139.4511567610025
84,18,-0.5749993082135916,-4.574709626789709,3.1358491879278962,map,139.4511567610025
84,19,-0.6249993089586496,-4.574422450344594,3.130619660373288,map,139.4511567610025
84,20,-0.6749993097037077,-4.573873778654189,3.121166667952353,map,139.4511567610025
84,21,-0.7249993104487658,-4.57285233729759,3.1047141553736695,map,139.4511567610025
84,22,-0.7749993111938238,-4.571007575977141,3.077393470355229,map,139.4511567610025
84,23,-0.8249993119388819,-4.567793199498519,3.0346809990176165,map,139.4511567610025
84,24,-0.8749993126839399,-4.562427156287323,2.9730680897869983,map,139.4511567610025
84,25,-0.924999313428998,-4.553920241452143,2.893496344249537,map,139.4511567610025
84,26,-0.974999314174056,-4.541254486580177,2.8053467298327464,map,139.4511567610025
84,27,-1.0249993149191141,-4.523778554475503,2.7264789047599147,map,139.4511567610025
84,28,-1.0749993156641722,-4.501742326213991,2.675111304144028,map,139.4511567610025
84,29,-1.1249993164092302,-4.476564965289388,2.6574223838747963,map,139.4511567610025
84,30,-1.1749993171542883,-4.450268816419641,2.6686987643256384,map,139.4511567610025
84,31,-1.2249993178993464,-4.424688222812375,2.7003851686617986,map,139.4511567610025
84,32,-1.2749993186444044,-4.401075398859431,2.7489886309564766,map,139.4511567610025
84,33,-1.3249993193894625,-4.380370288644145,2.8109781532371776,map,139.4511567610025
84,34,-1.3749993201345205,-4.363209708002671,2.8831929490104082,map,139.4511567610025
84,35,-1.4249993208795786,-4.349994271547313,2.955081087991567,map,139.4511567610025
84,36,-1.4749993216246367,-4.340559032038451,3.0164645412010604,map,139.4511567610025
84,37,-1.5249993223696947,-4.3342697682520654,3.0627516605122977,map,139.4511567610025
84,38,-1.5749993231147528,-4.330319530381652,3.094520252025656,map,139.4511567610025
84,39,-1.6249993238598108,-4.3279641703337735,3.1149004781881953,map,139.4511567610025
84,40,-1.6749993246048689,-4.326629244496218,3.1274833338541463,map,139.4511567610025
84,41,-1.724999325349927,-4.325923731682141,3.1353620791610646,map,139.4511567610025
84,42,-1.774999326094985,-4.325612198924812,3.1409664759317573,map,139.4511567610025
84,43,-1.824999326840043,-4.325580890037352,-3.136906572016316,map,139.4511567610025
84,44,-1.8749993275851011,-4.325815195834588,-3.130009533899418,map,139.4511567610025
84,45,-1.9249993283301592,-4.326394377730655,-3.1194310777231404,map,139.4511567610025
84,46,-1.9749993290752172,-4.327502637981738,-3.1026787280638697,map,139.4511567610025
84,47,-2.0249993298202753,-4.3294493170007655,-3.0770452644874986,map,139.4511567610025
84,48,-2.0749993305653334,-4.332681176119859,-3.040447136071004,map,139.4511567610025
84,49,-2.1249993313103914,-4.337755768949947,-2.993087722165424,map,139.4511567610025
84,50,-2.1749993320554495,-4.3452360862447055,-2.9392750430100887,map,139.4511567610025
84,51,-2.2249993328005075,-4.355492287311225,-2.8870298469226388,map,139.4511567610025
84,52,-2.2749993335455656,-4.368502683685952,-2.842578055065575,map,139.4511567610025
84,53,-2.3249993342906237,-4.383915528155547,-2.8030867542778504,map,139.4511567610025
84,54,-2.3749993350356817,-4.401518363798513,-2.7680015024232842,map,139.4511567610025
84,55,-2.42499933578074,-4.4211183809992995,-2.740990547921624,map,139.4511567610025
84,56,-2.474999336525798,-4.442293538018478,-2.7222215623765034,map,139.4511567610025
84,57,-2.524999337270856,-4.464584459739539,-2.7124015595374624,map,139.4511567610025
84,58,-2.574999338015914,-4.487466577109812,-2.7090821475349323,map,139.4511567610025
84,59,-2.624999338760972,-4.510549731521214,-2.711211957688125,map,139.4511567610025
84,60,-2.67499933950603,-4.533503825507018,-2.7146768167099005,map,139.4511567610025
84,61,-2.724999340251088,-4.556248496799429,-2.7165394631660713,map,139.4511567610025
84,62,-2.774999340996146,-4.578880859110095,-2.712620761854334,map,139.4511567610025
84,63,-2.8249993417412043,-4.601749722245297,-2.7063226696349982,map,139.4511567610025
84,64,-2.8749993424862623,-4.625000471249223,-2.559530574220621,map,139.4511567610025
85,0,0.02500070072710514,-4.575000470504165,3.141591573647594,map,140.48197079199963
85,1,-0.02499930001795292,-4.575000416507054,3.1415908453821566,map,140.48197079199963
85,2,-0.07499930076301098,-4.575000326096671,3.1415889215330344,map,140.48197079199963
85,3,-0.12499930150806904,-4.57500013949383,3.1415845867841123,map,140.48197079199963
85,4,-0.1749993022531271,-4.57499973615354,3.14157516319646,map,140.48197079199963
85,5,-0.22499930299818516,-4.57499886163386,3.141554983066996,map,140.48197079199963
85,6,-0.2749993037432432,-4.574996978107691,3.1415122769558255,map,140.48197079199963
85,7,-0.3249993044883013,-4.574992959275924,3.141422994515501,map,140.48197079199963
85,8,-0.37499930523335934,-4.574984476322002,3.141238827234468,map,140.48197079199963
85,9,-0.4249993059784174,-4.574966785003234,3.140864619470506,map,140.48197079199963
85,10,-0.47499930672347546,-4.574930383290296,3.140117154729628,map,140.48197079199963
85,11,-0.5249993074685335,-4.57485660829265,3.1386530320676806,map,140.48197079199963
85,12,-0.5749993082135916,-4.5747096267909795,3.1358491879132595,map,140.48197079199963
85,13,-0.6249993089586496,-4.574422450345132,3.130619660367071,map,140.48197079199963
85,14,-0.6749993097037077,-4.573873778654416,3.121166667949743,map,140.48197079199963
85,15,-0.7249993104487658,-4.572852337297687,3.1047141553725344,map,140.48197079199963
85,16,-0.7749993111938238,-4.571007575977181,3.0773934703547514,map,140.48197079199963
85,17,-0.8249993119388819,-4.567793199498535,3.0346809990174233,map,140.48197079199963
85,18,-0.8749993126839399,-4.562427156287329,2.9730680897869464,map,140.48197079199963
85,19,-0.924999313428998,-4.553920241452147,2.893496344249504,map,140.48197079199963
85,20,-0.974999314174056,-4.541254486580179,2.8053467298327304,map,140.48197079199963
85,21,-1.0249993149191141,-4.523778554475504,2.7264789047599147,map,140.48197079199963
85,22,-1.0749993156641722,-4.501742326213992,2.675111304144028,map,140.48197079199963
85,23,-1.1249993164092302,-4.476564965289389,2.6574223838747963,map,140.48197079199963
85,24,-1.1749993171542883,-4.450268816419642,2.6686987643256384,map,140.48197079199963
85,25,-1.2249993178993464,-4.424688222812376,2.700385168661784,map,140.48197079199963
85,26,-1.2749993186444044,-4.401075398859431,2.7489886309564766,map,140.48197079199963
85,27,-1.3249993193894625,-4.380370288644145,2.8109781532371776,map,140.48197079199963
85,28,-1.3749993201345205,-4.363209708002671,2.8831929490104082,map,140.48197079199963
85,29,-1.4249993208795786,-4.349994271547313,2.955081087991567,map,140.48197079199963
85,30,-1.4749993216246367,-4.340559032038451,3.0164645412010604,map,140.48197079199963
85,31,-1.5249993223696947,-4.3342697682520654,3.0627516605122977,map,140.48197079199963
85,32,-1.5749993231147528,-4.330319530381652,3.094520252025656,map,140.48197079199963
85,33,-1.6249993238598108,-4.3279641703337735,3.1149004781881953,map,140.48197079199963
85,34,-1.6749993246048689,-4.326629244496218,3.1274833338541463,map,140.48197079199963
85,35,-1.724999325349927,-4.325923731682141,3.1353620791610646,map,140.48197079199963
85,36,-1.774999326094985,-4.325612198924812,3.1409664759317573,map,140.48197079199963
85,37,-1.824999326840043,-4.325580890037352,-3.136906572016316,map,140.48197079199963
85,38,-1.8749993275851011,-4.325815195834588,-3.130009533899418,map,140.48197079199963
85,39,-1.9249993283301592,-4.326394377730655,-3.1194310777231404,map,140.48197079199963
85,40,-1.9749993290752172,-4.327502637981738,-3.1026787280638697,map,140.48197079199963
85,41,-2.0249993298202753,-4.3294493170007655,-3.0770452644874986,map,140.48197079199963
85,42,-2.0749993305653334,-4.332681176119859,-3.040447136071004,map,140.48197079199963
85,43,-2.1249993313103914,-4.337755768949947,-2.993087722165424,map,140.48197079199963
85,44,-2.1749993320554495,-4.3452360862447055,-2.9392750430100887,map,140.48197079199963
85,45,-2.2249993328005075,-4.355492287311225,-2.8870298469226388,map,140.48197079199963
85,46,-2.2749993335455656,-4.368502683685952,-2.842578055065575,map,140.48197079199963
85,47,-2.3249993342906237,-4.383915528155547,-2.8030867542778504,map,140.48197079199963
85,48,-2.3749993350356817,-4.401518363798513,-2.7680015024232842,map,140.48197079199963
85,49,-2.42499933578074,-4.4211183809992995,-2.740990547921624,map,140.48197079199963
85,50,-2.474999336525798,-4.442293538018478,-2.7222215623765034,map,140.48197079199963
85,51,-2.524999337270856,-4.464584459739539,-2.7124015595374624,map,140.48197079199963
85,52,-2.574999338015914,-4.487466577109812,-2.7090821475349323,map,140.48197079199963
85,53,-2.624999338760972,-4.510549731521214,-2.711211957688125,map,140.48197079199963
85,54,-2.67499933950603,-4.533503825507018,-2.7146768167099005,map,140.48197079199963
85,55,-2.724999340251088,-4.556248496799429,-2.7165394631660713,map,140.48197079199963
85,56,-2.774999340996146,-4.578880859110095,-2.712620761854334,map,140.48197079199963
85,57,-2.8249993417412043,-4.601749722245297,-2.7063226696349982,map,140.48197079199963
85,58,-2.8749993424862623,-4.625000471249223,-2.559530574220621,map,140.48197079199963
86,0,-0.2749993037432432,-4.525000469759107,3.1415422793651913,map,141.51003532600225
86,1,-0.3249993044883013,-4.524997951047837,3.1415119780381766,map,141.51003532600225
86,2,-0.37499930523335934,-4.524993917270187,3.1414347133887053,map,141.51003532600225
86,3,-0.4249993059784174,-4.5249860202599494,3.1412691837669633,map,141.51003532600225
86,4,-0.47499930672347546,-4.524969846768003,3.140930540040228,map,141.51003532600225
86,5,-0.5249993074685335,-4.5249367410851935,3.1402541673767375,map,141.51003532600225
86,6,-0.5749993082135916,-4.5248698167335775,3.1389317839453215,map,141.51003532600225
86,7,-0.6249993089586496,-4.524736772935378,3.136405979824267,map,141.51003532600225
86,8,-0.6749993097037077,-4.524477436917716,3.131710072721774,map,141.51003532600225
86,9,-0.7249993104487658,-4.523983291779886,3.123254439648191,map,141.51003532600225
86,10,-0.7749993111938238,-4.523066278272653,3.1086068401626523,map,141.51003532600225
86,11,-0.8249993119388819,-4.5214163891383805,3.0844220798722377,map,141.51003532600225
86,12,-0.8749993126839399,-4.518554741990102,3.0468705538769707,map,141.51003532600225
86,13,-0.924999313428998,-4.513804421365788,2.9931315453517713,map,141.51003532600225
86,14,-0.974999314174056,-4.506326344258349,2.9243546222270136,map,141.51003532600225
86,15,-1.0249993149191141,-4.495290288015747,2.849040882708178,map,141.51003532600225
86,16,-1.0749993156641722,-4.480230591943815,2.7830414463937654,map,141.51003532600225
86,17,-1.1249993164092302,-4.461493106888289,2.7421219776065233,map,141.51003532600225
86,18,-1.1749993171542883,-4.440384635802464,2.7300386801060865,map,141.51003532600225
86,19,-1.2249993178993464,-4.418560636452599,2.7421227126843695,map,141.51003532600225
86,20,-1.2749993186444044,-4.39745220867119,2.7759903683784923,map,141.51003532600225
86,21,-1.3249993193894625,-4.378311586051442,2.8276713430596017,map,141.51003532600225
86,22,-1.3749993201345205,-4.362078753800656,2.893075703036472,map,141.51003532600225
86,23,-1.4249993208795786,-4.349390614884701,2.960674722781172,map,141.51003532600225
86,24,-1.4749993216246367,-4.340244714053137,3.019500463675271,map,141.51003532600225
86,25,-1.5249993223696947,-4.33410958971284,3.0643433744065613,map,141.51003532600225
86,26,-1.5749993231147528,-4.330239424290737,3.09533255110844,map,141.51003532600225
86,27,-1.6249993238598108,-4.327924767777201,3.1153062787588013,map,141.51003532600225
86,28,-1.6749993246048689,-4.326610146212563,3.127682537939684,map,141.51003532600225
86,29,-1.724999325349927,-4.32591459555811,3.135458412337292,map,141.51003532600225
86,30,-1.774999326094985,-4.325607879643776,3.1410124529806502,map,141.51003532600225
86,31,-1.824999326840043,-4.325578869609632,-3.136884884527071,map,141.51003532600225
86,32,-1.8749993275851011,-4.325814259805269,-3.129999411831565,map,141.51003532600225
86,33,-1.9249993283301592,-4.326393947872705,-3.1194263994493494,map,141.51003532600225
86,34,-1.9749993290752172,-4.327502442152426,-3.102676585918709,map,141.51003532600225
86,35,-2.0249993298202753,-4.329449228441078,-3.0770442929364394,map,141.51003532600225
86,36,-2.0749993305653334,-4.332681136340684,-3.0404467001149365,map,141.51003532600225
86,37,-2.1249993313103914,-4.337755751193106,-2.9930875289700833,map,141.51003532600225
86,38,-2.1749993320554495,-4.345236078363838,-2.939274958530648,map,141.51003532600225
86,39,-2.2249993328005075,-4.355492283832057,-2.8870298103830243,map,141.51003532600225
86,40,-2.2749993335455656,-4.368502682157466,-2.842578039359348,map,141.51003532600225
86,41,-2.3249993342906237,-4.3839155274869945,-2.803086747564831,map,141.51003532600225
86,42,-2.3749993350356817,-4.401518363507214,-2.7680014995668754,map,141.51003532600225
86,43,-2.42499933578074,-4.421118380872767,-2.740990546706052,map,141.51003532600225
86,44,-2.474999336525798,-4.442293537963625,-2.7222215618579644,map,141.51003532600225
86,45,-2.524999337270856,-4.464584459715766,-2.7124015593151234,map,141.51003532600225
86,46,-2.574999338015914,-4.487466577099484,-2.709082147439081,map,141.51003532600225
86,47,-2.624999338760972,-4.510549731516701,-2.7112119576464724,map,141.51003532600225
86,48,-2.67499933950603,-4.533503825505026,-2.7146768166915916,map,141.51003532600225
86,49,-2.724999340251088,-4.556248496798542,-2.7165394631578446,map,141.51003532600225
86,50,-2.774999340996146,-4.578880859109703,-2.7126207618503235,map,141.51003532600225
86,51,-2.8249993417412043,-4.601749722245148,-2.7063226696325446,map,141.51003532600225
86,52,-2.8749993424862623,-4.625000471249223,-2.559530574220621,map,141.51003532600225
87,0,-0.5749993082135916,-4.525000469759107,3.1375937561371767,map,142.54160917199988
87,1,-0.6249993089586496,-4.524800523817705,3.135744634531508,map,142.54160917199988
87,2,-0.6749993097037077,-4.524508119527082,3.131388190622836,map,142.54160917199988
87,3,-0.7249993104487658,-4.523997878660367,3.12309993787547,map,142.54160917199988
87,4,-0.7749993111938238,-4.523073137443971,3.1085336422751553,map,142.54160917199988
87,5,-0.8249993119388819,-4.521419584421324,3.0843878834990117,map,142.54160917199988
87,6,-0.8749993126839399,-4.518556221850302,3.046854913097543,map,142.54160917199988
87,7,-0.924999313428998,-4.5138051121269775,2.9931247756282726,map,142.54160917199988
87,8,-0.974999314174056,-4.506326688961528,2.9243523347017897,map,142.54160917199988
87,9,-1.0249993149191141,-4.495290512770441,2.8490414191910047,map,142.54160917199988
87,10,-1.0749993156641722,-4.480230845956072,2.7830448731929662,map,142.54160917199988
87,11,-1.1249993164092302,-4.461493556302786,2.7421301423509306,map,142.54160917199988
87,12,-1.1749993171542883,-4.4403855662114315,2.7300564133624174,map,142.54160917199988
87,13,-1.2249993178993464,-4.4185626224385945,2.7421608565738147,map,142.54160917199988
87,14,-1.2749993186444044,-4.397456441727691,2.7760725004460727,map,142.54160917199988
87,15,-1.3249993193894625,-4.378320527367078,2.8278473536830697,map,142.54160917199988
87,16,-1.3749993201345205,-4.362097422684855,2.8934477405249903,map,142.54160917199988
87,17,-1.4249993208795786,-4.349429081653286,2.961441558289978,map,142.54160917199988
87,18,-1.4749993216246367,-4.340322799925682,3.0210331533686987,map,142.54160917199988
87,19,-1.5249993223696947,-4.334265449306738,3.0673127212940923,map,142.54160917199988
87,20,-1.5749993231147528,-4.330544606858354,3.1009095316586683,map,142.54160917199988
87,21,-1.6249993238598108,-4.328509327732942,3.1254415317011888,map,142.54160917199988
87,22,-1.6749993246048689,-4.3277017013997945,-3.137762700699016,map,142.54160917199988
87,23,-1.724999325349927,-4.327893199983523,-3.1180428298982976,map,142.54160917199988
87,24,-1.774999326094985,-4.329070908910539,-3.095200605476837,map,142.54160917199988
87,25,-1.824999326840043,-4.331392176884505,-3.0676737383898103,map,142.54160917199988
87,26,-1.8749993275851011,-4.335094869001429,-3.037170491016304,map,142.54160917199988
87,27,-1.9249993283301592,-4.340335037311821,-3.009941845417295,map,142.54160917199988
87,28,-1.9749993290752172,-4.3469558727190645,-2.9954562616582625,map,142.54160917199988
87,29,-2.0249993298202753,-4.354315155060178,-2.9991963710681167,map,142.54160917199988
87,30,-2.0749993305653334,-4.3614834849407496,-3.012167431704332,map,142.54160917199988
87,31,-2.1249993313103914,-4.367991123012874,-3.0211154715426063,map,142.54160917199988
87,32,-2.1749993320554495,-4.374044297357161,-3.0156911397893356,map,142.54160917199988
87,33,-2.2249993328005075,-4.380372846879713,-2.990481313859691,map,142.54160917199988
87,34,-2.2749993335455656,-4.387986453706957,-2.9455485622700595,map,142.54160917199988
87,35,-2.3249993342906237,-4.397916196438717,-2.8872973017567602,map,142.54160917199988
87,36,-2.3749993350356817,-4.410912315621007,-2.8277482375317424,map,142.54160917199988
87,37,-2.42499933578074,-4.4271408980129054,-2.7786419130487516,map,142.54160917199988
87,38,-2.474999336525798,-4.446129668597892,-2.742746143612802,map,142.54160917199988
87,39,-2.524999337270856,-4.467201378902469,-2.7205073301224347,map,142.54160917199988
87,40,-2.574999338015914,-4.489595126453638,-2.7085508466452586,map,142.54160917199988
87,41,-2.624999338760972,-4.512710515701994,-2.7056826726865815,map,142.54160917199988
87,42,-2.67499933950603,-4.536000195758049,-2.7090441168627493,map,142.54160917199988
87,43,-2.724999340251088,-4.5590856570227825,-2.71786857694375,map,142.54160917199988
87,44,-2.774999340996146,-4.58163799566564,-2.728257513385799,map,142.54160917199988
87,45,-2.8249993417412043,-4.6035681028869,-2.7366367193770804,map,142.54160917199988
87,46,-2.8749993424862623,-4.625000471249223,-2.559530574220621,map,142.54160917199988
88,0,-0.8749993126839399,-4.475000469014049,3.0708494486698474,map,143.57173970900112
88,1,-0.924999313428998,-4.471457396187084,3.0529534378591516,map,143.57173970900112
88,2,-0.974999314174056,-4.467013791566173,3.01747289933098,map,143.57173970900112
88,3,-1.0249993149191141,-4.460775736918055,2.9669008691538896,map,143.57173970900112
88,4,-1.0749993156641722,-4.451951197603581,2.908584068811822,map,143.57173970900112
88,5,-1.1249993164092302,-4.440085240734815,2.855260303205587,map,143.57173970900112
88,6,-1.1749993171542883,-4.425364096464957,2.819932886168198,map,143.57173970900112
88,7,-1.2249993178993464,-4.4087024731182325,2.8073671073419875,map,143.57173970900112
88,8,-1.2749993186444044,-4.39133982084812,2.8203545593466215,map,143.57173970900112
88,9,-1.3249993193894625,-4.374701619082124,2.8563405065040604,map,143.57173970900112
88,10,-1.3749993201345205,-4.360039148202721,2.910905365955618,map,143.57173970900112
88,11,-1.4249993208795786,-4.348295725726157,2.971618999920713,map,143.57173970900112
88,12,-1.4749993216246367,-4.339714240616323,3.026710696277331,map,143.57173970900112
88,13,-1.5249993223696947,-4.333944738603522,3.0704437776372884,map,143.57173970900112
88,14,-1.5749993231147528,-4.330381279786755,3.1028922569952226,map,143.57173970900112
88,15,-1.6249993238598108,-4.3284452933093345,3.127540253770137,map,143.57173970900112
88,16,-1.6749993246048689,-4.327742627055452,-3.1337987474549758,map,143.57173970900112
88,17,-1.724999325349927,-4.328132330258868,-3.1090126020266204,map,143.57173970900112
88,18,-1.774999326094985,-4.3297619094796955,-3.0749260642060356,map,143.57173970900112
88,19,-1.824999326840043,-4.333100186047979,-3.024881224952509,map,143.57173970900112
88,20,-1.8749993275851011,-4.338962399261246,-2.953504552253624,map,143.57173970900112
88,21,-1.9249993283301592,-4.3484792969013695,-2.8604056521493932,map,143.57173970900112
88,22,-1.9749993290752172,-4.362921292954754,-2.754757379996745,map,143.57173970900112
88,23,-2.0249993298202753,-4.383289305813071,-2.6554304237431627,map,143.57173970900112
88,24,-2.0749993305653334,-4.409712734507856,-2.582245252713369,map,143.57173970900112
88,25,-2.1249993313103914,-4.441014774637532,-2.544595630317901,map,143.57173970900112
88,26,-2.1749993320554495,-4.4750016418499925,-2.544585608770385,map,143.57173970900112
88,27,-2.2249993328005075,-4.508989241664046,-2.5822075678926115,map,143.57173970900112
88,28,-2.2749993335455656,-4.540293904581755,-2.6553364800180517,map,143.57173970900112
88,29,-2.3249993342906237,-4.566723342586842,-2.754539134159806,map,143.57173970900112
88,30,-2.3749993350356817,-4.587104079680259,-2.859921739779443,map,143.57173970900112
88,31,-2.42499933578074,-4.601572293623234,-2.952481026561382,map,143.57173970900112
88,32,-2.474999336525798,-4.611142231942272,-3.0228026446491265,map,143.57173970900112
88,33,-2.524999337270856,-4.617109828636977,-3.070840787183103,map,143.57173970900112
88,34,-2.574999338015914,-4.620653336713168,-3.101210077278066,map,143.57173970900112
88,35,-2.624999338760972,-4.622673563841709,-3.119319175469509,map,143.57173970900112
88,36,-2.67499933950603,-4.623787421968323,-3.1296172295018096,map,143.57173970900112
88,37,-2.724999340251088,-4.624386221806702,-3.135211816685234,map,143.57173970900112
88,38,-2.774999340996146,-4.624705267986693,-3.138051457939423,map,143.57173970900112
88,39,-2.8249993417412043,-4.624882328511967,-3.139229803277217,map,143.57173970900112
88,40,-2.8749993424862623,-4.625000471249223,-2.559530574220621,map,143.57173970900112
89,0,-1.1749993171542883,-4.475000469014049,2.582203941196244,map,144.59974049300217
89,1,-1.2249993178993464,-4.443695553679008,2.6143226424394226,map,144.59974049300217
89,2,-1.2749993186444044,-4.414582769775418,2.673856785394046,map,144.59974049300217
89,3,-1.3249993193894625,-4.389326728391909,2.7522093312620153,map,144.59974049300217
89,4,-1.3749993201345205,-4.3688100169647885,2.841318244508988,map,144.59974049300217
89,5,-1.4249993208795786,-4.353328169627618,2.927629281001959,map,144.59974049300217
89,6,-1.4749993216246367,-4.342463699630228,2.9996963682539137,map,144.59974049300217
89,7,-1.5249993223696947,-4.335320881629312,3.053066863379266,map,144.59974049300217
89,8,-1.5749993231147528,-4.330882993020045,3.089166794548364,map,144.59974049300217
89,9,-1.6249993238598108,-4.328259295870117,3.112052656650518,map,144.59974049300217
89,10,-1.6749993246048689,-4.3267818662354856,3.1260401039240286,map,144.59974049300217
89,11,-1.724999325349927,-4.326004176036563,3.134713983291213,map,144.59974049300217
89,12,-1.774999326094985,-4.325660237091875,3.1408245659516165,map,144.59974049300217
89,13,-1.824999326840043,-4.325621832701842,-3.136603409927948,map,144.59974049300217
89,14,-1.8749993275851011,-4.325871296958589,-3.1291121319255515,map,144.59974049300217
89,15,-1.9249993283301592,-4.326495355453265,-3.1175209867886373,map,144.59974049300217
89,16,-1.9749993290752172,-4.327699171335328,-3.0989201872316596,map,144.59974049300217
89,17,-2.0249993298202753,-4.329834090695282,-3.069931682090764,map,144.59974049300217
89,18,-2.0749993305653334,-4.333423285285504,-3.0274504511925033,map,144.59974049300217
89,19,-2.1249993313103914,-4.339155310257512,-2.970302280841659,map,144.59974049300217
89,20,-2.1749993320554495,-4.347804585994847,-2.901275557547576,map,144.59974049300217
89,21,-2.2249993328005075,-4.3600572269047895,-2.827231262517098,map,144.59974049300217
89,22,-2.2749993335455656,-4.376314385927338,-2.7545251170371157,map,144.59974049300217
89,23,-2.3249993342906237,-4.396695940328659,-2.68367932620189,map,144.59974049300217
89,24,-2.3749993350356817,-4.421338568813522,-2.6216259490380227,map,144.59974049300217
89,25,-2.42499933578074,-4.4499644502649645,-2.582074844191977,map,144.59974049300217
89,26,-2.474999336525798,-4.481278351472039,-2.574911038550932,map,144.59974049300217
89,27,-2.524999337270856,-4.513093189889396,-2.604608513375113,map,144.59974049300217
89,28,-2.574999338015914,-4.542860065452806,-2.6704423657233884,map,144.59974049300217
89,29,-2.624999338760972,-4.568330757818671,-2.7628334433269917,map,144.59974049300217
89,30,-2.67499933950603,-4.588229493105618,-2.861156881886676,map,144.59974049300217
89,31,-2.724999340251088,-4.602630802793801,-2.945207809346251,map,144.59974049300217
89,32,-2.774999340996146,-4.612578256334542,-3.003470947226566,map,144.59974049300217
89,33,-2.8249993417412043,-4.619528596689278,-3.032588946167583,map,144.59974049300217
89,34,-2.8749993424862623,-4.625000471249223,-2.559530574220621,map,144.59974049300217
90,0,-1.5249993223696947,-4.475000469014049,-3.1415918726859475,map,145.62874088900207
90,1,-1.5749993231147528,-4.475000508059241,-3.1415913477614428,map,145.62874088900207
90,2,-1.6249993238598108,-4.47500057335066,-3.1415899624900105,map,145.62874088900207
90,3,-1.6749993246048689,-4.475000707905651,-3.1415868456829066,map,145.62874088900207
90,4,-1.724999325349927,-4.475000998301,-3.141580081221253,map,145.62874088900207
90,5,-1.774999326094985,-4.475001626919436,-3.1415656227312825,map,145.62874088900207
90,6,-1.824999326840043,-4.475002978462382,-3.1415350888756044,map,145.62874088900207
90,7,-1.8749993275851011,-4.475005856698138,-3.141471401896133,map,145.62874088900207
90,8,-1.9249993283301592,-4.475011919282941,-3.1413403706192957,map,145.62874088900207
90,9,-1.9749993290752172,-4.475024533431921,-3.1410748987844848,map,145.62874088900207
90,10,-2.0249993298202753,-4.475050421174886,-3.1405463555745357,map,145.62874088900207
90,11,-2.0749993305653334,-4.4751027360955185,-3.13951487130757,map,145.62874088900207
90,12,-2.1249993313103914,-4.475206625360681,-3.137547845967088,map,145.62874088900207
90,13,-2.1749993320554495,-4.4754088668477525,-3.133896734209373,map,145.62874088900207
90,14,-2.2249993328005075,-4.47579367041948,-3.1273331833724725,map,145.62874088900207
90,15,-2.2749993335455656,-4.476506692268462,-3.115980257871932,map,145.62874088900207
90,16,-2.3249993342906237,-4.477787592173586,-3.097252488147368,map,145.62874088900207
90,17,-2.3749993350356817,-4.480006054538849,-3.068152622041737,map,145.62874088900207
90,18,-2.42499933578074,-4.483684672015528,-3.0263124358892726,map,145.62874088900207
90,19,-2.474999336525798,-4.48947435311552,-2.9720485636412595,map,145.62874088900207
90,20,-2.524999337270856,-4.4980337289900225,-2.910744822238784,map,145.62874088900207
90,21,-2.574999338015914,-4.5097856217771675,-2.8528667349560277,map,145.62874088900207
90,22,-2.624999338760972,-4.524636910728889,-2.808163440808691,map,145.62874088900207
90,23,-2.67499933950603,-4.541954957369761,-2.776583331059092,map,145.62874088900207
90,24,-2.724999340251088,-4.5610615947686615,-2.7549320771115893,map,145.62874088900207
90,25,-2.774999340996146,-4.581419424012995,-2.736990831187306,map,145.62874088900207
90,26,-2.8249993417412043,-4.602830836764747,-2.724246941699852,map,145.62874088900207
90,27,-2.8749993424862623,-4.625000471249223,-2.559530574220621,map,145.62874088900207
91,0,-1.8749993275851011,-4.475000469014049,-3.1414138398912304,map,146.65813869700287
91,1,-1.9249993283301592,-4.475009409699205,-3.141313344220812,map,146.65813869700287
91,2,-1.9749993290752172,-4.475023375168226,-3.1410623357787872,map,146.65813869700287
91,3,-2.0249993298202753,-4.475049891061657,-3.1405405686351537,map,146.65813869700287
91,4,-2.0749993305653334,-4.4751024953295815,-3.1395122276846585,map,146.65813869700287
91,5,-2.1249993313103914,-4.4752065167764625,-3.1375466474439264,map,146.65813869700287
91,6,-2.1749993320554495,-4.475408818190674,-3.1338961946358794,map,146.65813869700287
91,7,-2.2249993328005075,-4.475793648742675,-3.1273329420331355,map,146.65813869700287
91,8,-2.2749993335455656,-4.4765066826610775,-3.115980150590169,map,146.65813869700287
91,9,-2.3249993342906237,-4.47778758793381,-3.0972524407497595,map,146.65813869700287
91,10,-2.3749993350356817,-4.48000605267362,-3.0681526012408904,map,146.65813869700287
91,11,-2.42499933578074,-4.48368467119597,-3.0263124268335364,map,146.65813869700287
91,12,-2.474999336525798,-4.48947435275482,-2.972048559735952,map,146.65813869700287
91,13,-2.524999337270856,-4.49803372883031,-2.910744820568332,map,146.65813869700287
91,14,-2.574999338015914,-4.509785621705592,-2.852866734241224,map,146.65813869700287
91,15,-2.624999338760972,-4.5246369106962065,-2.808163440497676,map,146.65813869700287
91,16,-2.67499933950603,-4.541954957354495,-2.7765833309191414,map,146.65813869700287
91,17,-2.724999340251088,-4.561061594761415,-2.7549320770450927,map,146.65813869700287
91,18,-2.774999340996146,-4.581419424009624,-2.736990831152676,map,146.65813869700287
91,19,-2.8249993417412043,-4.602830836763426,-2.7242469416777624,map,146.65813869700287
91,20,-2.8749993424862623,-4.625000471249223,-2.559530574220621,map,146.65813869700287
92,0,-2.1749993320554495,-4.475000469014049,-3.1296172261499673,map,147.6889707190021
92,1,-2.2249993328005075,-4.475599269020044,-3.1249121052098876,map,147.6889707190021
92,2,-2.2749993335455656,-4.476433373813535,-3.1143357276794923,map,147.6889707190021
92,3,-2.3249993342906237,-4.477796557734038,-3.0956556078517568,map,147.6889707190021
92,4,-2.3749993350356817,-4.480095027035289,-3.065991506692369,map,147.6889707190021
92,5,-2.42499933578074,-4.483882302620705,-3.0229576626974084,map,147.6889707190021
92,6,-2.474999336525798,-4.4898420381475574,-2.9668424359362535,map,147.6889707190021
92,7,-2.524999337270856,-4.498669590160837,-2.9031743680661286,map,147.6889707190021
92,8,-2.574999338015914,-4.510821635967935,-2.8429700549102086,map,147.6889707190021
92,9,-2.624999338760972,-4.526213020600535,-2.797209677696625,map,147.6889707190021
92,10,-2.67499933950603,-4.54414682007047,-2.7680373925260513,map,147.6889707190021
92,11,-2.724999340251088,-4.563744767043898,-2.7549310156606786,map,147.6889707190021
92,12,-2.774999340996146,-4.584102658158985,-2.752204129157352,map,147.6889707190021
92,13,-2.8249993417412043,-4.6046196734869955,-2.754538093662518,map,147.6889707190021
92,14,-2.8749993424862623,-4.625000471249223,-2.559530574220621,map,147.6889707190021
93,0,-2.42499933578074,-4.475000469014049,0.0,map,148.7186145150008
93,1,-2.474999336525798,-4.475000469014049,0.0,map,148.7186145150008
93,2,-2.524999337270856,-4.475000469014049,0.0,map,148.7186145150008
93,3,-2.574999338015914,-4.475000469014049,0.0,map,148.7186145150008
93,4,-2.624999338760972,-4.525000469759107,0.0,map,148.7186145150008
93,5,-2.67499933950603,-4.525000469759107,0.0,map,148.7186145150008
93,6,-2.724999340251088,-4.575000470504165,0.0,map,148.7186145150008
93,7,-2.774999340996146,-4.575000470504165,0.0,map,148.7186145150008
93,8,-2.8249993417412043,-4.625000471249223,0.0,map,148.7186145150008
93,9,-2.8749993424862623,-4.625000471249223,-2.559530574220621,map,148.7186145150008
94,0,-2.474999336525798,-4.525000469759107,0.0,map,149.73796302600022
94,1,-2.524999337270856,-4.525000469759107,0.0,map,149.73796302600022
94,2,-2.574999338015914,-4.525000469759107,0.0,map,149.73796302600022
94,3,-2.624999338760972,-4.525000469759107,0.0,map,149.73796302600022
94,4,-2.67499933950603,-4.525000469759107,0.0,map,149.73796302600022
94,5,-2.724999340251088,-4.575000470504165,0.0,map,149.73796302600022
94,6,-2.774999340996146,-4.575000470504165,0.0,map,149.73796302600022
94,7,-2.8249993417412043,-4.625000471249223,0.0,map,149.73796302600022
94,8,-2.8749993424862623,-4.625000471249223,-2.559530574220621,map,149.73796302600022
95,0,-2.524999337270856,-4.525000469759107,0.0,map,150.76921250500163
95,1,-2.574999338015914,-4.525000469759107,0.0,map,150.76921250500163
95,2,-2.624999338760972,-4.525000469759107,0.0,map,150.76921250500163
95,3,-2.67499933950603,-4.525000469759107,0.0,map,150.76921250500163
95,4,-2.724999340251088,-4.575000470504165,0.0,map,150.76921250500163
95,5,-2.774999340996146,-4.575000470504165,0.0,map,150.76921250500163
95,6,-2.8249993417412043,-4.625000471249223,0.0,map,150.76921250500163
95,7,-2.8749993424862623,-4.625000471249223,-2.559530574220621,map,150.76921250500163
96,0,-2.574999338015914,-4.525000469759107,0.0,map,151.7983297940009
96,1,-2.624999338760972,-4.525000469759107,0.0,map,151.7983297940009
96,2,-2.67499933950603,-4.525000469759107,0.0,map,151.7983297940009
96,3,-2.724999340251088,-4.575000470504165,0.0,map,151.7983297940009
96,4,-2.774999340996146,-4.575000470504165,0.0,map,151.7983297940009
96,5,-2.8249993417412043,-4.575000470504165,0.0,map,151.7983297940009
96,6,-2.8749993424862623,-4.625000471249223,-2.559530574220621,map,151.7983297940009
97,0,-2.67499933950603,-4.575000470504165,0.0,map,152.827175800001
97,1,-2.724999340251088,-4.575000470504165,0.0,map,152.827175800001
97,2,-2.774999340996146,-4.575000470504165,0.0,map,152.827175800001
97,3,-2.8249993417412043,-4.575000470504165,0.0,map,152.827175800001
97,4,-2.8749993424862623,-4.625000471249223,-2.559530574220621,map,152.827175800001
98,0,-2.774999340996146,-4.575000470504165,0.0,map,153.85714166199978
98,1,-2.8249993417412043,-4.575000470504165,0.0,map,153.85714166199978
98,2,-2.8749993424862623,-4.625000471249223,-2.559530574220621,map,153.85714166199978
