path_id,point_index,x,y,yaw,frame_id,received_time_sec
1,0,1.7250007260590792,-0.12500040419399738,-1.5707963273388348,map,10.500090045999968
1,1,1.7250007260318823,-0.17500040493905544,-1.5707963277494397,map,10.500090045999968
1,2,1.725000725984155,-0.2250004056841135,-1.5707963288723947,map,10.500090045999968
1,3,1.7250007258802802,-0.27500040642917156,-1.5707963315268136,map,10.500090045999968
1,4,1.7250007256436843,-0.3250004071742296,-1.5707963376281064,map,10.500090045999968
1,5,1.7250007251020238,-0.3750004079192877,-1.5707963515247145,map,10.500090045999968
1,6,1.725000723865533,-0.42500040866434574,-1.570796382987684,map,10.500090045999968
1,7,1.7250007210558935,-0.4750004094094038,-1.5707964538175847,map,10.500090045999968
1,8,1.725000714704759,-0.5250004101544619,-1.5707966123181505,map,10.500090045999968
1,9,1.725000700428596,-0.5750004108995199,-1.57079696472623,map,10.500090045999968
1,10,1.725000668532029,-0.625000411644578,-1.570797742813631,map,10.500090045999968
1,11,1.7250005977310912,-0.675000412389636,-1.5707994477580491,map,10.500090045999968
1,12,1.7250004416829312,-0.7250004131346941,-1.5708031527221162,map,10.500090045999968
1,13,1.7250001003865651,-0.7750004138797522,-1.5708111307621226,map,10.500090045999968
1,14,1.7249993601881928,-0.8250004146248102,-1.5708281381662197,map,10.500090045999968
1,15,1.7249977696196024,-0.8750004153698683,-1.5708639918173959,map,10.500090045999968
1,16,1.7249943863684218,-0.9250004161149263,-1.5709386407232016,map,10.500090045999968
1,17,1.7249872706718525,-0.9750004168599844,-1.5710919068571931,map,10.500090045999968
1,18,1.724972491668087,-1.0250004176050425,-1.5714016554036507,map,10.500090045999968
1,19,1.7249422252335016,-1.0750004183501005,-1.5720164823737242,map,10.500090045999968
1,20,1.7248812174233754,-1.1250004190951586,-1.5732118417847392,map,10.500090045999968
1,21,1.7247604414371858,-1.1750004198402166,-1.5754805304326147,map,10.500090045999968
1,22,1.7245262295388,-1.2250004205852747,-1.5796656566381782,map,10.500090045999968
1,23,1.7240827514112294,-1.2750004213303328,-1.5871275989062668,map,10.500090045999968
1,24,1.7232661151903979,-1.3250004220753908,-1.5998890343771748,map,10.500090045999968
1,25,1.721811069256451,-1.3750004228204489,-1.6205998276030762,map,10.500090045999968
1,26,1.7193188332667977,-1.425000423565507,-1.6519950748986305,map,10.500090045999968
1,27,1.715249949496774,-1.475000424310565,-1.6953677406052907,map,10.500090045999968
1,28,1.7089889590652598,-1.525000425055623,-1.7478094723260715,map,10.500090045999968
1,29,1.7000446870213526,-1.5750004258006811,-1.7992862589501224,map,10.500090045999968
1,30,1.688417133364825,-1.6250004265457392,-1.8329492601270394,map,10.500090045999968
1,31,1.6750007252995391,-1.6750004272907972,-1.8329492601467126,map,10.500090045999968
1,32,1.6615843172331988,-1.7250004280358553,-1.7992862590307683,map,10.500090045999968
1,33,1.6499567635724208,-1.7750004287809134,-1.747809472549192,map,10.500090045999968
1,34,1.6410124915170006,-1.8250004295259714,-1.6953677411728678,map,10.500090045999968
1,35,1.6347515010566627,-1.8750004302710295,-1.651995076279459,map,10.500090045999968
1,36,1.6306826172171403,-1.9250004310160875,-1.62059983086893,map,10.500090045999968
1,37,1.6281903810637885,-1.9750004317611456,-1.5998890419646659,map,10.500090045999968
1,38,1.6267353347501459,-2.0250004325062037,-1.5871276163287449,map,10.500090045999968
1,39,1.625918697657958,-2.0750004332512617,-1.5796656963058302,map,10.500090045999968
1,40,1.6254752175468488,-2.1250004339963198,-1.575480620118396,map,10.500090045999968
1,41,1.6252410011640754,-2.175000434741378,-1.5732120432485388,map,10.500090045999968
1,42,1.625120215104637,-2.225000435486436,-1.5720169320030124,map,10.500090045999968
1,43,1.6250591848130125,-2.275000436231494,-1.5714026521105382,map,10.500090045999968
1,44,1.6250288685430636,-2.325000436976552,-1.5710941003159684,map,10.500090045999968
1,45,1.625013979866348,-2.37500043772161,-1.5709434300973937,map,10.500090045999968
1,46,1.6250066247010606,-2.425000438466668,-1.5708743600405684,map,10.500090045999968
1,47,1.625002723038711,-2.475000439211726,-1.5708503735392378,map,10.500090045999968
1,48,1.625000020701451,-2.5250004399567842,-1.5708583239987965,map,10.500090045999968
1,49,1.6249969208412058,-2.5750004407018423,-1.5709021727342511,map,10.500090045999968
1,50,1.6249916285441395,-2.6250004414469004,-1.5710045658786576,map,10.500090045999968
1,51,1.6249812165896458,-2.6750004421919584,-1.5712165858023066,map,10.500090045999968
1,52,1.624960203637725,-2.7250004429370165,-1.5716384886107826,map,10.500090045999968
1,53,1.6249180955363485,-2.7750004436820745,-1.5724565514120747,map,10.500090045999968
1,54,1.6248350842279833,-2.8250004444271326,-1.5740024867532683,map,10.500090045999968
1,55,1.6246747756783804,-2.8750004451721907,-1.5768396478174092,map,10.500090045999968
1,56,1.6243726059441561,-2.9250004459172487,-1.5818686546347467,map,10.500090045999968
1,57,1.623818966919004,-2.975000446662307,-1.5904139801073878,map,10.500090045999968
1,58,1.6228379583877306,-3.025000447407365,-1.6041903517209677,map,10.500090045999968
1,59,1.6211676361777085,-3.075000448152423,-1.6249549250120034,map,10.500090045999968
1,60,1.618457055524852,-3.125000448897481,-1.653591594339266,map,10.500090045999968
1,61,1.614307806638601,-3.175000449642539,-1.688569034592721,map,10.500090045999968
1,62,1.6083917933233327,-3.225000450387597,-1.7245713412934882,map,10.500090045999968
1,63,1.6006418590332345,-3.275000451132655,-1.7537077962203729,map,10.500090045999968
1,64,1.5913929084648575,-3.325000451877713,-1.7723220878522592,map,10.500090045999968
1,65,1.5811779590708872,-3.3750004526227713,-1.790065266864046,map,10.500090045999968
1,66,1.5700353624150414,-3.4250004533678293,-1.8173571888546574,map,10.500090045999968
1,67,1.5574512745781994,-3.4750004541128874,-1.856023324323966,map,10.500090045999968
1,68,1.5427901693036592,-3.5250004548579454,-1.897957274574631,map,10.500090045999968
1,69,1.5258223789704028,-3.5750004556030035,-1.931967294538562,map,10.500090045999968
1,70,1.5069353631312805,-3.6250004563480616,-1.9543533555122623,map,10.500090045999968
1,71,1.4867582083132806,-3.6750004570931196,-1.9641747378082735,map,10.500090045999968
1,72,1.466007724488638,-3.7250004578381777,-1.966248970712525,map,10.500090045999968
1,73,1.445135561527281,-3.7750004585832357,-1.965754933142937,map,10.500090045999968
1,74,1.424292398987779,-3.825000459328294,-1.9706224546393893,map,10.500090045999968
1,75,1.403162984608713,-3.875000460073352,-1.982080936548714,map,10.500090045999968
1,76,1.3813550174495326,-3.92500046081841,-1.9947493453782816,map,10.500090045999968
1,77,1.3587889014528152,-3.975000461563468,-2.0059297490365267,map,10.500090045999968
1,78,1.335546456505293,-4.025000462308526,-2.0126546780542154,map,10.500090045999968
1,79,1.3118938189804101,-4.075000463053584,-2.015363514379016,map,10.500090045999968
1,80,1.2880752175406007,-4.125000463798642,-2.0129477125241326,map,10.500090045999968
1,81,1.2644046470590224,-4.1750004645437,-2.006662921385502,map,10.500090045999968
1,82,1.241117606927974,-4.225000465288758,-1.9962787982149284,map,10.500090045999968
1,83,1.2184593777803225,-4.275000466033816,-1.985104108875865,map,10.500090045999968
1,84,1.1964712582526924,-4.325000466778874,-1.9764004765609888,map,10.500090045999968
1,85,1.1750005133339854,-4.3750004675239325,-1.9764027195598735,map,10.500090045999968
1,86,1.1535296355850742,-4.4250004682689905,-1.9851121476834124,map,10.500090045999968
1,87,1.1315410363837306,-4.475000469014049,-1.9962973098776025,map,10.500090045999968
1,88,1.1088816915675452,-4.525000469759107,-2.0067024980225234,map,10.500090045999968
1,89,1.0855922433229217,-4.575000470504165,-2.013030605717117,map,10.500090045999968
1,90,1.0619165990881927,-4.625000471249223,-2.0155351046077086,map,10.500090045999968
1,91,1.038087470325047,-4.675000471994281,-2.0130063565562177,map,10.500090045999968
1,92,1.0144133103819502,-4.725000472739339,-2.0066415827821835,map,10.500090045999968
1,93,0.9911275686007952,-4.775000473484397,-1.996169552228708,map,10.500090045999968
1,94,0.9684759231542328,-4.825000474229455,-1.9848581831320986,map,10.500090045999968
1,95,0.9465024763181848,-4.875000474974513,-1.9759148812947422,map,10.500090045999968
1,96,0.9250604822894342,-4.925000475719571,-1.975498541439337,map,10.500090045999968
1,97,0.9036431291764747,-4.975000476464629,-1.9835067142090244,map,10.500090045999968
1,98,0.8817502586386317,-5.025000477209687,-1.9935766962893378,map,10.500090045999968
1,99,0.859254680749934,-5.075000477954745,-2.0023381143058234,map,10.500090045999968
1,100,0.8362302593031431,-5.125000478699803,-2.006503164527152,map,10.500090045999968
1,101,0.8129529389708979,-5.175000479444861,-2.0067216818494518,map,10.500090045999968
1,102,0.7896623234189456,-5.2250004801899195,-2.0029356208300366,map,10.500090045999968
1,103,0.766601681624672,-5.2750004809349775,-1.998603765781872,map,10.500090045999968
1,104,0.7438031835074931,-5.325000481680036,-1.9962993829105617,map,10.500090045999968
1,105,0.7211437137517354,-5.375000482425094,-2.0000041342146293,map,10.500090045999968
1,106,0.6982605856858783,-5.425000483170152,-2.006216373896877,map,10.500090045999968
1,107,0.6750007104128599,-5.47500048391521,0.06838634359050326,map,10.500090045999968
2,0,1.7250007260590792,-0.12500040419399738,-1.799286258984189,map,11.618395388999488
2,1,1.7133731724007562,-0.17500040493905544,-1.7822499008259487,map,11.618395388999488
2,2,1.7026400459474273,-0.2250004056841135,-1.7478094723283608,map,11.618395388999488
2,3,1.693695773903402,-0.27500040642917156,-1.7050275849990255,map,11.618395388999488
2,4,1.6869436085220761,-0.3250004071742296,-1.6642105093518715,map,11.618395388999488
2,5,1.6822592658729802,-0.3750004079192877,-1.6313560574651589,map,11.618395388999488
2,6,1.6792275721615222,-0.42500040866434574,-1.6078558763902517,map,11.618395388999488
2,7,1.6773737458884455,-0.4750004094094038,-1.592430707279769,map,11.618395388999488
2,8,1.6762918580515733,-0.5250004101544619,-1.5829431289343476,map,11.618395388999488
2,9,1.6756844880638286,-0.5750004108995199,-1.577397075063199,map,11.618395388999488
2,10,1.675354445852182,-0.625000411644578,-1.5742851869673415,map,11.618395388999488
2,11,1.675180002133175,-0.675000412389636,-1.5725970169806023,map,11.618395388999488
2,12,1.6750899675252362,-0.7250004131346941,-1.5717067340764552,map,11.618395388999488
2,13,1.6750444471479036,-0.7750004138797522,-1.5712483892815887,map,11.618395388999488
2,14,1.6750218440216924,-0.8250004146248102,-1.5710172579475947,map,11.618395388999488
2,15,1.6750107974637132,-0.8750004153698683,-1.5709027870785397,map,11.618395388999488
2,16,1.6750054744494316,-0.9250004161149263,-1.570846984430775,map,11.618395388999488
2,17,1.6750029415675978,-0.9750004168599844,-1.5708201601518337,map,11.618395388999488
2,18,1.675001749899733,-1.0250004176050425,-1.5708074258285116,map,11.618395388999488
2,19,1.675001194948044,-1.0750004183501005,-1.5708014478098897,map,11.618395388999488
2,20,1.6750009388972904,-1.1250004190951586,-1.570798669701992,map,11.618395388999488
2,21,1.6750008217519339,-1.1750004198402166,-1.5707973904341375,map,11.618395388999488
2,22,1.675000768569971,-1.2250004205852747,-1.5707968062502446,map,11.618395388999488
2,23,1.6750007445972033,-1.2750004213303328,-1.570796541508114,map,11.618395388999488
2,24,1.6750007338615422,-1.3250004220753908,-1.5707964223692747,map,11.618395388999488
2,25,1.6750007290828233,-1.3750004228204489,-1.5707963690996822,map,11.618395388999488
2,26,1.675000726967584,-1.425000423565507,-1.5707963454236349,map,11.618395388999488
2,27,1.675000726036147,-1.475000424310565,-1.5707963349593432,map,11.618395388999488
2,28,1.6750007256279247,-1.525000425055623,-1.5707963303596406,map,11.618395388999488
2,29,1.6750007254496875,-1.5750004258006811,-1.5707963283511406,map,11.618395388999488
2,30,1.6750007253718753,-1.6250004265457392,-1.5707963274867165,map,11.618395388999488
2,31,1.6750007253372843,-1.6750004272907972,-1.5707963271366676,map,11.618395388999488
2,32,1.6750007253201957,-1.7250004280358553,-1.570796327043773,map,11.618395388999488
2,33,1.675000725307752,-1.7750004287809134,-1.5707963271395762,map,11.618395388999488
2,34,1.675000725290518,-1.8250004295259714,-1.5707963274953007,map,11.618395388999488
2,35,1.6750007252554977,-1.8750004302710295,-1.5707963283731894,map,11.618395388999488
2,36,1.675000725176583,-1.9250004310160875,-1.5707963304141614,map,11.618395388999488
2,37,1.6750007249956198,-1.9750004317611456,-1.570796335091309,map,11.618395388999488
2,38,1.6750007245807992,-2.0250004325062037,-1.570796345738192,map,11.618395388999488
2,39,1.6750007236336344,-2.0750004332512617,-1.5707963698407827,map,11.618395388999488
2,40,1.67500072148134,-2.1250004339963198,-1.5707964240994106,map,11.618395388999488
2,41,1.6750007166161143,-2.175000434741378,-1.5707965455170183,map,11.618395388999488
2,42,1.675000705680008,-2.225000435486436,-1.5707968154793421,map,11.618395388999488
2,43,1.6750006812457854,-2.275000436231494,-1.5707974115563166,map,11.618395388999488
2,44,1.6750006270077136,-2.325000436976552,-1.5707987177717886,map,11.618395388999488
2,45,1.6750005074588672,-2.37500043772161,-1.5708015565936526,map,11.618395388999488
2,46,1.6750002459689255,-2.425000438466668,-1.5708076705884848,map,11.618395388999488
2,47,1.6749996787792376,-2.475000439211726,-1.5708207075075502,map,11.618395388999488
2,48,1.6749984597435865,-2.5250004399567842,-1.5708482005444435,map,11.618395388999488
2,49,1.6749958660560682,-2.5750004407018423,-1.570905470173659,map,11.618395388999488
2,50,1.674990408887027,-2.6250004414469004,-1.5710231328271418,map,11.618395388999488
2,51,1.6749790685850514,-2.6750004421919584,-1.5712611467958935,map,11.618395388999488
2,52,1.6749558275829814,-2.7250004429370165,-1.5717341874318487,map,11.618395388999488
2,53,1.6749089345366863,-2.7750004436820745,-1.5726555084479754,map,11.618395388999488
2,54,1.674815975345541,-2.8250004444271326,-1.5744084404624623,map,11.618395388999488
2,55,1.6746353688739912,-2.8750004451721907,-1.5776536284057772,map,11.618395388999488
2,56,1.6742924984141028,-2.9250004459172487,-1.5834698528018816,map,11.618395388999488
2,57,1.6736587881754688,-2.975000446662307,-1.5934953758747274,map,11.618395388999488
2,58,1.6725236407374953,-3.025000447407365,-1.6099694894247825,map,11.618395388999488
2,59,1.6705639800838745,-3.075000448152423,-1.6354635935795447,map,11.618395388999488
2,60,1.667326101991667,-3.125000448897481,-1.6719894418943348,map,11.618395388999488
2,61,1.66224910475672,-3.175000449642539,-1.7193048498112002,map,11.618395388999488
2,62,1.6547686038629024,-3.225000450387597,-1.7730780354781883,map,11.618395388999488
2,63,1.6445142734076195,-3.275000451132655,-1.8252682534703022,map,11.618395388999488
2,64,1.6315087285837053,-3.325000451877713,-1.8696243011932272,map,11.618395388999488
2,65,1.6161061014056428,-3.3750004526227713,-1.9089398287878072,map,11.618395388999488
2,66,1.59852362887912,-3.4250004533678293,-1.9437043032147183,map,11.618395388999488
2,67,1.5789630088489062,-3.4750004541128874,-1.9701398567810566,map,11.618395388999488
2,68,1.5578620277036284,-3.5250004548579454,-1.9879052362745138,map,11.618395388999488
2,69,1.5357065595857453,-3.5750004556030035,-1.9960362038011115,map,11.618395388999488
2,70,1.5130629494889376,-3.6250004563480616,-1.9966656998476628,map,11.618395388999488
2,71,1.490381398499267,-3.6750004570931196,-1.990568591141684,map,11.618395388999488
2,72,1.468066427078921,-3.7250004578381777,-1.9819455635774705,map,11.618395388999488
2,73,1.4462665157264591,-3.7750004585832357,-1.974705813247682,map,11.618395388999488
2,74,1.4248960556464803,-3.825000459328294,-1.9755221993024226,map,11.618395388999488
2,75,1.403477302587503,-3.875000460073352,-1.9846680757038602,map,11.618395388999488
2,76,1.3815151959760708,-3.92500046081841,-1.9960789940595303,map,11.618395388999488
2,77,1.358869007516732,-3.975000461563468,-2.006598960735305,map,11.618395388999488
2,78,1.3355858590019158,-4.025000462308526,-2.012986456296324,map,11.618395388999488
2,79,1.3119129171286694,-4.075000463053584,-2.0155258962293865,map,11.618395388999488
2,80,1.2880843533573518,-4.125000463798642,-2.0130264149305126,map,11.618395388999488
2,81,1.2644089656431925,-4.1750004645437,-2.0067007168275652,map,11.618395388999488
2,82,1.2411196257805739,-4.225000465288758,-1.9962968236931178,map,11.618395388999488
2,83,1.2184603102661953,-4.275000466033816,-1.9851126652164302,map,11.618395388999488
2,84,1.1964716801836648,-4.325000466778874,-1.9764045921331126,map,11.618395388999488
2,85,1.1750006915409288,-4.3750004675239325,-1.9764048903395381,map,11.618395388999488
2,86,1.1535296852383858,-4.4250004682689905,-1.9851137418418114,map,11.618395388999488
2,87,1.131540990913591,-4.475000469014049,-1.9962993345257687,map,11.618395388999488
2,88,1.1088815240739378,-4.525000469759107,-2.0067061715981898,map,11.618395388999488
2,89,1.085591852299315,-4.575000470504165,-2.0130380532457273,map,11.618395388999488
2,90,1.0619157521943663,-4.625000471249223,-2.015550494269359,map,11.618395388999488
2,91,1.038085679167779,-4.675000471994281,-2.013038060782322,map,11.618395388999488
2,92,1.0144095786015066,-4.725000472739339,-2.006706192076366,map,11.618395388999488
2,93,0.9911199055808242,-4.775000473484397,-1.9962993825728235,map,11.618395388999488
2,94,0.9684604358454216,-4.825000474229455,-1.9851138512440345,map,11.618395388999488
2,95,0.9464717349925899,-4.875000474974513,-1.9764051361697148,map,11.618395388999488
2,96,0.9250007141319619,-4.925000475719571,-1.9764051362041328,map,11.618395388999488
2,97,0.9035296932692958,-4.975000476464629,-1.9851138513742972,map,11.618395388999488
2,98,0.8815409924086912,-5.025000477209687,-1.9962993828992825,map,11.618395388999488
2,99,0.8588815226536133,-5.075000477954745,-2.0067061928436143,map,11.618395388999488
2,100,0.8355918495862452,-5.125000478699803,-2.013038062555459,map,11.618395388999488
2,101,0.811915748911437,-5.175000479444861,-2.015550498337853,map,11.618395388999488
2,102,0.7880856756352174,-5.2250004801899195,-2.0130380625554842,map,11.618395388999488
2,103,0.7644095749604076,-5.2750004809349775,-2.0067061928440446,map,11.618395388999488
2,104,0.7411199018930134,-5.325000481680036,-1.9962993829013715,map,11.618395388999488
2,105,0.7184604321378095,-5.375000482425094,-1.985113851381511,map,11.618395388999488
2,106,0.6964717312767745,-5.425000483170152,-1.9764051362252146,map,11.618395388999488
2,107,0.6750007104128599,-5.47500048391521,0.06838634359050326,map,11.618395388999488
3,0,1.7750007268041372,-0.12500040419399738,-1.5707963273388348,map,12.637070278997271
3,1,1.7750007267769403,-0.17500040493905544,-1.5707963277494397,map,12.637070278997271
3,2,1.7750007267292132,-0.2250004056841135,-1.5707963288723947,map,12.637070278997271
3,3,1.7750007266253383,-0.27500040642917156,-1.5707963315268136,map,12.637070278997271
3,4,1.7750007263887424,-0.3250004071742296,-1.5707963376281064,map,12.637070278997271
3,5,1.775000725847082,-0.3750004079192877,-1.5707963515247145,map,12.637070278997271
3,6,1.775000724610591,-0.42500040866434574,-1.570796382987684,map,12.637070278997271
3,7,1.7750007218009516,-0.4750004094094038,-1.5707964538175847,map,12.637070278997271
3,8,1.775000715449817,-0.5250004101544619,-1.5707966123181505,map,12.637070278997271
3,9,1.7750007011736542,-0.5750004108995199,-1.57079696472623,map,12.637070278997271
3,10,1.775000669277087,-0.625000411644578,-1.570797742813631,map,12.637070278997271
3,11,1.7750005984761492,-0.675000412389636,-1.5707994477580491,map,12.637070278997271
3,12,1.7750004424279893,-0.7250004131346941,-1.5708031527221162,map,12.637070278997271
3,13,1.7750001011316232,-0.7750004138797522,-1.5708111307621226,map,12.637070278997271
3,14,1.7749993609332508,-0.8250004146248102,-1.5708281381662197,map,12.637070278997271
3,15,1.7749977703646604,-0.8750004153698683,-1.5708639918173959,map,12.637070278997271
3,16,1.77499438711348,-0.9250004161149263,-1.5709386407232016,map,12.637070278997271
3,17,1.7749872714169106,-0.9750004168599844,-1.5710919068571931,map,12.637070278997271
3,18,1.7749724924131451,-1.0250004176050425,-1.5714016554036507,map,12.637070278997271
3,19,1.7749422259785597,-1.0750004183501005,-1.5720164823737242,map,12.637070278997271
3,20,1.7748812181684335,-1.1250004190951586,-1.5732118417847392,map,12.637070278997271
3,21,1.7747604421822438,-1.1750004198402166,-1.5754805304326147,map,12.637070278997271
3,22,1.774526230283858,-1.2250004205852747,-1.5796656566381782,map,12.637070278997271
3,23,1.7740827521562874,-1.2750004213303328,-1.5871275989062668,map,12.637070278997271
3,24,1.773266115935456,-1.3250004220753908,-1.5998890343771839,map,12.637070278997271
3,25,1.7718110700015086,-1.3750004228204489,-1.6205998276030984,map,12.637070278997271
3,26,1.7693188340118542,-1.425000423565507,-1.6519950748986791,map,12.637070278997271
3,27,1.765249950241828,-1.475000424310565,-1.6953677406054044,map,12.637070278997271
3,28,1.7589889598103081,-1.525000425055623,-1.7478094723263427,map,12.637070278997271
3,29,1.7500446877663869,-1.5750004258006811,-1.79928625895075,map,12.637070278997271
3,30,1.7384171341098262,-1.6250004265457392,-1.8329492601285098,map,12.637070278997271
3,31,1.7250007260444615,-1.6750004272907972,-1.8329492601501967,map,12.637070278997271
3,32,1.7115843179779344,-1.7250004280358553,-1.7992862590391527,map,12.637070278997271
3,33,1.6999567643167146,-1.7750004287809134,-1.747809472569361,map,12.637070278997271
3,34,1.6910124922602536,-1.8250004295259714,-1.6953677412209893,map,12.637070278997271
3,35,1.684751501797472,-1.8750004302710295,-1.651995076393055,map,12.637070278997271
3,36,1.680682617952232,-1.9250004310160875,-1.6205998311347187,map,12.637070278997271
3,37,1.678190381785558,-1.9750004317611456,-1.59988904258255,map,12.637070278997271
3,38,1.6767353354409948,-2.0250004325062037,-1.5871276177577804,map,12.637070278997271
3,39,1.6759186982773362,-2.0750004332512617,-1.5796656995954732,map,12.637070278997271
3,40,1.6754752180017318,-2.1250004339963198,-1.5754806276562094,map,12.637070278997271
3,41,1.6752410012420595,-2.175000434741378,-1.573212060438026,map,12.637070278997271
3,42,1.6751202143231416,-2.225000435486436,-1.5720169710052125,map,12.637070278997271
3,43,1.6750591820814043,-2.275000436231494,-1.5714027401305444,map,12.637070278997271
3,44,1.6750288614104534,-2.325000436976552,-1.5710942978190017,map,12.637070278997271
3,45,1.6750139628585852,-2.37500043772161,-1.5709438705255956,map,12.637070278997271
3,46,1.6750065856718868,-2.425000438466668,-1.570875335631063,map,12.637070278997271
3,47,1.6750026352300114,-2.475000439211726,-1.5708525189118787,map,12.637070278997271
3,48,1.6749998256241174,-2.5250004399567842,-1.570863004553345,map,12.637070278997271
3,49,1.6749964917361404,-2.5750004407018423,-1.570912296146786,map,12.637070278997271
3,50,1.6749906932684335,-2.6250004414469004,-1.5710262538362856,map,12.637070278997271
3,51,1.6749791969159902,-2.6750004421919584,-1.571262562857189,map,12.637070278997271
3,52,1.674955885110839,-2.7250004429370165,-1.5717348253996846,map,12.637070278997271
3,53,1.6749089601661236,-2.7750004436820745,-1.572655793999916,map,12.637070278997271
3,54,1.6748159866973316,-2.8250004444271326,-1.5744085675050399,map,12.637070278997271
3,55,1.67463537387357,-2.8750004451721907,-1.5776536846091913,map,12.637070278997271
3,56,1.6742925006033786,-2.9250004459172487,-1.5834698775327143,map,12.637070278997271
3,57,1.6736587891280044,-2.975000446662307,-1.59349538669841,map,12.637070278997271
3,58,1.6725236411485678,-3.025000447407365,-1.6099694941337055,map,12.637070278997271
3,59,1.6705639802591392,-3.075000448152423,-1.6354635956124488,map,12.637070278997271
3,60,1.6673261020648602,-3.125000448897481,-1.6719894427618451,map,12.637070278997271
3,61,1.6622491047860906,-3.175000449642539,-1.719304850174496,map,12.637070278997271
3,62,1.6547686038737015,-3.225000450387597,-1.7730780356256837,map,12.637070278997271
3,63,1.6445142734107336,-3.275000451132655,-1.8252682535270162,map,12.637070278997271
3,64,1.631508728583792,-3.325000451877713,-1.8696243012126108,map,12.637070278997271
3,65,1.6161061014046683,-3.3750004526227713,-1.9089398287922612,map,12.637070278997271
3,66,1.5985236288778952,-3.4250004533678293,-1.9437043032135553,map,12.637070278997271
3,67,1.5789630088477484,-3.4750004541128874,-1.9701398567780597,map,12.637070278997271
3,68,1.5578620277026471,-3.5250004548579454,-1.9879052362711764,map,12.637070278997271
3,69,1.5357065595849637,-3.5750004556030035,-1.996036203798005,map,12.637070278997271
3,70,1.5130629494883432,-3.6250004563480616,-1.9966656998450032,map,12.637070278997271
3,71,1.490381398498833,-3.6750004570931196,-1.9905685911395545,map,12.637070278997271
3,72,1.4680664270786146,-3.7250004578381777,-1.9819455635758698,map,12.637070278997271
3,73,1.446266515726248,-3.7750004585832357,-1.9747058132465853,map,12.637070278997271
3,74,1.424896055646334,-3.825000459328294,-1.9755221993017396,map,12.637070278997271
3,75,1.403477302587397,-3.875000460073352,-1.9846680757034763,map,12.637070278997271
3,76,1.3815151959759877,-3.92500046081841,-1.9960789940593167,map,12.637070278997271
3,77,1.3588690075166618,-3.975000461563468,-2.006598960735137,map,12.637070278997271
3,78,1.335585859001856,-4.025000462308526,-2.0129864562961317,map,12.637070278997271
3,79,1.3119129171286212,-4.075000463053584,-2.0155258962291227,map,12.637070278997271
3,80,1.2880843533573199,-4.125000463798642,-2.013026414930186,map,12.637070278997271
3,81,1.2644089656431805,-4.1750004645437,-2.0067007168272295,map,12.637070278997271
3,82,1.2411196257805823,-4.225000465288758,-1.9962968236928227,map,12.637070278997271
3,83,1.2184603102662215,-4.275000466033816,-1.9851126652162143,map,12.637070278997271
3,84,1.1964716801837039,-4.325000466778874,-1.9764045921329778,map,12.637070278997271
3,85,1.1750006915409759,-4.3750004675239325,-1.976404890339452,map,12.637070278997271
3,86,1.153529685238438,-4.4250004682689905,-1.9851137418416924,map,12.637070278997271
3,87,1.1315409909136502,-4.475000469014049,-1.9962993345255184,map,12.637070278997271
3,88,1.1088815240740122,-4.525000469759107,-2.0067061715977155,map,12.637070278997271
3,89,1.0855918522994183,-4.575000470504165,-2.0130380532449843,map,12.637070278997271
3,90,1.061915752194515,-4.625000471249223,-2.0155504942683384,map,12.637070278997271
3,91,1.0380856791679904,-4.675000471994281,-2.013038060781078,map,12.637070278997271
3,92,1.0144095786017941,-4.725000472739339,-2.006706192075003,map,12.637070278997271
3,93,0.9911199055811947,-4.775000473484397,-1.996299382571486,map,12.637070278997271
3,94,0.9684604358458727,-4.825000474229455,-1.9851138512428845,map,12.637070278997271
3,95,0.9464717349931095,-4.875000474974513,-1.9764051361688937,map,12.637070278997271
3,96,0.9250007141325303,-4.925000475719571,-1.9764051362037471,map,12.637070278997271
3,97,0.903529693269887,-4.975000476464629,-1.9851138513743847,map,12.637070278997271
3,98,0.8815409924092772,-5.025000477209687,-1.996299382899813,map,12.637070278997271
3,99,0.8588815226541673,-5.075000477954745,-2.006706192844503,map,12.637070278997271
3,100,0.8355918495867452,-5.125000478699803,-2.0130380625566033,map,12.637070278997271
3,101,0.8119157489118669,-5.175000479444861,-2.0155504983391395,map,12.637070278997271
3,102,0.7880856756355683,-5.2250004801899195,-2.013038062556808,map,12.637070278997271
3,103,0.7644095749606775,-5.2750004809349775,-2.006706192845322,map,12.637070278997271
3,104,0.7411199018932055,-5.325000481680036,-1.9962993829025542,map,12.637070278997271
3,105,0.7184604321379304,-5.375000482425094,-1.9851138513825768,map,12.637070278997271
3,106,0.6964717312768318,-5.425000483170152,-1.9764051362261819,map,12.637070278997271
3,107,0.6750007104128599,-5.47500048391521,0.06838634359050326,map,12.637070278997271
4,0,1.7750007268041372,-0.12500040419399738,-1.5713610063004082,map,13.789338233997114
4,1,1.77497249282544,-0.17500040493905544,-1.5716707486651158,map,13.789338233997114
4,2,1.7749287717201343,-0.2250004056841135,-1.572438824492734,map,13.789338233997114
4,3,1.7748466467601665,-0.27500040642917156,-1.5740185370965953,map,13.789338233997114
4,4,1.7746855356850944,-0.3250004071742296,-1.5770910426839166,map,13.789338233997114
4,5,1.774370795728915,-0.3750004079192877,-1.5828724342211353,map,13.789338233997114
4,6,1.7737669609954367,-0.42500040866434574,-1.593412529340629,map,13.789338233997114
4,7,1.7726359580114983,-0.4750004094094038,-1.6119461602969343,map,13.789338233997114
4,8,1.7705773041956714,-0.5250004101544619,-1.6431301489832058,map,13.789338233997114
4,9,1.7669542920744736,-0.5750004108995199,-1.692731676014123,map,13.789338233997114
4,10,1.7608271276848282,-0.625000411644578,-1.7659456496041055,map,13.789338233997114
4,11,1.7509438796094663,-0.675000412389636,-1.8635340829328535,map,13.789338233997114
4,12,1.7358740400977997,-0.7250004131346941,-1.9770195425089598,map,13.789338233997114
4,13,1.714366624428246,-0.7750004138797522,-2.0885497593311992,map,13.789338233997114
4,14,1.6858874937855024,-0.8250004146248102,-2.1803003571460153,map,13.789338233997114
4,15,1.6509784495965785,-0.8750004153698683,-2.246468489511839,map,13.789338233997114
4,16,1.610902031967962,-0.9250004161149263,-2.2901053628035544,map,13.789338233997114
4,17,1.5671097236475784,-0.9750004168599844,-2.316893378691506,map,13.789338233997114
4,18,1.5208930916179366,-1.0250004176050425,-2.3318922597599125,map,13.789338233997114
4,19,1.4732661114453445,-1.0750004183501005,-2.3385440161605637,map,13.789338233997114
4,20,1.4250007215626388,-1.1250004190951586,-2.338544016141254,map,13.789338233997114
4,21,1.3767353316817983,-1.1750004198402166,-2.331892259693164,map,13.789338233997114
4,22,1.3291083515155717,-1.2250004205852747,-2.316893378542854,map,13.789338233997114
4,23,1.282891719499713,-1.2750004213303328,-2.2901053624805474,map,13.789338233997114
4,24,1.2390994112078688,-1.3250004220753908,-2.2464684887733704,map,13.789338233997114
4,25,1.199022993639897,-1.3750004228204489,-2.1803003553570552,map,13.789338233997114
4,26,1.1641139495840231,-1.425000423565507,-2.0885497548276697,map,13.789338233997114
4,27,1.1356348192395087,-1.475000424310565,-1.9770195311071577,map,13.789338233997114
4,28,1.1141274042455276,-1.525000425055623,-1.8635340547843053,map,13.789338233997114
4,29,1.099057566269139,-1.5750004258006811,-1.7659455825167973,map,13.789338233997114
4,30,1.0891743216792025,-1.6250004265457392,-1.6927315206218032,map,13.789338233997114
4,31,1.0830471651758482,-1.6750004272907972,-1.643129795615905,map,13.789338233997114
4,32,1.0794241708157828,-1.7250004280358553,-1.6119453660033993,map,13.789338233997114
4,33,1.0773655567819571,-1.7750004287809134,-1.5934107590347122,map,13.789338233997114
4,34,1.0762346423586027,-1.8250004295259714,-1.582868518242611,map,13.789338233997114
4,35,1.0756310034526009,-1.8750004302710295,-1.5770824459886654,map,13.789338233997114
4,36,1.0753166933481992,-1.9250004310160875,-1.5739998169836165,map,13.789338233997114
4,37,1.075156518288452,-1.9750004317611456,-1.5723984166377167,map,13.789338233997114
4,38,1.0750764137265827,-2.0250004325062037,-1.5715843643646528,map,13.789338233997114
4,39,1.0750370118393515,-2.0750004332512617,-1.5711782865979302,map,13.789338233997114
4,40,1.0750179138479865,-2.1250004339963198,-1.5709790467168672,map,13.789338233997114
4,41,1.0750087778516502,-2.175000434741378,-1.5708827112911583,map,13.789338233997114
4,42,1.075004458626762,-2.225000435486436,-1.570836734845462,map,13.789338233997114
4,43,1.0750024382242025,-2.275000436231494,-1.5708150471456537,map,13.789338233997114
4,44,1.0750015022066506,-2.325000436976552,-1.5708049238344397,map,13.789338233997114
4,45,1.075001072354667,-2.37500043772161,-1.5708002433125658,map,13.789338233997114
4,46,1.0750008765287806,-2.425000438466668,-1.5707980979431826,map,13.789338233997114
4,47,1.075000787971365,-2.475000439211726,-1.5707971223441957,map,13.789338233997114
4,48,1.0750007481938995,-2.5250004399567842,-1.5707966819037935,map,13.789338233997114
4,49,1.0750007304384543,-2.5750004407018423,-1.5707964843885303,map,13.789338233997114
4,50,1.0750007225587725,-2.6250004414469004,-1.570796396357811,map,13.789338233997114
4,51,1.0750007190806268,-2.6750004421919584,-1.5707963573469812,map,13.789338233997114
4,52,1.0750007175530225,-2.7250004429370165,-1.570796340150968,map,13.789338233997114
4,53,1.075000716885219,-2.7750004436820745,-1.570796332608628,map,13.789338233997114
4,54,1.0750007165945323,-2.8250004444271326,-1.5707963293164529,map,13.789338233997114
4,55,1.0750007164684545,-2.8750004451721907,-1.5707963278874004,map,13.789338233997114
4,56,1.0750007164138293,-2.9250004459172487,-1.5707963272737313,map,13.789338233997114
4,57,1.0750007163898876,-2.975000446662307,-1.5707963270209646,map,13.789338233997114
4,58,1.0750007163785842,-3.025000447407365,-1.5707963269402914,map,13.789338233997114
4,59,1.0750007163713144,-3.075000448152423,-1.5707963269710312,map,13.789338233997114
4,60,1.0750007163625077,-3.125000448897481,-1.5707963271359926,map,13.789338233997114
4,61,1.075000716345453,-3.175000449642539,-1.570796327557984,map,13.789338233997114
4,62,1.0750007163072985,-3.225000450387597,-1.5707963285486448,map,13.789338233997114
4,63,1.0750007162196111,-3.275000451132655,-1.5707963308321427,map,13.789338233997114
4,64,1.0750007160177488,-3.325000451877713,-1.570796336058695,map,13.789338233997114
4,65,1.075000715554559,-3.3750004526227713,-1.5707963479587226,map,13.789338233997114
4,66,1.0750007144963676,-3.4250004533678293,-1.5707963749130498,map,13.789338233997114
4,67,1.0750007120904599,-3.4750004541128874,-1.5707964356325583,map,13.789338233997114
4,68,1.0750007066485767,-3.5250004548579454,-1.5707965716121792,map,13.789338233997114
4,69,1.0750006944077124,-3.5750004556030035,-1.570796874208261,map,13.789338233997114
4,70,1.0750006670370438,-3.6250004563480616,-1.5707975429624452,map,13.789338233997114
4,71,1.0750006062286654,-3.6750004570931196,-1.5707990099349134,map,13.789338233997114
4,72,1.0750004720716626,-3.7250004578381777,-1.570802201703502,map,13.789338233997114
4,73,1.075000178326228,-3.7750004585832357,-1.570809084313596,map,13.789338233997114
4,74,1.0749995404502835,-3.825000459328294,-1.5708237801284468,map,13.789338233997114
4,75,1.0749981677835851,-3.875000460073352,-1.570854818324351,map,13.789338233997114
4,76,1.0749952432070655,-3.92500046081841,-1.5709195815291994,map,13.789338233997114
4,77,1.0749890804702273,-3.975000461563468,-1.571052891047382,map,13.789338233997114
4,78,1.0749762522571304,-4.025000462308526,-1.5713231301900992,map,13.789338233997114
4,79,1.0749499120845412,-4.075000463053584,-1.5718615148942796,map,13.789338233997114
4,80,1.0748966526586352,-4.125000463798642,-1.5729130033508392,map,13.789338233997114
4,81,1.0747908186712043,-4.1750004645437,-1.5749199733404393,map,13.789338233997114
4,82,1.0745846351721737,-4.225000465288758,-1.5786492175384021,map,13.789338233997114
4,83,1.0741919825577613,-4.275000466033816,-1.5853619189585382,map,13.789338233997114
4,84,1.073463651431277,-4.325000466778874,-1.5969913075804776,map,13.789338233997114
4,85,1.0721536027169996,-4.3750004675239325,-1.6162130154210128,map,13.789338233997114
4,86,1.0698812056309523,-4.4250004682689905,-1.6461538985043074,map,13.789338233997114
4,87,1.0661061784535817,-4.475000469014049,-1.6893343608786675,map,13.789338233997114
4,88,1.0601513595855323,-4.525000469759107,-1.7455412671436206,map,13.789338233997114
4,89,1.0513240796619945,-4.575000470504165,-1.80929414906089,map,13.789338233997114
4,90,1.039167822028956,-4.625000471249223,-1.8696194284991727,map,13.789338233997114
4,91,1.0237654616052478,-4.675000471994281,-1.9155961675509192,map,13.789338233997114
4,92,1.0058081339213683,-4.725000472739339,-1.9451831147183456,map,13.789338233997114
4,93,0.9861622075068665,-4.775000473484397,-1.9590940616425938,map,13.789338233997114
4,94,0.9657088864868741,-4.825000474229455,-1.9633603881920834,map,13.789338233997114
4,95,0.9450061169235957,-4.875000474974513,-1.963894546788102,map,13.789338233997114
4,96,0.9242720536485914,-4.925000475719571,-1.9690199318758665,map,13.789338233997114
4,97,0.903237010575254,-4.975000476464629,-1.9801278187862088,map,13.789338233997114
4,98,0.8815451780865499,-5.025000477209687,-1.9918568994822938,map,13.789338233997114
4,99,0.8591529162983111,-5.075000477954745,-2.001478975164475,map,13.789338233997114
4,100,0.8361805402367837,-5.125000478699803,-2.0060796034402135,map,13.789338233997114
4,101,0.8129289828734676,-5.175000479444861,-2.00651527541877,map,13.789338233997114
4,102,0.78965092575071,-5.2250004801899195,-2.0028359833860345,map,13.789338233997114
4,103,0.7665963252813952,-5.2750004809349775,-1.9985561102084446,map,13.789338233997114
4,104,0.7438007052805712,-5.325000481680036,-1.9962766048394263,map,13.789338233997114
4,105,0.7211426083229404,-5.375000482425094,-1.9999927993098032,map,13.789338233997114
4,106,0.6982601657064115,-5.425000483170152,-2.0062094686387124,map,13.789338233997114
4,107,0.6750007104128599,-5.47500048391521,0.06838634359050326,map,13.789338233997114
5,0,1.7750007268041372,-0.17500040493905544,-1.5713610063004082,map,14.762668024999584
5,1,1.77497249282544,-0.2250004056841135,-1.5716707486651158,map,14.762668024999584
5,2,1.7749287717201343,-0.27500040642917156,-1.572438824492734,map,14.762668024999584
5,3,1.7748466467601665,-0.3250004071742296,-1.5740185370965953,map,14.762668024999584
5,4,1.7746855356850944,-0.3750004079192877,-1.5770910426839166,map,14.762668024999584
5,5,1.774370795728915,-0.42500040866434574,-1.5828724342211353,map,14.762668024999584
5,6,1.7737669609954367,-0.4750004094094038,-1.593412529340629,map,14.762668024999584
5,7,1.7726359580114983,-0.5250004101544619,-1.6119461602969343,map,14.762668024999584
5,8,1.7705773041956714,-0.5750004108995199,-1.6431301489832058,map,14.762668024999584
5,9,1.7669542920744736,-0.625000411644578,-1.692731676014123,map,14.762668024999584
5,10,1.7608271276848282,-0.675000412389636,-1.7659456496041055,map,14.762668024999584
5,11,1.7509438796094663,-0.7250004131346941,-1.8635340829328535,map,14.762668024999584
5,12,1.7358740400977997,-0.7750004138797522,-1.9770195425089598,map,14.762668024999584
5,13,1.714366624428246,-0.8250004146248102,-2.0885497593311992,map,14.762668024999584
5,14,1.6858874937855024,-0.8750004153698683,-2.1803003571460153,map,14.762668024999584
5,15,1.6509784495965785,-0.9250004161149263,-2.246468489511839,map,14.762668024999584
5,16,1.610902031967962,-0.9750004168599844,-2.2901053628035544,map,14.762668024999584
5,17,1.5671097236475784,-1.0250004176050425,-2.316893378691506,map,14.762668024999584
5,18,1.5208930916179366,-1.0750004183501005,-2.3318922597599125,map,14.762668024999584
5,19,1.4732661114453445,-1.1250004190951586,-2.3385440161605637,map,14.762668024999584
5,20,1.4250007215626388,-1.1750004198402166,-2.338544016141254,map,14.762668024999584
5,21,1.3767353316817983,-1.2250004205852747,-2.331892259693164,map,14.762668024999584
5,22,1.3291083515155717,-1.2750004213303328,-2.316893378542854,map,14.762668024999584
5,23,1.282891719499713,-1.3250004220753908,-2.2901053624805474,map,14.762668024999584
5,24,1.2390994112078688,-1.3750004228204489,-2.2464684887733704,map,14.762668024999584
5,25,1.199022993639897,-1.425000423565507,-2.1803003553570552,map,14.762668024999584
5,26,1.1641139495840231,-1.475000424310565,-2.0885497548276697,map,14.762668024999584
5,27,1.1356348192395087,-1.525000425055623,-1.9770195311071577,map,14.762668024999584
5,28,1.1141274042455276,-1.5750004258006811,-1.8635340547843053,map,14.762668024999584
5,29,1.099057566269139,-1.6250004265457392,-1.7659455825167973,map,14.762668024999584
5,30,1.0891743216792025,-1.6750004272907972,-1.6927315206218032,map,14.762668024999584
5,31,1.0830471651758482,-1.7250004280358553,-1.643129795615905,map,14.762668024999584
5,32,1.0794241708157828,-1.7750004287809134,-1.6119453660033993,map,14.762668024999584
5,33,1.0773655567819571,-1.8250004295259714,-1.5934107590347122,map,14.762668024999584
5,34,1.0762346423586027,-1.8750004302710295,-1.582868518242611,map,14.762668024999584
5,35,1.0756310034526009,-1.9250004310160875,-1.5770824459886654,map,14.762668024999584
5,36,1.0753166933481992,-1.9750004317611456,-1.5739998169836165,map,14.762668024999584
5,37,1.075156518288452,-2.0250004325062037,-1.5723984166377167,map,14.762668024999584
5,38,1.0750764137265827,-2.0750004332512617,-1.5715843643646528,map,14.762668024999584
5,39,1.0750370118393515,-2.1250004339963198,-1.5711782865979302,map,14.762668024999584
5,40,1.0750179138479865,-2.175000434741378,-1.5709790467168672,map,14.762668024999584
5,41,1.0750087778516502,-2.225000435486436,-1.5708827112911583,map,14.762668024999584
5,42,1.075004458626762,-2.275000436231494,-1.570836734845462,map,14.762668024999584
5,43,1.0750024382242025,-2.325000436976552,-1.5708150471456537,map,14.762668024999584
5,44,1.0750015022066506,-2.37500043772161,-1.5708049238344397,map,14.762668024999584
5,45,1.075001072354667,-2.425000438466668,-1.5708002433125658,map,14.762668024999584
5,46,1.0750008765287806,-2.475000439211726,-1.570798097943187,map,14.762668024999584
5,47,1.0750007879713648,-2.5250004399567842,-1.5707971223442,map,14.762668024999584
5,48,1.075000748193899,-2.5750004407018423,-1.5707966819038113,map,14.762668024999584
5,49,1.075000730438453,-2.6250004414469004,-1.5707964843885613,map,14.762668024999584
5,50,1.0750007225587697,-2.6750004421919584,-1.5707963963578955,map,14.762668024999584
5,51,1.0750007190806197,-2.7250004429370165,-1.5707963573471766,map,14.762668024999584
5,52,1.0750007175530056,-2.7750004436820745,-1.57079634015143,map,14.762668024999584
5,53,1.075000716885179,-2.8250004444271326,-1.5707963326097385,map,14.762668024999584
5,54,1.0750007165944369,-2.8750004451721907,-1.5707963293190994,map,14.762668024999584
5,55,1.0750007164682267,-2.9250004459172487,-1.5707963278936177,map,14.762668024999584
5,56,1.0750007164132906,-2.975000446662307,-1.5707963272883418,map,14.762668024999584
5,57,1.0750007163886184,-3.025000447407365,-1.5707963270552128,map,14.762668024999584
5,58,1.0750007163756026,-3.075000448152423,-1.5707963270202496,map,14.762668024999584
5,59,1.075000716364335,-3.125000448897481,-1.5707963271570111,map,14.762668024999584
5,60,1.0750007163462292,-3.175000449642539,-1.570796327566932,map,14.762668024999584
5,61,1.0750007163076274,-3.225000450387597,-1.5707963285524418,map,14.762668024999584
5,62,1.0750007162197501,-3.275000451132655,-1.57079633083375,map,14.762668024999584
5,63,1.0750007160178074,-3.325000451877713,-1.5707963360593702,map,14.762668024999584
5,64,1.0750007155545838,-3.3750004526227713,-1.5707963479590068,map,14.762668024999584
5,65,1.0750007144963782,-3.4250004533678293,-1.5707963749131786,map,14.762668024999584
5,66,1.075000712090464,-3.4750004541128874,-1.570796435632607,map,14.762668024999584
5,67,1.0750007066485785,-3.5250004548579454,-1.570796571612206,map,14.762668024999584
5,68,1.0750006944077128,-3.5750004556030035,-1.5707968742082654,map,14.762668024999584
5,69,1.075000667037044,-3.6250004563480616,-1.5707975429624497,map,14.762668024999584
5,70,1.0750006062286654,-3.6750004570931196,-1.5707990099349134,map,14.762668024999584
5,71,1.0750004720716626,-3.7250004578381777,-1.570802201703502,map,14.762668024999584
5,72,1.075000178326228,-3.7750004585832357,-1.570809084313596,map,14.762668024999584
5,73,1.0749995404502835,-3.825000459328294,-1.5708237801284468,map,14.762668024999584
5,74,1.0749981677835851,-3.875000460073352,-1.570854818324351,map,14.762668024999584
5,75,1.0749952432070655,-3.92500046081841,-1.5709195815291994,map,14.762668024999584
5,76,1.0749890804702273,-3.975000461563468,-1.571052891047382,map,14.762668024999584
5,77,1.0749762522571304,-4.025000462308526,-1.5713231301900992,map,14.762668024999584
5,78,1.0749499120845412,-4.075000463053584,-1.5718615148942796,map,14.762668024999584
5,79,1.0748966526586352,-4.125000463798642,-1.5729130033508392,map,14.762668024999584
5,80,1.0747908186712043,-4.1750004645437,-1.5749199733404393,map,14.762668024999584
5,81,1.0745846351721737,-4.225000465288758,-1.5786492175384021,map,14.762668024999584
5,82,1.0741919825577613,-4.275000466033816,-1.5853619189585382,map,14.762668024999584
5,83,1.073463651431277,-4.325000466778874,-1.5969913075804776,map,14.762668024999584
5,84,1.0721536027169996,-4.3750004675239325,-1.6162130154210128,map,14.762668024999584
5,85,1.0698812056309523,-4.4250004682689905,-1.6461538985043074,map,14.762668024999584
5,86,1.0661061784535817,-4.475000469014049,-1.6893343608786675,map,14.762668024999584
5,87,1.0601513595855323,-4.525000469759107,-1.7455412671436206,map,14.762668024999584
5,88,1.0513240796619945,-4.575000470504165,-1.80929414906089,map,14.762668024999584
5,89,1.039167822028956,-4.625000471249223,-1.8696194284991727,map,14.762668024999584
5,90,1.0237654616052478,-4.675000471994281,-1.9155961675509192,map,14.762668024999584
5,91,1.0058081339213683,-4.725000472739339,-1.9451831147183456,map,14.762668024999584
5,92,0.9861622075068665,-4.775000473484397,-1.9590940616425938,map,14.762668024999584
5,93,0.9657088864868741,-4.825000474229455,-1.9633603881920834,map,14.762668024999584
5,94,0.9450061169235957,-4.875000474974513,-1.963894546788102,map,14.762668024999584
5,95,0.9242720536485914,-4.925000475719571,-1.9690199318758665,map,14.762668024999584
5,96,0.903237010575254,-4.975000476464629,-1.9801278187862088,map,14.762668024999584
5,97,0.8815451780865499,-5.025000477209687,-1.9918568994822938,map,14.762668024999584
5,98,0.8591529162983111,-5.075000477954745,-2.001478975164475,map,14.762668024999584
5,99,0.8361805402367837,-5.125000478699803,-2.0060796034402135,map,14.762668024999584
5,100,0.8129289828734676,-5.175000479444861,-2.00651527541877,map,14.762668024999584
5,101,0.78965092575071,-5.2250004801899195,-2.0028359833860345,map,14.762668024999584
5,102,0.7665963252813952,-5.2750004809349775,-1.9985561102084446,map,14.762668024999584
5,103,0.7438007052805712,-5.325000481680036,-1.9962766048394263,map,14.762668024999584
5,104,0.7211426083229404,-5.375000482425094,-1.9999927993098032,map,14.762668024999584
5,105,0.6982601657064115,-5.425000483170152,-2.0062094686387124,map,14.762668024999584
5,106,0.6750007104128599,-5.47500048391521,0.06838634359050326,map,14.762668024999584
6,0,1.675000725314021,-0.3250004071742296,-1.5708020128566642,map,15.813945445999707
6,1,1.6750004410109285,-0.3750004079192877,-1.5708057166679779,map,15.813945445999707
6,2,1.6749999715172674,-0.42500040866434574,-1.570815396482532,map,15.813945445999707
6,3,1.6749990180328713,-0.4750004094094038,-1.5708368794492598,map,15.813945445999707
6,4,1.6749969904001218,-0.5250004101544619,-1.5708827513186412,map,15.813945445999707
6,5,1.6749926691738595,-0.5750004108995199,-1.5709790101749794,map,15.813945445999707
6,6,1.6749835350046176,-0.625000411644578,-1.571178148140569,map,15.813945445999707
6,7,1.6749644439361218,-0.675000412389636,-1.5715840284104778,map,15.813945445999707
6,8,1.67492505884661,-0.7250004131346941,-1.5723976541658757,map,15.813945445999707
6,9,1.6748449924084312,-0.7750004138797522,-1.5739981165221526,map,15.813945445999707
6,10,1.6746849023726305,-0.8250004146248102,-1.5770786877031953,map,15.813945445999707
6,11,1.6743707801899264,-0.8750004153698683,-1.5828602777104028,map,15.813945445999707
6,12,1.6737675533705538,-0.9250004161149263,-1.5933928433841957,map,15.813945445999707
6,13,1.6726375351876461,-0.9750004168599844,-1.6119067941271237,map,15.813945445999707
6,14,1.6705808530138646,-1.0250004176050425,-1.6430477569795994,map,15.813945445999707
6,15,1.6669619820981,-1.0750004183501005,-1.6925599679624437,map,15.813945445999707
6,16,1.6608435318536563,-1.1250004190951586,-1.7655959722508276,map,15.813945445999707
6,17,1.6509784495111866,-1.1750004198402166,-1.86284853097501,map,15.813945445999707
6,18,1.6359459936572587,-1.2250004205852747,-1.975739755265212,map,15.813945445999707
6,19,1.614514365467454,-1.2750004213303328,-2.0862659153867167,map,15.813945445999707
6,20,1.586186277533319,-1.3250004220753908,-2.1763198884380777,map,15.813945445999707
6,21,1.5515724531753374,-1.3750004228204489,-2.2395596568880705,map,15.813945445999707
6,22,1.5120602897108164,-1.425000423565507,-2.2780873126467043,map,15.813945445999707
6,23,1.4693188295287585,-1.475000424310565,-2.2960254044204094,map,15.813945445999707
6,24,1.4250007215664193,-1.525000425055623,-2.296025404414423,map,15.813945445999707
6,25,1.3806826136046146,-1.5750004258006811,-2.278087312629364,map,15.813945445999707
6,26,1.3379411534240573,-1.6250004265457392,-2.2395596568623133,map,15.813945445999707
6,27,1.2984289899616284,-1.6750004272907972,-2.1763198884138233,map,15.813945445999707
6,28,1.2638151656054406,-1.7250004280358553,-2.0862659153944385,map,15.813945445999707
6,29,1.2354870776707956,-1.7750004287809134,-1.9757397553890081,map,15.813945445999707
6,30,1.214055449473664,-1.8250004295259714,-1.8628485314217347,map,15.813945445999707
6,31,1.199022993595381,-1.8750004302710295,-1.7655959734937485,map,15.813945445999707
6,32,1.189157911188346,-1.9250004310160875,-1.6925599710648245,map,15.813945445999707
6,33,1.1830394607864603,-1.9750004317611456,-1.6430477643360935,map,15.813945445999707
6,34,1.1794205895009442,-2.0250004325062037,-1.6119068111369494,map,15.813945445999707
6,35,1.1773639064752324,-2.0750004332512617,-1.5933928821845686,map,15.813945445999707
6,36,1.176233886351315,-2.1250004339963198,-1.582860365442834,map,15.813945445999707
6,37,1.1756306551446825,-2.175000434741378,-1.5770788846808323,map,15.813945445999707
6,38,1.1753165231127076,-2.225000435486436,-1.5739985558336784,map,15.813945445999707
6,39,1.175156411111105,-2.275000436231494,-1.572398627234468,map,15.813945445999707
6,40,1.175076296019371,-2.325000436976552,-1.5715861679913723,map,15.813945445999707
6,41,1.1750368039507464,-2.37500043772161,-1.5711828153807068,map,15.813945445999707
6,42,1.1750174795202057,-2.425000438466668,-1.570989103094733,map,15.813945445999707
6,43,1.175007840704951,-2.475000439211726,-1.5709043697920448,map,15.813945445999707
6,44,1.175002438554992,-2.5250004399567842,-1.570882699024309,map,15.813945445999707
6,45,1.1749981199434463,-2.5750004407018423,-1.5709113783965007,map,15.813945445999707
6,46,1.174992367363255,-2.6250004414469004,-1.5710041645964599,map,15.813945445999707
6,47,1.1749819754728723,-2.6750004421919584,-1.5712063277040136,map,15.813945445999707
6,48,1.1749614754259623,-2.7250004429370165,-1.5716121680021735,map,15.813945445999707
6,49,1.1749206833559402,-2.7750004436820745,-1.5723985697441243,map,15.813945445999707
6,50,1.1748405711387309,-2.8250004444271326,-1.5738794609577953,map,15.813945445999707
6,51,1.1746864139398303,-2.8750004451721907,-1.5765831932608478,map,15.813945445999707
6,52,1.1743970673823518,-2.9250004459172487,-1.581341956108007,map,15.813945445999707
6,53,1.1738697663615931,-2.975000446662307,-1.5893491960551298,map,15.813945445999707
6,54,1.172942016435704,-3.025000447407365,-1.6020758865219307,map,15.813945445999707
6,55,1.1713775281553231,-3.075000448152423,-1.6208424321285233,map,15.813945445999707
6,56,1.1688731316544272,-3.125000448897481,-1.645787323814332,map,15.813945445999707
6,57,1.1651165371823713,-3.175000449642539,-1.6741799768874193,map,15.813945445999707
6,58,1.1599288591404864,-3.225000450387597,-1.6988886589426153,map,15.813945445999707
6,59,1.1534889827814687,-3.275000451132655,-1.7094319240314086,map,15.813945445999707
6,60,1.1465124495164112,-3.325000451877713,-1.698888696906929,map,15.813945445999707
6,61,1.1400725712276887,-3.3750004526227713,-1.6741800798642847,map,15.813945445999707
6,62,1.134884887981534,-3.4250004533678293,-1.6457875638208923,map,15.813945445999707
6,63,1.1311282814414103,-3.4750004541128874,-1.6208429734712062,map,15.813945445999707
6,64,1.128623857805473,-3.5250004548579454,-1.6020770920702614,map,15.813945445999707
6,65,1.1270593091886578,-3.5750004556030035,-1.5893518572365994,map,15.813945445999707
6,66,1.126131426157876,-3.6250004563480616,-1.581347782569022,map,15.813945445999707
6,67,1.1256038337816439,-3.6750004570931196,-1.5765958417977808,map,15.813945445999707
6,68,1.125313854776084,-3.7250004578381777,-1.5739066685173344,map,15.813945445999707
6,69,1.1251583371861402,-3.7750004585832357,-1.5724565087999904,map,15.813945445999707
6,70,1.1250753280083852,-3.825000459328294,-1.5717341873939412,map,15.813945445999707
6,71,1.1250284349639854,-3.875000460073352,-1.5714601468796163,map,15.813945445999707
6,72,1.1249952439543796,-3.92500046081841,-1.5715249100568423,map,15.813945445999707
6,73,1.1249588147842935,-3.975000461563468,-1.5719632980731306,map,15.813945445999707
6,74,1.1249004661930255,-4.025000462308526,-1.572970552839127,map,15.813945445999707
6,75,1.1247917547178916,-4.075000463053584,-1.5749659679952286,map,15.813945445999707
6,76,1.1245832714465434,-4.125000463798642,-1.5787097382288626,map,15.813945445999707
6,77,1.124187592609504,-4.1750004645437,-1.5854695747741967,map,15.813945445999707
6,78,1.1234538775415372,-4.225000465288758,-1.5972003541453113,map,15.813945445999707
6,79,1.122133369265991,-4.275000466033816,-1.616621572254588,map,15.813945445999707
6,80,1.1198405017627044,-4.325000466778874,-1.6469381756136323,map,15.813945445999707
6,81,1.1160260348538436,-4.3750004675239325,-1.6907970023680872,map,15.813945445999707
6,82,1.1099970336336562,-4.4250004682689905,-1.748166761873997,map,15.813945445999707
6,83,1.1010343242696157,-4.475000469014049,-1.8137918263361004,map,15.813945445999707
6,84,1.088639627579945,-4.525000469759107,-1.8769359525224711,map,15.813945445999707
6,85,1.0728358146029926,-4.575000470504165,-1.9268663399785293,map,15.813945445999707
6,86,1.054239680721816,-4.625000471249223,-1.9614341985769947,map,15.813945445999707
6,87,1.0336496423484252,-4.675000471994281,-1.980499569276427,map,15.813945445999707
6,88,1.0119357203346167,-4.725000472739339,-1.9878192127335075,map,15.813945445999707
6,89,0.989785397716222,-4.775000473484397,-1.9856015587044094,map,15.813945445999707
6,90,0.9677675890846383,-4.825000474229455,-1.9790953119563908,map,15.813945445999707
6,91,0.9461370711189995,-4.875000474974513,-1.9728594076384702,map,15.813945445999707
6,92,0.924875710288602,-4.925000475719571,-1.9739263345689662,map,15.813945445999707
6,93,0.9035513285057744,-4.975000476464629,-1.9827193694688319,map,15.813945445999707
6,94,0.8817053564988124,-5.025000477209687,-1.9931900173991925,map,15.813945445999707
6,95,0.8592330220972813,-5.075000477954745,-2.002150952808788,map,15.813945445999707
6,96,0.8362199421240768,-5.125000478699803,-2.0064134478528493,map,15.813945445999707
6,97,0.8129480796279023,-5.175000479444861,-2.0066790456835246,map,15.813945445999707
6,98,0.789660058394877,-5.2250004801899195,-2.0029154992125946,map,15.813945445999707
6,99,0.7666006366809512,-5.2750004809349775,-1.9985943380880373,map,15.813945445999707
6,100,0.7438027079509564,-5.325000481680036,-1.9962949630939046,map,15.813945445999707
6,101,0.7211435045727366,-5.375000482425094,-2.0000019762552244,map,15.813945445999707
6,102,0.6982605070044937,-5.425000483170152,-2.006215080229214,map,15.813945445999707
6,103,0.6750007104128599,-5.47500048391521,0.06838634359050326,map,15.813945445999707
7,0,1.525000723078847,-0.5750004108995199,-1.5708020128566642,map,22.254749477997393
7,1,1.5250004387757543,-0.625000411644578,-1.5708057166679779,map,22.254749477997393
7,2,1.5249999692820932,-0.675000412389636,-1.570815396482532,map,22.254749477997393
7,3,1.5249990157976971,-0.7250004131346941,-1.5708368794492598,map,22.254749477997393
7,4,1.5249969881649477,-0.7750004138797522,-1.5708827513186412,map,22.254749477997393
7,5,1.5249926669386853,-0.8250004146248102,-1.5709790101749794,map,22.254749477997393
7,6,1.5249835327694434,-0.8750004153698683,-1.571178148140569,map,22.254749477997393
7,7,1.5249644417009476,-0.9250004161149263,-1.5715840284104778,map,22.254749477997393
7,8,1.5249250566114358,-0.9750004168599844,-1.5723976541658757,map,22.254749477997393
7,9,1.524844990173257,-1.0250004176050425,-1.5739981165221526,map,22.254749477997393
7,10,1.5246849001374563,-1.0750004183501005,-1.5770786877031953,map,22.254749477997393
7,11,1.5243707779547522,-1.1250004190951586,-1.5828602777104028,map,22.254749477997393
7,12,1.5237675511353796,-1.1750004198402166,-1.5933928433841957,map,22.254749477997393
7,13,1.522637532952472,-1.2250004205852747,-1.6119067941271237,map,22.254749477997393
7,14,1.5205808507786904,-1.2750004213303328,-1.6430477569795994,map,22.254749477997393
7,15,1.516961979862926,-1.3250004220753908,-1.6925599679624437,map,22.254749477997393
7,16,1.5108435296184821,-1.3750004228204489,-1.7655959722508276,map,22.254749477997393
7,17,1.5009784472760124,-1.425000423565507,-1.86284853097501,map,22.254749477997393
7,18,1.4859459914220845,-1.475000424310565,-1.975739755265212,map,22.254749477997393
7,19,1.46451436323228,-1.525000425055623,-2.0862659153867167,map,22.254749477997393
7,20,1.436186275298145,-1.5750004258006811,-2.1763198884380777,map,22.254749477997393
7,21,1.4015724509401633,-1.6250004265457392,-2.2395596568880705,map,22.254749477997393
7,22,1.3620602874756422,-1.6750004272907972,-2.2780873126467043,map,22.254749477997393
7,23,1.3193188272935843,-1.7250004280358553,-2.2960254044204094,map,22.254749477997393
7,24,1.2750007193312451,-1.7750004287809134,-2.296025404414423,map,22.254749477997393
7,25,1.2306826113694405,-1.8250004295259714,-2.278087312629364,map,22.254749477997393
7,26,1.187941151188883,-1.8750004302710295,-2.2395596568623133,map,22.254749477997393
7,27,1.1484289877264542,-1.9250004310160875,-2.1763198884138233,map,22.254749477997393
7,28,1.1138151633702664,-1.9750004317611456,-2.0862659153944385,map,22.254749477997393
7,29,1.0854870754356214,-2.0250004325062037,-1.9757397553890081,map,22.254749477997393
7,30,1.0640554472384898,-2.0750004332512617,-1.8628485314217347,map,22.254749477997393
7,31,1.0490229913602067,-2.1250004339963198,-1.7655959734937485,map,22.254749477997393
7,32,1.0391579089531717,-2.175000434741378,-1.6925599710648245,map,22.254749477997393
7,33,1.033039458551286,-2.225000435486436,-1.6430477643360935,map,22.254749477997393
7,34,1.02942058726577,-2.275000436231494,-1.6119068111369494,map,22.254749477997393
7,35,1.0273639042400582,-2.325000436976552,-1.5933928821845686,map,22.254749477997393
7,36,1.026233884116141,-2.37500043772161,-1.582860365442834,map,22.254749477997393
7,37,1.0256306529095083,-2.425000438466668,-1.5770788846808323,map,22.254749477997393
7,38,1.0253165208775334,-2.475000439211726,-1.5739985558336784,map,22.254749477997393
7,39,1.0251564088759308,-2.5250004399567842,-1.572398627234468,map,22.254749477997393
7,40,1.0250762937841968,-2.5750004407018423,-1.5715861679913723,map,22.254749477997393
7,41,1.0250368017155722,-2.6250004414469004,-1.5711828153807021,map,22.254749477997393
7,42,1.0250174772850318,-2.6750004421919584,-1.5709891030947287,map,22.254749477997393
7,43,1.0250078384697772,-2.7250004429370165,-1.5709043697920269,map,22.254749477997393
7,44,1.0250024363198191,-2.7750004436820745,-1.5708826990242737,map,22.254749477997393
7,45,1.0249981177082752,-2.8250004444271326,-1.570911378396412,map,22.254749477997393
7,46,1.0249923651280883,-2.8750004451721907,-1.571004164596247,map,22.254749477997393
7,47,1.0249819732377163,-2.9250004459172487,-1.571206327703512,map,22.254749477997393
7,48,1.0249614731908314,-2.975000446662307,-1.57161216800097,map,22.254749477997393
7,49,1.0249206811208695,-3.025000447407365,-1.5723985697412863,map,22.254749477997393
7,50,1.024840568903802,-3.075000448152423,-1.573879460951094,map,22.254749477997393
7,51,1.0246864117052366,-3.125000448897481,-1.5765831932450878,map,22.254749477997393
7,52,1.0243970651485461,-3.175000449642539,-1.5813419560710409,map,22.254749477997393
7,53,1.023869764129636,-3.225000450387597,-1.5893491959687756,map,22.254749477997393
7,54,1.022942014208066,-3.275000451132655,-1.602075886321017,map,22.254749477997393
7,55,1.0213775259377407,-3.325000451877713,-1.6208424316633256,map,22.254749477997393
7,56,1.018873129460163,-3.3750004526227713,-1.6457873227431867,map,22.254749477997393
7,57,1.0151165350419666,-3.4250004533678293,-1.6741799744362056,map,22.254749477997393
7,58,1.0099288571239617,-3.4750004541128874,-1.6988886533618692,map,22.254749477997393
7,59,1.0034889810486103,-3.5250004548579454,-1.7094319113483423,map,22.254749477997393
7,60,0.9965124484300523,-3.5750004556030035,-1.6988886680643849,map,22.254749477997393
7,61,0.9900725716073802,-3.6250004563480616,-1.6741800144342172,map,22.254749477997393
7,62,0.9848848916679461,-3.6750004570931196,-1.6457874163430901,map,22.254749477997393
7,63,0.9811282925433369,-3.7250004578381777,-1.6208426437655128,map,22.254749477997393
7,64,0.9786238854340434,-3.7750004585832357,-1.602076361080809,map,22.254749477997393
7,65,0.977059373402487,-3.825000459328294,-1.589350249796141,map,22.254749477997393
7,66,0.9761315707714061,-3.875000460073352,-1.5813442772672783,map,22.254749477997393
7,67,0.9756041536797715,-3.92500046081841,-1.576588265396558,map,22.254749477997393
7,68,0.9753145535070034,-3.975000461563468,-1.5738904497923663,map,22.254749477997393
7,69,0.9751598468611246,-4.025000462308526,-1.5724221554227111,map,22.254749477997393
7,70,0.975078555356896,-4.075000463053584,-1.571662271868473,map,22.254749477997393
7,71,0.9750352580917497,-4.125000463798642,-1.5713115574948915,map,22.254749477997393
7,72,0.9750094965540865,-4.1750004645437,-1.5712223802931398,map,22.254749477997393
7,73,0.974988193877568,-4.225000465288758,-1.5713574933261032,map,22.254749477997393
7,74,0.9749601355476443,-4.275000466033816,-1.5717801863097343,map,22.254749477997393
7,75,0.9749109425552968,-4.325000466778874,-1.5726772454028868,map,22.254749477997393
7,76,0.9748168965125887,-4.3750004675239325,-1.5744186733071361,map,22.254749477997393
7,77,0.9746357783921031,-4.4250004682689905,-1.5776585518106796,map,22.254749477997393
7,78,0.9742926617503816,-4.475000469014049,-1.5834725332454391,map,22.254749477997393
7,79,0.9736588174680345,-4.525000469759107,-1.5934975209141344,map,22.254749477997393
7,80,0.9725235627228036,-4.575000470504165,-1.6099724622454388,map,22.254749477997393
7,81,0.9705637531998018,-4.625000471249223,-1.635469214443934,map,22.254749477997393
7,82,0.9673255928857014,-4.675000471994281,-1.6720009847240376,map,22.254749477997393
7,83,0.9622480125580407,-4.725000472739339,-1.7193286657700106,map,22.254749477997393
7,84,0.9547662942081092,-4.775000473484397,-1.773126423948246,map,22.254749477997393
7,85,0.9445094425420629,-4.825000474229455,-1.8253647419781636,map,22.254749477997393
7,86,0.9314987467539733,-4.875000474974513,-1.8698134214798843,map,22.254749477997393
7,87,0.9160857656166848,-4.925000475719571,-1.90930332784754,map,22.254749477997393
7,88,0.8984828680589549,-4.975000476464629,-1.9443879608728702,map,22.254749477997393
7,89,0.878882823002278,-5.025000477209687,-1.9713986436417579,map,22.254749477997393
7,90,0.8577076535303669,-5.075000477954745,-1.9901675103377618,map,22.254749477997393
7,91,0.8354167262752827,-5.125000478699803,-1.9999874612932256,map,22.254749477997393
7,92,0.8125346064591666,-5.175000479444861,-2.003306850580472,map,22.254749477997393
7,93,0.7894514509722785,-5.2250004801899195,-2.001177030473181,map,22.254749477997393
7,94,0.7664973565156957,-5.2750004809349775,-1.997712167080047,map,22.254749477997393
7,95,0.7437526850177894,-5.325000481680036,-1.9958495187151764,map,22.254749477997393
7,96,0.7211203226169643,-5.375000482425094,-1.9997682192150688,map,22.254749477997393
7,97,0.6982514594403645,-5.425000483170152,-2.0060663111374284,map,22.254749477997393
7,98,0.6750007104128599,-5.47500048391521,0.06838634359050326,map,22.254749477997393
8,0,1.575000723823905,-0.5750004108995199,-1.5708020128566642,map,29.457390048999514
8,1,1.5750004395208124,-0.625000411644578,-1.5708057166679779,map,29.457390048999514
8,2,1.5749999700271513,-0.675000412389636,-1.570815396482532,map,29.457390048999514
8,3,1.5749990165427552,-0.7250004131346941,-1.5708368794492598,map,29.457390048999514
8,4,1.5749969889100057,-0.7750004138797522,-1.5708827513186412,map,29.457390048999514
8,5,1.5749926676837434,-0.8250004146248102,-1.5709790101749794,map,29.457390048999514
8,6,1.5749835335145015,-0.8750004153698683,-1.571178148140569,map,29.457390048999514
8,7,1.5749644424460056,-0.9250004161149263,-1.5715840284104778,map,29.457390048999514
8,8,1.574925057356494,-0.9750004168599844,-1.5723976541658757,map,29.457390048999514
8,9,1.574844990918315,-1.0250004176050425,-1.5739981165221526,map,29.457390048999514
8,10,1.5746849008825143,-1.0750004183501005,-1.5770786877031953,map,29.457390048999514
8,11,1.5743707786998102,-1.1250004190951586,-1.5828602777104028,map,29.457390048999514
8,12,1.5737675518804377,-1.1750004198402166,-1.5933928433841957,map,29.457390048999514
8,13,1.57263753369753,-1.2250004205852747,-1.6119067941271237,map,29.457390048999514
8,14,1.5705808515237485,-1.2750004213303328,-1.6430477569795994,map,29.457390048999514
8,15,1.566961980607984,-1.3250004220753908,-1.6925599679624437,map,29.457390048999514
8,16,1.5608435303635402,-1.3750004228204489,-1.7655959722508276,map,29.457390048999514
8,17,1.5509784480210704,-1.425000423565507,-1.86284853097501,map,29.457390048999514
8,18,1.5359459921671426,-1.475000424310565,-1.975739755265212,map,29.457390048999514
8,19,1.514514363977338,-1.525000425055623,-2.0862659153867167,map,29.457390048999514
8,20,1.486186276043203,-1.5750004258006811,-2.1763198884380777,map,29.457390048999514
8,21,1.4515724516852213,-1.6250004265457392,-2.2395596568880705,map,29.457390048999514
8,22,1.4120602882207003,-1.6750004272907972,-2.2780873126467043,map,29.457390048999514
8,23,1.3693188280386424,-1.7250004280358553,-2.2960254044204094,map,29.457390048999514
8,24,1.3250007200763032,-1.7750004287809134,-2.296025404414423,map,29.457390048999514
8,25,1.2806826121144985,-1.8250004295259714,-2.278087312629364,map,29.457390048999514
8,26,1.2379411519339412,-1.8750004302710295,-2.2395596568623133,map,29.457390048999514
8,27,1.1984289884715122,-1.9250004310160875,-2.1763198884138233,map,29.457390048999514
8,28,1.1638151641153245,-1.9750004317611456,-2.0862659153944385,map,29.457390048999514
8,29,1.1354870761806795,-2.0250004325062037,-1.9757397553890081,map,29.457390048999514
8,30,1.1140554479835478,-2.0750004332512617,-1.8628485314217347,map,29.457390048999514
8,31,1.0990229921052648,-2.1250004339963198,-1.7655959734937485,map,29.457390048999514
8,32,1.0891579096982298,-2.175000434741378,-1.6925599710648245,map,29.457390048999514
8,33,1.0830394592963442,-2.225000435486436,-1.6430477643360935,map,29.457390048999514
8,34,1.079420588010828,-2.275000436231494,-1.6119068111369494,map,29.457390048999514
8,35,1.0773639049851162,-2.325000436976552,-1.5933928821845686,map,29.457390048999514
8,36,1.076233884861199,-2.37500043772161,-1.582860365442834,map,29.457390048999514
8,37,1.0756306536545663,-2.425000438466668,-1.5770788846808323,map,29.457390048999514
8,38,1.0753165216225915,-2.475000439211726,-1.5739985558336829,map,29.457390048999514
8,39,1.0751564096209887,-2.5250004399567842,-1.5723986272344637,map,29.457390048999514
8,40,1.075076294529255,-2.5750004407018423,-1.5715861679913814,map,29.457390048999514
8,41,1.0750368024606298,-2.6250004414469004,-1.5711828153807113,map,29.457390048999514
8,42,1.075017478030089,-2.6750004421919584,-1.5709891030947418,map,29.457390048999514
8,43,1.0750078392148337,-2.7250004429370165,-1.5709043697920804,map,29.457390048999514
8,44,1.075002437064873,-2.7750004436820745,-1.570882699024389,map,29.457390048999514
8,45,1.0749981184533233,-2.8250004444271326,-1.5709113783966917,map,29.457390048999514
8,46,1.0749923658731224,-2.8750004451721907,-1.5710041645969175,map,29.457390048999514
8,47,1.0749819739827169,-2.9250004459172487,-1.5712063277050927,map,29.457390048999514
8,48,1.074961473935753,-2.975000446662307,-1.5716121680047315,map,29.457390048999514
8,49,1.074920681865603,-3.025000447407365,-1.5723985697501683,map,29.457390048999514
8,50,1.0748405696480914,-3.075000448152423,-1.5738794609719928,map,29.457390048999514
8,51,1.074686412448481,-3.125000448897481,-1.5765831932941092,map,29.457390048999514
8,52,1.0743970658893394,-3.175000449642539,-1.5813419561856255,map,29.457390048999514
8,53,1.0738697648646993,-3.225000450387597,-1.589349196235541,map,29.457390048999514
8,54,1.0729420149297866,-3.275000451132655,-1.6020758869395075,map,29.457390048999514
8,55,1.0713775266285064,-3.325000451877713,-1.6208424330902593,map,29.457390048999514
8,56,1.068873130079403,-3.3750004526227713,-1.6457873260162956,map,29.457390048999514
8,57,1.0651165354966274,-3.4250004533678293,-1.6741799818963734,map,29.457390048999514
8,58,1.0599288572015988,-3.4750004541128874,-1.69888867027445,map,29.457390048999514
8,59,1.0534889802665903,-3.5250004548579454,-1.709431949610518,map,29.457390048999514
8,60,1.0465124456976775,-3.5750004556030035,-1.698888754654336,map,29.457390048999514
8,61,1.0400725644736866,-3.6250004563480616,-1.674180209841639,map,29.457390048999514
8,62,1.034884874658705,-3.6750004570931196,-1.6457878543084359,map,29.457390048999514
8,63,1.0311282535122157,-3.7250004578381777,-1.6208436169249933,map,29.457390048999514
8,64,1.028623797622871,-3.7750004585832357,-1.6020785043659072,map,29.457390048999514
8,65,1.0270591783221286,-3.825000459328294,-1.5893549287498894,map,29.457390048999514
8,66,1.0261311416627819,-3.875000460073352,-1.5813543995617996,map,29.457390048999514
8,67,1.0256032184000454,-3.92500046081841,-1.576609952631542,map,29.457390048999514
8,68,1.0253125338289981,-3.975000461563468,-1.5739364264123659,map,29.457390048999514
8,69,1.0251555283297482,-4.025000462308526,-1.5725184920161697,map,29.457390048999514
8,70,1.0250694199822732,-4.075000463053584,-1.5718615148806419,map,29.457390048999514
8,71,1.0250161605570491,-4.125000463798642,-1.5717176427448547,map,29.457390048999514
8,72,1.024970094745831,-4.1750004645437,-1.5720364503738518,map,29.457390048999514
8,73,1.0249080885341726,-4.225000465288758,-1.5729589389742518,map,29.457390048999514
8,74,1.0247999577550215,-4.275000466033816,-1.5748629531054823,map,29.457390048999514
8,75,1.0245966253155945,-4.325000466778874,-1.5784638708363763,map,29.457390048999514
8,76,1.0242132405945583,-4.3750004675239325,-1.584963691862605,map,29.457390048999514
8,77,1.0235048249336145,-4.4250004682689905,-1.5962081556835688,map,29.457390048999514
8,78,1.0222339599000916,-4.475000469014049,-1.6147346664120636,map,29.457390048999514
8,79,1.0200356280208935,-4.525000469759107,-1.6434611788651117,map,29.457390048999514
8,80,1.0163959771022406,-4.575000470504165,-1.6846301472883811,map,29.457390048999514
8,81,1.0106795733184852,-4.625000471249223,-1.7377445527843232,map,29.457390048999514
8,82,1.0022537352135477,-4.675000471994281,-1.7971962697067372,map,29.457390048999514
8,83,0.9907362790014724,-4.725000472739339,-1.852283359326953,map,29.457390048999514
8,84,0.9762780284269837,-4.775000473484397,-1.8930878760380534,map,29.457390048999514
8,85,0.9595813008184396,-4.825000474229455,-1.9198597356897746,map,29.457390048999514
8,86,0.9413829270808596,-4.875000474974513,-1.9369035646012178,map,29.457390048999514
8,87,0.9222133513085353,-4.925000475719571,-1.9531512355073146,map,29.457390048999514
8,88,0.9021060567191455,-4.975000476464629,-1.9712182792909938,map,29.457390048999514
8,89,0.8809415221161512,-5.025000477209687,-1.9870264553078467,map,29.457390048999514
8,90,0.8588385998518033,-5.075000477954745,-1.998930505932293,map,29.457390048999514
8,91,0.8360203651813145,-5.125000478699803,-2.00476201900372,map,29.457390048999514
8,92,0.8128488846655454,-5.175000479444861,-2.0058458497202123,map,29.457390048999514
8,93,0.7896115409520352,-5.2250004801899195,-2.0025006817460653,map,29.457390048999514
8,94,0.7665772667774922,-5.2750004809349775,-1.9983903339012017,map,29.457390048999514
8,95,0.7437916577165697,-5.325000481680036,-1.9961948979281257,map,29.457390048999514
8,96,0.7211384848714152,-5.375000482425094,-1.9999509133923787,map,29.457390048999514
8,97,0.6982585751367352,-5.425000483170152,-2.0061833162574425,map,29.457390048999514
8,98,0.6750007104128599,-5.47500048391521,0.06838634359050326,map,29.457390048999514
9,0,1.3250007200986147,-0.42500040866434574,-1.5707964262132974,map,35.53702178099775
9,1,1.3250007151276946,-0.4750004094094038,-1.5707964965433892,map,35.53702178099775
9,2,1.3250007066402698,-0.5250004101544619,-1.5707966851327528,map,35.53702178099775
9,3,1.3250006887233767,-0.5750004108995199,-1.5707971190077576,map,35.53702178099775
9,4,1.325000649112733,-0.625000411644578,-1.570798085646006,map,35.53702178099775
9,5,1.3250005611701763,-0.675000412389636,-1.5708002132204864,map,35.53702178099775
9,6,1.3250003668488939,-0.7250004131346941,-1.5708048545127766,map,35.53702178099775
9,7,1.3249999404629935,-0.7750004138797522,-1.5708148897941243,map,35.53702178099775
9,8,1.3249990123130182,-0.8250004146248102,-1.570836380199915,map,35.53702178099775
9,9,1.3249970096427364,-0.8750004153698683,-1.5708819168089183,map,35.53702178099775
9,10,1.324992730141961,-0.9250004161149263,-1.570977278062254,map,35.53702178099775
9,11,1.3249836825783596,-0.9750004168599844,-1.5711743758593895,map,35.53702178099775
9,12,1.3249647801239528,-1.0250004176050425,-1.5715757806202135,map,35.53702178099775
9,13,1.3249258074242136,-1.0750004183501005,-1.5723797267255715,map,35.53702178099775
9,14,1.3248466373603363,-1.1250004190951586,-1.573959478496885,map,35.53702178099775
9,15,1.3246884792453946,-1.1750004198402166,-1.5769962214377478,map,35.53702178099775
9,16,1.3243784805366408,-1.2250004205852747,-1.5826861771803589,map,35.53702178099775
9,17,1.3237839599927441,-1.2750004213303328,-1.5930297806958915,map,35.53702178099775
9,18,1.3226721040684857,-1.3250004220753908,-1.6111603915895005,map,35.53702178099775
9,19,1.3206528040261492,-1.3750004228204489,-1.6415397561203575,map,35.53702178099775
9,20,1.3171097199225676,-1.425000423565507,-1.6895826114256383,map,35.53702178099775
9,21,1.3111423120958956,-1.475000424310565,-1.759906493688163,map,35.53702178099775
9,22,1.3015724494580874,-1.525000425055623,-1.8524670154852816,map,35.53702178099775
9,23,1.2871042477135934,-1.5750004258006811,-1.9578505833791016,map,35.53702178099775
9,24,1.266723467638552,-1.6250004265457392,-2.057054468024252,map,35.53702178099775
9,25,1.2402939037616778,-1.6750004272907972,-2.1301855681575157,map,35.53702178099775
9,26,1.208988951610402,-1.7250004280358553,-2.1678120435517454,map,35.53702178099775
9,27,1.1750007178467616,-1.7750004287809134,-2.167812043545364,map,35.53702178099775
9,28,1.1410124840835878,-1.8250004295259714,-2.130185568137484,map,35.53702178099775
9,29,1.1097075319337062,-1.8750004302710295,-2.057054467988233,map,35.53702178099775
9,30,1.0832779680591362,-1.9250004310160875,-1.9578505833246596,map,35.53702178099775
9,31,1.062897187987269,-1.9750004317611456,-1.852467015412001,map,35.53702178099775
9,32,1.048428986246746,-2.0250004325062037,-1.7599064935984485,map,35.53702178099775
9,33,1.0388591236135878,-2.0750004332512617,-1.6895826113238988,map,35.53702178099775
9,34,1.0328917157920752,-2.1250004339963198,-1.6415397560118916,map,35.53702178099775
9,35,1.0293486316939442,-2.175000434741378,-1.6111603914800114,map,35.53702178099775
9,36,1.027329331657091,-2.225000435486436,-1.5930297805911648,map,35.53702178099775
9,37,1.0262174757380715,-2.275000436231494,-1.5826861770859233,map,35.53702178099775
9,38,1.0256229551988973,-2.325000436976552,-1.5769962213583477,map,35.53702178099775
9,39,1.0253129564941137,-2.37500043772161,-1.5739594784360231,map,35.53702178099775
9,40,1.0251547983822151,-2.425000438466668,-1.5723797266850486,map,35.53702178099775
9,41,1.025075628320364,-2.475000439211726,-1.5715757805998654,map,35.53702178099775
9,42,1.0250366556216421,-2.5250004399567842,-1.5711743758568404,map,35.53702178099775
9,43,1.0250177531673628,-2.5750004407018423,-1.570977278072499,map,35.53702178099775
9,44,1.025008705603249,-2.6250004414469004,-1.5708819168230628,map,35.53702178099775
9,45,1.0250044261017666,-2.6750004421919584,-1.5708363802017535,map,35.53702178099775
9,46,1.0250024234313928,-2.7250004429370165,-1.5708148897515362,map,35.53702178099775
9,47,1.025001495283547,-2.7750004436820745,-1.5708048543569326,map,35.53702178099775
9,48,1.0250010689054387,-2.8250004444271326,-1.570800212797256,map,35.53702178099775
9,49,1.0250008746053179,-2.8750004451721907,-1.5707980846036578,map,35.53702178099775
9,50,1.0250007867148785,-2.9250004459172487,-1.5707971165396788,map,35.53702178099775
9,51,1.0250007472276388,-2.975000446662307,-1.5707966793913721,map,35.53702178099775
9,52,1.0250007295978147,-3.025000447407365,-1.5707964833123023,map,35.53702178099775
9,53,1.0250007217719443,-3.075000448152423,-1.5707963959151607,map,35.53702178099775
9,54,1.025000718315931,-3.125000448897481,-1.5707963572050372,map,35.53702178099775
9,55,1.025000716795424,-3.175000449642539,-1.570796340202309,map,35.53702178099775
9,56,1.0250007161250534,-3.225000450387597,-1.5707963328916907,map,35.53702178099775
9,57,1.0250007158202137,-3.275000451132655,-1.5707963300433958,map,35.53702178099775
9,58,1.0250007156577887,-3.325000451877713,-1.5707963295989114,map,35.53702178099775
9,59,1.025000715517588,-3.3750004526227713,-1.570796331230366,map,35.53702178099775
9,60,1.0250007152958145,-3.4250004533678293,-1.570796336104938,map,35.53702178099775
9,61,1.0250007148303124,-3.4750004541128874,-1.5707963476908346,map,35.53702178099775
9,62,1.0250007137855155,-3.5250004548579454,-1.5707963741368574,map,35.53702178099775
9,63,1.0250007114184174,-3.5750004556030035,-1.57079643378548,map,35.53702178099775
9,64,1.0250007060688882,-3.6250004563480616,-1.5707965673679567,map,35.53702178099775
9,65,1.025000694040235,-3.6750004570931196,-1.5707968645558976,map,35.53702178099775
9,66,1.0250006671521845,-3.7250004578381777,-1.570797521146474,map,35.53702178099775
9,67,1.0250006074346047,-3.7750004585832357,-1.5707989609119328,map,35.53702178099775
9,68,1.025000475728751,-3.825000459328294,-1.5708020922132555,map,35.53702178099775
9,69,1.0250001874578287,-3.875000460073352,-1.5708088413779147,map,35.53702178099775
9,70,1.0249995617286685,-3.92500046081841,-1.570823244948897,map,35.53702178099775
9,71,1.024998215820948,-3.975000461563468,-1.5708536485094653,map,35.53702178099775
9,72,1.0249953497351738,-4.025000462308526,-1.570917046278297,map,35.53702178099775
9,73,1.0249893137608845,-4.075000463053584,-1.5710474480354886,map,35.53702178099775
9,74,1.024976757698404,-4.125000463798642,-1.57131156529495,map,35.53702178099775
9,75,1.0249509957707377,-4.1750004645437,-1.5718372250063386,map,35.53702178099775
9,76,1.0248989508405937,-4.225000465288758,-1.5728626419118752,map,35.53702178099775
9,77,1.024795634936164,-4.275000466033816,-1.5748170644615649,map,35.53702178099775
9,78,1.024594596966485,-4.325000466778874,-1.5784423780388301,map,35.53702178099775
9,79,1.024212286948347,-4.3750004675239325,-1.5849539960638395,map,35.53702178099775
9,80,1.0235043561745993,-4.4250004682689905,-1.596204404396438,map,35.53702178099775
9,81,1.0222336788265918,-4.475000469014049,-1.6147345213262374,map,35.53702178099775
9,82,1.0200353542157081,-4.525000469759107,-1.6434644589566998,map,35.53702178099775
9,83,1.0163955384234027,-4.575000470504165,-1.6846386253889116,map,35.53702178099775
9,84,1.0106787051933743,-4.625000471249223,-1.7377626865039308,map,35.53702178099775
9,85,1.0022519346516168,-4.675000471994281,-1.7972330262790905,map,35.53702178099775
9,86,0.9907325430780027,-4.725000472739339,-1.852355872609725,map,35.53702178099775
9,87,0.9762703635919395,-4.775000473484397,-1.8932286373480198,map,35.53702178099775
9,88,0.9595658127192526,-4.825000474229455,-1.920129094536511,map,35.53702178099775
9,89,0.9413521854137625,-4.875000474974513,-1.9374096025932828,map,35.53702178099775
9,90,0.9221535830052686,-4.925000475719571,-1.9540748256145846,map,35.53702178099775
9,91,0.9019926207510589,-4.975000476464629,-1.9728425388547235,map,35.53702178099775
9,92,0.8807322558618589,-5.025000477209687,-1.989765134864553,map,35.53702178099775
9,93,0.8584654417466703,-5.075000477954745,-2.003312304178142,map,35.53702178099775
9,94,0.8353819554620282,-5.125000478699803,-2.01130755377337,map,35.53702178099775
9,95,0.8118116946061792,-5.175000479444861,-2.0146819179131756,map,35.53702178099775
9,96,0.7880348931691971,-5.2250004801899195,-2.012607209756235,map,35.53702178099775
9,97,0.7643851601142095,-5.2750004809349775,-2.006494348740588,map,35.53702178099775
9,98,0.7411083761028914,-5.325000481680036,-1.9961948979233397,map,35.53702178099775
9,99,0.7184552032580253,-5.375000482425094,-1.9850599146627799,map,35.53702178099775
9,100,0.6964697207278928,-5.425000483170152,-1.9763711852803296,map,35.53702178099775
9,101,0.6750007104128599,-5.47500048391521,0.06838634359050326,map,35.53702178099775
10,0,0.775000711902976,-5.2250004801899195,-2.1750707968256444,map,113.34541062199787
10,1,0.7405061029584451,-5.274961506042395,-2.1594330243967925,map,113.34541062199787
10,2,0.7071664106192806,-5.324902403202321,-2.1367932095050888,map,113.34541062199787
10,3,0.6754683379255204,-5.374794290083695,-2.121270561479245,map,113.34541062199787
10,4,0.6449069932233141,-5.424588100671395,-2.123991072218821,map,113.34541062199787
10,5,0.6142725877629042,-5.47419771075344,-2.1526658904977585,map,113.34541062199787
10,6,0.5818557040013197,-5.523475189725297,-2.202713187760073,map,113.34541062199787
10,7,0.5462028003381302,-5.572177701428441,-2.260399394721745,map,113.34541062199787
10,8,0.5068218981131565,-5.619931287127354,-2.316659412678666,map,113.34541062199787
10,9,0.46406611872625203,-5.6662088413208,-2.3698970360951024,map,113.34541062199787
10,10,0.41868971925801346,-5.710358430043502,-2.421906533762052,map,113.34541062199787
10,11,0.3714846385886451,-5.751734283736381,-2.4728999085531993,map,113.34541062199787
10,12,0.32310023063314286,-5.789964188236085,-2.5181048151113683,map,113.34541062199787
10,13,0.27399997760686123,-5.825276483494186,-2.549203438373917,map,113.34541062199787
10,14,0.2244855842164881,-5.8586007352227885,-2.561919477400768,map,113.34541062199787
10,15,0.17474076186041448,-5.891168741913479,-2.5541802306567583,map,113.34541062199787
10,16,0.12487180408916729,-5.924372218031939,-2.530017070510344,map,113.34541062199787
10,17,0.0749377671622263,-5.959389294600981,-2.4960471809064457,map,113.34541062199787
10,18,0.024970394761038905,-5.9970246809350005,-2.4636645004868196,map,113.34541062199787
10,19,-0.025013714208550877,-6.037273905105657,-2.4417690258947733,map,113.34541062199787
10,20,-0.07500608039970065,-6.079366823821229,-2.435262071806759,map,113.34541062199787
10,21,-0.12500245822595935,-6.122022151044652,-2.4473120713563534,map,113.34541062199787
10,22,-0.17500075863942938,-6.163648640638732,-2.4814175918433516,map,113.34541062199787
10,23,-0.22499996930814548,-6.202467300773315,-2.5416007092913366,map,113.34541062199787
10,24,-0.27499960625318726,-6.236673301512809,-2.62960374406207,map,113.34541062199787
10,25,-0.32499944086345034,-6.264771850127966,-2.7387575680319522,map,113.34541062199787
10,26,-0.3749993663136272,-6.286078773709859,-2.8507476728589602,map,113.34541062199787
10,27,-0.42499933317086724,-6.301045426054701,-2.9474455192364593,map,113.34541062199787
10,28,-0.47499931876181095,-6.310876614174666,-3.020166585877026,map,113.34541062199787
10,29,-0.5249993127703503,-6.316977932886912,-3.069512028107641,map,113.34541062199787
10,30,-0.5749993105372679,-6.320588218720488,-3.1005703446296256,map,113.34541062199787
10,31,-0.6249993099724604,-6.322640485479742,-3.1190486998093085,map,113.34541062199787
10,32,-0.6749993101441543,-6.32376787416997,-3.129575582782191,map,113.34541062199787
10,33,-0.7249993106393546,-6.324368756641057,-3.1353791002202107,map,113.34541062199787
10,34,-0.7749993112759861,-6.324679438311794,-3.138521568139885,map,113.34541062199787
10,35,-0.8249993119741766,-6.324832993069188,-3.140257147254776,map,113.34541062199787
10,36,-0.8749993126990511,-6.324899768426606,-3.1413486454407282,map,113.34541062199787
10,37,-0.9249993134354471,-6.324911968834481,3.140874374251749,map,113.34541062199787
10,38,-0.9749993141767999,-6.32487605486087,3.1395848778405386,map,113.34541062199787
10,39,-1.0249993149202778,-6.32477566593702,3.1374001300471916,map,113.34541062199787
10,40,-1.074999315664664,-6.324566038528543,3.133456920156651,map,113.34541062199787
10,41,-1.1249993164094372,-6.324159242875497,3.126381665051843,map,113.34541062199787
10,42,-1.174999317154375,-6.323398634774674,3.11406288681044,map,113.34541062199787
10,43,-1.2249993178993823,-6.322021798568381,3.0935115901137054,map,113.34541062199787
10,44,-1.274999318644419,-6.319615891089744,3.0610529972844036,map,113.34541062199787
10,45,-1.3249993193894682,-6.315580178371827,3.0132618868240764,map,113.34541062199787
10,46,-1.3749993201345228,-6.309128182142062,2.948994762559032,map,113.34541062199787
10,47,-1.4249993208795795,-6.299377423532009,2.8719318104492433,map,113.34541062199787
10,48,-1.4749993216246369,-6.285557771549603,2.790880428783813,map,113.34541062199787
10,49,-1.5249993223696947,-6.26726597974546,2.714357753229592,map,113.34541062199787
10,50,-1.5749993231147528,-6.2445020513243605,2.6428112674708615,map,113.34541062199787
10,51,-1.6249993238598108,-6.217265989071919,2.5764307431077165,map,113.34541062199787
10,52,-1.6749993246048689,-6.185557797250746,2.515198629600198,map,113.34541062199787
10,53,-1.724999325349927,-6.149377484443531,2.463820522594174,map,113.34541062199787
10,54,-1.774999326094985,-6.109128321394617,2.425057324220207,map,113.34541062199787
10,55,-1.824999326840043,-6.065580491532856,2.3982282020437813,map,113.34541062199787
10,56,-1.8749993275851011,-6.019616587236523,2.3808504619468747,map,113.34541062199787
10,57,-1.9249993283301592,-5.972023330803853,2.370172759899456,map,113.34541062199787
10,58,-1.9749993290752172,-5.923401975762157,2.3638980736154376,map,113.34541062199787
10,59,-2.0249993298202753,-5.874166459225892,2.360361892076516,map,113.34541062199787
10,60,-2.0749993305653334,-5.824581471551753,2.3584681443383415,map,113.34541062199787
10,61,-2.1249993313103914,-5.774808320837072,2.3575566287761482,map,113.34541062199787
10,62,-2.1749993320554495,-5.724944348746675,2.35728191132294,map,113.34541062199787
10,63,-2.2249993328005075,-5.675052972039039,2.357534164686068,map,113.34541062199787
10,64,-2.2749993335455656,-5.625186759592616,2.3584104092703653,map,113.34541062199787
10,65,-2.3249993342906237,-5.575407861175687,2.360236628556935,map,113.34541062199787
10,66,-2.3749993350356817,-5.525810449146437,2.3636371587677765,map,113.34541062199787
10,67,-2.42499933578074,-5.47654923040168,2.369638316895411,map,113.34541062199787
10,68,-2.474999336525798,-5.42787585731887,2.379767620367677,map,113.34541062199787
10,69,-2.524999337270856,-5.38017929700921,2.3960534318435465,map,113.34541062199787
10,70,-2.574999338015914,-5.334014360085718,2.4207258048921805,map,113.34541062199787
10,71,-2.624999338760972,-5.2900842225518225,2.455288347960409,map,113.34541062199787
10,72,-2.67499933950603,-5.249127129719678,2.498719177450375,map,113.34541062199787
10,73,-2.724999340251088,-5.21167613989858,2.5456956081694706,map,113.34541062199787
10,74,-2.774999340996146,-5.17776962337912,2.5883920700177137,map,113.34541062199787
10,75,-2.8249993417412043,-5.146893744757623,2.6238145692777013,map,113.34541062199787
10,76,-2.8749993424862623,-5.118412981621335,2.6508275638268537,map,113.34541062199787
10,77,-2.9249993432313204,-5.091694415819301,2.6725349551942714,map,113.34541062199787
10,78,-2.9749993439763784,-5.066355364398414,2.69061686927719,map,113.34541062199787
10,79,-3.0249993447214365,-5.042142408562551,2.707872199415668,map,113.34541062199787
10,80,-3.0749993454664946,-5.018985821708181,2.72291404794609,map,113.34541062199787
10,81,-3.1249993462115526,-4.996736393179242,2.7337286123577913,map,113.34541062199787
10,82,-3.1749993469566107,-4.975131687580372,2.7348495260621655,map,113.34541062199787
10,83,-3.2249993477016687,-4.9535934595251785,2.726718745532937,map,113.34541062199787
10,84,-3.274999348446727,-4.9315715511003875,2.7158215139584874,map,113.34541062199787
10,85,-3.324999349191785,-4.908895922247053,2.7055553157665324,map,113.34541062199787
10,86,-3.374999349936843,-4.885598492293845,2.699290824820974,map,113.34541062199787
10,87,-3.424999350681901,-4.861918713151891,2.696810362352444,map,113.34541062199787
10,88,-3.474999351426959,-4.838086914499849,2.6993378272600195,map,113.34541062199787
10,89,-3.524999352172017,-4.814410012531207,2.7056767266686985,map,113.34541062199787
10,90,-3.574999352917075,-4.791119970669756,2.7160868042508866,map,113.34541062199787
10,91,-3.624999353662133,-4.7684603325689245,2.7272738508376886,map,113.34541062199787
10,92,-3.6749993544071913,-4.746471555439635,2.735983264734646,map,113.34541062199787
10,93,-3.7249993551522493,-4.7250005002621185,2.735983585162122,map,113.34541062199787
10,94,-3.7749993558973074,-4.703529464060354,2.727275014850635,map,113.34541062199787
10,95,-3.8249993566423655,-4.68154075638783,2.7160895477203346,map,113.34541062199787
10,96,-3.8749993573874235,-4.658881283633459,2.7056827663006255,map,113.34541062199787
10,97,-3.9249993581324816,-4.635591609273648,2.699350909581257,map,113.34541062199787
10,98,-3.9749993588775396,-4.611915508093972,2.696838480722803,map,113.34541062199787
10,99,-4.024999359622598,-4.588085434736513,2.699350922395365,map,113.34541062199787
10,100,-4.074999360367656,-4.564409334341203,2.7056828011885448,map,113.34541062199787
10,101,-4.124999361112714,-4.541119662104259,2.71608962979765,map,113.34541062199787
10,102,-4.174999361857772,-4.518460194296608,2.7272752023139324,map,113.34541062199787
10,103,-4.22499936260283,-4.49647149781003,2.735984007809149,map,113.34541062199787
10,104,-4.274999363347888,-4.475000486637464,2.735984203532071,map,113.34541062199787
10,105,-4.324999364092946,-4.453529487055626,2.727275905637866,map,113.34541062199787
10,106,-4.374999364838004,-4.431540832536413,2.7160912567159694,map,113.34541062199787
10,107,-4.424999365583062,-4.40888146278148,2.7056862987966466,map,113.34541062199787
10,108,-4.47499936632812,-4.385592003367266,2.6993582934323292,map,113.34541062199787
10,109,-4.524999367073178,-4.361916354160069,2.6968538399000064,map,113.34541062199787
10,110,-4.574999367818236,-4.338087223195636,2.6993826079900325,map,113.34541062199787
10,111,-4.624999368563294,-4.314413062283079,2.7057473906190683,map,113.34541062199787
10,112,-4.6749993693083525,-4.29112732007702,2.716219425079599,map,113.34541062199787
10,113,-4.7249993700534105,-4.268475674445069,2.727530795902692,map,113.34541062199787
10,114,-4.774999370798469,-4.246502227528491,2.7364740985018488,map,113.34541062199787
10,115,-4.824999371543527,-4.225060233464927,2.736890438692706,map,113.34541062199787
10,116,-4.874999372288585,-4.203642880337018,2.7288822660691503,map,113.34541062199787
10,117,-4.924999373033643,-4.181750009792828,2.7188122840516327,map,113.34541062199787
10,118,-4.974999373778701,-4.159254431901502,2.7100508660619136,map,113.34541062199787
10,119,-5.024999374523759,-4.1362300104536835,2.7058858158519574,map,113.34541062199787
10,120,-5.074999375268817,-4.112952690121099,2.7056672985343844,map,113.34541062199787
10,121,-5.124999376013875,-4.089662074569095,2.709453359555675,map,113.34541062199787
10,122,-5.174999376758933,-4.066601432774883,2.7137852146044725,map,113.34541062199787
10,123,-5.224999377503991,-4.043802934657804,2.71608959747588,map,113.34541062199787
10,124,-5.274999378249049,-4.021143464902152,2.712384846171694,map,113.34541062199787
10,125,-5.324999378994107,-3.9982603368363936,2.7061726064893388,map,113.34541062199787
10,126,-5.374999379739165,-3.975000461563468,-1.3360737143097,map,113.34541062199787
11,0,0.5250007081776857,-5.325000481680036,-3.09025544815539,map,198.10343267200005
11,1,0.4750007074326277,-5.32756959936396,-3.0745065240895686,map,198.10343267200005
11,2,0.4250007066875696,-5.330928947037693,-3.0415945772457014,map,198.10343267200005
11,3,0.37500070594251156,-5.335945583565666,-2.99024965070359,map,198.10343267200005
11,4,0.3250007051974535,-5.3435710425455945,-2.922517460556076,map,198.10343267200005
11,5,0.27500070445239544,-5.354703471185631,-2.847338823418283,map,198.10343267200005
11,6,0.22500070370733738,-5.369856038275079,-2.78066652314509,map,198.10343267200005
11,7,0.17500070296227932,-5.388729066778307,-2.7380229422845708,map,198.10343267200005
11,8,0.12500070221722126,-5.410079437534511,-2.722453649566453,map,198.10343267200005
11,9,0.0750007014721632,-5.432356449921113,-2.7279006196182416,map,198.10343267200005
11,10,0.02500070072710514,-5.454307837978608,-2.7495538589383632,map,198.10343267200005
11,11,-0.02499930001795292,-5.474979848255689,-2.779724092145396,map,198.10343267200005
11,12,-0.07499930076301098,-5.493906731195782,-2.8094210459028637,map,198.10343267200005
11,13,-0.12499930150806904,-5.511154384720132,-2.8225232939488123,map,198.10343267200005
11,14,-0.1749993022531271,-5.527672229019581,-2.806095728165312,map,198.10343267200005
11,15,-0.22499930299818516,-5.545106147193366,-2.7583256863986345,map,198.10343267200005
11,16,-0.2749993037432432,-5.565266439125329,-2.689300058524073,map,198.10343267200005
11,17,-0.3249993044883013,-5.58956072747039,-2.6140760236624936,map,198.10343267200005
11,18,-0.37499930523335934,-5.618690025140118,-2.542994070152457,map,198.10343267200005
11,19,-0.4249993059784174,-5.652794097527711,-2.48565558389399,map,198.10343267200005
11,20,-0.47499930672347546,-5.691274855602678,-2.44647423113262,map,198.10343267200005
11,21,-0.5249993074685335,-5.732973739934206,-2.4257644484179846,map,198.10343267200005
11,22,-0.5749993082135916,-5.776459431847476,-2.422927864701165,map,198.10343267200005
11,23,-0.6249993089586496,-5.820194849597125,-2.4386364983322344,map,198.10343267200005
11,24,-0.6749993097037077,-5.862562570631745,-2.475604979500672,map,198.10343267200005
11,25,-0.7249993104487658,-5.901849776452307,-2.537814742601992,map,198.10343267200005
11,26,-0.7749993111938238,-5.936334644117696,-2.6272002749029766,map,198.10343267200005
11,27,-0.8249993119388819,-5.964591626124616,-2.7372910989621273,map,198.10343267200005
11,28,-0.8749993126839399,-5.985985274624298,-2.849902816675278,map,198.10343267200005
11,29,-0.924999313428998,-6.000997976549042,-2.9469863885729968,map,198.10343267200005
11,30,-0.974999314174056,-6.010853013857448,-3.0199277290336513,map,198.10343267200005
11,31,-1.0249993149191141,-6.016966454421766,-3.0693900981590967,map,198.10343267200005
11,32,-1.0749993156641722,-6.020582868806985,-3.100505882229131,map,198.10343267200005
11,33,-1.1249993164092302,-6.022638364178675,-3.1190074485919856,map,198.10343267200005
11,34,-1.1749993171542883,-6.02376781649326,-3.129534035083984,map,198.10343267200005
11,35,-1.2249993178993464,-6.024370776653353,-3.1353127796855365,map,198.10343267200005
11,36,-1.2749993186444044,-6.0246847744809475,-3.1383920133790437,map,198.10343267200005
11,37,-1.3249993193894625,-6.024844807040333,-3.1399918545551233,map,198.10343267200005
11,38,-1.3749993201345205,-6.024924847061628,-3.1408051966261112,map,198.10343267200005
11,39,-1.4249993208795786,-6.024964219918537,-3.1412109532851096,map,198.10343267200005
11,40,-1.4749993216246367,-6.024983304934983,-3.141410048967267,map,198.10343267200005
11,41,-1.5249993223696947,-6.024992435166347,-3.1415063200434457,map,198.10343267200005
11,42,-1.5749993231147528,-6.024996751843739,-3.1415522679392383,map,198.10343267200005
11,43,-1.6249993238598108,-6.024998771126298,-3.1415739430404312,map,198.10343267200005
11,44,-1.6749993246048689,-6.02499970665378,-3.1415840608198704,map,198.10343267200005
11,45,-1.724999325349927,-6.025000136292283,-3.1415887389241046,map,198.10343267200005
11,46,-1.774999326094985,-6.02500033202557,-3.1415908832411343,map,198.10343267200005
11,47,-1.824999326840043,-6.025000420543004,-3.1415918583831846,map,198.10343267200005
11,48,-1.8749993275851011,-6.025000460303335,-3.1415922986242126,map,198.10343267200005
11,49,-1.9249993283301592,-6.025000478051615,-3.141592496048669,map,198.10343267200005
11,50,-1.9749993290752172,-6.025000485928671,-3.141592584028531,map,198.10343267200005
11,51,-2.0249993298202753,-6.025000489406734,-3.1415926229896667,map,198.10343267200005
11,52,-2.0749993305653334,-6.0250004909367405,-3.1415926400993226,map,198.10343267200005
11,53,-2.1249993313103914,-6.025000491611264,-3.141592647453262,map,198.10343267200005
11,54,-2.1749993320554495,-6.025000491918091,-3.141592650314262,map,198.10343267200005
11,55,-2.2249993328005075,-6.025000492081867,-3.1415926507505354,map,198.10343267200005
11,56,-2.2749993335455656,-6.02500049222383,-3.141592649083975,map,198.10343267200005
11,57,-2.3249993342906237,-6.025000492449121,-3.1415926441212787,map,198.10343267200005
11,58,-2.3749993350356817,-6.025000492922547,-3.141592632329147,map,198.10343267200005
11,59,-2.42499933578074,-6.025000493985579,-3.1415926054081043,map,198.10343267200005
11,60,-2.474999336525798,-6.0250004963946635,-3.1415925446724575,map,198.10343267200005
11,61,-2.524999337270856,-6.02500050184053,-3.1415924086153737,map,198.10343267200005
11,62,-2.574999338015914,-6.0250005140892515,-3.141592105823294,map,198.10343267200005
11,63,-2.624999338760972,-6.025000541477577,-3.1415914366112934,map,198.10343267200005
11,64,-2.67499933950603,-6.025000602326503,-3.141589968588474,map,198.10343267200005
11,65,-2.724999340251088,-6.025000736576571,-3.141586774428368,map,198.10343267200005
11,66,-2.774999340996146,-6.025001030534646,-3.1415798864045597,map,198.10343267200005
11,67,-2.8249993417412043,-6.025001668893918,-3.1415651784044565,map,198.10343267200005
11,68,-2.8749993424862623,-6.025003042653205,-3.141534112947484,map,198.10343267200005
11,69,-2.9249993432313204,-6.025005969685368,-3.14146928914917,map,198.10343267200005
11,70,-2.9749993439763784,-6.025012137907522,-3.141335845896518,map,198.10343267200005
11,71,-3.0249993447214365,-6.0250249782926595,-3.141065313853794,map,198.10343267200005
11,72,-3.0749993454664946,-6.0250513452822965,-3.1405262930350677,map,198.10343267200005
11,73,-3.1249993462115526,-6.025104663331037,-3.1394734358333047,map,198.10343267200005
11,74,-3.1749993469566107,-6.025210624379067,-3.1374635507698962,map,198.10343267200005
11,75,-3.2249993477016687,-6.025417080696465,-3.1337281689533776,map,198.10343267200005
11,76,-3.274999348446727,-6.025810313041334,-3.1270027110758845,map,198.10343267200005
11,77,-3.324999349191785,-6.026539861944123,-3.115347202119415,map,198.10343267200005
11,78,-3.374999349936843,-6.027852435928403,-3.096072955464527,map,198.10343267200005
11,79,-3.424999350681901,-6.03012999415205,-3.066028738013665,map,198.10343267200005
11,80,-3.474999351426959,-6.033915397496136,-3.0226509295263146,map,198.10343267200005
11,81,-3.524999352172017,-6.039890688144688,-2.9660812787464756,map,198.10343267200005
11,82,-3.574999352917075,-6.048757489573792,-2.9016906655644923,map,198.10343267200005
11,83,-3.624999353662133,-6.06098813093904,-2.840289995601925,map,198.10343267200005
11,84,-3.6749993544071913,-6.076526337856292,-2.792560826233898,map,198.10343267200005
11,85,-3.7249993551522493,-6.094722923353466,-2.7602429647960895,map,198.10343267200005
11,86,-3.7749993558973074,-6.1147718522461565,-2.7423515976663198,map,198.10343267200005
11,87,-3.8249993566423655,-6.13586679741484,-2.732936243940451,map,198.10343267200005
11,88,-3.8749993573874235,-6.157518534517449,-2.727045750243532,map,198.10343267200005
11,89,-3.9249993581324816,-6.179520923803872,-2.7188501633648317,map,198.10343267200005
11,90,-3.9749993588775396,-6.20201422439102,-2.7106805730514187,map,198.10343267200005
11,91,-4.024999359622598,-6.225000495091081,0.38398462395501887,map,198.10343267200005
